{"type":"FeatureCollection","features":[{"type":"Feature","properties":{"id":"lu-nt-yuen-long-00-00","class":"urban_open_space","vegetationFraction":0.38,"pavedFraction":0.526,"waterFraction":0.041,"simulated":true},"geometry":{"type":"Polygon","coordinates":[[[114.018,22.432],[114.0196,22.432],[114.0196,22.4336],[114.018,22.4336],[114.018,22.432]]]}},{"type":"Feature","properties":{"id":"lu-nt-yuen-long-00-01","class":"urban_open_space","vegetationFraction":0.348,"pavedFraction":0.629,"waterFraction":0.032,"simulated":true},"geometry":{"type":"Polygon","coordinates":[[[114.0196,22.432],[114.0212,22.432],[114.0212,22.4336],[114.0196,22.4336],[114.0196,22.432]]]}},{"type":"Feature","properties":{"id":"lu-nt-yuen-long-00-02","class":"urban_open_space","vegetationFraction":0.28,"pavedFraction":0.369,"waterFraction":0.047,"simulated":true},"geometry":{"type":"Polygon","coordinates":[[[114.0212,22.432],[114.02279999999999,22.432],[114.02279999999999,22.4336],[114.0212,22.4336],[114.0212,22.432]]]}},{"type":"Feature","properties":{"id":"lu-nt-yuen-long-00-03","class":"urban_open_space","vegetationFraction":0.298,"pavedFraction":0.53,"waterFraction":0.018,"simulated":true},"geometry":{"type":"Polygon","coordinates":[[[114.02279999999999,22.432],[114.02439999999999,22.432],[114.02439999999999,22.4336],[114.02279999999999,22.4336],[114.02279999999999,22.432]]]}},{"type":"Feature","properties":{"id":"lu-nt-yuen-long-00-04","class":"built_up","vegetationFraction":0.21,"pavedFraction":0.425,"waterFraction":0.023,"simulated":true},"geometry":{"type":"Polygon","coordinates":[[[114.02439999999999,22.432],[114.02599999999998,22.432],[114.02599999999998,22.4336],[114.02439999999999,22.4336],[114.02439999999999,22.432]]]}},{"type":"Feature","properties":{"id":"lu-nt-yuen-long-00-05","class":"built_up","vegetationFraction":0.208,"pavedFraction":0.491,"waterFraction":0.013,"simulated":true},"geometry":{"type":"Polygon","coordinates":[[[114.02599999999998,22.432],[114.02759999999998,22.432],[114.02759999999998,22.4336],[114.02599999999998,22.4336],[114.02599999999998,22.432]]]}},{"type":"Feature","properties":{"id":"lu-nt-yuen-long-00-06","class":"urban_open_space","vegetationFraction":0.314,"pavedFraction":0.395,"waterFraction":0.037,"simulated":true},"geometry":{"type":"Polygon","coordinates":[[[114.02759999999998,22.432],[114.02919999999997,22.432],[114.02919999999997,22.4336],[114.02759999999998,22.4336],[114.02759999999998,22.432]]]}},{"type":"Feature","properties":{"id":"lu-nt-yuen-long-00-07","class":"urban_open_space","vegetationFraction":0.387,"pavedFraction":0.55,"waterFraction":0.027,"simulated":true},"geometry":{"type":"Polygon","coordinates":[[[114.02919999999997,22.432],[114.03079999999997,22.432],[114.03079999999997,22.4336],[114.02919999999997,22.4336],[114.02919999999997,22.432]]]}},{"type":"Feature","properties":{"id":"lu-nt-yuen-long-00-08","class":"urban_open_space","vegetationFraction":0.258,"pavedFraction":0.459,"waterFraction":0.035,"simulated":true},"geometry":{"type":"Polygon","coordinates":[[[114.03079999999997,22.432],[114.03239999999997,22.432],[114.03239999999997,22.4336],[114.03079999999997,22.4336],[114.03079999999997,22.432]]]}},{"type":"Feature","properties":{"id":"lu-nt-yuen-long-00-09","class":"green_space","vegetationFraction":0.434,"pavedFraction":0.482,"waterFraction":0.014,"simulated":true},"geometry":{"type":"Polygon","coordinates":[[[114.03239999999997,22.432],[114.03399999999996,22.432],[114.03399999999996,22.4336],[114.03239999999997,22.4336],[114.03239999999997,22.432]]]}},{"type":"Feature","properties":{"id":"lu-nt-yuen-long-00-10","class":"green_space","vegetationFraction":0.402,"pavedFraction":0.448,"waterFraction":0.051,"simulated":true},"geometry":{"type":"Polygon","coordinates":[[[114.03399999999996,22.432],[114.03559999999996,22.432],[114.03559999999996,22.4336],[114.03399999999996,22.4336],[114.03399999999996,22.432]]]}},{"type":"Feature","properties":{"id":"lu-nt-yuen-long-00-11","class":"urban_open_space","vegetationFraction":0.313,"pavedFraction":0.592,"waterFraction":0.029,"simulated":true},"geometry":{"type":"Polygon","coordinates":[[[114.03559999999996,22.432],[114.03719999999996,22.432],[114.03719999999996,22.4336],[114.03559999999996,22.4336],[114.03559999999996,22.432]]]}},{"type":"Feature","properties":{"id":"lu-nt-yuen-long-00-12","class":"urban_open_space","vegetationFraction":0.299,"pavedFraction":0.619,"waterFraction":0.013,"simulated":true},"geometry":{"type":"Polygon","coordinates":[[[114.03719999999996,22.432],[114.03879999999995,22.432],[114.03879999999995,22.4336],[114.03719999999996,22.4336],[114.03719999999996,22.432]]]}},{"type":"Feature","properties":{"id":"lu-nt-yuen-long-00-13","class":"urban_open_space","vegetationFraction":0.352,"pavedFraction":0.552,"waterFraction":0.035,"simulated":true},"geometry":{"type":"Polygon","coordinates":[[[114.03879999999995,22.432],[114.04039999999995,22.432],[114.04039999999995,22.4336],[114.03879999999995,22.4336],[114.03879999999995,22.432]]]}},{"type":"Feature","properties":{"id":"lu-nt-yuen-long-00-14","class":"green_space","vegetationFraction":0.422,"pavedFraction":0.526,"waterFraction":0.017,"simulated":true},"geometry":{"type":"Polygon","coordinates":[[[114.04039999999995,22.432],[114.04199999999994,22.432],[114.04199999999994,22.4336],[114.04039999999995,22.4336],[114.04039999999995,22.432]]]}},{"type":"Feature","properties":{"id":"lu-nt-yuen-long-00-15","class":"green_space","vegetationFraction":0.444,"pavedFraction":0.624,"waterFraction":0.014,"simulated":true},"geometry":{"type":"Polygon","coordinates":[[[114.04199999999994,22.432],[114.04359999999994,22.432],[114.04359999999994,22.4336],[114.04199999999994,22.4336],[114.04199999999994,22.432]]]}},{"type":"Feature","properties":{"id":"lu-nt-yuen-long-00-16","class":"urban_open_space","vegetationFraction":0.273,"pavedFraction":0.601,"waterFraction":0.01,"simulated":true},"geometry":{"type":"Polygon","coordinates":[[[114.04359999999994,22.432],[114.04519999999994,22.432],[114.04519999999994,22.4336],[114.04359999999994,22.4336],[114.04359999999994,22.432]]]}},{"type":"Feature","properties":{"id":"lu-nt-yuen-long-00-17","class":"urban_open_space","vegetationFraction":0.313,"pavedFraction":0.478,"waterFraction":0.052,"simulated":true},"geometry":{"type":"Polygon","coordinates":[[[114.04519999999994,22.432],[114.04679999999993,22.432],[114.04679999999993,22.4336],[114.04519999999994,22.4336],[114.04519999999994,22.432]]]}},{"type":"Feature","properties":{"id":"lu-nt-yuen-long-00-18","class":"green_space","vegetationFraction":0.449,"pavedFraction":0.636,"waterFraction":0.041,"simulated":true},"geometry":{"type":"Polygon","coordinates":[[[114.04679999999993,22.432],[114.04839999999993,22.432],[114.04839999999993,22.4336],[114.04679999999993,22.4336],[114.04679999999993,22.432]]]}},{"type":"Feature","properties":{"id":"lu-nt-yuen-long-01-00","class":"urban_open_space","vegetationFraction":0.302,"pavedFraction":0.531,"waterFraction":0.044,"simulated":true},"geometry":{"type":"Polygon","coordinates":[[[114.018,22.4336],[114.0196,22.4336],[114.0196,22.4352],[114.018,22.4352],[114.018,22.4336]]]}},{"type":"Feature","properties":{"id":"lu-nt-yuen-long-01-01","class":"urban_open_space","vegetationFraction":0.367,"pavedFraction":0.616,"waterFraction":0.008,"simulated":true},"geometry":{"type":"Polygon","coordinates":[[[114.0196,22.4336],[114.0212,22.4336],[114.0212,22.4352],[114.0196,22.4352],[114.0196,22.4336]]]}},{"type":"Feature","properties":{"id":"lu-nt-yuen-long-01-02","class":"urban_open_space","vegetationFraction":0.305,"pavedFraction":0.641,"waterFraction":0.016,"simulated":true},"geometry":{"type":"Polygon","coordinates":[[[114.0212,22.4336],[114.02279999999999,22.4336],[114.02279999999999,22.4352],[114.0212,22.4352],[114.0212,22.4336]]]}},{"type":"Feature","properties":{"id":"lu-nt-yuen-long-01-03","class":"green_space","vegetationFraction":0.427,"pavedFraction":0.558,"waterFraction":0.059,"simulated":true},"geometry":{"type":"Polygon","coordinates":[[[114.02279999999999,22.4336],[114.02439999999999,22.4336],[114.02439999999999,22.4352],[114.02279999999999,22.4352],[114.02279999999999,22.4336]]]}},{"type":"Feature","properties":{"id":"lu-nt-yuen-long-01-04","class":"green_space","vegetationFraction":0.407,"pavedFraction":0.526,"waterFraction":0.055,"simulated":true},"geometry":{"type":"Polygon","coordinates":[[[114.02439999999999,22.4336],[114.02599999999998,22.4336],[114.02599999999998,22.4352],[114.02439999999999,22.4352],[114.02439999999999,22.4336]]]}},{"type":"Feature","properties":{"id":"lu-nt-yuen-long-01-05","class":"urban_open_space","vegetationFraction":0.37,"pavedFraction":0.451,"waterFraction":0.026,"simulated":true},"geometry":{"type":"Polygon","coordinates":[[[114.02599999999998,22.4336],[114.02759999999998,22.4336],[114.02759999999998,22.4352],[114.02599999999998,22.4352],[114.02599999999998,22.4336]]]}},{"type":"Feature","properties":{"id":"lu-nt-yuen-long-01-06","class":"urban_open_space","vegetationFraction":0.255,"pavedFraction":0.617,"waterFraction":0.008,"simulated":true},"geometry":{"type":"Polygon","coordinates":[[[114.02759999999998,22.4336],[114.02919999999997,22.4336],[114.02919999999997,22.4352],[114.02759999999998,22.4352],[114.02759999999998,22.4336]]]}},{"type":"Feature","properties":{"id":"lu-nt-yuen-long-01-07","class":"urban_open_space","vegetationFraction":0.313,"pavedFraction":0.456,"waterFraction":0.001,"simulated":true},"geometry":{"type":"Polygon","coordinates":[[[114.02919999999997,22.4336],[114.03079999999997,22.4336],[114.03079999999997,22.4352],[114.02919999999997,22.4352],[114.02919999999997,22.4336]]]}},{"type":"Feature","properties":{"id":"lu-nt-yuen-long-01-08","class":"green_space","vegetationFraction":0.415,"pavedFraction":0.622,"waterFraction":0.049,"simulated":true},"geometry":{"type":"Polygon","coordinates":[[[114.03079999999997,22.4336],[114.03239999999997,22.4336],[114.03239999999997,22.4352],[114.03079999999997,22.4352],[114.03079999999997,22.4336]]]}},{"type":"Feature","properties":{"id":"lu-nt-yuen-long-01-09","class":"urban_open_space","vegetationFraction":0.311,"pavedFraction":0.577,"waterFraction":0.036,"simulated":true},"geometry":{"type":"Polygon","coordinates":[[[114.03239999999997,22.4336],[114.03399999999996,22.4336],[114.03399999999996,22.4352],[114.03239999999997,22.4352],[114.03239999999997,22.4336]]]}},{"type":"Feature","properties":{"id":"lu-nt-yuen-long-01-10","class":"green_space","vegetationFraction":0.432,"pavedFraction":0.531,"waterFraction":0.027,"simulated":true},"geometry":{"type":"Polygon","coordinates":[[[114.03399999999996,22.4336],[114.03559999999996,22.4336],[114.03559999999996,22.4352],[114.03399999999996,22.4352],[114.03399999999996,22.4336]]]}},{"type":"Feature","properties":{"id":"lu-nt-yuen-long-01-11","class":"urban_open_space","vegetationFraction":0.381,"pavedFraction":0.616,"waterFraction":0.004,"simulated":true},"geometry":{"type":"Polygon","coordinates":[[[114.03559999999996,22.4336],[114.03719999999996,22.4336],[114.03719999999996,22.4352],[114.03559999999996,22.4352],[114.03559999999996,22.4336]]]}},{"type":"Feature","properties":{"id":"lu-nt-yuen-long-01-12","class":"urban_open_space","vegetationFraction":0.288,"pavedFraction":0.577,"waterFraction":0.007,"simulated":true},"geometry":{"type":"Polygon","coordinates":[[[114.03719999999996,22.4336],[114.03879999999995,22.4336],[114.03879999999995,22.4352],[114.03719999999996,22.4352],[114.03719999999996,22.4336]]]}},{"type":"Feature","properties":{"id":"lu-nt-yuen-long-01-13","class":"green_space","vegetationFraction":0.424,"pavedFraction":0.469,"waterFraction":0.052,"simulated":true},"geometry":{"type":"Polygon","coordinates":[[[114.03879999999995,22.4336],[114.04039999999995,22.4336],[114.04039999999995,22.4352],[114.03879999999995,22.4352],[114.03879999999995,22.4336]]]}},{"type":"Feature","properties":{"id":"lu-nt-yuen-long-01-14","class":"urban_open_space","vegetationFraction":0.334,"pavedFraction":0.623,"waterFraction":0.014,"simulated":true},"geometry":{"type":"Polygon","coordinates":[[[114.04039999999995,22.4336],[114.04199999999994,22.4336],[114.04199999999994,22.4352],[114.04039999999995,22.4352],[114.04039999999995,22.4336]]]}},{"type":"Feature","properties":{"id":"lu-nt-yuen-long-01-15","class":"built_up","vegetationFraction":0.246,"pavedFraction":0.399,"waterFraction":0.037,"simulated":true},"geometry":{"type":"Polygon","coordinates":[[[114.04199999999994,22.4336],[114.04359999999994,22.4336],[114.04359999999994,22.4352],[114.04199999999994,22.4352],[114.04199999999994,22.4336]]]}},{"type":"Feature","properties":{"id":"lu-nt-yuen-long-01-16","class":"green_space","vegetationFraction":0.401,"pavedFraction":0.555,"waterFraction":0.028,"simulated":true},"geometry":{"type":"Polygon","coordinates":[[[114.04359999999994,22.4336],[114.04519999999994,22.4336],[114.04519999999994,22.4352],[114.04359999999994,22.4352],[114.04359999999994,22.4336]]]}},{"type":"Feature","properties":{"id":"lu-nt-yuen-long-01-17","class":"urban_open_space","vegetationFraction":0.375,"pavedFraction":0.606,"waterFraction":0.042,"simulated":true},"geometry":{"type":"Polygon","coordinates":[[[114.04519999999994,22.4336],[114.04679999999993,22.4336],[114.04679999999993,22.4352],[114.04519999999994,22.4352],[114.04519999999994,22.4336]]]}},{"type":"Feature","properties":{"id":"lu-nt-yuen-long-01-18","class":"green_space","vegetationFraction":0.44,"pavedFraction":0.446,"waterFraction":0.004,"simulated":true},"geometry":{"type":"Polygon","coordinates":[[[114.04679999999993,22.4336],[114.04839999999993,22.4336],[114.04839999999993,22.4352],[114.04679999999993,22.4352],[114.04679999999993,22.4336]]]}},{"type":"Feature","properties":{"id":"lu-nt-yuen-long-02-00","class":"urban_open_space","vegetationFraction":0.267,"pavedFraction":0.495,"waterFraction":0.036,"simulated":true},"geometry":{"type":"Polygon","coordinates":[[[114.018,22.4352],[114.0196,22.4352],[114.0196,22.436799999999998],[114.018,22.436799999999998],[114.018,22.4352]]]}},{"type":"Feature","properties":{"id":"lu-nt-yuen-long-02-01","class":"urban_open_space","vegetationFraction":0.318,"pavedFraction":0.548,"waterFraction":0.045,"simulated":true},"geometry":{"type":"Polygon","coordinates":[[[114.0196,22.4352],[114.0212,22.4352],[114.0212,22.436799999999998],[114.0196,22.436799999999998],[114.0196,22.4352]]]}},{"type":"Feature","properties":{"id":"lu-nt-yuen-long-02-02","class":"urban_open_space","vegetationFraction":0.318,"pavedFraction":0.584,"waterFraction":0.036,"simulated":true},"geometry":{"type":"Polygon","coordinates":[[[114.0212,22.4352],[114.02279999999999,22.4352],[114.02279999999999,22.436799999999998],[114.0212,22.436799999999998],[114.0212,22.4352]]]}},{"type":"Feature","properties":{"id":"lu-nt-yuen-long-02-03","class":"built_up","vegetationFraction":0.213,"pavedFraction":0.549,"waterFraction":0.057,"simulated":true},"geometry":{"type":"Polygon","coordinates":[[[114.02279999999999,22.4352],[114.02439999999999,22.4352],[114.02439999999999,22.436799999999998],[114.02279999999999,22.436799999999998],[114.02279999999999,22.4352]]]}},{"type":"Feature","properties":{"id":"lu-nt-yuen-long-02-04","class":"green_space","vegetationFraction":0.403,"pavedFraction":0.601,"waterFraction":0.035,"simulated":true},"geometry":{"type":"Polygon","coordinates":[[[114.02439999999999,22.4352],[114.02599999999998,22.4352],[114.02599999999998,22.436799999999998],[114.02439999999999,22.436799999999998],[114.02439999999999,22.4352]]]}},{"type":"Feature","properties":{"id":"lu-nt-yuen-long-02-05","class":"urban_open_space","vegetationFraction":0.267,"pavedFraction":0.472,"waterFraction":0.023,"simulated":true},"geometry":{"type":"Polygon","coordinates":[[[114.02599999999998,22.4352],[114.02759999999998,22.4352],[114.02759999999998,22.436799999999998],[114.02599999999998,22.436799999999998],[114.02599999999998,22.4352]]]}},{"type":"Feature","properties":{"id":"lu-nt-yuen-long-02-06","class":"urban_open_space","vegetationFraction":0.304,"pavedFraction":0.392,"waterFraction":0.04,"simulated":true},"geometry":{"type":"Polygon","coordinates":[[[114.02759999999998,22.4352],[114.02919999999997,22.4352],[114.02919999999997,22.436799999999998],[114.02759999999998,22.436799999999998],[114.02759999999998,22.4352]]]}},{"type":"Feature","properties":{"id":"lu-nt-yuen-long-02-07","class":"green_space","vegetationFraction":0.78,"pavedFraction":0.1,"waterFraction":0.014,"simulated":true},"geometry":{"type":"Polygon","coordinates":[[[114.02919999999997,22.4352],[114.03079999999997,22.4352],[114.03079999999997,22.436799999999998],[114.02919999999997,22.436799999999998],[114.02919999999997,22.4352]]]}},{"type":"Feature","properties":{"id":"lu-nt-yuen-long-02-08","class":"green_space","vegetationFraction":0.78,"pavedFraction":0.1,"waterFraction":0.037,"simulated":true},"geometry":{"type":"Polygon","coordinates":[[[114.03079999999997,22.4352],[114.03239999999997,22.4352],[114.03239999999997,22.436799999999998],[114.03079999999997,22.436799999999998],[114.03079999999997,22.4352]]]}},{"type":"Feature","properties":{"id":"lu-nt-yuen-long-02-09","class":"green_space","vegetationFraction":0.78,"pavedFraction":0.1,"waterFraction":0.044,"simulated":true},"geometry":{"type":"Polygon","coordinates":[[[114.03239999999997,22.4352],[114.03399999999996,22.4352],[114.03399999999996,22.436799999999998],[114.03239999999997,22.436799999999998],[114.03239999999997,22.4352]]]}},{"type":"Feature","properties":{"id":"lu-nt-yuen-long-02-10","class":"green_space","vegetationFraction":0.78,"pavedFraction":0.1,"waterFraction":0.012,"simulated":true},"geometry":{"type":"Polygon","coordinates":[[[114.03399999999996,22.4352],[114.03559999999996,22.4352],[114.03559999999996,22.436799999999998],[114.03399999999996,22.436799999999998],[114.03399999999996,22.4352]]]}},{"type":"Feature","properties":{"id":"lu-nt-yuen-long-02-11","class":"green_space","vegetationFraction":0.78,"pavedFraction":0.1,"waterFraction":0.024,"simulated":true},"geometry":{"type":"Polygon","coordinates":[[[114.03559999999996,22.4352],[114.03719999999996,22.4352],[114.03719999999996,22.436799999999998],[114.03559999999996,22.436799999999998],[114.03559999999996,22.4352]]]}},{"type":"Feature","properties":{"id":"lu-nt-yuen-long-02-12","class":"green_space","vegetationFraction":0.78,"pavedFraction":0.1,"waterFraction":0.011,"simulated":true},"geometry":{"type":"Polygon","coordinates":[[[114.03719999999996,22.4352],[114.03879999999995,22.4352],[114.03879999999995,22.436799999999998],[114.03719999999996,22.436799999999998],[114.03719999999996,22.4352]]]}},{"type":"Feature","properties":{"id":"lu-nt-yuen-long-02-13","class":"green_space","vegetationFraction":0.429,"pavedFraction":0.598,"waterFraction":0.018,"simulated":true},"geometry":{"type":"Polygon","coordinates":[[[114.03879999999995,22.4352],[114.04039999999995,22.4352],[114.04039999999995,22.436799999999998],[114.03879999999995,22.436799999999998],[114.03879999999995,22.4352]]]}},{"type":"Feature","properties":{"id":"lu-nt-yuen-long-02-14","class":"urban_open_space","vegetationFraction":0.362,"pavedFraction":0.366,"waterFraction":0.054,"simulated":true},"geometry":{"type":"Polygon","coordinates":[[[114.04039999999995,22.4352],[114.04199999999994,22.4352],[114.04199999999994,22.436799999999998],[114.04039999999995,22.436799999999998],[114.04039999999995,22.4352]]]}},{"type":"Feature","properties":{"id":"lu-nt-yuen-long-02-15","class":"urban_open_space","vegetationFraction":0.314,"pavedFraction":0.436,"waterFraction":0.014,"simulated":true},"geometry":{"type":"Polygon","coordinates":[[[114.04199999999994,22.4352],[114.04359999999994,22.4352],[114.04359999999994,22.436799999999998],[114.04199999999994,22.436799999999998],[114.04199999999994,22.4352]]]}},{"type":"Feature","properties":{"id":"lu-nt-yuen-long-02-16","class":"urban_open_space","vegetationFraction":0.275,"pavedFraction":0.509,"waterFraction":0.043,"simulated":true},"geometry":{"type":"Polygon","coordinates":[[[114.04359999999994,22.4352],[114.04519999999994,22.4352],[114.04519999999994,22.436799999999998],[114.04359999999994,22.436799999999998],[114.04359999999994,22.4352]]]}},{"type":"Feature","properties":{"id":"lu-nt-yuen-long-02-17","class":"urban_open_space","vegetationFraction":0.283,"pavedFraction":0.431,"waterFraction":0.004,"simulated":true},"geometry":{"type":"Polygon","coordinates":[[[114.04519999999994,22.4352],[114.04679999999993,22.4352],[114.04679999999993,22.436799999999998],[114.04519999999994,22.436799999999998],[114.04519999999994,22.4352]]]}},{"type":"Feature","properties":{"id":"lu-nt-yuen-long-02-18","class":"built_up","vegetationFraction":0.213,"pavedFraction":0.474,"waterFraction":0.058,"simulated":true},"geometry":{"type":"Polygon","coordinates":[[[114.04679999999993,22.4352],[114.04839999999993,22.4352],[114.04839999999993,22.436799999999998],[114.04679999999993,22.436799999999998],[114.04679999999993,22.4352]]]}},{"type":"Feature","properties":{"id":"lu-nt-yuen-long-03-00","class":"built_up","vegetationFraction":0.25,"pavedFraction":0.445,"waterFraction":0.005,"simulated":true},"geometry":{"type":"Polygon","coordinates":[[[114.018,22.436799999999998],[114.0196,22.436799999999998],[114.0196,22.438399999999998],[114.018,22.438399999999998],[114.018,22.436799999999998]]]}},{"type":"Feature","properties":{"id":"lu-nt-yuen-long-03-01","class":"built_up","vegetationFraction":0.223,"pavedFraction":0.604,"waterFraction":0.004,"simulated":true},"geometry":{"type":"Polygon","coordinates":[[[114.0196,22.436799999999998],[114.0212,22.436799999999998],[114.0212,22.438399999999998],[114.0196,22.438399999999998],[114.0196,22.436799999999998]]]}},{"type":"Feature","properties":{"id":"lu-nt-yuen-long-03-02","class":"urban_open_space","vegetationFraction":0.362,"pavedFraction":0.362,"waterFraction":0.045,"simulated":true},"geometry":{"type":"Polygon","coordinates":[[[114.0212,22.436799999999998],[114.02279999999999,22.436799999999998],[114.02279999999999,22.438399999999998],[114.0212,22.438399999999998],[114.0212,22.436799999999998]]]}},{"type":"Feature","properties":{"id":"lu-nt-yuen-long-03-03","class":"urban_open_space","vegetationFraction":0.346,"pavedFraction":0.481,"waterFraction":0.044,"simulated":true},"geometry":{"type":"Polygon","coordinates":[[[114.02279999999999,22.436799999999998],[114.02439999999999,22.436799999999998],[114.02439999999999,22.438399999999998],[114.02279999999999,22.438399999999998],[114.02279999999999,22.436799999999998]]]}},{"type":"Feature","properties":{"id":"lu-nt-yuen-long-03-04","class":"built_up","vegetationFraction":0.232,"pavedFraction":0.479,"waterFraction":0.028,"simulated":true},"geometry":{"type":"Polygon","coordinates":[[[114.02439999999999,22.436799999999998],[114.02599999999998,22.436799999999998],[114.02599999999998,22.438399999999998],[114.02439999999999,22.438399999999998],[114.02439999999999,22.436799999999998]]]}},{"type":"Feature","properties":{"id":"lu-nt-yuen-long-03-05","class":"green_space","vegetationFraction":0.42,"pavedFraction":0.357,"waterFraction":0.024,"simulated":true},"geometry":{"type":"Polygon","coordinates":[[[114.02599999999998,22.436799999999998],[114.02759999999998,22.436799999999998],[114.02759999999998,22.438399999999998],[114.02599999999998,22.438399999999998],[114.02599999999998,22.436799999999998]]]}},{"type":"Feature","properties":{"id":"lu-nt-yuen-long-03-06","class":"urban_open_space","vegetationFraction":0.273,"pavedFraction":0.379,"waterFraction":0.027,"simulated":true},"geometry":{"type":"Polygon","coordinates":[[[114.02759999999998,22.436799999999998],[114.02919999999997,22.436799999999998],[114.02919999999997,22.438399999999998],[114.02759999999998,22.438399999999998],[114.02759999999998,22.436799999999998]]]}},{"type":"Feature","properties":{"id":"lu-nt-yuen-long-03-07","class":"green_space","vegetationFraction":0.78,"pavedFraction":0.1,"waterFraction":0.036,"simulated":true},"geometry":{"type":"Polygon","coordinates":[[[114.02919999999997,22.436799999999998],[114.03079999999997,22.436799999999998],[114.03079999999997,22.438399999999998],[114.02919999999997,22.438399999999998],[114.02919999999997,22.436799999999998]]]}},{"type":"Feature","properties":{"id":"lu-nt-yuen-long-03-08","class":"green_space","vegetationFraction":0.78,"pavedFraction":0.1,"waterFraction":0.045,"simulated":true},"geometry":{"type":"Polygon","coordinates":[[[114.03079999999997,22.436799999999998],[114.03239999999997,22.436799999999998],[114.03239999999997,22.438399999999998],[114.03079999999997,22.438399999999998],[114.03079999999997,22.436799999999998]]]}},{"type":"Feature","properties":{"id":"lu-nt-yuen-long-03-09","class":"green_space","vegetationFraction":0.78,"pavedFraction":0.1,"waterFraction":0.043,"simulated":true},"geometry":{"type":"Polygon","coordinates":[[[114.03239999999997,22.436799999999998],[114.03399999999996,22.436799999999998],[114.03399999999996,22.438399999999998],[114.03239999999997,22.438399999999998],[114.03239999999997,22.436799999999998]]]}},{"type":"Feature","properties":{"id":"lu-nt-yuen-long-03-10","class":"green_space","vegetationFraction":0.78,"pavedFraction":0.1,"waterFraction":0.001,"simulated":true},"geometry":{"type":"Polygon","coordinates":[[[114.03399999999996,22.436799999999998],[114.03559999999996,22.436799999999998],[114.03559999999996,22.438399999999998],[114.03399999999996,22.438399999999998],[114.03399999999996,22.436799999999998]]]}},{"type":"Feature","properties":{"id":"lu-nt-yuen-long-03-11","class":"green_space","vegetationFraction":0.78,"pavedFraction":0.1,"waterFraction":0.053,"simulated":true},"geometry":{"type":"Polygon","coordinates":[[[114.03559999999996,22.436799999999998],[114.03719999999996,22.436799999999998],[114.03719999999996,22.438399999999998],[114.03559999999996,22.438399999999998],[114.03559999999996,22.436799999999998]]]}},{"type":"Feature","properties":{"id":"lu-nt-yuen-long-03-12","class":"green_space","vegetationFraction":0.78,"pavedFraction":0.1,"waterFraction":0.058,"simulated":true},"geometry":{"type":"Polygon","coordinates":[[[114.03719999999996,22.436799999999998],[114.03879999999995,22.436799999999998],[114.03879999999995,22.438399999999998],[114.03719999999996,22.438399999999998],[114.03719999999996,22.436799999999998]]]}},{"type":"Feature","properties":{"id":"lu-nt-yuen-long-03-13","class":"green_space","vegetationFraction":0.404,"pavedFraction":0.619,"waterFraction":0.036,"simulated":true},"geometry":{"type":"Polygon","coordinates":[[[114.03879999999995,22.436799999999998],[114.04039999999995,22.436799999999998],[114.04039999999995,22.438399999999998],[114.03879999999995,22.438399999999998],[114.03879999999995,22.436799999999998]]]}},{"type":"Feature","properties":{"id":"lu-nt-yuen-long-03-14","class":"urban_open_space","vegetationFraction":0.307,"pavedFraction":0.53,"waterFraction":0.034,"simulated":true},"geometry":{"type":"Polygon","coordinates":[[[114.04039999999995,22.436799999999998],[114.04199999999994,22.436799999999998],[114.04199999999994,22.438399999999998],[114.04039999999995,22.438399999999998],[114.04039999999995,22.436799999999998]]]}},{"type":"Feature","properties":{"id":"lu-nt-yuen-long-03-15","class":"urban_open_space","vegetationFraction":0.35,"pavedFraction":0.574,"waterFraction":0.04,"simulated":true},"geometry":{"type":"Polygon","coordinates":[[[114.04199999999994,22.436799999999998],[114.04359999999994,22.436799999999998],[114.04359999999994,22.438399999999998],[114.04199999999994,22.438399999999998],[114.04199999999994,22.436799999999998]]]}},{"type":"Feature","properties":{"id":"lu-nt-yuen-long-03-16","class":"urban_open_space","vegetationFraction":0.346,"pavedFraction":0.41,"waterFraction":0.032,"simulated":true},"geometry":{"type":"Polygon","coordinates":[[[114.04359999999994,22.436799999999998],[114.04519999999994,22.436799999999998],[114.04519999999994,22.438399999999998],[114.04359999999994,22.438399999999998],[114.04359999999994,22.436799999999998]]]}},{"type":"Feature","properties":{"id":"lu-nt-yuen-long-03-17","class":"urban_open_space","vegetationFraction":0.253,"pavedFraction":0.449,"waterFraction":0.034,"simulated":true},"geometry":{"type":"Polygon","coordinates":[[[114.04519999999994,22.436799999999998],[114.04679999999993,22.436799999999998],[114.04679999999993,22.438399999999998],[114.04519999999994,22.438399999999998],[114.04519999999994,22.436799999999998]]]}},{"type":"Feature","properties":{"id":"lu-nt-yuen-long-03-18","class":"urban_open_space","vegetationFraction":0.397,"pavedFraction":0.361,"waterFraction":0.027,"simulated":true},"geometry":{"type":"Polygon","coordinates":[[[114.04679999999993,22.436799999999998],[114.04839999999993,22.436799999999998],[114.04839999999993,22.438399999999998],[114.04679999999993,22.438399999999998],[114.04679999999993,22.436799999999998]]]}},{"type":"Feature","properties":{"id":"lu-nt-yuen-long-04-00","class":"urban_open_space","vegetationFraction":0.328,"pavedFraction":0.588,"waterFraction":0.004,"simulated":true},"geometry":{"type":"Polygon","coordinates":[[[114.018,22.438399999999998],[114.0196,22.438399999999998],[114.0196,22.439999999999998],[114.018,22.439999999999998],[114.018,22.438399999999998]]]}},{"type":"Feature","properties":{"id":"lu-nt-yuen-long-04-01","class":"urban_open_space","vegetationFraction":0.306,"pavedFraction":0.405,"waterFraction":0.024,"simulated":true},"geometry":{"type":"Polygon","coordinates":[[[114.0196,22.438399999999998],[114.0212,22.438399999999998],[114.0212,22.439999999999998],[114.0196,22.439999999999998],[114.0196,22.438399999999998]]]}},{"type":"Feature","properties":{"id":"lu-nt-yuen-long-04-02","class":"built_up","vegetationFraction":0.224,"pavedFraction":0.625,"waterFraction":0.02,"simulated":true},"geometry":{"type":"Polygon","coordinates":[[[114.0212,22.438399999999998],[114.02279999999999,22.438399999999998],[114.02279999999999,22.439999999999998],[114.0212,22.439999999999998],[114.0212,22.438399999999998]]]}},{"type":"Feature","properties":{"id":"lu-nt-yuen-long-04-03","class":"green_space","vegetationFraction":0.42,"pavedFraction":0.65,"waterFraction":0.009,"simulated":true},"geometry":{"type":"Polygon","coordinates":[[[114.02279999999999,22.438399999999998],[114.02439999999999,22.438399999999998],[114.02439999999999,22.439999999999998],[114.02279999999999,22.439999999999998],[114.02279999999999,22.438399999999998]]]}},{"type":"Feature","properties":{"id":"lu-nt-yuen-long-04-04","class":"urban_open_space","vegetationFraction":0.389,"pavedFraction":0.352,"waterFraction":0.013,"simulated":true},"geometry":{"type":"Polygon","coordinates":[[[114.02439999999999,22.438399999999998],[114.02599999999998,22.438399999999998],[114.02599999999998,22.439999999999998],[114.02439999999999,22.439999999999998],[114.02439999999999,22.438399999999998]]]}},{"type":"Feature","properties":{"id":"lu-nt-yuen-long-04-05","class":"built_up","vegetationFraction":0.237,"pavedFraction":0.399,"waterFraction":0.054,"simulated":true},"geometry":{"type":"Polygon","coordinates":[[[114.02599999999998,22.438399999999998],[114.02759999999998,22.438399999999998],[114.02759999999998,22.439999999999998],[114.02599999999998,22.439999999999998],[114.02599999999998,22.438399999999998]]]}},{"type":"Feature","properties":{"id":"lu-nt-yuen-long-04-06","class":"urban_open_space","vegetationFraction":0.283,"pavedFraction":0.541,"waterFraction":0.029,"simulated":true},"geometry":{"type":"Polygon","coordinates":[[[114.02759999999998,22.438399999999998],[114.02919999999997,22.438399999999998],[114.02919999999997,22.439999999999998],[114.02759999999998,22.439999999999998],[114.02759999999998,22.438399999999998]]]}},{"type":"Feature","properties":{"id":"lu-nt-yuen-long-04-07","class":"green_space","vegetationFraction":0.78,"pavedFraction":0.1,"waterFraction":0.0,"simulated":true},"geometry":{"type":"Polygon","coordinates":[[[114.02919999999997,22.438399999999998],[114.03079999999997,22.438399999999998],[114.03079999999997,22.439999999999998],[114.02919999999997,22.439999999999998],[114.02919999999997,22.438399999999998]]]}},{"type":"Feature","properties":{"id":"lu-nt-yuen-long-04-08","class":"green_space","vegetationFraction":0.78,"pavedFraction":0.1,"waterFraction":0.033,"simulated":true},"geometry":{"type":"Polygon","coordinates":[[[114.03079999999997,22.438399999999998],[114.03239999999997,22.438399999999998],[114.03239999999997,22.439999999999998],[114.03079999999997,22.439999999999998],[114.03079999999997,22.438399999999998]]]}},{"type":"Feature","properties":{"id":"lu-nt-yuen-long-04-09","class":"green_space","vegetationFraction":0.78,"pavedFraction":0.1,"waterFraction":0.034,"simulated":true},"geometry":{"type":"Polygon","coordinates":[[[114.03239999999997,22.438399999999998],[114.03399999999996,22.438399999999998],[114.03399999999996,22.439999999999998],[114.03239999999997,22.439999999999998],[114.03239999999997,22.438399999999998]]]}},{"type":"Feature","properties":{"id":"lu-nt-yuen-long-04-10","class":"green_space","vegetationFraction":0.78,"pavedFraction":0.1,"waterFraction":0.023,"simulated":true},"geometry":{"type":"Polygon","coordinates":[[[114.03399999999996,22.438399999999998],[114.03559999999996,22.438399999999998],[114.03559999999996,22.439999999999998],[114.03399999999996,22.439999999999998],[114.03399999999996,22.438399999999998]]]}},{"type":"Feature","properties":{"id":"lu-nt-yuen-long-04-11","class":"green_space","vegetationFraction":0.78,"pavedFraction":0.1,"waterFraction":0.027,"simulated":true},"geometry":{"type":"Polygon","coordinates":[[[114.03559999999996,22.438399999999998],[114.03719999999996,22.438399999999998],[114.03719999999996,22.439999999999998],[114.03559999999996,22.439999999999998],[114.03559999999996,22.438399999999998]]]}},{"type":"Feature","properties":{"id":"lu-nt-yuen-long-04-12","class":"green_space","vegetationFraction":0.78,"pavedFraction":0.1,"waterFraction":0.028,"simulated":true},"geometry":{"type":"Polygon","coordinates":[[[114.03719999999996,22.438399999999998],[114.03879999999995,22.438399999999998],[114.03879999999995,22.439999999999998],[114.03719999999996,22.439999999999998],[114.03719999999996,22.438399999999998]]]}},{"type":"Feature","properties":{"id":"lu-nt-yuen-long-04-13","class":"built_up","vegetationFraction":0.235,"pavedFraction":0.597,"waterFraction":0.04,"simulated":true},"geometry":{"type":"Polygon","coordinates":[[[114.03879999999995,22.438399999999998],[114.04039999999995,22.438399999999998],[114.04039999999995,22.439999999999998],[114.03879999999995,22.439999999999998],[114.03879999999995,22.438399999999998]]]}},{"type":"Feature","properties":{"id":"lu-nt-yuen-long-04-14","class":"urban_open_space","vegetationFraction":0.312,"pavedFraction":0.437,"waterFraction":0.038,"simulated":true},"geometry":{"type":"Polygon","coordinates":[[[114.04039999999995,22.438399999999998],[114.04199999999994,22.438399999999998],[114.04199999999994,22.439999999999998],[114.04039999999995,22.439999999999998],[114.04039999999995,22.438399999999998]]]}},{"type":"Feature","properties":{"id":"lu-nt-yuen-long-04-15","class":"built_up","vegetationFraction":0.211,"pavedFraction":0.612,"waterFraction":0.003,"simulated":true},"geometry":{"type":"Polygon","coordinates":[[[114.04199999999994,22.438399999999998],[114.04359999999994,22.438399999999998],[114.04359999999994,22.439999999999998],[114.04199999999994,22.439999999999998],[114.04199999999994,22.438399999999998]]]}},{"type":"Feature","properties":{"id":"lu-nt-yuen-long-04-16","class":"built_up","vegetationFraction":0.223,"pavedFraction":0.519,"waterFraction":0.052,"simulated":true},"geometry":{"type":"Polygon","coordinates":[[[114.04359999999994,22.438399999999998],[114.04519999999994,22.438399999999998],[114.04519999999994,22.439999999999998],[114.04359999999994,22.439999999999998],[114.04359999999994,22.438399999999998]]]}},{"type":"Feature","properties":{"id":"lu-nt-yuen-long-04-17","class":"green_space","vegetationFraction":0.428,"pavedFraction":0.376,"waterFraction":0.035,"simulated":true},"geometry":{"type":"Polygon","coordinates":[[[114.04519999999994,22.438399999999998],[114.04679999999993,22.438399999999998],[114.04679999999993,22.439999999999998],[114.04519999999994,22.439999999999998],[114.04519999999994,22.438399999999998]]]}},{"type":"Feature","properties":{"id":"lu-nt-yuen-long-04-18","class":"green_space","vegetationFraction":0.413,"pavedFraction":0.536,"waterFraction":0.001,"simulated":true},"geometry":{"type":"Polygon","coordinates":[[[114.04679999999993,22.438399999999998],[114.04839999999993,22.438399999999998],[114.04839999999993,22.439999999999998],[114.04679999999993,22.439999999999998],[114.04679999999993,22.438399999999998]]]}},{"type":"Feature","properties":{"id":"lu-nt-yuen-long-05-00","class":"built_up","vegetationFraction":0.212,"pavedFraction":0.543,"waterFraction":0.037,"simulated":true},"geometry":{"type":"Polygon","coordinates":[[[114.018,22.439999999999998],[114.0196,22.439999999999998],[114.0196,22.441599999999998],[114.018,22.441599999999998],[114.018,22.439999999999998]]]}},{"type":"Feature","properties":{"id":"lu-nt-yuen-long-05-01","class":"built_up","vegetationFraction":0.225,"pavedFraction":0.409,"waterFraction":0.021,"simulated":true},"geometry":{"type":"Polygon","coordinates":[[[114.0196,22.439999999999998],[114.0212,22.439999999999998],[114.0212,22.441599999999998],[114.0196,22.441599999999998],[114.0196,22.439999999999998]]]}},{"type":"Feature","properties":{"id":"lu-nt-yuen-long-05-02","class":"built_up","vegetationFraction":0.204,"pavedFraction":0.404,"waterFraction":0.005,"simulated":true},"geometry":{"type":"Polygon","coordinates":[[[114.0212,22.439999999999998],[114.02279999999999,22.439999999999998],[114.02279999999999,22.441599999999998],[114.0212,22.441599999999998],[114.0212,22.439999999999998]]]}},{"type":"Feature","properties":{"id":"lu-nt-yuen-long-05-03","class":"green_space","vegetationFraction":0.401,"pavedFraction":0.405,"waterFraction":0.044,"simulated":true},"geometry":{"type":"Polygon","coordinates":[[[114.02279999999999,22.439999999999998],[114.02439999999999,22.439999999999998],[114.02439999999999,22.441599999999998],[114.02279999999999,22.441599999999998],[114.02279999999999,22.439999999999998]]]}},{"type":"Feature","properties":{"id":"lu-nt-yuen-long-05-04","class":"urban_open_space","vegetationFraction":0.392,"pavedFraction":0.519,"waterFraction":0.052,"simulated":true},"geometry":{"type":"Polygon","coordinates":[[[114.02439999999999,22.439999999999998],[114.02599999999998,22.439999999999998],[114.02599999999998,22.441599999999998],[114.02439999999999,22.441599999999998],[114.02439999999999,22.439999999999998]]]}},{"type":"Feature","properties":{"id":"lu-nt-yuen-long-05-05","class":"urban_open_space","vegetationFraction":0.353,"pavedFraction":0.438,"waterFraction":0.006,"simulated":true},"geometry":{"type":"Polygon","coordinates":[[[114.02599999999998,22.439999999999998],[114.02759999999998,22.439999999999998],[114.02759999999998,22.441599999999998],[114.02599999999998,22.441599999999998],[114.02599999999998,22.439999999999998]]]}},{"type":"Feature","properties":{"id":"lu-nt-yuen-long-05-06","class":"built_up","vegetationFraction":0.215,"pavedFraction":0.512,"waterFraction":0.034,"simulated":true},"geometry":{"type":"Polygon","coordinates":[[[114.02759999999998,22.439999999999998],[114.02919999999997,22.439999999999998],[114.02919999999997,22.441599999999998],[114.02759999999998,22.441599999999998],[114.02759999999998,22.439999999999998]]]}},{"type":"Feature","properties":{"id":"lu-nt-yuen-long-05-07","class":"green_space","vegetationFraction":0.78,"pavedFraction":0.1,"waterFraction":0.046,"simulated":true},"geometry":{"type":"Polygon","coordinates":[[[114.02919999999997,22.439999999999998],[114.03079999999997,22.439999999999998],[114.03079999999997,22.441599999999998],[114.02919999999997,22.441599999999998],[114.02919999999997,22.439999999999998]]]}},{"type":"Feature","properties":{"id":"lu-nt-yuen-long-05-08","class":"green_space","vegetationFraction":0.78,"pavedFraction":0.1,"waterFraction":0.057,"simulated":true},"geometry":{"type":"Polygon","coordinates":[[[114.03079999999997,22.439999999999998],[114.03239999999997,22.439999999999998],[114.03239999999997,22.441599999999998],[114.03079999999997,22.441599999999998],[114.03079999999997,22.439999999999998]]]}},{"type":"Feature","properties":{"id":"lu-nt-yuen-long-05-09","class":"green_space","vegetationFraction":0.78,"pavedFraction":0.1,"waterFraction":0.04,"simulated":true},"geometry":{"type":"Polygon","coordinates":[[[114.03239999999997,22.439999999999998],[114.03399999999996,22.439999999999998],[114.03399999999996,22.441599999999998],[114.03239999999997,22.441599999999998],[114.03239999999997,22.439999999999998]]]}},{"type":"Feature","properties":{"id":"lu-nt-yuen-long-05-10","class":"green_space","vegetationFraction":0.78,"pavedFraction":0.1,"waterFraction":0.029,"simulated":true},"geometry":{"type":"Polygon","coordinates":[[[114.03399999999996,22.439999999999998],[114.03559999999996,22.439999999999998],[114.03559999999996,22.441599999999998],[114.03399999999996,22.441599999999998],[114.03399999999996,22.439999999999998]]]}},{"type":"Feature","properties":{"id":"lu-nt-yuen-long-05-11","class":"green_space","vegetationFraction":0.78,"pavedFraction":0.1,"waterFraction":0.0,"simulated":true},"geometry":{"type":"Polygon","coordinates":[[[114.03559999999996,22.439999999999998],[114.03719999999996,22.439999999999998],[114.03719999999996,22.441599999999998],[114.03559999999996,22.441599999999998],[114.03559999999996,22.439999999999998]]]}},{"type":"Feature","properties":{"id":"lu-nt-yuen-long-05-12","class":"green_space","vegetationFraction":0.78,"pavedFraction":0.1,"waterFraction":0.034,"simulated":true},"geometry":{"type":"Polygon","coordinates":[[[114.03719999999996,22.439999999999998],[114.03879999999995,22.439999999999998],[114.03879999999995,22.441599999999998],[114.03719999999996,22.441599999999998],[114.03719999999996,22.439999999999998]]]}},{"type":"Feature","properties":{"id":"lu-nt-yuen-long-05-13","class":"built_up","vegetationFraction":0.21,"pavedFraction":0.432,"waterFraction":0.01,"simulated":true},"geometry":{"type":"Polygon","coordinates":[[[114.03879999999995,22.439999999999998],[114.04039999999995,22.439999999999998],[114.04039999999995,22.441599999999998],[114.03879999999995,22.441599999999998],[114.03879999999995,22.439999999999998]]]}},{"type":"Feature","properties":{"id":"lu-nt-yuen-long-05-14","class":"built_up","vegetationFraction":0.225,"pavedFraction":0.561,"waterFraction":0.053,"simulated":true},"geometry":{"type":"Polygon","coordinates":[[[114.04039999999995,22.439999999999998],[114.04199999999994,22.439999999999998],[114.04199999999994,22.441599999999998],[114.04039999999995,22.441599999999998],[114.04039999999995,22.439999999999998]]]}},{"type":"Feature","properties":{"id":"lu-nt-yuen-long-05-15","class":"built_up","vegetationFraction":0.248,"pavedFraction":0.362,"waterFraction":0.021,"simulated":true},"geometry":{"type":"Polygon","coordinates":[[[114.04199999999994,22.439999999999998],[114.04359999999994,22.439999999999998],[114.04359999999994,22.441599999999998],[114.04199999999994,22.441599999999998],[114.04199999999994,22.439999999999998]]]}},{"type":"Feature","properties":{"id":"lu-nt-yuen-long-05-16","class":"urban_open_space","vegetationFraction":0.273,"pavedFraction":0.523,"waterFraction":0.036,"simulated":true},"geometry":{"type":"Polygon","coordinates":[[[114.04359999999994,22.439999999999998],[114.04519999999994,22.439999999999998],[114.04519999999994,22.441599999999998],[114.04359999999994,22.441599999999998],[114.04359999999994,22.439999999999998]]]}},{"type":"Feature","properties":{"id":"lu-nt-yuen-long-05-17","class":"green_space","vegetationFraction":0.407,"pavedFraction":0.542,"waterFraction":0.013,"simulated":true},"geometry":{"type":"Polygon","coordinates":[[[114.04519999999994,22.439999999999998],[114.04679999999993,22.439999999999998],[114.04679999999993,22.441599999999998],[114.04519999999994,22.441599999999998],[114.04519999999994,22.439999999999998]]]}},{"type":"Feature","properties":{"id":"lu-nt-yuen-long-05-18","class":"urban_open_space","vegetationFraction":0.281,"pavedFraction":0.568,"waterFraction":0.054,"simulated":true},"geometry":{"type":"Polygon","coordinates":[[[114.04679999999993,22.439999999999998],[114.04839999999993,22.439999999999998],[114.04839999999993,22.441599999999998],[114.04679999999993,22.441599999999998],[114.04679999999993,22.439999999999998]]]}},{"type":"Feature","properties":{"id":"lu-nt-yuen-long-06-00","class":"urban_open_space","vegetationFraction":0.375,"pavedFraction":0.515,"waterFraction":0.047,"simulated":true},"geometry":{"type":"Polygon","coordinates":[[[114.018,22.441599999999998],[114.0196,22.441599999999998],[114.0196,22.443199999999997],[114.018,22.443199999999997],[114.018,22.441599999999998]]]}},{"type":"Feature","properties":{"id":"lu-nt-yuen-long-06-01","class":"urban_open_space","vegetationFraction":0.361,"pavedFraction":0.566,"waterFraction":0.053,"simulated":true},"geometry":{"type":"Polygon","coordinates":[[[114.0196,22.441599999999998],[114.0212,22.441599999999998],[114.0212,22.443199999999997],[114.0196,22.443199999999997],[114.0196,22.441599999999998]]]}},{"type":"Feature","properties":{"id":"lu-nt-yuen-long-06-02","class":"urban_open_space","vegetationFraction":0.332,"pavedFraction":0.512,"waterFraction":0.056,"simulated":true},"geometry":{"type":"Polygon","coordinates":[[[114.0212,22.441599999999998],[114.02279999999999,22.441599999999998],[114.02279999999999,22.443199999999997],[114.0212,22.443199999999997],[114.0212,22.441599999999998]]]}},{"type":"Feature","properties":{"id":"lu-nt-yuen-long-06-03","class":"urban_open_space","vegetationFraction":0.318,"pavedFraction":0.57,"waterFraction":0.005,"simulated":true},"geometry":{"type":"Polygon","coordinates":[[[114.02279999999999,22.441599999999998],[114.02439999999999,22.441599999999998],[114.02439999999999,22.443199999999997],[114.02279999999999,22.443199999999997],[114.02279999999999,22.441599999999998]]]}},{"type":"Feature","properties":{"id":"lu-nt-yuen-long-06-04","class":"built_up","vegetationFraction":0.24,"pavedFraction":0.624,"waterFraction":0.052,"simulated":true},"geometry":{"type":"Polygon","coordinates":[[[114.02439999999999,22.441599999999998],[114.02599999999998,22.441599999999998],[114.02599999999998,22.443199999999997],[114.02439999999999,22.443199999999997],[114.02439999999999,22.441599999999998]]]}},{"type":"Feature","properties":{"id":"lu-nt-yuen-long-06-05","class":"green_space","vegetationFraction":0.422,"pavedFraction":0.359,"waterFraction":0.047,"simulated":true},"geometry":{"type":"Polygon","coordinates":[[[114.02599999999998,22.441599999999998],[114.02759999999998,22.441599999999998],[114.02759999999998,22.443199999999997],[114.02599999999998,22.443199999999997],[114.02599999999998,22.441599999999998]]]}},{"type":"Feature","properties":{"id":"lu-nt-yuen-long-06-06","class":"green_space","vegetationFraction":0.446,"pavedFraction":0.618,"waterFraction":0.042,"simulated":true},"geometry":{"type":"Polygon","coordinates":[[[114.02759999999998,22.441599999999998],[114.02919999999997,22.441599999999998],[114.02919999999997,22.443199999999997],[114.02759999999998,22.443199999999997],[114.02759999999998,22.441599999999998]]]}},{"type":"Feature","properties":{"id":"lu-nt-yuen-long-06-07","class":"urban_open_space","vegetationFraction":0.315,"pavedFraction":0.444,"waterFraction":0.028,"simulated":true},"geometry":{"type":"Polygon","coordinates":[[[114.02919999999997,22.441599999999998],[114.03079999999997,22.441599999999998],[114.03079999999997,22.443199999999997],[114.02919999999997,22.443199999999997],[114.02919999999997,22.441599999999998]]]}},{"type":"Feature","properties":{"id":"lu-nt-yuen-long-06-08","class":"green_space","vegetationFraction":0.412,"pavedFraction":0.568,"waterFraction":0.001,"simulated":true},"geometry":{"type":"Polygon","coordinates":[[[114.03079999999997,22.441599999999998],[114.03239999999997,22.441599999999998],[114.03239999999997,22.443199999999997],[114.03079999999997,22.443199999999997],[114.03079999999997,22.441599999999998]]]}},{"type":"Feature","properties":{"id":"lu-nt-yuen-long-06-09","class":"built_up","vegetationFraction":0.247,"pavedFraction":0.388,"waterFraction":0.049,"simulated":true},"geometry":{"type":"Polygon","coordinates":[[[114.03239999999997,22.441599999999998],[114.03399999999996,22.441599999999998],[114.03399999999996,22.443199999999997],[114.03239999999997,22.443199999999997],[114.03239999999997,22.441599999999998]]]}},{"type":"Feature","properties":{"id":"lu-nt-yuen-long-06-10","class":"built_up","vegetationFraction":0.215,"pavedFraction":0.398,"waterFraction":0.054,"simulated":true},"geometry":{"type":"Polygon","coordinates":[[[114.03399999999996,22.441599999999998],[114.03559999999996,22.441599999999998],[114.03559999999996,22.443199999999997],[114.03399999999996,22.443199999999997],[114.03399999999996,22.441599999999998]]]}},{"type":"Feature","properties":{"id":"lu-nt-yuen-long-06-11","class":"urban_open_space","vegetationFraction":0.297,"pavedFraction":0.57,"waterFraction":0.054,"simulated":true},"geometry":{"type":"Polygon","coordinates":[[[114.03559999999996,22.441599999999998],[114.03719999999996,22.441599999999998],[114.03719999999996,22.443199999999997],[114.03559999999996,22.443199999999997],[114.03559999999996,22.441599999999998]]]}},{"type":"Feature","properties":{"id":"lu-nt-yuen-long-06-12","class":"green_space","vegetationFraction":0.437,"pavedFraction":0.472,"waterFraction":0.016,"simulated":true},"geometry":{"type":"Polygon","coordinates":[[[114.03719999999996,22.441599999999998],[114.03879999999995,22.441599999999998],[114.03879999999995,22.443199999999997],[114.03719999999996,22.443199999999997],[114.03719999999996,22.441599999999998]]]}},{"type":"Feature","properties":{"id":"lu-nt-yuen-long-06-13","class":"green_space","vegetationFraction":0.407,"pavedFraction":0.57,"waterFraction":0.02,"simulated":true},"geometry":{"type":"Polygon","coordinates":[[[114.03879999999995,22.441599999999998],[114.04039999999995,22.441599999999998],[114.04039999999995,22.443199999999997],[114.03879999999995,22.443199999999997],[114.03879999999995,22.441599999999998]]]}},{"type":"Feature","properties":{"id":"lu-nt-yuen-long-06-14","class":"urban_open_space","vegetationFraction":0.26,"pavedFraction":0.521,"waterFraction":0.028,"simulated":true},"geometry":{"type":"Polygon","coordinates":[[[114.04039999999995,22.441599999999998],[114.04199999999994,22.441599999999998],[114.04199999999994,22.443199999999997],[114.04039999999995,22.443199999999997],[114.04039999999995,22.441599999999998]]]}},{"type":"Feature","properties":{"id":"lu-nt-yuen-long-06-15","class":"urban_open_space","vegetationFraction":0.262,"pavedFraction":0.389,"waterFraction":0.046,"simulated":true},"geometry":{"type":"Polygon","coordinates":[[[114.04199999999994,22.441599999999998],[114.04359999999994,22.441599999999998],[114.04359999999994,22.443199999999997],[114.04199999999994,22.443199999999997],[114.04199999999994,22.441599999999998]]]}},{"type":"Feature","properties":{"id":"lu-nt-yuen-long-06-16","class":"built_up","vegetationFraction":0.243,"pavedFraction":0.55,"waterFraction":0.049,"simulated":true},"geometry":{"type":"Polygon","coordinates":[[[114.04359999999994,22.441599999999998],[114.04519999999994,22.441599999999998],[114.04519999999994,22.443199999999997],[114.04359999999994,22.443199999999997],[114.04359999999994,22.441599999999998]]]}},{"type":"Feature","properties":{"id":"lu-nt-yuen-long-06-17","class":"built_up","vegetationFraction":0.241,"pavedFraction":0.379,"waterFraction":0.038,"simulated":true},"geometry":{"type":"Polygon","coordinates":[[[114.04519999999994,22.441599999999998],[114.04679999999993,22.441599999999998],[114.04679999999993,22.443199999999997],[114.04519999999994,22.443199999999997],[114.04519999999994,22.441599999999998]]]}},{"type":"Feature","properties":{"id":"lu-nt-yuen-long-06-18","class":"urban_open_space","vegetationFraction":0.36,"pavedFraction":0.361,"waterFraction":0.003,"simulated":true},"geometry":{"type":"Polygon","coordinates":[[[114.04679999999993,22.441599999999998],[114.04839999999993,22.441599999999998],[114.04839999999993,22.443199999999997],[114.04679999999993,22.443199999999997],[114.04679999999993,22.441599999999998]]]}},{"type":"Feature","properties":{"id":"lu-nt-yuen-long-07-00","class":"urban_open_space","vegetationFraction":0.327,"pavedFraction":0.529,"waterFraction":0.01,"simulated":true},"geometry":{"type":"Polygon","coordinates":[[[114.018,22.443199999999997],[114.0196,22.443199999999997],[114.0196,22.444799999999997],[114.018,22.444799999999997],[114.018,22.443199999999997]]]}},{"type":"Feature","properties":{"id":"lu-nt-yuen-long-07-01","class":"urban_open_space","vegetationFraction":0.284,"pavedFraction":0.515,"waterFraction":0.042,"simulated":true},"geometry":{"type":"Polygon","coordinates":[[[114.0196,22.443199999999997],[114.0212,22.443199999999997],[114.0212,22.444799999999997],[114.0196,22.444799999999997],[114.0196,22.443199999999997]]]}},{"type":"Feature","properties":{"id":"lu-nt-yuen-long-07-02","class":"urban_open_space","vegetationFraction":0.356,"pavedFraction":0.368,"waterFraction":0.044,"simulated":true},"geometry":{"type":"Polygon","coordinates":[[[114.0212,22.443199999999997],[114.02279999999999,22.443199999999997],[114.02279999999999,22.444799999999997],[114.0212,22.444799999999997],[114.0212,22.443199999999997]]]}},{"type":"Feature","properties":{"id":"lu-nt-yuen-long-07-03","class":"urban_open_space","vegetationFraction":0.271,"pavedFraction":0.411,"waterFraction":0.022,"simulated":true},"geometry":{"type":"Polygon","coordinates":[[[114.02279999999999,22.443199999999997],[114.02439999999999,22.443199999999997],[114.02439999999999,22.444799999999997],[114.02279999999999,22.444799999999997],[114.02279999999999,22.443199999999997]]]}},{"type":"Feature","properties":{"id":"lu-nt-yuen-long-07-04","class":"built_up","vegetationFraction":0.235,"pavedFraction":0.519,"waterFraction":0.036,"simulated":true},"geometry":{"type":"Polygon","coordinates":[[[114.02439999999999,22.443199999999997],[114.02599999999998,22.443199999999997],[114.02599999999998,22.444799999999997],[114.02439999999999,22.444799999999997],[114.02439999999999,22.443199999999997]]]}},{"type":"Feature","properties":{"id":"lu-nt-yuen-long-07-05","class":"urban_open_space","vegetationFraction":0.38,"pavedFraction":0.583,"waterFraction":0.017,"simulated":true},"geometry":{"type":"Polygon","coordinates":[[[114.02599999999998,22.443199999999997],[114.02759999999998,22.443199999999997],[114.02759999999998,22.444799999999997],[114.02599999999998,22.444799999999997],[114.02599999999998,22.443199999999997]]]}},{"type":"Feature","properties":{"id":"lu-nt-yuen-long-07-06","class":"built_up","vegetationFraction":0.225,"pavedFraction":0.425,"waterFraction":0.002,"simulated":true},"geometry":{"type":"Polygon","coordinates":[[[114.02759999999998,22.443199999999997],[114.02919999999997,22.443199999999997],[114.02919999999997,22.444799999999997],[114.02759999999998,22.444799999999997],[114.02759999999998,22.443199999999997]]]}},{"type":"Feature","properties":{"id":"lu-nt-yuen-long-07-07","class":"urban_open_space","vegetationFraction":0.314,"pavedFraction":0.496,"waterFraction":0.002,"simulated":true},"geometry":{"type":"Polygon","coordinates":[[[114.02919999999997,22.443199999999997],[114.03079999999997,22.443199999999997],[114.03079999999997,22.444799999999997],[114.02919999999997,22.444799999999997],[114.02919999999997,22.443199999999997]]]}},{"type":"Feature","properties":{"id":"lu-nt-yuen-long-07-08","class":"urban_open_space","vegetationFraction":0.322,"pavedFraction":0.405,"waterFraction":0.011,"simulated":true},"geometry":{"type":"Polygon","coordinates":[[[114.03079999999997,22.443199999999997],[114.03239999999997,22.443199999999997],[114.03239999999997,22.444799999999997],[114.03079999999997,22.444799999999997],[114.03079999999997,22.443199999999997]]]}},{"type":"Feature","properties":{"id":"lu-nt-yuen-long-07-09","class":"built_up","vegetationFraction":0.224,"pavedFraction":0.529,"waterFraction":0.048,"simulated":true},"geometry":{"type":"Polygon","coordinates":[[[114.03239999999997,22.443199999999997],[114.03399999999996,22.443199999999997],[114.03399999999996,22.444799999999997],[114.03239999999997,22.444799999999997],[114.03239999999997,22.443199999999997]]]}},{"type":"Feature","properties":{"id":"lu-nt-yuen-long-07-10","class":"urban_open_space","vegetationFraction":0.387,"pavedFraction":0.386,"waterFraction":0.025,"simulated":true},"geometry":{"type":"Polygon","coordinates":[[[114.03399999999996,22.443199999999997],[114.03559999999996,22.443199999999997],[114.03559999999996,22.444799999999997],[114.03399999999996,22.444799999999997],[114.03399999999996,22.443199999999997]]]}},{"type":"Feature","properties":{"id":"lu-nt-yuen-long-07-11","class":"urban_open_space","vegetationFraction":0.26,"pavedFraction":0.49,"waterFraction":0.04,"simulated":true},"geometry":{"type":"Polygon","coordinates":[[[114.03559999999996,22.443199999999997],[114.03719999999996,22.443199999999997],[114.03719999999996,22.444799999999997],[114.03559999999996,22.444799999999997],[114.03559999999996,22.443199999999997]]]}},{"type":"Feature","properties":{"id":"lu-nt-yuen-long-07-12","class":"urban_open_space","vegetationFraction":0.27,"pavedFraction":0.476,"waterFraction":0.049,"simulated":true},"geometry":{"type":"Polygon","coordinates":[[[114.03719999999996,22.443199999999997],[114.03879999999995,22.443199999999997],[114.03879999999995,22.444799999999997],[114.03719999999996,22.444799999999997],[114.03719999999996,22.443199999999997]]]}},{"type":"Feature","properties":{"id":"lu-nt-yuen-long-07-13","class":"urban_open_space","vegetationFraction":0.299,"pavedFraction":0.392,"waterFraction":0.055,"simulated":true},"geometry":{"type":"Polygon","coordinates":[[[114.03879999999995,22.443199999999997],[114.04039999999995,22.443199999999997],[114.04039999999995,22.444799999999997],[114.03879999999995,22.444799999999997],[114.03879999999995,22.443199999999997]]]}},{"type":"Feature","properties":{"id":"lu-nt-yuen-long-07-14","class":"urban_open_space","vegetationFraction":0.307,"pavedFraction":0.545,"waterFraction":0.016,"simulated":true},"geometry":{"type":"Polygon","coordinates":[[[114.04039999999995,22.443199999999997],[114.04199999999994,22.443199999999997],[114.04199999999994,22.444799999999997],[114.04039999999995,22.444799999999997],[114.04039999999995,22.443199999999997]]]}},{"type":"Feature","properties":{"id":"lu-nt-yuen-long-07-15","class":"urban_open_space","vegetationFraction":0.322,"pavedFraction":0.417,"waterFraction":0.005,"simulated":true},"geometry":{"type":"Polygon","coordinates":[[[114.04199999999994,22.443199999999997],[114.04359999999994,22.443199999999997],[114.04359999999994,22.444799999999997],[114.04199999999994,22.444799999999997],[114.04199999999994,22.443199999999997]]]}},{"type":"Feature","properties":{"id":"lu-nt-yuen-long-07-16","class":"green_space","vegetationFraction":0.432,"pavedFraction":0.499,"waterFraction":0.012,"simulated":true},"geometry":{"type":"Polygon","coordinates":[[[114.04359999999994,22.443199999999997],[114.04519999999994,22.443199999999997],[114.04519999999994,22.444799999999997],[114.04359999999994,22.444799999999997],[114.04359999999994,22.443199999999997]]]}},{"type":"Feature","properties":{"id":"lu-nt-yuen-long-07-17","class":"built_up","vegetationFraction":0.2,"pavedFraction":0.634,"waterFraction":0.045,"simulated":true},"geometry":{"type":"Polygon","coordinates":[[[114.04519999999994,22.443199999999997],[114.04679999999993,22.443199999999997],[114.04679999999993,22.444799999999997],[114.04519999999994,22.444799999999997],[114.04519999999994,22.443199999999997]]]}},{"type":"Feature","properties":{"id":"lu-nt-yuen-long-07-18","class":"urban_open_space","vegetationFraction":0.3,"pavedFraction":0.612,"waterFraction":0.048,"simulated":true},"geometry":{"type":"Polygon","coordinates":[[[114.04679999999993,22.443199999999997],[114.04839999999993,22.443199999999997],[114.04839999999993,22.444799999999997],[114.04679999999993,22.444799999999997],[114.04679999999993,22.443199999999997]]]}},{"type":"Feature","properties":{"id":"lu-nt-yuen-long-08-00","class":"urban_open_space","vegetationFraction":0.254,"pavedFraction":0.55,"waterFraction":0.032,"simulated":true},"geometry":{"type":"Polygon","coordinates":[[[114.018,22.444799999999997],[114.0196,22.444799999999997],[114.0196,22.446399999999997],[114.018,22.446399999999997],[114.018,22.444799999999997]]]}},{"type":"Feature","properties":{"id":"lu-nt-yuen-long-08-01","class":"urban_open_space","vegetationFraction":0.298,"pavedFraction":0.392,"waterFraction":0.023,"simulated":true},"geometry":{"type":"Polygon","coordinates":[[[114.0196,22.444799999999997],[114.0212,22.444799999999997],[114.0212,22.446399999999997],[114.0196,22.446399999999997],[114.0196,22.444799999999997]]]}},{"type":"Feature","properties":{"id":"lu-nt-yuen-long-08-02","class":"green_space","vegetationFraction":0.438,"pavedFraction":0.369,"waterFraction":0.033,"simulated":true},"geometry":{"type":"Polygon","coordinates":[[[114.0212,22.444799999999997],[114.02279999999999,22.444799999999997],[114.02279999999999,22.446399999999997],[114.0212,22.446399999999997],[114.0212,22.444799999999997]]]}},{"type":"Feature","properties":{"id":"lu-nt-yuen-long-08-03","class":"urban_open_space","vegetationFraction":0.301,"pavedFraction":0.644,"waterFraction":0.033,"simulated":true},"geometry":{"type":"Polygon","coordinates":[[[114.02279999999999,22.444799999999997],[114.02439999999999,22.444799999999997],[114.02439999999999,22.446399999999997],[114.02279999999999,22.446399999999997],[114.02279999999999,22.444799999999997]]]}},{"type":"Feature","properties":{"id":"lu-nt-yuen-long-08-04","class":"green_space","vegetationFraction":0.422,"pavedFraction":0.486,"waterFraction":0.052,"simulated":true},"geometry":{"type":"Polygon","coordinates":[[[114.02439999999999,22.444799999999997],[114.02599999999998,22.444799999999997],[114.02599999999998,22.446399999999997],[114.02439999999999,22.446399999999997],[114.02439999999999,22.444799999999997]]]}},{"type":"Feature","properties":{"id":"lu-nt-yuen-long-08-05","class":"green_space","vegetationFraction":0.422,"pavedFraction":0.472,"waterFraction":0.029,"simulated":true},"geometry":{"type":"Polygon","coordinates":[[[114.02599999999998,22.444799999999997],[114.02759999999998,22.444799999999997],[114.02759999999998,22.446399999999997],[114.02599999999998,22.446399999999997],[114.02599999999998,22.444799999999997]]]}},{"type":"Feature","properties":{"id":"lu-nt-yuen-long-08-06","class":"urban_open_space","vegetationFraction":0.359,"pavedFraction":0.39,"waterFraction":0.004,"simulated":true},"geometry":{"type":"Polygon","coordinates":[[[114.02759999999998,22.444799999999997],[114.02919999999997,22.444799999999997],[114.02919999999997,22.446399999999997],[114.02759999999998,22.446399999999997],[114.02759999999998,22.444799999999997]]]}},{"type":"Feature","properties":{"id":"lu-nt-yuen-long-08-07","class":"urban_open_space","vegetationFraction":0.332,"pavedFraction":0.355,"waterFraction":0.029,"simulated":true},"geometry":{"type":"Polygon","coordinates":[[[114.02919999999997,22.444799999999997],[114.03079999999997,22.444799999999997],[114.03079999999997,22.446399999999997],[114.02919999999997,22.446399999999997],[114.02919999999997,22.444799999999997]]]}},{"type":"Feature","properties":{"id":"lu-nt-yuen-long-08-08","class":"built_up","vegetationFraction":0.248,"pavedFraction":0.396,"waterFraction":0.028,"simulated":true},"geometry":{"type":"Polygon","coordinates":[[[114.03079999999997,22.444799999999997],[114.03239999999997,22.444799999999997],[114.03239999999997,22.446399999999997],[114.03079999999997,22.446399999999997],[114.03079999999997,22.444799999999997]]]}},{"type":"Feature","properties":{"id":"lu-nt-yuen-long-08-09","class":"urban_open_space","vegetationFraction":0.352,"pavedFraction":0.446,"waterFraction":0.001,"simulated":true},"geometry":{"type":"Polygon","coordinates":[[[114.03239999999997,22.444799999999997],[114.03399999999996,22.444799999999997],[114.03399999999996,22.446399999999997],[114.03239999999997,22.446399999999997],[114.03239999999997,22.444799999999997]]]}},{"type":"Feature","properties":{"id":"lu-nt-yuen-long-08-10","class":"built_up","vegetationFraction":0.218,"pavedFraction":0.526,"waterFraction":0.007,"simulated":true},"geometry":{"type":"Polygon","coordinates":[[[114.03399999999996,22.444799999999997],[114.03559999999996,22.444799999999997],[114.03559999999996,22.446399999999997],[114.03399999999996,22.446399999999997],[114.03399999999996,22.444799999999997]]]}},{"type":"Feature","properties":{"id":"lu-nt-yuen-long-08-11","class":"built_up","vegetationFraction":0.25,"pavedFraction":0.444,"waterFraction":0.031,"simulated":true},"geometry":{"type":"Polygon","coordinates":[[[114.03559999999996,22.444799999999997],[114.03719999999996,22.444799999999997],[114.03719999999996,22.446399999999997],[114.03559999999996,22.446399999999997],[114.03559999999996,22.444799999999997]]]}},{"type":"Feature","properties":{"id":"lu-nt-yuen-long-08-12","class":"built_up","vegetationFraction":0.223,"pavedFraction":0.642,"waterFraction":0.009,"simulated":true},"geometry":{"type":"Polygon","coordinates":[[[114.03719999999996,22.444799999999997],[114.03879999999995,22.444799999999997],[114.03879999999995,22.446399999999997],[114.03719999999996,22.446399999999997],[114.03719999999996,22.444799999999997]]]}},{"type":"Feature","properties":{"id":"lu-nt-yuen-long-08-13","class":"urban_open_space","vegetationFraction":0.263,"pavedFraction":0.461,"waterFraction":0.05,"simulated":true},"geometry":{"type":"Polygon","coordinates":[[[114.03879999999995,22.444799999999997],[114.04039999999995,22.444799999999997],[114.04039999999995,22.446399999999997],[114.03879999999995,22.446399999999997],[114.03879999999995,22.444799999999997]]]}},{"type":"Feature","properties":{"id":"lu-nt-yuen-long-08-14","class":"built_up","vegetationFraction":0.231,"pavedFraction":0.554,"waterFraction":0.012,"simulated":true},"geometry":{"type":"Polygon","coordinates":[[[114.04039999999995,22.444799999999997],[114.04199999999994,22.444799999999997],[114.04199999999994,22.446399999999997],[114.04039999999995,22.446399999999997],[114.04039999999995,22.444799999999997]]]}},{"type":"Feature","properties":{"id":"lu-nt-yuen-long-08-15","class":"green_space","vegetationFraction":0.437,"pavedFraction":0.546,"waterFraction":0.023,"simulated":true},"geometry":{"type":"Polygon","coordinates":[[[114.04199999999994,22.444799999999997],[114.04359999999994,22.444799999999997],[114.04359999999994,22.446399999999997],[114.04199999999994,22.446399999999997],[114.04199999999994,22.444799999999997]]]}},{"type":"Feature","properties":{"id":"lu-nt-yuen-long-08-16","class":"built_up","vegetationFraction":0.227,"pavedFraction":0.491,"waterFraction":0.056,"simulated":true},"geometry":{"type":"Polygon","coordinates":[[[114.04359999999994,22.444799999999997],[114.04519999999994,22.444799999999997],[114.04519999999994,22.446399999999997],[114.04359999999994,22.446399999999997],[114.04359999999994,22.444799999999997]]]}},{"type":"Feature","properties":{"id":"lu-nt-yuen-long-08-17","class":"built_up","vegetationFraction":0.245,"pavedFraction":0.641,"waterFraction":0.024,"simulated":true},"geometry":{"type":"Polygon","coordinates":[[[114.04519999999994,22.444799999999997],[114.04679999999993,22.444799999999997],[114.04679999999993,22.446399999999997],[114.04519999999994,22.446399999999997],[114.04519999999994,22.444799999999997]]]}},{"type":"Feature","properties":{"id":"lu-nt-yuen-long-08-18","class":"urban_open_space","vegetationFraction":0.325,"pavedFraction":0.531,"waterFraction":0.049,"simulated":true},"geometry":{"type":"Polygon","coordinates":[[[114.04679999999993,22.444799999999997],[114.04839999999993,22.444799999999997],[114.04839999999993,22.446399999999997],[114.04679999999993,22.446399999999997],[114.04679999999993,22.444799999999997]]]}},{"type":"Feature","properties":{"id":"lu-nt-yuen-long-09-00","class":"urban_open_space","vegetationFraction":0.367,"pavedFraction":0.619,"waterFraction":0.001,"simulated":true},"geometry":{"type":"Polygon","coordinates":[[[114.018,22.446399999999997],[114.0196,22.446399999999997],[114.0196,22.447999999999997],[114.018,22.447999999999997],[114.018,22.446399999999997]]]}},{"type":"Feature","properties":{"id":"lu-nt-yuen-long-09-01","class":"urban_open_space","vegetationFraction":0.391,"pavedFraction":0.468,"waterFraction":0.055,"simulated":true},"geometry":{"type":"Polygon","coordinates":[[[114.0196,22.446399999999997],[114.0212,22.446399999999997],[114.0212,22.447999999999997],[114.0196,22.447999999999997],[114.0196,22.446399999999997]]]}},{"type":"Feature","properties":{"id":"lu-nt-yuen-long-09-02","class":"urban_open_space","vegetationFraction":0.377,"pavedFraction":0.426,"waterFraction":0.047,"simulated":true},"geometry":{"type":"Polygon","coordinates":[[[114.0212,22.446399999999997],[114.02279999999999,22.446399999999997],[114.02279999999999,22.447999999999997],[114.0212,22.447999999999997],[114.0212,22.446399999999997]]]}},{"type":"Feature","properties":{"id":"lu-nt-yuen-long-09-03","class":"urban_open_space","vegetationFraction":0.283,"pavedFraction":0.49,"waterFraction":0.056,"simulated":true},"geometry":{"type":"Polygon","coordinates":[[[114.02279999999999,22.446399999999997],[114.02439999999999,22.446399999999997],[114.02439999999999,22.447999999999997],[114.02279999999999,22.447999999999997],[114.02279999999999,22.446399999999997]]]}},{"type":"Feature","properties":{"id":"lu-nt-yuen-long-09-04","class":"urban_open_space","vegetationFraction":0.334,"pavedFraction":0.628,"waterFraction":0.051,"simulated":true},"geometry":{"type":"Polygon","coordinates":[[[114.02439999999999,22.446399999999997],[114.02599999999998,22.446399999999997],[114.02599999999998,22.447999999999997],[114.02439999999999,22.447999999999997],[114.02439999999999,22.446399999999997]]]}},{"type":"Feature","properties":{"id":"lu-nt-yuen-long-09-05","class":"urban_open_space","vegetationFraction":0.379,"pavedFraction":0.625,"waterFraction":0.022,"simulated":true},"geometry":{"type":"Polygon","coordinates":[[[114.02599999999998,22.446399999999997],[114.02759999999998,22.446399999999997],[114.02759999999998,22.447999999999997],[114.02599999999998,22.447999999999997],[114.02599999999998,22.446399999999997]]]}},{"type":"Feature","properties":{"id":"lu-nt-yuen-long-09-06","class":"urban_open_space","vegetationFraction":0.378,"pavedFraction":0.431,"waterFraction":0.018,"simulated":true},"geometry":{"type":"Polygon","coordinates":[[[114.02759999999998,22.446399999999997],[114.02919999999997,22.446399999999997],[114.02919999999997,22.447999999999997],[114.02759999999998,22.447999999999997],[114.02759999999998,22.446399999999997]]]}},{"type":"Feature","properties":{"id":"lu-nt-yuen-long-09-07","class":"urban_open_space","vegetationFraction":0.345,"pavedFraction":0.445,"waterFraction":0.01,"simulated":true},"geometry":{"type":"Polygon","coordinates":[[[114.02919999999997,22.446399999999997],[114.03079999999997,22.446399999999997],[114.03079999999997,22.447999999999997],[114.02919999999997,22.447999999999997],[114.02919999999997,22.446399999999997]]]}},{"type":"Feature","properties":{"id":"lu-nt-yuen-long-09-08","class":"green_space","vegetationFraction":0.41,"pavedFraction":0.642,"waterFraction":0.027,"simulated":true},"geometry":{"type":"Polygon","coordinates":[[[114.03079999999997,22.446399999999997],[114.03239999999997,22.446399999999997],[114.03239999999997,22.447999999999997],[114.03079999999997,22.447999999999997],[114.03079999999997,22.446399999999997]]]}},{"type":"Feature","properties":{"id":"lu-nt-yuen-long-09-09","class":"urban_open_space","vegetationFraction":0.257,"pavedFraction":0.618,"waterFraction":0.014,"simulated":true},"geometry":{"type":"Polygon","coordinates":[[[114.03239999999997,22.446399999999997],[114.03399999999996,22.446399999999997],[114.03399999999996,22.447999999999997],[114.03239999999997,22.447999999999997],[114.03239999999997,22.446399999999997]]]}},{"type":"Feature","properties":{"id":"lu-nt-yuen-long-09-10","class":"urban_open_space","vegetationFraction":0.389,"pavedFraction":0.428,"waterFraction":0.035,"simulated":true},"geometry":{"type":"Polygon","coordinates":[[[114.03399999999996,22.446399999999997],[114.03559999999996,22.446399999999997],[114.03559999999996,22.447999999999997],[114.03399999999996,22.447999999999997],[114.03399999999996,22.446399999999997]]]}},{"type":"Feature","properties":{"id":"lu-nt-yuen-long-09-11","class":"urban_open_space","vegetationFraction":0.344,"pavedFraction":0.398,"waterFraction":0.035,"simulated":true},"geometry":{"type":"Polygon","coordinates":[[[114.03559999999996,22.446399999999997],[114.03719999999996,22.446399999999997],[114.03719999999996,22.447999999999997],[114.03559999999996,22.447999999999997],[114.03559999999996,22.446399999999997]]]}},{"type":"Feature","properties":{"id":"lu-nt-yuen-long-09-12","class":"green_space","vegetationFraction":0.438,"pavedFraction":0.563,"waterFraction":0.042,"simulated":true},"geometry":{"type":"Polygon","coordinates":[[[114.03719999999996,22.446399999999997],[114.03879999999995,22.446399999999997],[114.03879999999995,22.447999999999997],[114.03719999999996,22.447999999999997],[114.03719999999996,22.446399999999997]]]}},{"type":"Feature","properties":{"id":"lu-nt-yuen-long-09-13","class":"urban_open_space","vegetationFraction":0.36,"pavedFraction":0.475,"waterFraction":0.035,"simulated":true},"geometry":{"type":"Polygon","coordinates":[[[114.03879999999995,22.446399999999997],[114.04039999999995,22.446399999999997],[114.04039999999995,22.447999999999997],[114.03879999999995,22.447999999999997],[114.03879999999995,22.446399999999997]]]}},{"type":"Feature","properties":{"id":"lu-nt-yuen-long-09-14","class":"urban_open_space","vegetationFraction":0.304,"pavedFraction":0.551,"waterFraction":0.012,"simulated":true},"geometry":{"type":"Polygon","coordinates":[[[114.04039999999995,22.446399999999997],[114.04199999999994,22.446399999999997],[114.04199999999994,22.447999999999997],[114.04039999999995,22.447999999999997],[114.04039999999995,22.446399999999997]]]}},{"type":"Feature","properties":{"id":"lu-nt-yuen-long-09-15","class":"built_up","vegetationFraction":0.242,"pavedFraction":0.615,"waterFraction":0.041,"simulated":true},"geometry":{"type":"Polygon","coordinates":[[[114.04199999999994,22.446399999999997],[114.04359999999994,22.446399999999997],[114.04359999999994,22.447999999999997],[114.04199999999994,22.447999999999997],[114.04199999999994,22.446399999999997]]]}},{"type":"Feature","properties":{"id":"lu-nt-yuen-long-09-16","class":"urban_open_space","vegetationFraction":0.322,"pavedFraction":0.385,"waterFraction":0.025,"simulated":true},"geometry":{"type":"Polygon","coordinates":[[[114.04359999999994,22.446399999999997],[114.04519999999994,22.446399999999997],[114.04519999999994,22.447999999999997],[114.04359999999994,22.447999999999997],[114.04359999999994,22.446399999999997]]]}},{"type":"Feature","properties":{"id":"lu-nt-yuen-long-09-17","class":"urban_open_space","vegetationFraction":0.371,"pavedFraction":0.554,"waterFraction":0.001,"simulated":true},"geometry":{"type":"Polygon","coordinates":[[[114.04519999999994,22.446399999999997],[114.04679999999993,22.446399999999997],[114.04679999999993,22.447999999999997],[114.04519999999994,22.447999999999997],[114.04519999999994,22.446399999999997]]]}},{"type":"Feature","properties":{"id":"lu-nt-yuen-long-09-18","class":"urban_open_space","vegetationFraction":0.275,"pavedFraction":0.569,"waterFraction":0.031,"simulated":true},"geometry":{"type":"Polygon","coordinates":[[[114.04679999999993,22.446399999999997],[114.04839999999993,22.446399999999997],[114.04839999999993,22.447999999999997],[114.04679999999993,22.447999999999997],[114.04679999999993,22.446399999999997]]]}},{"type":"Feature","properties":{"id":"lu-nt-yuen-long-10-00","class":"built_up","vegetationFraction":0.126,"pavedFraction":0.899,"waterFraction":0.044,"simulated":true},"geometry":{"type":"Polygon","coordinates":[[[114.018,22.447999999999997],[114.0196,22.447999999999997],[114.0196,22.449599999999997],[114.018,22.449599999999997],[114.018,22.447999999999997]]]}},{"type":"Feature","properties":{"id":"lu-nt-yuen-long-10-01","class":"built_up","vegetationFraction":0.097,"pavedFraction":0.828,"waterFraction":0.029,"simulated":true},"geometry":{"type":"Polygon","coordinates":[[[114.0196,22.447999999999997],[114.0212,22.447999999999997],[114.0212,22.449599999999997],[114.0196,22.449599999999997],[114.0196,22.447999999999997]]]}},{"type":"Feature","properties":{"id":"lu-nt-yuen-long-10-02","class":"built_up","vegetationFraction":0.117,"pavedFraction":0.649,"waterFraction":0.014,"simulated":true},"geometry":{"type":"Polygon","coordinates":[[[114.0212,22.447999999999997],[114.02279999999999,22.447999999999997],[114.02279999999999,22.449599999999997],[114.0212,22.449599999999997],[114.0212,22.447999999999997]]]}},{"type":"Feature","properties":{"id":"lu-nt-yuen-long-10-03","class":"built_up","vegetationFraction":0.114,"pavedFraction":0.8,"waterFraction":0.002,"simulated":true},"geometry":{"type":"Polygon","coordinates":[[[114.02279999999999,22.447999999999997],[114.02439999999999,22.447999999999997],[114.02439999999999,22.449599999999997],[114.02279999999999,22.449599999999997],[114.02279999999999,22.447999999999997]]]}},{"type":"Feature","properties":{"id":"lu-nt-yuen-long-10-04","class":"built_up","vegetationFraction":0.134,"pavedFraction":0.658,"waterFraction":0.043,"simulated":true},"geometry":{"type":"Polygon","coordinates":[[[114.02439999999999,22.447999999999997],[114.02599999999998,22.447999999999997],[114.02599999999998,22.449599999999997],[114.02439999999999,22.449599999999997],[114.02439999999999,22.447999999999997]]]}},{"type":"Feature","properties":{"id":"lu-nt-yuen-long-10-05","class":"built_up","vegetationFraction":0.106,"pavedFraction":0.864,"waterFraction":0.013,"simulated":true},"geometry":{"type":"Polygon","coordinates":[[[114.02599999999998,22.447999999999997],[114.02759999999998,22.447999999999997],[114.02759999999998,22.449599999999997],[114.02599999999998,22.449599999999997],[114.02599999999998,22.447999999999997]]]}},{"type":"Feature","properties":{"id":"lu-nt-yuen-long-10-06","class":"built_up","vegetationFraction":0.109,"pavedFraction":0.666,"waterFraction":0.054,"simulated":true},"geometry":{"type":"Polygon","coordinates":[[[114.02759999999998,22.447999999999997],[114.02919999999997,22.447999999999997],[114.02919999999997,22.449599999999997],[114.02759999999998,22.449599999999997],[114.02759999999998,22.447999999999997]]]}},{"type":"Feature","properties":{"id":"lu-nt-yuen-long-10-07","class":"built_up","vegetationFraction":0.11,"pavedFraction":0.648,"waterFraction":0.035,"simulated":true},"geometry":{"type":"Polygon","coordinates":[[[114.02919999999997,22.447999999999997],[114.03079999999997,22.447999999999997],[114.03079999999997,22.449599999999997],[114.02919999999997,22.449599999999997],[114.02919999999997,22.447999999999997]]]}},{"type":"Feature","properties":{"id":"lu-nt-yuen-long-10-08","class":"built_up","vegetationFraction":0.068,"pavedFraction":0.782,"waterFraction":0.014,"simulated":true},"geometry":{"type":"Polygon","coordinates":[[[114.03079999999997,22.447999999999997],[114.03239999999997,22.447999999999997],[114.03239999999997,22.449599999999997],[114.03079999999997,22.449599999999997],[114.03079999999997,22.447999999999997]]]}},{"type":"Feature","properties":{"id":"lu-nt-yuen-long-10-09","class":"built_up","vegetationFraction":0.094,"pavedFraction":0.866,"waterFraction":0.045,"simulated":true},"geometry":{"type":"Polygon","coordinates":[[[114.03239999999997,22.447999999999997],[114.03399999999996,22.447999999999997],[114.03399999999996,22.449599999999997],[114.03239999999997,22.449599999999997],[114.03239999999997,22.447999999999997]]]}},{"type":"Feature","properties":{"id":"lu-nt-yuen-long-10-10","class":"built_up","vegetationFraction":0.106,"pavedFraction":0.851,"waterFraction":0.05,"simulated":true},"geometry":{"type":"Polygon","coordinates":[[[114.03399999999996,22.447999999999997],[114.03559999999996,22.447999999999997],[114.03559999999996,22.449599999999997],[114.03399999999996,22.449599999999997],[114.03399999999996,22.447999999999997]]]}},{"type":"Feature","properties":{"id":"lu-nt-yuen-long-10-11","class":"built_up","vegetationFraction":0.101,"pavedFraction":0.715,"waterFraction":0.027,"simulated":true},"geometry":{"type":"Polygon","coordinates":[[[114.03559999999996,22.447999999999997],[114.03719999999996,22.447999999999997],[114.03719999999996,22.449599999999997],[114.03559999999996,22.449599999999997],[114.03559999999996,22.447999999999997]]]}},{"type":"Feature","properties":{"id":"lu-nt-yuen-long-10-12","class":"built_up","vegetationFraction":0.078,"pavedFraction":0.706,"waterFraction":0.016,"simulated":true},"geometry":{"type":"Polygon","coordinates":[[[114.03719999999996,22.447999999999997],[114.03879999999995,22.447999999999997],[114.03879999999995,22.449599999999997],[114.03719999999996,22.449599999999997],[114.03719999999996,22.447999999999997]]]}},{"type":"Feature","properties":{"id":"lu-nt-yuen-long-10-13","class":"built_up","vegetationFraction":0.079,"pavedFraction":0.675,"waterFraction":0.014,"simulated":true},"geometry":{"type":"Polygon","coordinates":[[[114.03879999999995,22.447999999999997],[114.04039999999995,22.447999999999997],[114.04039999999995,22.449599999999997],[114.03879999999995,22.449599999999997],[114.03879999999995,22.447999999999997]]]}},{"type":"Feature","properties":{"id":"lu-nt-yuen-long-10-14","class":"built_up","vegetationFraction":0.114,"pavedFraction":0.878,"waterFraction":0.009,"simulated":true},"geometry":{"type":"Polygon","coordinates":[[[114.04039999999995,22.447999999999997],[114.04199999999994,22.447999999999997],[114.04199999999994,22.449599999999997],[114.04039999999995,22.449599999999997],[114.04039999999995,22.447999999999997]]]}},{"type":"Feature","properties":{"id":"lu-nt-yuen-long-10-15","class":"built_up","vegetationFraction":0.07,"pavedFraction":0.727,"waterFraction":0.057,"simulated":true},"geometry":{"type":"Polygon","coordinates":[[[114.04199999999994,22.447999999999997],[114.04359999999994,22.447999999999997],[114.04359999999994,22.449599999999997],[114.04199999999994,22.449599999999997],[114.04199999999994,22.447999999999997]]]}},{"type":"Feature","properties":{"id":"lu-nt-yuen-long-10-16","class":"built_up","vegetationFraction":0.12,"pavedFraction":0.605,"waterFraction":0.013,"simulated":true},"geometry":{"type":"Polygon","coordinates":[[[114.04359999999994,22.447999999999997],[114.04519999999994,22.447999999999997],[114.04519999999994,22.449599999999997],[114.04359999999994,22.449599999999997],[114.04359999999994,22.447999999999997]]]}},{"type":"Feature","properties":{"id":"lu-nt-yuen-long-10-17","class":"built_up","vegetationFraction":0.065,"pavedFraction":0.872,"waterFraction":0.03,"simulated":true},"geometry":{"type":"Polygon","coordinates":[[[114.04519999999994,22.447999999999997],[114.04679999999993,22.447999999999997],[114.04679999999993,22.449599999999997],[114.04519999999994,22.449599999999997],[114.04519999999994,22.447999999999997]]]}},{"type":"Feature","properties":{"id":"lu-nt-yuen-long-10-18","class":"built_up","vegetationFraction":0.09,"pavedFraction":0.699,"waterFraction":0.043,"simulated":true},"geometry":{"type":"Polygon","coordinates":[[[114.04679999999993,22.447999999999997],[114.04839999999993,22.447999999999997],[114.04839999999993,22.449599999999997],[114.04679999999993,22.449599999999997],[114.04679999999993,22.447999999999997]]]}},{"type":"Feature","properties":{"id":"lu-nt-yuen-long-11-00","class":"built_up","vegetationFraction":0.107,"pavedFraction":0.754,"waterFraction":0.006,"simulated":true},"geometry":{"type":"Polygon","coordinates":[[[114.018,22.449599999999997],[114.0196,22.449599999999997],[114.0196,22.451199999999996],[114.018,22.451199999999996],[114.018,22.449599999999997]]]}},{"type":"Feature","properties":{"id":"lu-nt-yuen-long-11-01","class":"built_up","vegetationFraction":0.096,"pavedFraction":0.638,"waterFraction":0.056,"simulated":true},"geometry":{"type":"Polygon","coordinates":[[[114.0196,22.449599999999997],[114.0212,22.449599999999997],[114.0212,22.451199999999996],[114.0196,22.451199999999996],[114.0196,22.449599999999997]]]}},{"type":"Feature","properties":{"id":"lu-nt-yuen-long-11-02","class":"built_up","vegetationFraction":0.124,"pavedFraction":0.779,"waterFraction":0.036,"simulated":true},"geometry":{"type":"Polygon","coordinates":[[[114.0212,22.449599999999997],[114.02279999999999,22.449599999999997],[114.02279999999999,22.451199999999996],[114.0212,22.451199999999996],[114.0212,22.449599999999997]]]}},{"type":"Feature","properties":{"id":"lu-nt-yuen-long-11-03","class":"built_up","vegetationFraction":0.064,"pavedFraction":0.889,"waterFraction":0.023,"simulated":true},"geometry":{"type":"Polygon","coordinates":[[[114.02279999999999,22.449599999999997],[114.02439999999999,22.449599999999997],[114.02439999999999,22.451199999999996],[114.02279999999999,22.451199999999996],[114.02279999999999,22.449599999999997]]]}},{"type":"Feature","properties":{"id":"lu-nt-yuen-long-11-04","class":"built_up","vegetationFraction":0.106,"pavedFraction":0.608,"waterFraction":0.045,"simulated":true},"geometry":{"type":"Polygon","coordinates":[[[114.02439999999999,22.449599999999997],[114.02599999999998,22.449599999999997],[114.02599999999998,22.451199999999996],[114.02439999999999,22.451199999999996],[114.02439999999999,22.449599999999997]]]}},{"type":"Feature","properties":{"id":"lu-nt-yuen-long-11-05","class":"built_up","vegetationFraction":0.07,"pavedFraction":0.618,"waterFraction":0.032,"simulated":true},"geometry":{"type":"Polygon","coordinates":[[[114.02599999999998,22.449599999999997],[114.02759999999998,22.449599999999997],[114.02759999999998,22.451199999999996],[114.02599999999998,22.451199999999996],[114.02599999999998,22.449599999999997]]]}},{"type":"Feature","properties":{"id":"lu-nt-yuen-long-11-06","class":"built_up","vegetationFraction":0.086,"pavedFraction":0.768,"waterFraction":0.019,"simulated":true},"geometry":{"type":"Polygon","coordinates":[[[114.02759999999998,22.449599999999997],[114.02919999999997,22.449599999999997],[114.02919999999997,22.451199999999996],[114.02759999999998,22.451199999999996],[114.02759999999998,22.449599999999997]]]}},{"type":"Feature","properties":{"id":"lu-nt-yuen-long-11-07","class":"built_up","vegetationFraction":0.104,"pavedFraction":0.621,"waterFraction":0.039,"simulated":true},"geometry":{"type":"Polygon","coordinates":[[[114.02919999999997,22.449599999999997],[114.03079999999997,22.449599999999997],[114.03079999999997,22.451199999999996],[114.02919999999997,22.451199999999996],[114.02919999999997,22.449599999999997]]]}},{"type":"Feature","properties":{"id":"lu-nt-yuen-long-11-08","class":"built_up","vegetationFraction":0.082,"pavedFraction":0.614,"waterFraction":0.046,"simulated":true},"geometry":{"type":"Polygon","coordinates":[[[114.03079999999997,22.449599999999997],[114.03239999999997,22.449599999999997],[114.03239999999997,22.451199999999996],[114.03079999999997,22.451199999999996],[114.03079999999997,22.449599999999997]]]}},{"type":"Feature","properties":{"id":"lu-nt-yuen-long-11-09","class":"built_up","vegetationFraction":0.084,"pavedFraction":0.734,"waterFraction":0.044,"simulated":true},"geometry":{"type":"Polygon","coordinates":[[[114.03239999999997,22.449599999999997],[114.03399999999996,22.449599999999997],[114.03399999999996,22.451199999999996],[114.03239999999997,22.451199999999996],[114.03239999999997,22.449599999999997]]]}},{"type":"Feature","properties":{"id":"lu-nt-yuen-long-11-10","class":"built_up","vegetationFraction":0.106,"pavedFraction":0.719,"waterFraction":0.005,"simulated":true},"geometry":{"type":"Polygon","coordinates":[[[114.03399999999996,22.449599999999997],[114.03559999999996,22.449599999999997],[114.03559999999996,22.451199999999996],[114.03399999999996,22.451199999999996],[114.03399999999996,22.449599999999997]]]}},{"type":"Feature","properties":{"id":"lu-nt-yuen-long-11-11","class":"built_up","vegetationFraction":0.099,"pavedFraction":0.811,"waterFraction":0.021,"simulated":true},"geometry":{"type":"Polygon","coordinates":[[[114.03559999999996,22.449599999999997],[114.03719999999996,22.449599999999997],[114.03719999999996,22.451199999999996],[114.03559999999996,22.451199999999996],[114.03559999999996,22.449599999999997]]]}},{"type":"Feature","properties":{"id":"lu-nt-yuen-long-11-12","class":"built_up","vegetationFraction":0.114,"pavedFraction":0.865,"waterFraction":0.013,"simulated":true},"geometry":{"type":"Polygon","coordinates":[[[114.03719999999996,22.449599999999997],[114.03879999999995,22.449599999999997],[114.03879999999995,22.451199999999996],[114.03719999999996,22.451199999999996],[114.03719999999996,22.449599999999997]]]}},{"type":"Feature","properties":{"id":"lu-nt-yuen-long-11-13","class":"built_up","vegetationFraction":0.116,"pavedFraction":0.705,"waterFraction":0.002,"simulated":true},"geometry":{"type":"Polygon","coordinates":[[[114.03879999999995,22.449599999999997],[114.04039999999995,22.449599999999997],[114.04039999999995,22.451199999999996],[114.03879999999995,22.451199999999996],[114.03879999999995,22.449599999999997]]]}},{"type":"Feature","properties":{"id":"lu-nt-yuen-long-11-14","class":"built_up","vegetationFraction":0.11,"pavedFraction":0.768,"waterFraction":0.02,"simulated":true},"geometry":{"type":"Polygon","coordinates":[[[114.04039999999995,22.449599999999997],[114.04199999999994,22.449599999999997],[114.04199999999994,22.451199999999996],[114.04039999999995,22.451199999999996],[114.04039999999995,22.449599999999997]]]}},{"type":"Feature","properties":{"id":"lu-nt-yuen-long-11-15","class":"built_up","vegetationFraction":0.101,"pavedFraction":0.734,"waterFraction":0.027,"simulated":true},"geometry":{"type":"Polygon","coordinates":[[[114.04199999999994,22.449599999999997],[114.04359999999994,22.449599999999997],[114.04359999999994,22.451199999999996],[114.04199999999994,22.451199999999996],[114.04199999999994,22.449599999999997]]]}},{"type":"Feature","properties":{"id":"lu-nt-yuen-long-11-16","class":"built_up","vegetationFraction":0.13,"pavedFraction":0.746,"waterFraction":0.026,"simulated":true},"geometry":{"type":"Polygon","coordinates":[[[114.04359999999994,22.449599999999997],[114.04519999999994,22.449599999999997],[114.04519999999994,22.451199999999996],[114.04359999999994,22.451199999999996],[114.04359999999994,22.449599999999997]]]}},{"type":"Feature","properties":{"id":"lu-nt-yuen-long-11-17","class":"built_up","vegetationFraction":0.109,"pavedFraction":0.741,"waterFraction":0.029,"simulated":true},"geometry":{"type":"Polygon","coordinates":[[[114.04519999999994,22.449599999999997],[114.04679999999993,22.449599999999997],[114.04679999999993,22.451199999999996],[114.04519999999994,22.451199999999996],[114.04519999999994,22.449599999999997]]]}},{"type":"Feature","properties":{"id":"lu-nt-yuen-long-11-18","class":"built_up","vegetationFraction":0.088,"pavedFraction":0.656,"waterFraction":0.034,"simulated":true},"geometry":{"type":"Polygon","coordinates":[[[114.04679999999993,22.449599999999997],[114.04839999999993,22.449599999999997],[114.04839999999993,22.451199999999996],[114.04679999999993,22.451199999999996],[114.04679999999993,22.449599999999997]]]}},{"type":"Feature","properties":{"id":"lu-nt-yuen-long-12-00","class":"built_up","vegetationFraction":0.086,"pavedFraction":0.791,"waterFraction":0.036,"simulated":true},"geometry":{"type":"Polygon","coordinates":[[[114.018,22.451199999999996],[114.0196,22.451199999999996],[114.0196,22.452799999999996],[114.018,22.452799999999996],[114.018,22.451199999999996]]]}},{"type":"Feature","properties":{"id":"lu-nt-yuen-long-12-01","class":"built_up","vegetationFraction":0.114,"pavedFraction":0.816,"waterFraction":0.005,"simulated":true},"geometry":{"type":"Polygon","coordinates":[[[114.0196,22.451199999999996],[114.0212,22.451199999999996],[114.0212,22.452799999999996],[114.0196,22.452799999999996],[114.0196,22.451199999999996]]]}},{"type":"Feature","properties":{"id":"lu-nt-yuen-long-12-02","class":"built_up","vegetationFraction":0.115,"pavedFraction":0.778,"waterFraction":0.029,"simulated":true},"geometry":{"type":"Polygon","coordinates":[[[114.0212,22.451199999999996],[114.02279999999999,22.451199999999996],[114.02279999999999,22.452799999999996],[114.0212,22.452799999999996],[114.0212,22.451199999999996]]]}},{"type":"Feature","properties":{"id":"lu-nt-yuen-long-12-03","class":"built_up","vegetationFraction":0.069,"pavedFraction":0.721,"waterFraction":0.036,"simulated":true},"geometry":{"type":"Polygon","coordinates":[[[114.02279999999999,22.451199999999996],[114.02439999999999,22.451199999999996],[114.02439999999999,22.452799999999996],[114.02279999999999,22.452799999999996],[114.02279999999999,22.451199999999996]]]}},{"type":"Feature","properties":{"id":"lu-nt-yuen-long-12-04","class":"built_up","vegetationFraction":0.069,"pavedFraction":0.882,"waterFraction":0.02,"simulated":true},"geometry":{"type":"Polygon","coordinates":[[[114.02439999999999,22.451199999999996],[114.02599999999998,22.451199999999996],[114.02599999999998,22.452799999999996],[114.02439999999999,22.452799999999996],[114.02439999999999,22.451199999999996]]]}},{"type":"Feature","properties":{"id":"lu-nt-yuen-long-12-05","class":"built_up","vegetationFraction":0.066,"pavedFraction":0.626,"waterFraction":0.017,"simulated":true},"geometry":{"type":"Polygon","coordinates":[[[114.02599999999998,22.451199999999996],[114.02759999999998,22.451199999999996],[114.02759999999998,22.452799999999996],[114.02599999999998,22.452799999999996],[114.02599999999998,22.451199999999996]]]}},{"type":"Feature","properties":{"id":"lu-nt-yuen-long-12-06","class":"built_up","vegetationFraction":0.104,"pavedFraction":0.851,"waterFraction":0.047,"simulated":true},"geometry":{"type":"Polygon","coordinates":[[[114.02759999999998,22.451199999999996],[114.02919999999997,22.451199999999996],[114.02919999999997,22.452799999999996],[114.02759999999998,22.452799999999996],[114.02759999999998,22.451199999999996]]]}},{"type":"Feature","properties":{"id":"lu-nt-yuen-long-12-07","class":"built_up","vegetationFraction":0.123,"pavedFraction":0.849,"waterFraction":0.045,"simulated":true},"geometry":{"type":"Polygon","coordinates":[[[114.02919999999997,22.451199999999996],[114.03079999999997,22.451199999999996],[114.03079999999997,22.452799999999996],[114.02919999999997,22.452799999999996],[114.02919999999997,22.451199999999996]]]}},{"type":"Feature","properties":{"id":"lu-nt-yuen-long-12-08","class":"built_up","vegetationFraction":0.099,"pavedFraction":0.688,"waterFraction":0.047,"simulated":true},"geometry":{"type":"Polygon","coordinates":[[[114.03079999999997,22.451199999999996],[114.03239999999997,22.451199999999996],[114.03239999999997,22.452799999999996],[114.03079999999997,22.452799999999996],[114.03079999999997,22.451199999999996]]]}},{"type":"Feature","properties":{"id":"lu-nt-yuen-long-12-09","class":"built_up","vegetationFraction":0.116,"pavedFraction":0.824,"waterFraction":0.042,"simulated":true},"geometry":{"type":"Polygon","coordinates":[[[114.03239999999997,22.451199999999996],[114.03399999999996,22.451199999999996],[114.03399999999996,22.452799999999996],[114.03239999999997,22.452799999999996],[114.03239999999997,22.451199999999996]]]}},{"type":"Feature","properties":{"id":"lu-nt-yuen-long-12-10","class":"built_up","vegetationFraction":0.12,"pavedFraction":0.854,"waterFraction":0.007,"simulated":true},"geometry":{"type":"Polygon","coordinates":[[[114.03399999999996,22.451199999999996],[114.03559999999996,22.451199999999996],[114.03559999999996,22.452799999999996],[114.03399999999996,22.452799999999996],[114.03399999999996,22.451199999999996]]]}},{"type":"Feature","properties":{"id":"lu-nt-yuen-long-12-11","class":"built_up","vegetationFraction":0.067,"pavedFraction":0.631,"waterFraction":0.007,"simulated":true},"geometry":{"type":"Polygon","coordinates":[[[114.03559999999996,22.451199999999996],[114.03719999999996,22.451199999999996],[114.03719999999996,22.452799999999996],[114.03559999999996,22.452799999999996],[114.03559999999996,22.451199999999996]]]}},{"type":"Feature","properties":{"id":"lu-nt-yuen-long-12-12","class":"built_up","vegetationFraction":0.073,"pavedFraction":0.696,"waterFraction":0.013,"simulated":true},"geometry":{"type":"Polygon","coordinates":[[[114.03719999999996,22.451199999999996],[114.03879999999995,22.451199999999996],[114.03879999999995,22.452799999999996],[114.03719999999996,22.452799999999996],[114.03719999999996,22.451199999999996]]]}},{"type":"Feature","properties":{"id":"lu-nt-yuen-long-12-13","class":"built_up","vegetationFraction":0.123,"pavedFraction":0.886,"waterFraction":0.017,"simulated":true},"geometry":{"type":"Polygon","coordinates":[[[114.03879999999995,22.451199999999996],[114.04039999999995,22.451199999999996],[114.04039999999995,22.452799999999996],[114.03879999999995,22.452799999999996],[114.03879999999995,22.451199999999996]]]}},{"type":"Feature","properties":{"id":"lu-nt-yuen-long-12-14","class":"built_up","vegetationFraction":0.12,"pavedFraction":0.613,"waterFraction":0.03,"simulated":true},"geometry":{"type":"Polygon","coordinates":[[[114.04039999999995,22.451199999999996],[114.04199999999994,22.451199999999996],[114.04199999999994,22.452799999999996],[114.04039999999995,22.452799999999996],[114.04039999999995,22.451199999999996]]]}},{"type":"Feature","properties":{"id":"lu-nt-yuen-long-12-15","class":"built_up","vegetationFraction":0.098,"pavedFraction":0.693,"waterFraction":0.025,"simulated":true},"geometry":{"type":"Polygon","coordinates":[[[114.04199999999994,22.451199999999996],[114.04359999999994,22.451199999999996],[114.04359999999994,22.452799999999996],[114.04199999999994,22.452799999999996],[114.04199999999994,22.451199999999996]]]}},{"type":"Feature","properties":{"id":"lu-nt-yuen-long-12-16","class":"built_up","vegetationFraction":0.122,"pavedFraction":0.782,"waterFraction":0.06,"simulated":true},"geometry":{"type":"Polygon","coordinates":[[[114.04359999999994,22.451199999999996],[114.04519999999994,22.451199999999996],[114.04519999999994,22.452799999999996],[114.04359999999994,22.452799999999996],[114.04359999999994,22.451199999999996]]]}},{"type":"Feature","properties":{"id":"lu-nt-yuen-long-12-17","class":"built_up","vegetationFraction":0.13,"pavedFraction":0.715,"waterFraction":0.012,"simulated":true},"geometry":{"type":"Polygon","coordinates":[[[114.04519999999994,22.451199999999996],[114.04679999999993,22.451199999999996],[114.04679999999993,22.452799999999996],[114.04519999999994,22.452799999999996],[114.04519999999994,22.451199999999996]]]}},{"type":"Feature","properties":{"id":"lu-nt-yuen-long-12-18","class":"built_up","vegetationFraction":0.075,"pavedFraction":0.712,"waterFraction":0.037,"simulated":true},"geometry":{"type":"Polygon","coordinates":[[[114.04679999999993,22.451199999999996],[114.04839999999993,22.451199999999996],[114.04839999999993,22.452799999999996],[114.04679999999993,22.452799999999996],[114.04679999999993,22.451199999999996]]]}},{"type":"Feature","properties":{"id":"lu-nt-yuen-long-13-00","class":"built_up","vegetationFraction":0.107,"pavedFraction":0.686,"waterFraction":0.032,"simulated":true},"geometry":{"type":"Polygon","coordinates":[[[114.018,22.452799999999996],[114.0196,22.452799999999996],[114.0196,22.454399999999996],[114.018,22.454399999999996],[114.018,22.452799999999996]]]}},{"type":"Feature","properties":{"id":"lu-nt-yuen-long-13-01","class":"built_up","vegetationFraction":0.105,"pavedFraction":0.775,"waterFraction":0.052,"simulated":true},"geometry":{"type":"Polygon","coordinates":[[[114.0196,22.452799999999996],[114.0212,22.452799999999996],[114.0212,22.454399999999996],[114.0196,22.454399999999996],[114.0196,22.452799999999996]]]}},{"type":"Feature","properties":{"id":"lu-nt-yuen-long-13-02","class":"built_up","vegetationFraction":0.126,"pavedFraction":0.78,"waterFraction":0.035,"simulated":true},"geometry":{"type":"Polygon","coordinates":[[[114.0212,22.452799999999996],[114.02279999999999,22.452799999999996],[114.02279999999999,22.454399999999996],[114.0212,22.454399999999996],[114.0212,22.452799999999996]]]}},{"type":"Feature","properties":{"id":"lu-nt-yuen-long-13-03","class":"built_up","vegetationFraction":0.124,"pavedFraction":0.651,"waterFraction":0.04,"simulated":true},"geometry":{"type":"Polygon","coordinates":[[[114.02279999999999,22.452799999999996],[114.02439999999999,22.452799999999996],[114.02439999999999,22.454399999999996],[114.02279999999999,22.454399999999996],[114.02279999999999,22.452799999999996]]]}},{"type":"Feature","properties":{"id":"lu-nt-yuen-long-13-04","class":"built_up","vegetationFraction":0.095,"pavedFraction":0.729,"waterFraction":0.034,"simulated":true},"geometry":{"type":"Polygon","coordinates":[[[114.02439999999999,22.452799999999996],[114.02599999999998,22.452799999999996],[114.02599999999998,22.454399999999996],[114.02439999999999,22.454399999999996],[114.02439999999999,22.452799999999996]]]}},{"type":"Feature","properties":{"id":"lu-nt-yuen-long-13-05","class":"built_up","vegetationFraction":0.089,"pavedFraction":0.66,"waterFraction":0.005,"simulated":true},"geometry":{"type":"Polygon","coordinates":[[[114.02599999999998,22.452799999999996],[114.02759999999998,22.452799999999996],[114.02759999999998,22.454399999999996],[114.02599999999998,22.454399999999996],[114.02599999999998,22.452799999999996]]]}},{"type":"Feature","properties":{"id":"lu-nt-yuen-long-13-06","class":"built_up","vegetationFraction":0.09,"pavedFraction":0.747,"waterFraction":0.007,"simulated":true},"geometry":{"type":"Polygon","coordinates":[[[114.02759999999998,22.452799999999996],[114.02919999999997,22.452799999999996],[114.02919999999997,22.454399999999996],[114.02759999999998,22.454399999999996],[114.02759999999998,22.452799999999996]]]}},{"type":"Feature","properties":{"id":"lu-nt-yuen-long-13-07","class":"built_up","vegetationFraction":0.07,"pavedFraction":0.895,"waterFraction":0.06,"simulated":true},"geometry":{"type":"Polygon","coordinates":[[[114.02919999999997,22.452799999999996],[114.03079999999997,22.452799999999996],[114.03079999999997,22.454399999999996],[114.02919999999997,22.454399999999996],[114.02919999999997,22.452799999999996]]]}},{"type":"Feature","properties":{"id":"lu-nt-yuen-long-13-08","class":"built_up","vegetationFraction":0.104,"pavedFraction":0.674,"waterFraction":0.056,"simulated":true},"geometry":{"type":"Polygon","coordinates":[[[114.03079999999997,22.452799999999996],[114.03239999999997,22.452799999999996],[114.03239999999997,22.454399999999996],[114.03079999999997,22.454399999999996],[114.03079999999997,22.452799999999996]]]}},{"type":"Feature","properties":{"id":"lu-nt-yuen-long-13-09","class":"built_up","vegetationFraction":0.078,"pavedFraction":0.895,"waterFraction":0.038,"simulated":true},"geometry":{"type":"Polygon","coordinates":[[[114.03239999999997,22.452799999999996],[114.03399999999996,22.452799999999996],[114.03399999999996,22.454399999999996],[114.03239999999997,22.454399999999996],[114.03239999999997,22.452799999999996]]]}},{"type":"Feature","properties":{"id":"lu-nt-yuen-long-13-10","class":"built_up","vegetationFraction":0.086,"pavedFraction":0.849,"waterFraction":0.055,"simulated":true},"geometry":{"type":"Polygon","coordinates":[[[114.03399999999996,22.452799999999996],[114.03559999999996,22.452799999999996],[114.03559999999996,22.454399999999996],[114.03399999999996,22.454399999999996],[114.03399999999996,22.452799999999996]]]}},{"type":"Feature","properties":{"id":"lu-nt-yuen-long-13-11","class":"built_up","vegetationFraction":0.134,"pavedFraction":0.731,"waterFraction":0.024,"simulated":true},"geometry":{"type":"Polygon","coordinates":[[[114.03559999999996,22.452799999999996],[114.03719999999996,22.452799999999996],[114.03719999999996,22.454399999999996],[114.03559999999996,22.454399999999996],[114.03559999999996,22.452799999999996]]]}},{"type":"Feature","properties":{"id":"lu-nt-yuen-long-13-12","class":"built_up","vegetationFraction":0.086,"pavedFraction":0.721,"waterFraction":0.014,"simulated":true},"geometry":{"type":"Polygon","coordinates":[[[114.03719999999996,22.452799999999996],[114.03879999999995,22.452799999999996],[114.03879999999995,22.454399999999996],[114.03719999999996,22.454399999999996],[114.03719999999996,22.452799999999996]]]}},{"type":"Feature","properties":{"id":"lu-nt-yuen-long-13-13","class":"built_up","vegetationFraction":0.114,"pavedFraction":0.614,"waterFraction":0.055,"simulated":true},"geometry":{"type":"Polygon","coordinates":[[[114.03879999999995,22.452799999999996],[114.04039999999995,22.452799999999996],[114.04039999999995,22.454399999999996],[114.03879999999995,22.454399999999996],[114.03879999999995,22.452799999999996]]]}},{"type":"Feature","properties":{"id":"lu-nt-yuen-long-13-14","class":"built_up","vegetationFraction":0.091,"pavedFraction":0.66,"waterFraction":0.009,"simulated":true},"geometry":{"type":"Polygon","coordinates":[[[114.04039999999995,22.452799999999996],[114.04199999999994,22.452799999999996],[114.04199999999994,22.454399999999996],[114.04039999999995,22.454399999999996],[114.04039999999995,22.452799999999996]]]}},{"type":"Feature","properties":{"id":"lu-nt-yuen-long-13-15","class":"built_up","vegetationFraction":0.062,"pavedFraction":0.687,"waterFraction":0.018,"simulated":true},"geometry":{"type":"Polygon","coordinates":[[[114.04199999999994,22.452799999999996],[114.04359999999994,22.452799999999996],[114.04359999999994,22.454399999999996],[114.04199999999994,22.454399999999996],[114.04199999999994,22.452799999999996]]]}},{"type":"Feature","properties":{"id":"lu-nt-yuen-long-13-16","class":"built_up","vegetationFraction":0.086,"pavedFraction":0.864,"waterFraction":0.048,"simulated":true},"geometry":{"type":"Polygon","coordinates":[[[114.04359999999994,22.452799999999996],[114.04519999999994,22.452799999999996],[114.04519999999994,22.454399999999996],[114.04359999999994,22.454399999999996],[114.04359999999994,22.452799999999996]]]}},{"type":"Feature","properties":{"id":"lu-nt-yuen-long-13-17","class":"built_up","vegetationFraction":0.09,"pavedFraction":0.708,"waterFraction":0.003,"simulated":true},"geometry":{"type":"Polygon","coordinates":[[[114.04519999999994,22.452799999999996],[114.04679999999993,22.452799999999996],[114.04679999999993,22.454399999999996],[114.04519999999994,22.454399999999996],[114.04519999999994,22.452799999999996]]]}},{"type":"Feature","properties":{"id":"lu-nt-yuen-long-13-18","class":"built_up","vegetationFraction":0.071,"pavedFraction":0.785,"waterFraction":0.049,"simulated":true},"geometry":{"type":"Polygon","coordinates":[[[114.04679999999993,22.452799999999996],[114.04839999999993,22.452799999999996],[114.04839999999993,22.454399999999996],[114.04679999999993,22.454399999999996],[114.04679999999993,22.452799999999996]]]}},{"type":"Feature","properties":{"id":"lu-nt-yuen-long-14-00","class":"urban_open_space","vegetationFraction":0.311,"pavedFraction":0.531,"waterFraction":0.009,"simulated":true},"geometry":{"type":"Polygon","coordinates":[[[114.018,22.454399999999996],[114.0196,22.454399999999996],[114.0196,22.455999999999996],[114.018,22.455999999999996],[114.018,22.454399999999996]]]}},{"type":"Feature","properties":{"id":"lu-nt-yuen-long-14-01","class":"built_up","vegetationFraction":0.205,"pavedFraction":0.546,"waterFraction":0.004,"simulated":true},"geometry":{"type":"Polygon","coordinates":[[[114.0196,22.454399999999996],[114.0212,22.454399999999996],[114.0212,22.455999999999996],[114.0196,22.455999999999996],[114.0196,22.454399999999996]]]}},{"type":"Feature","properties":{"id":"lu-nt-yuen-long-14-02","class":"green_space","vegetationFraction":0.424,"pavedFraction":0.518,"waterFraction":0.051,"simulated":true},"geometry":{"type":"Polygon","coordinates":[[[114.0212,22.454399999999996],[114.02279999999999,22.454399999999996],[114.02279999999999,22.455999999999996],[114.0212,22.455999999999996],[114.0212,22.454399999999996]]]}},{"type":"Feature","properties":{"id":"lu-nt-yuen-long-14-03","class":"urban_open_space","vegetationFraction":0.387,"pavedFraction":0.41,"waterFraction":0.016,"simulated":true},"geometry":{"type":"Polygon","coordinates":[[[114.02279999999999,22.454399999999996],[114.02439999999999,22.454399999999996],[114.02439999999999,22.455999999999996],[114.02279999999999,22.455999999999996],[114.02279999999999,22.454399999999996]]]}},{"type":"Feature","properties":{"id":"lu-nt-yuen-long-14-04","class":"urban_open_space","vegetationFraction":0.268,"pavedFraction":0.397,"waterFraction":0.035,"simulated":true},"geometry":{"type":"Polygon","coordinates":[[[114.02439999999999,22.454399999999996],[114.02599999999998,22.454399999999996],[114.02599999999998,22.455999999999996],[114.02439999999999,22.455999999999996],[114.02439999999999,22.454399999999996]]]}},{"type":"Feature","properties":{"id":"lu-nt-yuen-long-14-05","class":"urban_open_space","vegetationFraction":0.291,"pavedFraction":0.502,"waterFraction":0.018,"simulated":true},"geometry":{"type":"Polygon","coordinates":[[[114.02599999999998,22.454399999999996],[114.02759999999998,22.454399999999996],[114.02759999999998,22.455999999999996],[114.02599999999998,22.455999999999996],[114.02599999999998,22.454399999999996]]]}},{"type":"Feature","properties":{"id":"lu-nt-yuen-long-14-06","class":"urban_open_space","vegetationFraction":0.328,"pavedFraction":0.491,"waterFraction":0.048,"simulated":true},"geometry":{"type":"Polygon","coordinates":[[[114.02759999999998,22.454399999999996],[114.02919999999997,22.454399999999996],[114.02919999999997,22.455999999999996],[114.02759999999998,22.455999999999996],[114.02759999999998,22.454399999999996]]]}},{"type":"Feature","properties":{"id":"lu-nt-yuen-long-14-07","class":"green_space","vegetationFraction":0.437,"pavedFraction":0.358,"waterFraction":0.002,"simulated":true},"geometry":{"type":"Polygon","coordinates":[[[114.02919999999997,22.454399999999996],[114.03079999999997,22.454399999999996],[114.03079999999997,22.455999999999996],[114.02919999999997,22.455999999999996],[114.02919999999997,22.454399999999996]]]}},{"type":"Feature","properties":{"id":"lu-nt-yuen-long-14-08","class":"built_up","vegetationFraction":0.213,"pavedFraction":0.402,"waterFraction":0.003,"simulated":true},"geometry":{"type":"Polygon","coordinates":[[[114.03079999999997,22.454399999999996],[114.03239999999997,22.454399999999996],[114.03239999999997,22.455999999999996],[114.03079999999997,22.455999999999996],[114.03079999999997,22.454399999999996]]]}},{"type":"Feature","properties":{"id":"lu-nt-yuen-long-14-09","class":"green_space","vegetationFraction":0.402,"pavedFraction":0.61,"waterFraction":0.029,"simulated":true},"geometry":{"type":"Polygon","coordinates":[[[114.03239999999997,22.454399999999996],[114.03399999999996,22.454399999999996],[114.03399999999996,22.455999999999996],[114.03239999999997,22.455999999999996],[114.03239999999997,22.454399999999996]]]}},{"type":"Feature","properties":{"id":"lu-nt-yuen-long-14-10","class":"urban_open_space","vegetationFraction":0.312,"pavedFraction":0.43,"waterFraction":0.013,"simulated":true},"geometry":{"type":"Polygon","coordinates":[[[114.03399999999996,22.454399999999996],[114.03559999999996,22.454399999999996],[114.03559999999996,22.455999999999996],[114.03399999999996,22.455999999999996],[114.03399999999996,22.454399999999996]]]}},{"type":"Feature","properties":{"id":"lu-nt-yuen-long-14-11","class":"urban_open_space","vegetationFraction":0.325,"pavedFraction":0.522,"waterFraction":0.05,"simulated":true},"geometry":{"type":"Polygon","coordinates":[[[114.03559999999996,22.454399999999996],[114.03719999999996,22.454399999999996],[114.03719999999996,22.455999999999996],[114.03559999999996,22.455999999999996],[114.03559999999996,22.454399999999996]]]}},{"type":"Feature","properties":{"id":"lu-nt-yuen-long-14-12","class":"urban_open_space","vegetationFraction":0.313,"pavedFraction":0.394,"waterFraction":0.029,"simulated":true},"geometry":{"type":"Polygon","coordinates":[[[114.03719999999996,22.454399999999996],[114.03879999999995,22.454399999999996],[114.03879999999995,22.455999999999996],[114.03719999999996,22.455999999999996],[114.03719999999996,22.454399999999996]]]}},{"type":"Feature","properties":{"id":"lu-nt-yuen-long-14-13","class":"urban_open_space","vegetationFraction":0.341,"pavedFraction":0.558,"waterFraction":0.017,"simulated":true},"geometry":{"type":"Polygon","coordinates":[[[114.03879999999995,22.454399999999996],[114.04039999999995,22.454399999999996],[114.04039999999995,22.455999999999996],[114.03879999999995,22.455999999999996],[114.03879999999995,22.454399999999996]]]}},{"type":"Feature","properties":{"id":"lu-nt-yuen-long-14-14","class":"urban_open_space","vegetationFraction":0.27,"pavedFraction":0.616,"waterFraction":0.045,"simulated":true},"geometry":{"type":"Polygon","coordinates":[[[114.04039999999995,22.454399999999996],[114.04199999999994,22.454399999999996],[114.04199999999994,22.455999999999996],[114.04039999999995,22.455999999999996],[114.04039999999995,22.454399999999996]]]}},{"type":"Feature","properties":{"id":"lu-nt-yuen-long-14-15","class":"built_up","vegetationFraction":0.22,"pavedFraction":0.505,"waterFraction":0.037,"simulated":true},"geometry":{"type":"Polygon","coordinates":[[[114.04199999999994,22.454399999999996],[114.04359999999994,22.454399999999996],[114.04359999999994,22.455999999999996],[114.04199999999994,22.455999999999996],[114.04199999999994,22.454399999999996]]]}},{"type":"Feature","properties":{"id":"lu-nt-yuen-long-14-16","class":"green_space","vegetationFraction":0.446,"pavedFraction":0.618,"waterFraction":0.006,"simulated":true},"geometry":{"type":"Polygon","coordinates":[[[114.04359999999994,22.454399999999996],[114.04519999999994,22.454399999999996],[114.04519999999994,22.455999999999996],[114.04359999999994,22.455999999999996],[114.04359999999994,22.454399999999996]]]}},{"type":"Feature","properties":{"id":"lu-nt-yuen-long-14-17","class":"urban_open_space","vegetationFraction":0.341,"pavedFraction":0.418,"waterFraction":0.028,"simulated":true},"geometry":{"type":"Polygon","coordinates":[[[114.04519999999994,22.454399999999996],[114.04679999999993,22.454399999999996],[114.04679999999993,22.455999999999996],[114.04519999999994,22.455999999999996],[114.04519999999994,22.454399999999996]]]}},{"type":"Feature","properties":{"id":"lu-nt-yuen-long-14-18","class":"green_space","vegetationFraction":0.425,"pavedFraction":0.537,"waterFraction":0.028,"simulated":true},"geometry":{"type":"Polygon","coordinates":[[[114.04679999999993,22.454399999999996],[114.04839999999993,22.454399999999996],[114.04839999999993,22.455999999999996],[114.04679999999993,22.455999999999996],[114.04679999999993,22.454399999999996]]]}},{"type":"Feature","properties":{"id":"lu-nt-yuen-long-15-00","class":"urban_open_space","vegetationFraction":0.281,"pavedFraction":0.437,"waterFraction":0.055,"simulated":true},"geometry":{"type":"Polygon","coordinates":[[[114.018,22.455999999999996],[114.0196,22.455999999999996],[114.0196,22.457599999999996],[114.018,22.457599999999996],[114.018,22.455999999999996]]]}},{"type":"Feature","properties":{"id":"lu-nt-yuen-long-15-01","class":"green_space","vegetationFraction":0.441,"pavedFraction":0.372,"waterFraction":0.047,"simulated":true},"geometry":{"type":"Polygon","coordinates":[[[114.0196,22.455999999999996],[114.0212,22.455999999999996],[114.0212,22.457599999999996],[114.0196,22.457599999999996],[114.0196,22.455999999999996]]]}},{"type":"Feature","properties":{"id":"lu-nt-yuen-long-15-02","class":"urban_open_space","vegetationFraction":0.288,"pavedFraction":0.614,"waterFraction":0.006,"simulated":true},"geometry":{"type":"Polygon","coordinates":[[[114.0212,22.455999999999996],[114.02279999999999,22.455999999999996],[114.02279999999999,22.457599999999996],[114.0212,22.457599999999996],[114.0212,22.455999999999996]]]}},{"type":"Feature","properties":{"id":"lu-nt-yuen-long-15-03","class":"urban_open_space","vegetationFraction":0.295,"pavedFraction":0.629,"waterFraction":0.036,"simulated":true},"geometry":{"type":"Polygon","coordinates":[[[114.02279999999999,22.455999999999996],[114.02439999999999,22.455999999999996],[114.02439999999999,22.457599999999996],[114.02279999999999,22.457599999999996],[114.02279999999999,22.455999999999996]]]}},{"type":"Feature","properties":{"id":"lu-nt-yuen-long-15-04","class":"built_up","vegetationFraction":0.209,"pavedFraction":0.448,"waterFraction":0.036,"simulated":true},"geometry":{"type":"Polygon","coordinates":[[[114.02439999999999,22.455999999999996],[114.02599999999998,22.455999999999996],[114.02599999999998,22.457599999999996],[114.02439999999999,22.457599999999996],[114.02439999999999,22.455999999999996]]]}},{"type":"Feature","properties":{"id":"lu-nt-yuen-long-15-05","class":"built_up","vegetationFraction":0.239,"pavedFraction":0.616,"waterFraction":0.059,"simulated":true},"geometry":{"type":"Polygon","coordinates":[[[114.02599999999998,22.455999999999996],[114.02759999999998,22.455999999999996],[114.02759999999998,22.457599999999996],[114.02599999999998,22.457599999999996],[114.02599999999998,22.455999999999996]]]}},{"type":"Feature","properties":{"id":"lu-nt-yuen-long-15-06","class":"urban_open_space","vegetationFraction":0.282,"pavedFraction":0.579,"waterFraction":0.053,"simulated":true},"geometry":{"type":"Polygon","coordinates":[[[114.02759999999998,22.455999999999996],[114.02919999999997,22.455999999999996],[114.02919999999997,22.457599999999996],[114.02759999999998,22.457599999999996],[114.02759999999998,22.455999999999996]]]}},{"type":"Feature","properties":{"id":"lu-nt-yuen-long-15-07","class":"urban_open_space","vegetationFraction":0.377,"pavedFraction":0.39,"waterFraction":0.034,"simulated":true},"geometry":{"type":"Polygon","coordinates":[[[114.02919999999997,22.455999999999996],[114.03079999999997,22.455999999999996],[114.03079999999997,22.457599999999996],[114.02919999999997,22.457599999999996],[114.02919999999997,22.455999999999996]]]}},{"type":"Feature","properties":{"id":"lu-nt-yuen-long-15-08","class":"built_up","vegetationFraction":0.205,"pavedFraction":0.585,"waterFraction":0.039,"simulated":true},"geometry":{"type":"Polygon","coordinates":[[[114.03079999999997,22.455999999999996],[114.03239999999997,22.455999999999996],[114.03239999999997,22.457599999999996],[114.03079999999997,22.457599999999996],[114.03079999999997,22.455999999999996]]]}},{"type":"Feature","properties":{"id":"lu-nt-yuen-long-15-09","class":"urban_open_space","vegetationFraction":0.33,"pavedFraction":0.442,"waterFraction":0.008,"simulated":true},"geometry":{"type":"Polygon","coordinates":[[[114.03239999999997,22.455999999999996],[114.03399999999996,22.455999999999996],[114.03399999999996,22.457599999999996],[114.03239999999997,22.457599999999996],[114.03239999999997,22.455999999999996]]]}},{"type":"Feature","properties":{"id":"lu-nt-yuen-long-15-10","class":"green_space","vegetationFraction":0.432,"pavedFraction":0.368,"waterFraction":0.007,"simulated":true},"geometry":{"type":"Polygon","coordinates":[[[114.03399999999996,22.455999999999996],[114.03559999999996,22.455999999999996],[114.03559999999996,22.457599999999996],[114.03399999999996,22.457599999999996],[114.03399999999996,22.455999999999996]]]}},{"type":"Feature","properties":{"id":"lu-nt-yuen-long-15-11","class":"green_space","vegetationFraction":0.423,"pavedFraction":0.481,"waterFraction":0.017,"simulated":true},"geometry":{"type":"Polygon","coordinates":[[[114.03559999999996,22.455999999999996],[114.03719999999996,22.455999999999996],[114.03719999999996,22.457599999999996],[114.03559999999996,22.457599999999996],[114.03559999999996,22.455999999999996]]]}},{"type":"Feature","properties":{"id":"lu-nt-yuen-long-15-12","class":"urban_open_space","vegetationFraction":0.27,"pavedFraction":0.649,"waterFraction":0.036,"simulated":true},"geometry":{"type":"Polygon","coordinates":[[[114.03719999999996,22.455999999999996],[114.03879999999995,22.455999999999996],[114.03879999999995,22.457599999999996],[114.03719999999996,22.457599999999996],[114.03719999999996,22.455999999999996]]]}},{"type":"Feature","properties":{"id":"lu-nt-yuen-long-15-13","class":"built_up","vegetationFraction":0.213,"pavedFraction":0.452,"waterFraction":0.014,"simulated":true},"geometry":{"type":"Polygon","coordinates":[[[114.03879999999995,22.455999999999996],[114.04039999999995,22.455999999999996],[114.04039999999995,22.457599999999996],[114.03879999999995,22.457599999999996],[114.03879999999995,22.455999999999996]]]}},{"type":"Feature","properties":{"id":"lu-nt-yuen-long-15-14","class":"built_up","vegetationFraction":0.235,"pavedFraction":0.443,"waterFraction":0.045,"simulated":true},"geometry":{"type":"Polygon","coordinates":[[[114.04039999999995,22.455999999999996],[114.04199999999994,22.455999999999996],[114.04199999999994,22.457599999999996],[114.04039999999995,22.457599999999996],[114.04039999999995,22.455999999999996]]]}},{"type":"Feature","properties":{"id":"lu-nt-yuen-long-15-15","class":"urban_open_space","vegetationFraction":0.334,"pavedFraction":0.378,"waterFraction":0.049,"simulated":true},"geometry":{"type":"Polygon","coordinates":[[[114.04199999999994,22.455999999999996],[114.04359999999994,22.455999999999996],[114.04359999999994,22.457599999999996],[114.04199999999994,22.457599999999996],[114.04199999999994,22.455999999999996]]]}},{"type":"Feature","properties":{"id":"lu-nt-yuen-long-15-16","class":"urban_open_space","vegetationFraction":0.366,"pavedFraction":0.558,"waterFraction":0.019,"simulated":true},"geometry":{"type":"Polygon","coordinates":[[[114.04359999999994,22.455999999999996],[114.04519999999994,22.455999999999996],[114.04519999999994,22.457599999999996],[114.04359999999994,22.457599999999996],[114.04359999999994,22.455999999999996]]]}},{"type":"Feature","properties":{"id":"lu-nt-yuen-long-15-17","class":"urban_open_space","vegetationFraction":0.363,"pavedFraction":0.595,"waterFraction":0.026,"simulated":true},"geometry":{"type":"Polygon","coordinates":[[[114.04519999999994,22.455999999999996],[114.04679999999993,22.455999999999996],[114.04679999999993,22.457599999999996],[114.04519999999994,22.457599999999996],[114.04519999999994,22.455999999999996]]]}},{"type":"Feature","properties":{"id":"lu-nt-yuen-long-15-18","class":"built_up","vegetationFraction":0.242,"pavedFraction":0.531,"waterFraction":0.044,"simulated":true},"geometry":{"type":"Polygon","coordinates":[[[114.04679999999993,22.455999999999996],[114.04839999999993,22.455999999999996],[114.04839999999993,22.457599999999996],[114.04679999999993,22.457599999999996],[114.04679999999993,22.455999999999996]]]}},{"type":"Feature","properties":{"id":"lu-nt-yuen-long-16-00","class":"built_up","vegetationFraction":0.215,"pavedFraction":0.454,"waterFraction":0.025,"simulated":true},"geometry":{"type":"Polygon","coordinates":[[[114.018,22.457599999999996],[114.0196,22.457599999999996],[114.0196,22.459199999999996],[114.018,22.459199999999996],[114.018,22.457599999999996]]]}},{"type":"Feature","properties":{"id":"lu-nt-yuen-long-16-01","class":"urban_open_space","vegetationFraction":0.265,"pavedFraction":0.361,"waterFraction":0.011,"simulated":true},"geometry":{"type":"Polygon","coordinates":[[[114.0196,22.457599999999996],[114.0212,22.457599999999996],[114.0212,22.459199999999996],[114.0196,22.459199999999996],[114.0196,22.457599999999996]]]}},{"type":"Feature","properties":{"id":"lu-nt-yuen-long-16-02","class":"green_space","vegetationFraction":0.402,"pavedFraction":0.396,"waterFraction":0.025,"simulated":true},"geometry":{"type":"Polygon","coordinates":[[[114.0212,22.457599999999996],[114.02279999999999,22.457599999999996],[114.02279999999999,22.459199999999996],[114.0212,22.459199999999996],[114.0212,22.457599999999996]]]}},{"type":"Feature","properties":{"id":"lu-nt-yuen-long-16-03","class":"urban_open_space","vegetationFraction":0.382,"pavedFraction":0.534,"waterFraction":0.051,"simulated":true},"geometry":{"type":"Polygon","coordinates":[[[114.02279999999999,22.457599999999996],[114.02439999999999,22.457599999999996],[114.02439999999999,22.459199999999996],[114.02279999999999,22.459199999999996],[114.02279999999999,22.457599999999996]]]}},{"type":"Feature","properties":{"id":"lu-nt-yuen-long-16-04","class":"green_space","vegetationFraction":0.449,"pavedFraction":0.455,"waterFraction":0.033,"simulated":true},"geometry":{"type":"Polygon","coordinates":[[[114.02439999999999,22.457599999999996],[114.02599999999998,22.457599999999996],[114.02599999999998,22.459199999999996],[114.02439999999999,22.459199999999996],[114.02439999999999,22.457599999999996]]]}},{"type":"Feature","properties":{"id":"lu-nt-yuen-long-16-05","class":"urban_open_space","vegetationFraction":0.337,"pavedFraction":0.584,"waterFraction":0.051,"simulated":true},"geometry":{"type":"Polygon","coordinates":[[[114.02599999999998,22.457599999999996],[114.02759999999998,22.457599999999996],[114.02759999999998,22.459199999999996],[114.02599999999998,22.459199999999996],[114.02599999999998,22.457599999999996]]]}},{"type":"Feature","properties":{"id":"lu-nt-yuen-long-16-06","class":"urban_open_space","vegetationFraction":0.26,"pavedFraction":0.554,"waterFraction":0.004,"simulated":true},"geometry":{"type":"Polygon","coordinates":[[[114.02759999999998,22.457599999999996],[114.02919999999997,22.457599999999996],[114.02919999999997,22.459199999999996],[114.02759999999998,22.459199999999996],[114.02759999999998,22.457599999999996]]]}},{"type":"Feature","properties":{"id":"lu-nt-yuen-long-16-07","class":"urban_open_space","vegetationFraction":0.38,"pavedFraction":0.623,"waterFraction":0.053,"simulated":true},"geometry":{"type":"Polygon","coordinates":[[[114.02919999999997,22.457599999999996],[114.03079999999997,22.457599999999996],[114.03079999999997,22.459199999999996],[114.02919999999997,22.459199999999996],[114.02919999999997,22.457599999999996]]]}},{"type":"Feature","properties":{"id":"lu-nt-yuen-long-16-08","class":"urban_open_space","vegetationFraction":0.282,"pavedFraction":0.372,"waterFraction":0.024,"simulated":true},"geometry":{"type":"Polygon","coordinates":[[[114.03079999999997,22.457599999999996],[114.03239999999997,22.457599999999996],[114.03239999999997,22.459199999999996],[114.03079999999997,22.459199999999996],[114.03079999999997,22.457599999999996]]]}},{"type":"Feature","properties":{"id":"lu-nt-yuen-long-16-09","class":"green_space","vegetationFraction":0.439,"pavedFraction":0.43,"waterFraction":0.0,"simulated":true},"geometry":{"type":"Polygon","coordinates":[[[114.03239999999997,22.457599999999996],[114.03399999999996,22.457599999999996],[114.03399999999996,22.459199999999996],[114.03239999999997,22.459199999999996],[114.03239999999997,22.457599999999996]]]}},{"type":"Feature","properties":{"id":"lu-nt-yuen-long-16-10","class":"built_up","vegetationFraction":0.203,"pavedFraction":0.648,"waterFraction":0.031,"simulated":true},"geometry":{"type":"Polygon","coordinates":[[[114.03399999999996,22.457599999999996],[114.03559999999996,22.457599999999996],[114.03559999999996,22.459199999999996],[114.03399999999996,22.459199999999996],[114.03399999999996,22.457599999999996]]]}},{"type":"Feature","properties":{"id":"lu-nt-yuen-long-16-11","class":"urban_open_space","vegetationFraction":0.389,"pavedFraction":0.409,"waterFraction":0.018,"simulated":true},"geometry":{"type":"Polygon","coordinates":[[[114.03559999999996,22.457599999999996],[114.03719999999996,22.457599999999996],[114.03719999999996,22.459199999999996],[114.03559999999996,22.459199999999996],[114.03559999999996,22.457599999999996]]]}},{"type":"Feature","properties":{"id":"lu-nt-yuen-long-16-12","class":"urban_open_space","vegetationFraction":0.292,"pavedFraction":0.478,"waterFraction":0.04,"simulated":true},"geometry":{"type":"Polygon","coordinates":[[[114.03719999999996,22.457599999999996],[114.03879999999995,22.457599999999996],[114.03879999999995,22.459199999999996],[114.03719999999996,22.459199999999996],[114.03719999999996,22.457599999999996]]]}},{"type":"Feature","properties":{"id":"lu-nt-yuen-long-16-13","class":"urban_open_space","vegetationFraction":0.325,"pavedFraction":0.611,"waterFraction":0.054,"simulated":true},"geometry":{"type":"Polygon","coordinates":[[[114.03879999999995,22.457599999999996],[114.04039999999995,22.457599999999996],[114.04039999999995,22.459199999999996],[114.03879999999995,22.459199999999996],[114.03879999999995,22.457599999999996]]]}},{"type":"Feature","properties":{"id":"lu-nt-yuen-long-16-14","class":"urban_open_space","vegetationFraction":0.307,"pavedFraction":0.598,"waterFraction":0.055,"simulated":true},"geometry":{"type":"Polygon","coordinates":[[[114.04039999999995,22.457599999999996],[114.04199999999994,22.457599999999996],[114.04199999999994,22.459199999999996],[114.04039999999995,22.459199999999996],[114.04039999999995,22.457599999999996]]]}},{"type":"Feature","properties":{"id":"lu-nt-yuen-long-16-15","class":"urban_open_space","vegetationFraction":0.344,"pavedFraction":0.606,"waterFraction":0.04,"simulated":true},"geometry":{"type":"Polygon","coordinates":[[[114.04199999999994,22.457599999999996],[114.04359999999994,22.457599999999996],[114.04359999999994,22.459199999999996],[114.04199999999994,22.459199999999996],[114.04199999999994,22.457599999999996]]]}},{"type":"Feature","properties":{"id":"lu-nt-yuen-long-16-16","class":"built_up","vegetationFraction":0.245,"pavedFraction":0.435,"waterFraction":0.0,"simulated":true},"geometry":{"type":"Polygon","coordinates":[[[114.04359999999994,22.457599999999996],[114.04519999999994,22.457599999999996],[114.04519999999994,22.459199999999996],[114.04359999999994,22.459199999999996],[114.04359999999994,22.457599999999996]]]}},{"type":"Feature","properties":{"id":"lu-nt-yuen-long-16-17","class":"green_space","vegetationFraction":0.403,"pavedFraction":0.471,"waterFraction":0.006,"simulated":true},"geometry":{"type":"Polygon","coordinates":[[[114.04519999999994,22.457599999999996],[114.04679999999993,22.457599999999996],[114.04679999999993,22.459199999999996],[114.04519999999994,22.459199999999996],[114.04519999999994,22.457599999999996]]]}},{"type":"Feature","properties":{"id":"lu-nt-yuen-long-16-18","class":"built_up","vegetationFraction":0.233,"pavedFraction":0.419,"waterFraction":0.023,"simulated":true},"geometry":{"type":"Polygon","coordinates":[[[114.04679999999993,22.457599999999996],[114.04839999999993,22.457599999999996],[114.04839999999993,22.459199999999996],[114.04679999999993,22.459199999999996],[114.04679999999993,22.457599999999996]]]}}]}