{"type":"FeatureCollection","features":[{"type":"Feature","properties":{"id":"lu-nt-sha-tin-00-00","class":"urban_open_space","vegetationFraction":0.37,"pavedFraction":0.589,"waterFraction":0.02,"simulated":true},"geometry":{"type":"Polygon","coordinates":[[[114.178,22.368],[114.1796,22.368],[114.1796,22.3696],[114.178,22.3696],[114.178,22.368]]]}},{"type":"Feature","properties":{"id":"lu-nt-sha-tin-00-01","class":"urban_open_space","vegetationFraction":0.365,"pavedFraction":0.35,"waterFraction":0.041,"simulated":true},"geometry":{"type":"Polygon","coordinates":[[[114.1796,22.368],[114.18119999999999,22.368],[114.18119999999999,22.3696],[114.1796,22.3696],[114.1796,22.368]]]}},{"type":"Feature","properties":{"id":"lu-nt-sha-tin-00-02","class":"urban_open_space","vegetationFraction":0.324,"pavedFraction":0.422,"waterFraction":0.004,"simulated":true},"geometry":{"type":"Polygon","coordinates":[[[114.18119999999999,22.368],[114.18279999999999,22.368],[114.18279999999999,22.3696],[114.18119999999999,22.3696],[114.18119999999999,22.368]]]}},{"type":"Feature","properties":{"id":"lu-nt-sha-tin-00-03","class":"urban_open_space","vegetationFraction":0.384,"pavedFraction":0.55,"waterFraction":0.039,"simulated":true},"geometry":{"type":"Polygon","coordinates":[[[114.18279999999999,22.368],[114.18439999999998,22.368],[114.18439999999998,22.3696],[114.18279999999999,22.3696],[114.18279999999999,22.368]]]}},{"type":"Feature","properties":{"id":"lu-nt-sha-tin-00-04","class":"built_up","vegetationFraction":0.222,"pavedFraction":0.457,"waterFraction":0.047,"simulated":true},"geometry":{"type":"Polygon","coordinates":[[[114.18439999999998,22.368],[114.18599999999998,22.368],[114.18599999999998,22.3696],[114.18439999999998,22.3696],[114.18439999999998,22.368]]]}},{"type":"Feature","properties":{"id":"lu-nt-sha-tin-00-05","class":"urban_open_space","vegetationFraction":0.366,"pavedFraction":0.562,"waterFraction":0.012,"simulated":true},"geometry":{"type":"Polygon","coordinates":[[[114.18599999999998,22.368],[114.18759999999997,22.368],[114.18759999999997,22.3696],[114.18599999999998,22.3696],[114.18599999999998,22.368]]]}},{"type":"Feature","properties":{"id":"lu-nt-sha-tin-00-06","class":"urban_open_space","vegetationFraction":0.366,"pavedFraction":0.465,"waterFraction":0.045,"simulated":true},"geometry":{"type":"Polygon","coordinates":[[[114.18759999999997,22.368],[114.18919999999997,22.368],[114.18919999999997,22.3696],[114.18759999999997,22.3696],[114.18759999999997,22.368]]]}},{"type":"Feature","properties":{"id":"lu-nt-sha-tin-00-07","class":"urban_open_space","vegetationFraction":0.277,"pavedFraction":0.557,"waterFraction":0.004,"simulated":true},"geometry":{"type":"Polygon","coordinates":[[[114.18919999999997,22.368],[114.19079999999997,22.368],[114.19079999999997,22.3696],[114.18919999999997,22.3696],[114.18919999999997,22.368]]]}},{"type":"Feature","properties":{"id":"lu-nt-sha-tin-00-08","class":"green_space","vegetationFraction":0.416,"pavedFraction":0.63,"waterFraction":0.026,"simulated":true},"geometry":{"type":"Polygon","coordinates":[[[114.19079999999997,22.368],[114.19239999999996,22.368],[114.19239999999996,22.3696],[114.19079999999997,22.3696],[114.19079999999997,22.368]]]}},{"type":"Feature","properties":{"id":"lu-nt-sha-tin-00-09","class":"built_up","vegetationFraction":0.228,"pavedFraction":0.53,"waterFraction":0.054,"simulated":true},"geometry":{"type":"Polygon","coordinates":[[[114.19239999999996,22.368],[114.19399999999996,22.368],[114.19399999999996,22.3696],[114.19239999999996,22.3696],[114.19239999999996,22.368]]]}},{"type":"Feature","properties":{"id":"lu-nt-sha-tin-00-10","class":"green_space","vegetationFraction":0.403,"pavedFraction":0.498,"waterFraction":0.033,"simulated":true},"geometry":{"type":"Polygon","coordinates":[[[114.19399999999996,22.368],[114.19559999999996,22.368],[114.19559999999996,22.3696],[114.19399999999996,22.3696],[114.19399999999996,22.368]]]}},{"type":"Feature","properties":{"id":"lu-nt-sha-tin-00-11","class":"green_space","vegetationFraction":0.438,"pavedFraction":0.449,"waterFraction":0.051,"simulated":true},"geometry":{"type":"Polygon","coordinates":[[[114.19559999999996,22.368],[114.19719999999995,22.368],[114.19719999999995,22.3696],[114.19559999999996,22.3696],[114.19559999999996,22.368]]]}},{"type":"Feature","properties":{"id":"lu-nt-sha-tin-00-12","class":"urban_open_space","vegetationFraction":0.302,"pavedFraction":0.616,"waterFraction":0.043,"simulated":true},"geometry":{"type":"Polygon","coordinates":[[[114.19719999999995,22.368],[114.19879999999995,22.368],[114.19879999999995,22.3696],[114.19719999999995,22.3696],[114.19719999999995,22.368]]]}},{"type":"Feature","properties":{"id":"lu-nt-sha-tin-00-13","class":"urban_open_space","vegetationFraction":0.255,"pavedFraction":0.583,"waterFraction":0.046,"simulated":true},"geometry":{"type":"Polygon","coordinates":[[[114.19879999999995,22.368],[114.20039999999995,22.368],[114.20039999999995,22.3696],[114.19879999999995,22.3696],[114.19879999999995,22.368]]]}},{"type":"Feature","properties":{"id":"lu-nt-sha-tin-00-14","class":"urban_open_space","vegetationFraction":0.273,"pavedFraction":0.366,"waterFraction":0.001,"simulated":true},"geometry":{"type":"Polygon","coordinates":[[[114.20039999999995,22.368],[114.20199999999994,22.368],[114.20199999999994,22.3696],[114.20039999999995,22.3696],[114.20039999999995,22.368]]]}},{"type":"Feature","properties":{"id":"lu-nt-sha-tin-00-15","class":"green_space","vegetationFraction":0.415,"pavedFraction":0.459,"waterFraction":0.025,"simulated":true},"geometry":{"type":"Polygon","coordinates":[[[114.20199999999994,22.368],[114.20359999999994,22.368],[114.20359999999994,22.3696],[114.20199999999994,22.3696],[114.20199999999994,22.368]]]}},{"type":"Feature","properties":{"id":"lu-nt-sha-tin-00-16","class":"built_up","vegetationFraction":0.233,"pavedFraction":0.631,"waterFraction":0.0,"simulated":true},"geometry":{"type":"Polygon","coordinates":[[[114.20359999999994,22.368],[114.20519999999993,22.368],[114.20519999999993,22.3696],[114.20359999999994,22.3696],[114.20359999999994,22.368]]]}},{"type":"Feature","properties":{"id":"lu-nt-sha-tin-00-17","class":"urban_open_space","vegetationFraction":0.373,"pavedFraction":0.398,"waterFraction":0.008,"simulated":true},"geometry":{"type":"Polygon","coordinates":[[[114.20519999999993,22.368],[114.20679999999993,22.368],[114.20679999999993,22.3696],[114.20519999999993,22.3696],[114.20519999999993,22.368]]]}},{"type":"Feature","properties":{"id":"lu-nt-sha-tin-00-18","class":"urban_open_space","vegetationFraction":0.362,"pavedFraction":0.529,"waterFraction":0.008,"simulated":true},"geometry":{"type":"Polygon","coordinates":[[[114.20679999999993,22.368],[114.20839999999993,22.368],[114.20839999999993,22.3696],[114.20679999999993,22.3696],[114.20679999999993,22.368]]]}},{"type":"Feature","properties":{"id":"lu-nt-sha-tin-00-19","class":"built_up","vegetationFraction":0.242,"pavedFraction":0.578,"waterFraction":0.018,"simulated":true},"geometry":{"type":"Polygon","coordinates":[[[114.20839999999993,22.368],[114.20999999999992,22.368],[114.20999999999992,22.3696],[114.20839999999993,22.3696],[114.20839999999993,22.368]]]}},{"type":"Feature","properties":{"id":"lu-nt-sha-tin-00-20","class":"urban_open_space","vegetationFraction":0.277,"pavedFraction":0.554,"waterFraction":0.012,"simulated":true},"geometry":{"type":"Polygon","coordinates":[[[114.20999999999992,22.368],[114.21159999999992,22.368],[114.21159999999992,22.3696],[114.20999999999992,22.3696],[114.20999999999992,22.368]]]}},{"type":"Feature","properties":{"id":"lu-nt-sha-tin-00-21","class":"built_up","vegetationFraction":0.229,"pavedFraction":0.569,"waterFraction":0.046,"simulated":true},"geometry":{"type":"Polygon","coordinates":[[[114.21159999999992,22.368],[114.21319999999992,22.368],[114.21319999999992,22.3696],[114.21159999999992,22.3696],[114.21159999999992,22.368]]]}},{"type":"Feature","properties":{"id":"lu-nt-sha-tin-01-00","class":"built_up","vegetationFraction":0.249,"pavedFraction":0.471,"waterFraction":0.006,"simulated":true},"geometry":{"type":"Polygon","coordinates":[[[114.178,22.3696],[114.1796,22.3696],[114.1796,22.371199999999998],[114.178,22.371199999999998],[114.178,22.3696]]]}},{"type":"Feature","properties":{"id":"lu-nt-sha-tin-01-01","class":"urban_open_space","vegetationFraction":0.377,"pavedFraction":0.471,"waterFraction":0.031,"simulated":true},"geometry":{"type":"Polygon","coordinates":[[[114.1796,22.3696],[114.18119999999999,22.3696],[114.18119999999999,22.371199999999998],[114.1796,22.371199999999998],[114.1796,22.3696]]]}},{"type":"Feature","properties":{"id":"lu-nt-sha-tin-01-02","class":"urban_open_space","vegetationFraction":0.371,"pavedFraction":0.391,"waterFraction":0.006,"simulated":true},"geometry":{"type":"Polygon","coordinates":[[[114.18119999999999,22.3696],[114.18279999999999,22.3696],[114.18279999999999,22.371199999999998],[114.18119999999999,22.371199999999998],[114.18119999999999,22.3696]]]}},{"type":"Feature","properties":{"id":"lu-nt-sha-tin-01-03","class":"urban_open_space","vegetationFraction":0.278,"pavedFraction":0.643,"waterFraction":0.035,"simulated":true},"geometry":{"type":"Polygon","coordinates":[[[114.18279999999999,22.3696],[114.18439999999998,22.3696],[114.18439999999998,22.371199999999998],[114.18279999999999,22.371199999999998],[114.18279999999999,22.3696]]]}},{"type":"Feature","properties":{"id":"lu-nt-sha-tin-01-04","class":"urban_open_space","vegetationFraction":0.278,"pavedFraction":0.426,"waterFraction":0.035,"simulated":true},"geometry":{"type":"Polygon","coordinates":[[[114.18439999999998,22.3696],[114.18599999999998,22.3696],[114.18599999999998,22.371199999999998],[114.18439999999998,22.371199999999998],[114.18439999999998,22.3696]]]}},{"type":"Feature","properties":{"id":"lu-nt-sha-tin-01-05","class":"green_space","vegetationFraction":0.45,"pavedFraction":0.481,"waterFraction":0.031,"simulated":true},"geometry":{"type":"Polygon","coordinates":[[[114.18599999999998,22.3696],[114.18759999999997,22.3696],[114.18759999999997,22.371199999999998],[114.18599999999998,22.371199999999998],[114.18599999999998,22.3696]]]}},{"type":"Feature","properties":{"id":"lu-nt-sha-tin-01-06","class":"urban_open_space","vegetationFraction":0.275,"pavedFraction":0.496,"waterFraction":0.029,"simulated":true},"geometry":{"type":"Polygon","coordinates":[[[114.18759999999997,22.3696],[114.18919999999997,22.3696],[114.18919999999997,22.371199999999998],[114.18759999999997,22.371199999999998],[114.18759999999997,22.3696]]]}},{"type":"Feature","properties":{"id":"lu-nt-sha-tin-01-07","class":"green_space","vegetationFraction":0.414,"pavedFraction":0.541,"waterFraction":0.039,"simulated":true},"geometry":{"type":"Polygon","coordinates":[[[114.18919999999997,22.3696],[114.19079999999997,22.3696],[114.19079999999997,22.371199999999998],[114.18919999999997,22.371199999999998],[114.18919999999997,22.3696]]]}},{"type":"Feature","properties":{"id":"lu-nt-sha-tin-01-08","class":"built_up","vegetationFraction":0.218,"pavedFraction":0.546,"waterFraction":0.048,"simulated":true},"geometry":{"type":"Polygon","coordinates":[[[114.19079999999997,22.3696],[114.19239999999996,22.3696],[114.19239999999996,22.371199999999998],[114.19079999999997,22.371199999999998],[114.19079999999997,22.3696]]]}},{"type":"Feature","properties":{"id":"lu-nt-sha-tin-01-09","class":"urban_open_space","vegetationFraction":0.301,"pavedFraction":0.544,"waterFraction":0.04,"simulated":true},"geometry":{"type":"Polygon","coordinates":[[[114.19239999999996,22.3696],[114.19399999999996,22.3696],[114.19399999999996,22.371199999999998],[114.19239999999996,22.371199999999998],[114.19239999999996,22.3696]]]}},{"type":"Feature","properties":{"id":"lu-nt-sha-tin-01-10","class":"built_up","vegetationFraction":0.201,"pavedFraction":0.55,"waterFraction":0.024,"simulated":true},"geometry":{"type":"Polygon","coordinates":[[[114.19399999999996,22.3696],[114.19559999999996,22.3696],[114.19559999999996,22.371199999999998],[114.19399999999996,22.371199999999998],[114.19399999999996,22.3696]]]}},{"type":"Feature","properties":{"id":"lu-nt-sha-tin-01-11","class":"urban_open_space","vegetationFraction":0.377,"pavedFraction":0.386,"waterFraction":0.034,"simulated":true},"geometry":{"type":"Polygon","coordinates":[[[114.19559999999996,22.3696],[114.19719999999995,22.3696],[114.19719999999995,22.371199999999998],[114.19559999999996,22.371199999999998],[114.19559999999996,22.3696]]]}},{"type":"Feature","properties":{"id":"lu-nt-sha-tin-01-12","class":"green_space","vegetationFraction":0.439,"pavedFraction":0.486,"waterFraction":0.037,"simulated":true},"geometry":{"type":"Polygon","coordinates":[[[114.19719999999995,22.3696],[114.19879999999995,22.3696],[114.19879999999995,22.371199999999998],[114.19719999999995,22.371199999999998],[114.19719999999995,22.3696]]]}},{"type":"Feature","properties":{"id":"lu-nt-sha-tin-01-13","class":"urban_open_space","vegetationFraction":0.291,"pavedFraction":0.449,"waterFraction":0.04,"simulated":true},"geometry":{"type":"Polygon","coordinates":[[[114.19879999999995,22.3696],[114.20039999999995,22.3696],[114.20039999999995,22.371199999999998],[114.19879999999995,22.371199999999998],[114.19879999999995,22.3696]]]}},{"type":"Feature","properties":{"id":"lu-nt-sha-tin-01-14","class":"urban_open_space","vegetationFraction":0.284,"pavedFraction":0.479,"waterFraction":0.048,"simulated":true},"geometry":{"type":"Polygon","coordinates":[[[114.20039999999995,22.3696],[114.20199999999994,22.3696],[114.20199999999994,22.371199999999998],[114.20039999999995,22.371199999999998],[114.20039999999995,22.3696]]]}},{"type":"Feature","properties":{"id":"lu-nt-sha-tin-01-15","class":"urban_open_space","vegetationFraction":0.4,"pavedFraction":0.649,"waterFraction":0.029,"simulated":true},"geometry":{"type":"Polygon","coordinates":[[[114.20199999999994,22.3696],[114.20359999999994,22.3696],[114.20359999999994,22.371199999999998],[114.20199999999994,22.371199999999998],[114.20199999999994,22.3696]]]}},{"type":"Feature","properties":{"id":"lu-nt-sha-tin-01-16","class":"green_space","vegetationFraction":0.426,"pavedFraction":0.501,"waterFraction":0.049,"simulated":true},"geometry":{"type":"Polygon","coordinates":[[[114.20359999999994,22.3696],[114.20519999999993,22.3696],[114.20519999999993,22.371199999999998],[114.20359999999994,22.371199999999998],[114.20359999999994,22.3696]]]}},{"type":"Feature","properties":{"id":"lu-nt-sha-tin-01-17","class":"urban_open_space","vegetationFraction":0.321,"pavedFraction":0.454,"waterFraction":0.053,"simulated":true},"geometry":{"type":"Polygon","coordinates":[[[114.20519999999993,22.3696],[114.20679999999993,22.3696],[114.20679999999993,22.371199999999998],[114.20519999999993,22.371199999999998],[114.20519999999993,22.3696]]]}},{"type":"Feature","properties":{"id":"lu-nt-sha-tin-01-18","class":"green_space","vegetationFraction":0.412,"pavedFraction":0.386,"waterFraction":0.059,"simulated":true},"geometry":{"type":"Polygon","coordinates":[[[114.20679999999993,22.3696],[114.20839999999993,22.3696],[114.20839999999993,22.371199999999998],[114.20679999999993,22.371199999999998],[114.20679999999993,22.3696]]]}},{"type":"Feature","properties":{"id":"lu-nt-sha-tin-01-19","class":"urban_open_space","vegetationFraction":0.266,"pavedFraction":0.384,"waterFraction":0.008,"simulated":true},"geometry":{"type":"Polygon","coordinates":[[[114.20839999999993,22.3696],[114.20999999999992,22.3696],[114.20999999999992,22.371199999999998],[114.20839999999993,22.371199999999998],[114.20839999999993,22.3696]]]}},{"type":"Feature","properties":{"id":"lu-nt-sha-tin-01-20","class":"urban_open_space","vegetationFraction":0.39,"pavedFraction":0.509,"waterFraction":0.051,"simulated":true},"geometry":{"type":"Polygon","coordinates":[[[114.20999999999992,22.3696],[114.21159999999992,22.3696],[114.21159999999992,22.371199999999998],[114.20999999999992,22.371199999999998],[114.20999999999992,22.3696]]]}},{"type":"Feature","properties":{"id":"lu-nt-sha-tin-01-21","class":"urban_open_space","vegetationFraction":0.252,"pavedFraction":0.446,"waterFraction":0.047,"simulated":true},"geometry":{"type":"Polygon","coordinates":[[[114.21159999999992,22.3696],[114.21319999999992,22.3696],[114.21319999999992,22.371199999999998],[114.21159999999992,22.371199999999998],[114.21159999999992,22.3696]]]}},{"type":"Feature","properties":{"id":"lu-nt-sha-tin-02-00","class":"urban_open_space","vegetationFraction":0.358,"pavedFraction":0.351,"waterFraction":0.015,"simulated":true},"geometry":{"type":"Polygon","coordinates":[[[114.178,22.371199999999998],[114.1796,22.371199999999998],[114.1796,22.372799999999998],[114.178,22.372799999999998],[114.178,22.371199999999998]]]}},{"type":"Feature","properties":{"id":"lu-nt-sha-tin-02-01","class":"green_space","vegetationFraction":0.417,"pavedFraction":0.545,"waterFraction":0.042,"simulated":true},"geometry":{"type":"Polygon","coordinates":[[[114.1796,22.371199999999998],[114.18119999999999,22.371199999999998],[114.18119999999999,22.372799999999998],[114.1796,22.372799999999998],[114.1796,22.371199999999998]]]}},{"type":"Feature","properties":{"id":"lu-nt-sha-tin-02-02","class":"urban_open_space","vegetationFraction":0.306,"pavedFraction":0.622,"waterFraction":0.044,"simulated":true},"geometry":{"type":"Polygon","coordinates":[[[114.18119999999999,22.371199999999998],[114.18279999999999,22.371199999999998],[114.18279999999999,22.372799999999998],[114.18119999999999,22.372799999999998],[114.18119999999999,22.371199999999998]]]}},{"type":"Feature","properties":{"id":"lu-nt-sha-tin-02-03","class":"urban_open_space","vegetationFraction":0.355,"pavedFraction":0.628,"waterFraction":0.024,"simulated":true},"geometry":{"type":"Polygon","coordinates":[[[114.18279999999999,22.371199999999998],[114.18439999999998,22.371199999999998],[114.18439999999998,22.372799999999998],[114.18279999999999,22.372799999999998],[114.18279999999999,22.371199999999998]]]}},{"type":"Feature","properties":{"id":"lu-nt-sha-tin-02-04","class":"urban_open_space","vegetationFraction":0.282,"pavedFraction":0.598,"waterFraction":0.058,"simulated":true},"geometry":{"type":"Polygon","coordinates":[[[114.18439999999998,22.371199999999998],[114.18599999999998,22.371199999999998],[114.18599999999998,22.372799999999998],[114.18439999999998,22.372799999999998],[114.18439999999998,22.371199999999998]]]}},{"type":"Feature","properties":{"id":"lu-nt-sha-tin-02-05","class":"urban_open_space","vegetationFraction":0.382,"pavedFraction":0.53,"waterFraction":0.017,"simulated":true},"geometry":{"type":"Polygon","coordinates":[[[114.18599999999998,22.371199999999998],[114.18759999999997,22.371199999999998],[114.18759999999997,22.372799999999998],[114.18599999999998,22.372799999999998],[114.18599999999998,22.371199999999998]]]}},{"type":"Feature","properties":{"id":"lu-nt-sha-tin-02-06","class":"green_space","vegetationFraction":0.418,"pavedFraction":0.648,"waterFraction":0.047,"simulated":true},"geometry":{"type":"Polygon","coordinates":[[[114.18759999999997,22.371199999999998],[114.18919999999997,22.371199999999998],[114.18919999999997,22.372799999999998],[114.18759999999997,22.372799999999998],[114.18759999999997,22.371199999999998]]]}},{"type":"Feature","properties":{"id":"lu-nt-sha-tin-02-07","class":"urban_open_space","vegetationFraction":0.272,"pavedFraction":0.615,"waterFraction":0.041,"simulated":true},"geometry":{"type":"Polygon","coordinates":[[[114.18919999999997,22.371199999999998],[114.19079999999997,22.371199999999998],[114.19079999999997,22.372799999999998],[114.18919999999997,22.372799999999998],[114.18919999999997,22.371199999999998]]]}},{"type":"Feature","properties":{"id":"lu-nt-sha-tin-02-08","class":"urban_open_space","vegetationFraction":0.364,"pavedFraction":0.468,"waterFraction":0.017,"simulated":true},"geometry":{"type":"Polygon","coordinates":[[[114.19079999999997,22.371199999999998],[114.19239999999996,22.371199999999998],[114.19239999999996,22.372799999999998],[114.19079999999997,22.372799999999998],[114.19079999999997,22.371199999999998]]]}},{"type":"Feature","properties":{"id":"lu-nt-sha-tin-02-09","class":"green_space","vegetationFraction":0.78,"pavedFraction":0.1,"waterFraction":0.024,"simulated":true},"geometry":{"type":"Polygon","coordinates":[[[114.19239999999996,22.371199999999998],[114.19399999999996,22.371199999999998],[114.19399999999996,22.372799999999998],[114.19239999999996,22.372799999999998],[114.19239999999996,22.371199999999998]]]}},{"type":"Feature","properties":{"id":"lu-nt-sha-tin-02-10","class":"green_space","vegetationFraction":0.78,"pavedFraction":0.1,"waterFraction":0.032,"simulated":true},"geometry":{"type":"Polygon","coordinates":[[[114.19399999999996,22.371199999999998],[114.19559999999996,22.371199999999998],[114.19559999999996,22.372799999999998],[114.19399999999996,22.372799999999998],[114.19399999999996,22.371199999999998]]]}},{"type":"Feature","properties":{"id":"lu-nt-sha-tin-02-11","class":"green_space","vegetationFraction":0.78,"pavedFraction":0.1,"waterFraction":0.033,"simulated":true},"geometry":{"type":"Polygon","coordinates":[[[114.19559999999996,22.371199999999998],[114.19719999999995,22.371199999999998],[114.19719999999995,22.372799999999998],[114.19559999999996,22.372799999999998],[114.19559999999996,22.371199999999998]]]}},{"type":"Feature","properties":{"id":"lu-nt-sha-tin-02-12","class":"green_space","vegetationFraction":0.78,"pavedFraction":0.1,"waterFraction":0.056,"simulated":true},"geometry":{"type":"Polygon","coordinates":[[[114.19719999999995,22.371199999999998],[114.19879999999995,22.371199999999998],[114.19879999999995,22.372799999999998],[114.19719999999995,22.372799999999998],[114.19719999999995,22.371199999999998]]]}},{"type":"Feature","properties":{"id":"lu-nt-sha-tin-02-13","class":"green_space","vegetationFraction":0.78,"pavedFraction":0.1,"waterFraction":0.012,"simulated":true},"geometry":{"type":"Polygon","coordinates":[[[114.19879999999995,22.371199999999998],[114.20039999999995,22.371199999999998],[114.20039999999995,22.372799999999998],[114.19879999999995,22.372799999999998],[114.19879999999995,22.371199999999998]]]}},{"type":"Feature","properties":{"id":"lu-nt-sha-tin-02-14","class":"green_space","vegetationFraction":0.78,"pavedFraction":0.1,"waterFraction":0.028,"simulated":true},"geometry":{"type":"Polygon","coordinates":[[[114.20039999999995,22.371199999999998],[114.20199999999994,22.371199999999998],[114.20199999999994,22.372799999999998],[114.20039999999995,22.372799999999998],[114.20039999999995,22.371199999999998]]]}},{"type":"Feature","properties":{"id":"lu-nt-sha-tin-02-15","class":"urban_open_space","vegetationFraction":0.37,"pavedFraction":0.636,"waterFraction":0.002,"simulated":true},"geometry":{"type":"Polygon","coordinates":[[[114.20199999999994,22.371199999999998],[114.20359999999994,22.371199999999998],[114.20359999999994,22.372799999999998],[114.20199999999994,22.372799999999998],[114.20199999999994,22.371199999999998]]]}},{"type":"Feature","properties":{"id":"lu-nt-sha-tin-02-16","class":"urban_open_space","vegetationFraction":0.296,"pavedFraction":0.552,"waterFraction":0.016,"simulated":true},"geometry":{"type":"Polygon","coordinates":[[[114.20359999999994,22.371199999999998],[114.20519999999993,22.371199999999998],[114.20519999999993,22.372799999999998],[114.20359999999994,22.372799999999998],[114.20359999999994,22.371199999999998]]]}},{"type":"Feature","properties":{"id":"lu-nt-sha-tin-02-17","class":"urban_open_space","vegetationFraction":0.352,"pavedFraction":0.388,"waterFraction":0.033,"simulated":true},"geometry":{"type":"Polygon","coordinates":[[[114.20519999999993,22.371199999999998],[114.20679999999993,22.371199999999998],[114.20679999999993,22.372799999999998],[114.20519999999993,22.372799999999998],[114.20519999999993,22.371199999999998]]]}},{"type":"Feature","properties":{"id":"lu-nt-sha-tin-02-18","class":"built_up","vegetationFraction":0.214,"pavedFraction":0.638,"waterFraction":0.028,"simulated":true},"geometry":{"type":"Polygon","coordinates":[[[114.20679999999993,22.371199999999998],[114.20839999999993,22.371199999999998],[114.20839999999993,22.372799999999998],[114.20679999999993,22.372799999999998],[114.20679999999993,22.371199999999998]]]}},{"type":"Feature","properties":{"id":"lu-nt-sha-tin-02-19","class":"urban_open_space","vegetationFraction":0.318,"pavedFraction":0.514,"waterFraction":0.018,"simulated":true},"geometry":{"type":"Polygon","coordinates":[[[114.20839999999993,22.371199999999998],[114.20999999999992,22.371199999999998],[114.20999999999992,22.372799999999998],[114.20839999999993,22.372799999999998],[114.20839999999993,22.371199999999998]]]}},{"type":"Feature","properties":{"id":"lu-nt-sha-tin-02-20","class":"urban_open_space","vegetationFraction":0.332,"pavedFraction":0.448,"waterFraction":0.025,"simulated":true},"geometry":{"type":"Polygon","coordinates":[[[114.20999999999992,22.371199999999998],[114.21159999999992,22.371199999999998],[114.21159999999992,22.372799999999998],[114.20999999999992,22.372799999999998],[114.20999999999992,22.371199999999998]]]}},{"type":"Feature","properties":{"id":"lu-nt-sha-tin-02-21","class":"urban_open_space","vegetationFraction":0.27,"pavedFraction":0.35,"waterFraction":0.042,"simulated":true},"geometry":{"type":"Polygon","coordinates":[[[114.21159999999992,22.371199999999998],[114.21319999999992,22.371199999999998],[114.21319999999992,22.372799999999998],[114.21159999999992,22.372799999999998],[114.21159999999992,22.371199999999998]]]}},{"type":"Feature","properties":{"id":"lu-nt-sha-tin-03-00","class":"urban_open_space","vegetationFraction":0.251,"pavedFraction":0.497,"waterFraction":0.041,"simulated":true},"geometry":{"type":"Polygon","coordinates":[[[114.178,22.372799999999998],[114.1796,22.372799999999998],[114.1796,22.374399999999998],[114.178,22.374399999999998],[114.178,22.372799999999998]]]}},{"type":"Feature","properties":{"id":"lu-nt-sha-tin-03-01","class":"built_up","vegetationFraction":0.215,"pavedFraction":0.472,"waterFraction":0.027,"simulated":true},"geometry":{"type":"Polygon","coordinates":[[[114.1796,22.372799999999998],[114.18119999999999,22.372799999999998],[114.18119999999999,22.374399999999998],[114.1796,22.374399999999998],[114.1796,22.372799999999998]]]}},{"type":"Feature","properties":{"id":"lu-nt-sha-tin-03-02","class":"built_up","vegetationFraction":0.206,"pavedFraction":0.431,"waterFraction":0.034,"simulated":true},"geometry":{"type":"Polygon","coordinates":[[[114.18119999999999,22.372799999999998],[114.18279999999999,22.372799999999998],[114.18279999999999,22.374399999999998],[114.18119999999999,22.374399999999998],[114.18119999999999,22.372799999999998]]]}},{"type":"Feature","properties":{"id":"lu-nt-sha-tin-03-03","class":"urban_open_space","vegetationFraction":0.288,"pavedFraction":0.416,"waterFraction":0.035,"simulated":true},"geometry":{"type":"Polygon","coordinates":[[[114.18279999999999,22.372799999999998],[114.18439999999998,22.372799999999998],[114.18439999999998,22.374399999999998],[114.18279999999999,22.374399999999998],[114.18279999999999,22.372799999999998]]]}},{"type":"Feature","properties":{"id":"lu-nt-sha-tin-03-04","class":"urban_open_space","vegetationFraction":0.334,"pavedFraction":0.363,"waterFraction":0.057,"simulated":true},"geometry":{"type":"Polygon","coordinates":[[[114.18439999999998,22.372799999999998],[114.18599999999998,22.372799999999998],[114.18599999999998,22.374399999999998],[114.18439999999998,22.374399999999998],[114.18439999999998,22.372799999999998]]]}},{"type":"Feature","properties":{"id":"lu-nt-sha-tin-03-05","class":"built_up","vegetationFraction":0.219,"pavedFraction":0.385,"waterFraction":0.046,"simulated":true},"geometry":{"type":"Polygon","coordinates":[[[114.18599999999998,22.372799999999998],[114.18759999999997,22.372799999999998],[114.18759999999997,22.374399999999998],[114.18599999999998,22.374399999999998],[114.18599999999998,22.372799999999998]]]}},{"type":"Feature","properties":{"id":"lu-nt-sha-tin-03-06","class":"urban_open_space","vegetationFraction":0.299,"pavedFraction":0.454,"waterFraction":0.027,"simulated":true},"geometry":{"type":"Polygon","coordinates":[[[114.18759999999997,22.372799999999998],[114.18919999999997,22.372799999999998],[114.18919999999997,22.374399999999998],[114.18759999999997,22.374399999999998],[114.18759999999997,22.372799999999998]]]}},{"type":"Feature","properties":{"id":"lu-nt-sha-tin-03-07","class":"urban_open_space","vegetationFraction":0.28,"pavedFraction":0.362,"waterFraction":0.02,"simulated":true},"geometry":{"type":"Polygon","coordinates":[[[114.18919999999997,22.372799999999998],[114.19079999999997,22.372799999999998],[114.19079999999997,22.374399999999998],[114.18919999999997,22.374399999999998],[114.18919999999997,22.372799999999998]]]}},{"type":"Feature","properties":{"id":"lu-nt-sha-tin-03-08","class":"urban_open_space","vegetationFraction":0.256,"pavedFraction":0.394,"waterFraction":0.046,"simulated":true},"geometry":{"type":"Polygon","coordinates":[[[114.19079999999997,22.372799999999998],[114.19239999999996,22.372799999999998],[114.19239999999996,22.374399999999998],[114.19079999999997,22.374399999999998],[114.19079999999997,22.372799999999998]]]}},{"type":"Feature","properties":{"id":"lu-nt-sha-tin-03-09","class":"green_space","vegetationFraction":0.78,"pavedFraction":0.1,"waterFraction":0.032,"simulated":true},"geometry":{"type":"Polygon","coordinates":[[[114.19239999999996,22.372799999999998],[114.19399999999996,22.372799999999998],[114.19399999999996,22.374399999999998],[114.19239999999996,22.374399999999998],[114.19239999999996,22.372799999999998]]]}},{"type":"Feature","properties":{"id":"lu-nt-sha-tin-03-10","class":"green_space","vegetationFraction":0.78,"pavedFraction":0.1,"waterFraction":0.016,"simulated":true},"geometry":{"type":"Polygon","coordinates":[[[114.19399999999996,22.372799999999998],[114.19559999999996,22.372799999999998],[114.19559999999996,22.374399999999998],[114.19399999999996,22.374399999999998],[114.19399999999996,22.372799999999998]]]}},{"type":"Feature","properties":{"id":"lu-nt-sha-tin-03-11","class":"green_space","vegetationFraction":0.78,"pavedFraction":0.1,"waterFraction":0.028,"simulated":true},"geometry":{"type":"Polygon","coordinates":[[[114.19559999999996,22.372799999999998],[114.19719999999995,22.372799999999998],[114.19719999999995,22.374399999999998],[114.19559999999996,22.374399999999998],[114.19559999999996,22.372799999999998]]]}},{"type":"Feature","properties":{"id":"lu-nt-sha-tin-03-12","class":"green_space","vegetationFraction":0.78,"pavedFraction":0.1,"waterFraction":0.016,"simulated":true},"geometry":{"type":"Polygon","coordinates":[[[114.19719999999995,22.372799999999998],[114.19879999999995,22.372799999999998],[114.19879999999995,22.374399999999998],[114.19719999999995,22.374399999999998],[114.19719999999995,22.372799999999998]]]}},{"type":"Feature","properties":{"id":"lu-nt-sha-tin-03-13","class":"green_space","vegetationFraction":0.78,"pavedFraction":0.1,"waterFraction":0.007,"simulated":true},"geometry":{"type":"Polygon","coordinates":[[[114.19879999999995,22.372799999999998],[114.20039999999995,22.372799999999998],[114.20039999999995,22.374399999999998],[114.19879999999995,22.374399999999998],[114.19879999999995,22.372799999999998]]]}},{"type":"Feature","properties":{"id":"lu-nt-sha-tin-03-14","class":"green_space","vegetationFraction":0.78,"pavedFraction":0.1,"waterFraction":0.033,"simulated":true},"geometry":{"type":"Polygon","coordinates":[[[114.20039999999995,22.372799999999998],[114.20199999999994,22.372799999999998],[114.20199999999994,22.374399999999998],[114.20039999999995,22.374399999999998],[114.20039999999995,22.372799999999998]]]}},{"type":"Feature","properties":{"id":"lu-nt-sha-tin-03-15","class":"green_space","vegetationFraction":0.407,"pavedFraction":0.39,"waterFraction":0.017,"simulated":true},"geometry":{"type":"Polygon","coordinates":[[[114.20199999999994,22.372799999999998],[114.20359999999994,22.372799999999998],[114.20359999999994,22.374399999999998],[114.20199999999994,22.374399999999998],[114.20199999999994,22.372799999999998]]]}},{"type":"Feature","properties":{"id":"lu-nt-sha-tin-03-16","class":"urban_open_space","vegetationFraction":0.348,"pavedFraction":0.642,"waterFraction":0.024,"simulated":true},"geometry":{"type":"Polygon","coordinates":[[[114.20359999999994,22.372799999999998],[114.20519999999993,22.372799999999998],[114.20519999999993,22.374399999999998],[114.20359999999994,22.374399999999998],[114.20359999999994,22.372799999999998]]]}},{"type":"Feature","properties":{"id":"lu-nt-sha-tin-03-17","class":"built_up","vegetationFraction":0.227,"pavedFraction":0.369,"waterFraction":0.02,"simulated":true},"geometry":{"type":"Polygon","coordinates":[[[114.20519999999993,22.372799999999998],[114.20679999999993,22.372799999999998],[114.20679999999993,22.374399999999998],[114.20519999999993,22.374399999999998],[114.20519999999993,22.372799999999998]]]}},{"type":"Feature","properties":{"id":"lu-nt-sha-tin-03-18","class":"urban_open_space","vegetationFraction":0.29,"pavedFraction":0.355,"waterFraction":0.051,"simulated":true},"geometry":{"type":"Polygon","coordinates":[[[114.20679999999993,22.372799999999998],[114.20839999999993,22.372799999999998],[114.20839999999993,22.374399999999998],[114.20679999999993,22.374399999999998],[114.20679999999993,22.372799999999998]]]}},{"type":"Feature","properties":{"id":"lu-nt-sha-tin-03-19","class":"urban_open_space","vegetationFraction":0.374,"pavedFraction":0.645,"waterFraction":0.045,"simulated":true},"geometry":{"type":"Polygon","coordinates":[[[114.20839999999993,22.372799999999998],[114.20999999999992,22.372799999999998],[114.20999999999992,22.374399999999998],[114.20839999999993,22.374399999999998],[114.20839999999993,22.372799999999998]]]}},{"type":"Feature","properties":{"id":"lu-nt-sha-tin-03-20","class":"urban_open_space","vegetationFraction":0.344,"pavedFraction":0.382,"waterFraction":0.025,"simulated":true},"geometry":{"type":"Polygon","coordinates":[[[114.20999999999992,22.372799999999998],[114.21159999999992,22.372799999999998],[114.21159999999992,22.374399999999998],[114.20999999999992,22.374399999999998],[114.20999999999992,22.372799999999998]]]}},{"type":"Feature","properties":{"id":"lu-nt-sha-tin-03-21","class":"green_space","vegetationFraction":0.441,"pavedFraction":0.538,"waterFraction":0.037,"simulated":true},"geometry":{"type":"Polygon","coordinates":[[[114.21159999999992,22.372799999999998],[114.21319999999992,22.372799999999998],[114.21319999999992,22.374399999999998],[114.21159999999992,22.374399999999998],[114.21159999999992,22.372799999999998]]]}},{"type":"Feature","properties":{"id":"lu-nt-sha-tin-04-00","class":"green_space","vegetationFraction":0.446,"pavedFraction":0.556,"waterFraction":0.02,"simulated":true},"geometry":{"type":"Polygon","coordinates":[[[114.178,22.374399999999998],[114.1796,22.374399999999998],[114.1796,22.375999999999998],[114.178,22.375999999999998],[114.178,22.374399999999998]]]}},{"type":"Feature","properties":{"id":"lu-nt-sha-tin-04-01","class":"urban_open_space","vegetationFraction":0.382,"pavedFraction":0.35,"waterFraction":0.016,"simulated":true},"geometry":{"type":"Polygon","coordinates":[[[114.1796,22.374399999999998],[114.18119999999999,22.374399999999998],[114.18119999999999,22.375999999999998],[114.1796,22.375999999999998],[114.1796,22.374399999999998]]]}},{"type":"Feature","properties":{"id":"lu-nt-sha-tin-04-02","class":"urban_open_space","vegetationFraction":0.324,"pavedFraction":0.548,"waterFraction":0.032,"simulated":true},"geometry":{"type":"Polygon","coordinates":[[[114.18119999999999,22.374399999999998],[114.18279999999999,22.374399999999998],[114.18279999999999,22.375999999999998],[114.18119999999999,22.375999999999998],[114.18119999999999,22.374399999999998]]]}},{"type":"Feature","properties":{"id":"lu-nt-sha-tin-04-03","class":"urban_open_space","vegetationFraction":0.381,"pavedFraction":0.625,"waterFraction":0.04,"simulated":true},"geometry":{"type":"Polygon","coordinates":[[[114.18279999999999,22.374399999999998],[114.18439999999998,22.374399999999998],[114.18439999999998,22.375999999999998],[114.18279999999999,22.375999999999998],[114.18279999999999,22.374399999999998]]]}},{"type":"Feature","properties":{"id":"lu-nt-sha-tin-04-04","class":"green_space","vegetationFraction":0.444,"pavedFraction":0.506,"waterFraction":0.013,"simulated":true},"geometry":{"type":"Polygon","coordinates":[[[114.18439999999998,22.374399999999998],[114.18599999999998,22.374399999999998],[114.18599999999998,22.375999999999998],[114.18439999999998,22.375999999999998],[114.18439999999998,22.374399999999998]]]}},{"type":"Feature","properties":{"id":"lu-nt-sha-tin-04-05","class":"green_space","vegetationFraction":0.421,"pavedFraction":0.494,"waterFraction":0.008,"simulated":true},"geometry":{"type":"Polygon","coordinates":[[[114.18599999999998,22.374399999999998],[114.18759999999997,22.374399999999998],[114.18759999999997,22.375999999999998],[114.18599999999998,22.375999999999998],[114.18599999999998,22.374399999999998]]]}},{"type":"Feature","properties":{"id":"lu-nt-sha-tin-04-06","class":"urban_open_space","vegetationFraction":0.328,"pavedFraction":0.457,"waterFraction":0.018,"simulated":true},"geometry":{"type":"Polygon","coordinates":[[[114.18759999999997,22.374399999999998],[114.18919999999997,22.374399999999998],[114.18919999999997,22.375999999999998],[114.18759999999997,22.375999999999998],[114.18759999999997,22.374399999999998]]]}},{"type":"Feature","properties":{"id":"lu-nt-sha-tin-04-07","class":"green_space","vegetationFraction":0.411,"pavedFraction":0.643,"waterFraction":0.056,"simulated":true},"geometry":{"type":"Polygon","coordinates":[[[114.18919999999997,22.374399999999998],[114.19079999999997,22.374399999999998],[114.19079999999997,22.375999999999998],[114.18919999999997,22.375999999999998],[114.18919999999997,22.374399999999998]]]}},{"type":"Feature","properties":{"id":"lu-nt-sha-tin-04-08","class":"green_space","vegetationFraction":0.415,"pavedFraction":0.502,"waterFraction":0.039,"simulated":true},"geometry":{"type":"Polygon","coordinates":[[[114.19079999999997,22.374399999999998],[114.19239999999996,22.374399999999998],[114.19239999999996,22.375999999999998],[114.19079999999997,22.375999999999998],[114.19079999999997,22.374399999999998]]]}},{"type":"Feature","properties":{"id":"lu-nt-sha-tin-04-09","class":"green_space","vegetationFraction":0.78,"pavedFraction":0.1,"waterFraction":0.033,"simulated":true},"geometry":{"type":"Polygon","coordinates":[[[114.19239999999996,22.374399999999998],[114.19399999999996,22.374399999999998],[114.19399999999996,22.375999999999998],[114.19239999999996,22.375999999999998],[114.19239999999996,22.374399999999998]]]}},{"type":"Feature","properties":{"id":"lu-nt-sha-tin-04-10","class":"green_space","vegetationFraction":0.78,"pavedFraction":0.1,"waterFraction":0.05,"simulated":true},"geometry":{"type":"Polygon","coordinates":[[[114.19399999999996,22.374399999999998],[114.19559999999996,22.374399999999998],[114.19559999999996,22.375999999999998],[114.19399999999996,22.375999999999998],[114.19399999999996,22.374399999999998]]]}},{"type":"Feature","properties":{"id":"lu-nt-sha-tin-04-11","class":"green_space","vegetationFraction":0.78,"pavedFraction":0.1,"waterFraction":0.022,"simulated":true},"geometry":{"type":"Polygon","coordinates":[[[114.19559999999996,22.374399999999998],[114.19719999999995,22.374399999999998],[114.19719999999995,22.375999999999998],[114.19559999999996,22.375999999999998],[114.19559999999996,22.374399999999998]]]}},{"type":"Feature","properties":{"id":"lu-nt-sha-tin-04-12","class":"green_space","vegetationFraction":0.78,"pavedFraction":0.1,"waterFraction":0.006,"simulated":true},"geometry":{"type":"Polygon","coordinates":[[[114.19719999999995,22.374399999999998],[114.19879999999995,22.374399999999998],[114.19879999999995,22.375999999999998],[114.19719999999995,22.375999999999998],[114.19719999999995,22.374399999999998]]]}},{"type":"Feature","properties":{"id":"lu-nt-sha-tin-04-13","class":"green_space","vegetationFraction":0.78,"pavedFraction":0.1,"waterFraction":0.007,"simulated":true},"geometry":{"type":"Polygon","coordinates":[[[114.19879999999995,22.374399999999998],[114.20039999999995,22.374399999999998],[114.20039999999995,22.375999999999998],[114.19879999999995,22.375999999999998],[114.19879999999995,22.374399999999998]]]}},{"type":"Feature","properties":{"id":"lu-nt-sha-tin-04-14","class":"green_space","vegetationFraction":0.78,"pavedFraction":0.1,"waterFraction":0.003,"simulated":true},"geometry":{"type":"Polygon","coordinates":[[[114.20039999999995,22.374399999999998],[114.20199999999994,22.374399999999998],[114.20199999999994,22.375999999999998],[114.20039999999995,22.375999999999998],[114.20039999999995,22.374399999999998]]]}},{"type":"Feature","properties":{"id":"lu-nt-sha-tin-04-15","class":"urban_open_space","vegetationFraction":0.34,"pavedFraction":0.496,"waterFraction":0.013,"simulated":true},"geometry":{"type":"Polygon","coordinates":[[[114.20199999999994,22.374399999999998],[114.20359999999994,22.374399999999998],[114.20359999999994,22.375999999999998],[114.20199999999994,22.375999999999998],[114.20199999999994,22.374399999999998]]]}},{"type":"Feature","properties":{"id":"lu-nt-sha-tin-04-16","class":"built_up","vegetationFraction":0.225,"pavedFraction":0.476,"waterFraction":0.017,"simulated":true},"geometry":{"type":"Polygon","coordinates":[[[114.20359999999994,22.374399999999998],[114.20519999999993,22.374399999999998],[114.20519999999993,22.375999999999998],[114.20359999999994,22.375999999999998],[114.20359999999994,22.374399999999998]]]}},{"type":"Feature","properties":{"id":"lu-nt-sha-tin-04-17","class":"built_up","vegetationFraction":0.231,"pavedFraction":0.356,"waterFraction":0.034,"simulated":true},"geometry":{"type":"Polygon","coordinates":[[[114.20519999999993,22.374399999999998],[114.20679999999993,22.374399999999998],[114.20679999999993,22.375999999999998],[114.20519999999993,22.375999999999998],[114.20519999999993,22.374399999999998]]]}},{"type":"Feature","properties":{"id":"lu-nt-sha-tin-04-18","class":"built_up","vegetationFraction":0.219,"pavedFraction":0.623,"waterFraction":0.037,"simulated":true},"geometry":{"type":"Polygon","coordinates":[[[114.20679999999993,22.374399999999998],[114.20839999999993,22.374399999999998],[114.20839999999993,22.375999999999998],[114.20679999999993,22.375999999999998],[114.20679999999993,22.374399999999998]]]}},{"type":"Feature","properties":{"id":"lu-nt-sha-tin-04-19","class":"green_space","vegetationFraction":0.423,"pavedFraction":0.429,"waterFraction":0.025,"simulated":true},"geometry":{"type":"Polygon","coordinates":[[[114.20839999999993,22.374399999999998],[114.20999999999992,22.374399999999998],[114.20999999999992,22.375999999999998],[114.20839999999993,22.375999999999998],[114.20839999999993,22.374399999999998]]]}},{"type":"Feature","properties":{"id":"lu-nt-sha-tin-04-20","class":"urban_open_space","vegetationFraction":0.309,"pavedFraction":0.51,"waterFraction":0.052,"simulated":true},"geometry":{"type":"Polygon","coordinates":[[[114.20999999999992,22.374399999999998],[114.21159999999992,22.374399999999998],[114.21159999999992,22.375999999999998],[114.20999999999992,22.375999999999998],[114.20999999999992,22.374399999999998]]]}},{"type":"Feature","properties":{"id":"lu-nt-sha-tin-04-21","class":"urban_open_space","vegetationFraction":0.37,"pavedFraction":0.577,"waterFraction":0.036,"simulated":true},"geometry":{"type":"Polygon","coordinates":[[[114.21159999999992,22.374399999999998],[114.21319999999992,22.374399999999998],[114.21319999999992,22.375999999999998],[114.21159999999992,22.375999999999998],[114.21159999999992,22.374399999999998]]]}},{"type":"Feature","properties":{"id":"lu-nt-sha-tin-05-00","class":"urban_open_space","vegetationFraction":0.275,"pavedFraction":0.574,"waterFraction":0.045,"simulated":true},"geometry":{"type":"Polygon","coordinates":[[[114.178,22.375999999999998],[114.1796,22.375999999999998],[114.1796,22.377599999999997],[114.178,22.377599999999997],[114.178,22.375999999999998]]]}},{"type":"Feature","properties":{"id":"lu-nt-sha-tin-05-01","class":"urban_open_space","vegetationFraction":0.314,"pavedFraction":0.462,"waterFraction":0.014,"simulated":true},"geometry":{"type":"Polygon","coordinates":[[[114.1796,22.375999999999998],[114.18119999999999,22.375999999999998],[114.18119999999999,22.377599999999997],[114.1796,22.377599999999997],[114.1796,22.375999999999998]]]}},{"type":"Feature","properties":{"id":"lu-nt-sha-tin-05-02","class":"urban_open_space","vegetationFraction":0.305,"pavedFraction":0.603,"waterFraction":0.059,"simulated":true},"geometry":{"type":"Polygon","coordinates":[[[114.18119999999999,22.375999999999998],[114.18279999999999,22.375999999999998],[114.18279999999999,22.377599999999997],[114.18119999999999,22.377599999999997],[114.18119999999999,22.375999999999998]]]}},{"type":"Feature","properties":{"id":"lu-nt-sha-tin-05-03","class":"green_space","vegetationFraction":0.421,"pavedFraction":0.464,"waterFraction":0.029,"simulated":true},"geometry":{"type":"Polygon","coordinates":[[[114.18279999999999,22.375999999999998],[114.18439999999998,22.375999999999998],[114.18439999999998,22.377599999999997],[114.18279999999999,22.377599999999997],[114.18279999999999,22.375999999999998]]]}},{"type":"Feature","properties":{"id":"lu-nt-sha-tin-05-04","class":"urban_open_space","vegetationFraction":0.381,"pavedFraction":0.378,"waterFraction":0.044,"simulated":true},"geometry":{"type":"Polygon","coordinates":[[[114.18439999999998,22.375999999999998],[114.18599999999998,22.375999999999998],[114.18599999999998,22.377599999999997],[114.18439999999998,22.377599999999997],[114.18439999999998,22.375999999999998]]]}},{"type":"Feature","properties":{"id":"lu-nt-sha-tin-05-05","class":"urban_open_space","vegetationFraction":0.38,"pavedFraction":0.469,"waterFraction":0.044,"simulated":true},"geometry":{"type":"Polygon","coordinates":[[[114.18599999999998,22.375999999999998],[114.18759999999997,22.375999999999998],[114.18759999999997,22.377599999999997],[114.18599999999998,22.377599999999997],[114.18599999999998,22.375999999999998]]]}},{"type":"Feature","properties":{"id":"lu-nt-sha-tin-05-06","class":"urban_open_space","vegetationFraction":0.317,"pavedFraction":0.415,"waterFraction":0.017,"simulated":true},"geometry":{"type":"Polygon","coordinates":[[[114.18759999999997,22.375999999999998],[114.18919999999997,22.375999999999998],[114.18919999999997,22.377599999999997],[114.18759999999997,22.377599999999997],[114.18759999999997,22.375999999999998]]]}},{"type":"Feature","properties":{"id":"lu-nt-sha-tin-05-07","class":"built_up","vegetationFraction":0.218,"pavedFraction":0.616,"waterFraction":0.03,"simulated":true},"geometry":{"type":"Polygon","coordinates":[[[114.18919999999997,22.375999999999998],[114.19079999999997,22.375999999999998],[114.19079999999997,22.377599999999997],[114.18919999999997,22.377599999999997],[114.18919999999997,22.375999999999998]]]}},{"type":"Feature","properties":{"id":"lu-nt-sha-tin-05-08","class":"urban_open_space","vegetationFraction":0.387,"pavedFraction":0.457,"waterFraction":0.041,"simulated":true},"geometry":{"type":"Polygon","coordinates":[[[114.19079999999997,22.375999999999998],[114.19239999999996,22.375999999999998],[114.19239999999996,22.377599999999997],[114.19079999999997,22.377599999999997],[114.19079999999997,22.375999999999998]]]}},{"type":"Feature","properties":{"id":"lu-nt-sha-tin-05-09","class":"green_space","vegetationFraction":0.78,"pavedFraction":0.1,"waterFraction":0.006,"simulated":true},"geometry":{"type":"Polygon","coordinates":[[[114.19239999999996,22.375999999999998],[114.19399999999996,22.375999999999998],[114.19399999999996,22.377599999999997],[114.19239999999996,22.377599999999997],[114.19239999999996,22.375999999999998]]]}},{"type":"Feature","properties":{"id":"lu-nt-sha-tin-05-10","class":"green_space","vegetationFraction":0.78,"pavedFraction":0.1,"waterFraction":0.027,"simulated":true},"geometry":{"type":"Polygon","coordinates":[[[114.19399999999996,22.375999999999998],[114.19559999999996,22.375999999999998],[114.19559999999996,22.377599999999997],[114.19399999999996,22.377599999999997],[114.19399999999996,22.375999999999998]]]}},{"type":"Feature","properties":{"id":"lu-nt-sha-tin-05-11","class":"green_space","vegetationFraction":0.78,"pavedFraction":0.1,"waterFraction":0.031,"simulated":true},"geometry":{"type":"Polygon","coordinates":[[[114.19559999999996,22.375999999999998],[114.19719999999995,22.375999999999998],[114.19719999999995,22.377599999999997],[114.19559999999996,22.377599999999997],[114.19559999999996,22.375999999999998]]]}},{"type":"Feature","properties":{"id":"lu-nt-sha-tin-05-12","class":"green_space","vegetationFraction":0.78,"pavedFraction":0.1,"waterFraction":0.028,"simulated":true},"geometry":{"type":"Polygon","coordinates":[[[114.19719999999995,22.375999999999998],[114.19879999999995,22.375999999999998],[114.19879999999995,22.377599999999997],[114.19719999999995,22.377599999999997],[114.19719999999995,22.375999999999998]]]}},{"type":"Feature","properties":{"id":"lu-nt-sha-tin-05-13","class":"green_space","vegetationFraction":0.78,"pavedFraction":0.1,"waterFraction":0.024,"simulated":true},"geometry":{"type":"Polygon","coordinates":[[[114.19879999999995,22.375999999999998],[114.20039999999995,22.375999999999998],[114.20039999999995,22.377599999999997],[114.19879999999995,22.377599999999997],[114.19879999999995,22.375999999999998]]]}},{"type":"Feature","properties":{"id":"lu-nt-sha-tin-05-14","class":"green_space","vegetationFraction":0.78,"pavedFraction":0.1,"waterFraction":0.016,"simulated":true},"geometry":{"type":"Polygon","coordinates":[[[114.20039999999995,22.375999999999998],[114.20199999999994,22.375999999999998],[114.20199999999994,22.377599999999997],[114.20039999999995,22.377599999999997],[114.20039999999995,22.375999999999998]]]}},{"type":"Feature","properties":{"id":"lu-nt-sha-tin-05-15","class":"urban_open_space","vegetationFraction":0.293,"pavedFraction":0.524,"waterFraction":0.017,"simulated":true},"geometry":{"type":"Polygon","coordinates":[[[114.20199999999994,22.375999999999998],[114.20359999999994,22.375999999999998],[114.20359999999994,22.377599999999997],[114.20199999999994,22.377599999999997],[114.20199999999994,22.375999999999998]]]}},{"type":"Feature","properties":{"id":"lu-nt-sha-tin-05-16","class":"urban_open_space","vegetationFraction":0.322,"pavedFraction":0.449,"waterFraction":0.05,"simulated":true},"geometry":{"type":"Polygon","coordinates":[[[114.20359999999994,22.375999999999998],[114.20519999999993,22.375999999999998],[114.20519999999993,22.377599999999997],[114.20359999999994,22.377599999999997],[114.20359999999994,22.375999999999998]]]}},{"type":"Feature","properties":{"id":"lu-nt-sha-tin-05-17","class":"green_space","vegetationFraction":0.412,"pavedFraction":0.399,"waterFraction":0.024,"simulated":true},"geometry":{"type":"Polygon","coordinates":[[[114.20519999999993,22.375999999999998],[114.20679999999993,22.375999999999998],[114.20679999999993,22.377599999999997],[114.20519999999993,22.377599999999997],[114.20519999999993,22.375999999999998]]]}},{"type":"Feature","properties":{"id":"lu-nt-sha-tin-05-18","class":"urban_open_space","vegetationFraction":0.288,"pavedFraction":0.411,"waterFraction":0.021,"simulated":true},"geometry":{"type":"Polygon","coordinates":[[[114.20679999999993,22.375999999999998],[114.20839999999993,22.375999999999998],[114.20839999999993,22.377599999999997],[114.20679999999993,22.377599999999997],[114.20679999999993,22.375999999999998]]]}},{"type":"Feature","properties":{"id":"lu-nt-sha-tin-05-19","class":"urban_open_space","vegetationFraction":0.255,"pavedFraction":0.475,"waterFraction":0.035,"simulated":true},"geometry":{"type":"Polygon","coordinates":[[[114.20839999999993,22.375999999999998],[114.20999999999992,22.375999999999998],[114.20999999999992,22.377599999999997],[114.20839999999993,22.377599999999997],[114.20839999999993,22.375999999999998]]]}},{"type":"Feature","properties":{"id":"lu-nt-sha-tin-05-20","class":"green_space","vegetationFraction":0.417,"pavedFraction":0.522,"waterFraction":0.014,"simulated":true},"geometry":{"type":"Polygon","coordinates":[[[114.20999999999992,22.375999999999998],[114.21159999999992,22.375999999999998],[114.21159999999992,22.377599999999997],[114.20999999999992,22.377599999999997],[114.20999999999992,22.375999999999998]]]}},{"type":"Feature","properties":{"id":"lu-nt-sha-tin-05-21","class":"urban_open_space","vegetationFraction":0.284,"pavedFraction":0.356,"waterFraction":0.014,"simulated":true},"geometry":{"type":"Polygon","coordinates":[[[114.21159999999992,22.375999999999998],[114.21319999999992,22.375999999999998],[114.21319999999992,22.377599999999997],[114.21159999999992,22.377599999999997],[114.21159999999992,22.375999999999998]]]}},{"type":"Feature","properties":{"id":"lu-nt-sha-tin-06-00","class":"urban_open_space","vegetationFraction":0.302,"pavedFraction":0.626,"waterFraction":0.028,"simulated":true},"geometry":{"type":"Polygon","coordinates":[[[114.178,22.377599999999997],[114.1796,22.377599999999997],[114.1796,22.379199999999997],[114.178,22.379199999999997],[114.178,22.377599999999997]]]}},{"type":"Feature","properties":{"id":"lu-nt-sha-tin-06-01","class":"urban_open_space","vegetationFraction":0.267,"pavedFraction":0.382,"waterFraction":0.049,"simulated":true},"geometry":{"type":"Polygon","coordinates":[[[114.1796,22.377599999999997],[114.18119999999999,22.377599999999997],[114.18119999999999,22.379199999999997],[114.1796,22.379199999999997],[114.1796,22.377599999999997]]]}},{"type":"Feature","properties":{"id":"lu-nt-sha-tin-06-02","class":"green_space","vegetationFraction":0.44,"pavedFraction":0.612,"waterFraction":0.006,"simulated":true},"geometry":{"type":"Polygon","coordinates":[[[114.18119999999999,22.377599999999997],[114.18279999999999,22.377599999999997],[114.18279999999999,22.379199999999997],[114.18119999999999,22.379199999999997],[114.18119999999999,22.377599999999997]]]}},{"type":"Feature","properties":{"id":"lu-nt-sha-tin-06-03","class":"green_space","vegetationFraction":0.407,"pavedFraction":0.566,"waterFraction":0.024,"simulated":true},"geometry":{"type":"Polygon","coordinates":[[[114.18279999999999,22.377599999999997],[114.18439999999998,22.377599999999997],[114.18439999999998,22.379199999999997],[114.18279999999999,22.379199999999997],[114.18279999999999,22.377599999999997]]]}},{"type":"Feature","properties":{"id":"lu-nt-sha-tin-06-04","class":"urban_open_space","vegetationFraction":0.377,"pavedFraction":0.496,"waterFraction":0.059,"simulated":true},"geometry":{"type":"Polygon","coordinates":[[[114.18439999999998,22.377599999999997],[114.18599999999998,22.377599999999997],[114.18599999999998,22.379199999999997],[114.18439999999998,22.379199999999997],[114.18439999999998,22.377599999999997]]]}},{"type":"Feature","properties":{"id":"lu-nt-sha-tin-06-05","class":"urban_open_space","vegetationFraction":0.358,"pavedFraction":0.517,"waterFraction":0.049,"simulated":true},"geometry":{"type":"Polygon","coordinates":[[[114.18599999999998,22.377599999999997],[114.18759999999997,22.377599999999997],[114.18759999999997,22.379199999999997],[114.18599999999998,22.379199999999997],[114.18599999999998,22.377599999999997]]]}},{"type":"Feature","properties":{"id":"lu-nt-sha-tin-06-06","class":"built_up","vegetationFraction":0.244,"pavedFraction":0.449,"waterFraction":0.05,"simulated":true},"geometry":{"type":"Polygon","coordinates":[[[114.18759999999997,22.377599999999997],[114.18919999999997,22.377599999999997],[114.18919999999997,22.379199999999997],[114.18759999999997,22.379199999999997],[114.18759999999997,22.377599999999997]]]}},{"type":"Feature","properties":{"id":"lu-nt-sha-tin-06-07","class":"urban_open_space","vegetationFraction":0.316,"pavedFraction":0.551,"waterFraction":0.056,"simulated":true},"geometry":{"type":"Polygon","coordinates":[[[114.18919999999997,22.377599999999997],[114.19079999999997,22.377599999999997],[114.19079999999997,22.379199999999997],[114.18919999999997,22.379199999999997],[114.18919999999997,22.377599999999997]]]}},{"type":"Feature","properties":{"id":"lu-nt-sha-tin-06-08","class":"urban_open_space","vegetationFraction":0.339,"pavedFraction":0.495,"waterFraction":0.045,"simulated":true},"geometry":{"type":"Polygon","coordinates":[[[114.19079999999997,22.377599999999997],[114.19239999999996,22.377599999999997],[114.19239999999996,22.379199999999997],[114.19079999999997,22.379199999999997],[114.19079999999997,22.377599999999997]]]}},{"type":"Feature","properties":{"id":"lu-nt-sha-tin-06-09","class":"green_space","vegetationFraction":0.78,"pavedFraction":0.1,"waterFraction":0.004,"simulated":true},"geometry":{"type":"Polygon","coordinates":[[[114.19239999999996,22.377599999999997],[114.19399999999996,22.377599999999997],[114.19399999999996,22.379199999999997],[114.19239999999996,22.379199999999997],[114.19239999999996,22.377599999999997]]]}},{"type":"Feature","properties":{"id":"lu-nt-sha-tin-06-10","class":"green_space","vegetationFraction":0.78,"pavedFraction":0.1,"waterFraction":0.05,"simulated":true},"geometry":{"type":"Polygon","coordinates":[[[114.19399999999996,22.377599999999997],[114.19559999999996,22.377599999999997],[114.19559999999996,22.379199999999997],[114.19399999999996,22.379199999999997],[114.19399999999996,22.377599999999997]]]}},{"type":"Feature","properties":{"id":"lu-nt-sha-tin-06-11","class":"green_space","vegetationFraction":0.78,"pavedFraction":0.1,"waterFraction":0.019,"simulated":true},"geometry":{"type":"Polygon","coordinates":[[[114.19559999999996,22.377599999999997],[114.19719999999995,22.377599999999997],[114.19719999999995,22.379199999999997],[114.19559999999996,22.379199999999997],[114.19559999999996,22.377599999999997]]]}},{"type":"Feature","properties":{"id":"lu-nt-sha-tin-06-12","class":"green_space","vegetationFraction":0.78,"pavedFraction":0.1,"waterFraction":0.018,"simulated":true},"geometry":{"type":"Polygon","coordinates":[[[114.19719999999995,22.377599999999997],[114.19879999999995,22.377599999999997],[114.19879999999995,22.379199999999997],[114.19719999999995,22.379199999999997],[114.19719999999995,22.377599999999997]]]}},{"type":"Feature","properties":{"id":"lu-nt-sha-tin-06-13","class":"green_space","vegetationFraction":0.78,"pavedFraction":0.1,"waterFraction":0.033,"simulated":true},"geometry":{"type":"Polygon","coordinates":[[[114.19879999999995,22.377599999999997],[114.20039999999995,22.377599999999997],[114.20039999999995,22.379199999999997],[114.19879999999995,22.379199999999997],[114.19879999999995,22.377599999999997]]]}},{"type":"Feature","properties":{"id":"lu-nt-sha-tin-06-14","class":"green_space","vegetationFraction":0.78,"pavedFraction":0.1,"waterFraction":0.023,"simulated":true},"geometry":{"type":"Polygon","coordinates":[[[114.20039999999995,22.377599999999997],[114.20199999999994,22.377599999999997],[114.20199999999994,22.379199999999997],[114.20039999999995,22.379199999999997],[114.20039999999995,22.377599999999997]]]}},{"type":"Feature","properties":{"id":"lu-nt-sha-tin-06-15","class":"urban_open_space","vegetationFraction":0.39,"pavedFraction":0.352,"waterFraction":0.028,"simulated":true},"geometry":{"type":"Polygon","coordinates":[[[114.20199999999994,22.377599999999997],[114.20359999999994,22.377599999999997],[114.20359999999994,22.379199999999997],[114.20199999999994,22.379199999999997],[114.20199999999994,22.377599999999997]]]}},{"type":"Feature","properties":{"id":"lu-nt-sha-tin-06-16","class":"built_up","vegetationFraction":0.204,"pavedFraction":0.506,"waterFraction":0.022,"simulated":true},"geometry":{"type":"Polygon","coordinates":[[[114.20359999999994,22.377599999999997],[114.20519999999993,22.377599999999997],[114.20519999999993,22.379199999999997],[114.20359999999994,22.379199999999997],[114.20359999999994,22.377599999999997]]]}},{"type":"Feature","properties":{"id":"lu-nt-sha-tin-06-17","class":"built_up","vegetationFraction":0.201,"pavedFraction":0.497,"waterFraction":0.006,"simulated":true},"geometry":{"type":"Polygon","coordinates":[[[114.20519999999993,22.377599999999997],[114.20679999999993,22.377599999999997],[114.20679999999993,22.379199999999997],[114.20519999999993,22.379199999999997],[114.20519999999993,22.377599999999997]]]}},{"type":"Feature","properties":{"id":"lu-nt-sha-tin-06-18","class":"green_space","vegetationFraction":0.436,"pavedFraction":0.616,"waterFraction":0.016,"simulated":true},"geometry":{"type":"Polygon","coordinates":[[[114.20679999999993,22.377599999999997],[114.20839999999993,22.377599999999997],[114.20839999999993,22.379199999999997],[114.20679999999993,22.379199999999997],[114.20679999999993,22.377599999999997]]]}},{"type":"Feature","properties":{"id":"lu-nt-sha-tin-06-19","class":"built_up","vegetationFraction":0.244,"pavedFraction":0.596,"waterFraction":0.002,"simulated":true},"geometry":{"type":"Polygon","coordinates":[[[114.20839999999993,22.377599999999997],[114.20999999999992,22.377599999999997],[114.20999999999992,22.379199999999997],[114.20839999999993,22.379199999999997],[114.20839999999993,22.377599999999997]]]}},{"type":"Feature","properties":{"id":"lu-nt-sha-tin-06-20","class":"urban_open_space","vegetationFraction":0.253,"pavedFraction":0.594,"waterFraction":0.029,"simulated":true},"geometry":{"type":"Polygon","coordinates":[[[114.20999999999992,22.377599999999997],[114.21159999999992,22.377599999999997],[114.21159999999992,22.379199999999997],[114.20999999999992,22.379199999999997],[114.20999999999992,22.377599999999997]]]}},{"type":"Feature","properties":{"id":"lu-nt-sha-tin-06-21","class":"urban_open_space","vegetationFraction":0.374,"pavedFraction":0.554,"waterFraction":0.038,"simulated":true},"geometry":{"type":"Polygon","coordinates":[[[114.21159999999992,22.377599999999997],[114.21319999999992,22.377599999999997],[114.21319999999992,22.379199999999997],[114.21159999999992,22.379199999999997],[114.21159999999992,22.377599999999997]]]}},{"type":"Feature","properties":{"id":"lu-nt-sha-tin-07-00","class":"urban_open_space","vegetationFraction":0.271,"pavedFraction":0.615,"waterFraction":0.016,"simulated":true},"geometry":{"type":"Polygon","coordinates":[[[114.178,22.379199999999997],[114.1796,22.379199999999997],[114.1796,22.380799999999997],[114.178,22.380799999999997],[114.178,22.379199999999997]]]}},{"type":"Feature","properties":{"id":"lu-nt-sha-tin-07-01","class":"urban_open_space","vegetationFraction":0.275,"pavedFraction":0.431,"waterFraction":0.048,"simulated":true},"geometry":{"type":"Polygon","coordinates":[[[114.1796,22.379199999999997],[114.18119999999999,22.379199999999997],[114.18119999999999,22.380799999999997],[114.1796,22.380799999999997],[114.1796,22.379199999999997]]]}},{"type":"Feature","properties":{"id":"lu-nt-sha-tin-07-02","class":"urban_open_space","vegetationFraction":0.312,"pavedFraction":0.504,"waterFraction":0.019,"simulated":true},"geometry":{"type":"Polygon","coordinates":[[[114.18119999999999,22.379199999999997],[114.18279999999999,22.379199999999997],[114.18279999999999,22.380799999999997],[114.18119999999999,22.380799999999997],[114.18119999999999,22.379199999999997]]]}},{"type":"Feature","properties":{"id":"lu-nt-sha-tin-07-03","class":"built_up","vegetationFraction":0.206,"pavedFraction":0.363,"waterFraction":0.021,"simulated":true},"geometry":{"type":"Polygon","coordinates":[[[114.18279999999999,22.379199999999997],[114.18439999999998,22.379199999999997],[114.18439999999998,22.380799999999997],[114.18279999999999,22.380799999999997],[114.18279999999999,22.379199999999997]]]}},{"type":"Feature","properties":{"id":"lu-nt-sha-tin-07-04","class":"green_space","vegetationFraction":0.424,"pavedFraction":0.383,"waterFraction":0.049,"simulated":true},"geometry":{"type":"Polygon","coordinates":[[[114.18439999999998,22.379199999999997],[114.18599999999998,22.379199999999997],[114.18599999999998,22.380799999999997],[114.18439999999998,22.380799999999997],[114.18439999999998,22.379199999999997]]]}},{"type":"Feature","properties":{"id":"lu-nt-sha-tin-07-05","class":"urban_open_space","vegetationFraction":0.255,"pavedFraction":0.468,"waterFraction":0.021,"simulated":true},"geometry":{"type":"Polygon","coordinates":[[[114.18599999999998,22.379199999999997],[114.18759999999997,22.379199999999997],[114.18759999999997,22.380799999999997],[114.18599999999998,22.380799999999997],[114.18599999999998,22.379199999999997]]]}},{"type":"Feature","properties":{"id":"lu-nt-sha-tin-07-06","class":"urban_open_space","vegetationFraction":0.341,"pavedFraction":0.439,"waterFraction":0.05,"simulated":true},"geometry":{"type":"Polygon","coordinates":[[[114.18759999999997,22.379199999999997],[114.18919999999997,22.379199999999997],[114.18919999999997,22.380799999999997],[114.18759999999997,22.380799999999997],[114.18759999999997,22.379199999999997]]]}},{"type":"Feature","properties":{"id":"lu-nt-sha-tin-07-07","class":"urban_open_space","vegetationFraction":0.333,"pavedFraction":0.611,"waterFraction":0.036,"simulated":true},"geometry":{"type":"Polygon","coordinates":[[[114.18919999999997,22.379199999999997],[114.19079999999997,22.379199999999997],[114.19079999999997,22.380799999999997],[114.18919999999997,22.380799999999997],[114.18919999999997,22.379199999999997]]]}},{"type":"Feature","properties":{"id":"lu-nt-sha-tin-07-08","class":"urban_open_space","vegetationFraction":0.301,"pavedFraction":0.594,"waterFraction":0.016,"simulated":true},"geometry":{"type":"Polygon","coordinates":[[[114.19079999999997,22.379199999999997],[114.19239999999996,22.379199999999997],[114.19239999999996,22.380799999999997],[114.19079999999997,22.380799999999997],[114.19079999999997,22.379199999999997]]]}},{"type":"Feature","properties":{"id":"lu-nt-sha-tin-07-09","class":"built_up","vegetationFraction":0.2,"pavedFraction":0.431,"waterFraction":0.025,"simulated":true},"geometry":{"type":"Polygon","coordinates":[[[114.19239999999996,22.379199999999997],[114.19399999999996,22.379199999999997],[114.19399999999996,22.380799999999997],[114.19239999999996,22.380799999999997],[114.19239999999996,22.379199999999997]]]}},{"type":"Feature","properties":{"id":"lu-nt-sha-tin-07-10","class":"urban_open_space","vegetationFraction":0.349,"pavedFraction":0.417,"waterFraction":0.056,"simulated":true},"geometry":{"type":"Polygon","coordinates":[[[114.19399999999996,22.379199999999997],[114.19559999999996,22.379199999999997],[114.19559999999996,22.380799999999997],[114.19399999999996,22.380799999999997],[114.19399999999996,22.379199999999997]]]}},{"type":"Feature","properties":{"id":"lu-nt-sha-tin-07-11","class":"urban_open_space","vegetationFraction":0.3,"pavedFraction":0.459,"waterFraction":0.018,"simulated":true},"geometry":{"type":"Polygon","coordinates":[[[114.19559999999996,22.379199999999997],[114.19719999999995,22.379199999999997],[114.19719999999995,22.380799999999997],[114.19559999999996,22.380799999999997],[114.19559999999996,22.379199999999997]]]}},{"type":"Feature","properties":{"id":"lu-nt-sha-tin-07-12","class":"urban_open_space","vegetationFraction":0.333,"pavedFraction":0.488,"waterFraction":0.031,"simulated":true},"geometry":{"type":"Polygon","coordinates":[[[114.19719999999995,22.379199999999997],[114.19879999999995,22.379199999999997],[114.19879999999995,22.380799999999997],[114.19719999999995,22.380799999999997],[114.19719999999995,22.379199999999997]]]}},{"type":"Feature","properties":{"id":"lu-nt-sha-tin-07-13","class":"urban_open_space","vegetationFraction":0.342,"pavedFraction":0.429,"waterFraction":0.016,"simulated":true},"geometry":{"type":"Polygon","coordinates":[[[114.19879999999995,22.379199999999997],[114.20039999999995,22.379199999999997],[114.20039999999995,22.380799999999997],[114.19879999999995,22.380799999999997],[114.19879999999995,22.379199999999997]]]}},{"type":"Feature","properties":{"id":"lu-nt-sha-tin-07-14","class":"green_space","vegetationFraction":0.414,"pavedFraction":0.538,"waterFraction":0.009,"simulated":true},"geometry":{"type":"Polygon","coordinates":[[[114.20039999999995,22.379199999999997],[114.20199999999994,22.379199999999997],[114.20199999999994,22.380799999999997],[114.20039999999995,22.380799999999997],[114.20039999999995,22.379199999999997]]]}},{"type":"Feature","properties":{"id":"lu-nt-sha-tin-07-15","class":"urban_open_space","vegetationFraction":0.273,"pavedFraction":0.639,"waterFraction":0.026,"simulated":true},"geometry":{"type":"Polygon","coordinates":[[[114.20199999999994,22.379199999999997],[114.20359999999994,22.379199999999997],[114.20359999999994,22.380799999999997],[114.20199999999994,22.380799999999997],[114.20199999999994,22.379199999999997]]]}},{"type":"Feature","properties":{"id":"lu-nt-sha-tin-07-16","class":"green_space","vegetationFraction":0.446,"pavedFraction":0.434,"waterFraction":0.055,"simulated":true},"geometry":{"type":"Polygon","coordinates":[[[114.20359999999994,22.379199999999997],[114.20519999999993,22.379199999999997],[114.20519999999993,22.380799999999997],[114.20359999999994,22.380799999999997],[114.20359999999994,22.379199999999997]]]}},{"type":"Feature","properties":{"id":"lu-nt-sha-tin-07-17","class":"built_up","vegetationFraction":0.24,"pavedFraction":0.452,"waterFraction":0.056,"simulated":true},"geometry":{"type":"Polygon","coordinates":[[[114.20519999999993,22.379199999999997],[114.20679999999993,22.379199999999997],[114.20679999999993,22.380799999999997],[114.20519999999993,22.380799999999997],[114.20519999999993,22.379199999999997]]]}},{"type":"Feature","properties":{"id":"lu-nt-sha-tin-07-18","class":"built_up","vegetationFraction":0.247,"pavedFraction":0.576,"waterFraction":0.04,"simulated":true},"geometry":{"type":"Polygon","coordinates":[[[114.20679999999993,22.379199999999997],[114.20839999999993,22.379199999999997],[114.20839999999993,22.380799999999997],[114.20679999999993,22.380799999999997],[114.20679999999993,22.379199999999997]]]}},{"type":"Feature","properties":{"id":"lu-nt-sha-tin-07-19","class":"urban_open_space","vegetationFraction":0.344,"pavedFraction":0.618,"waterFraction":0.021,"simulated":true},"geometry":{"type":"Polygon","coordinates":[[[114.20839999999993,22.379199999999997],[114.20999999999992,22.379199999999997],[114.20999999999992,22.380799999999997],[114.20839999999993,22.380799999999997],[114.20839999999993,22.379199999999997]]]}},{"type":"Feature","properties":{"id":"lu-nt-sha-tin-07-20","class":"urban_open_space","vegetationFraction":0.389,"pavedFraction":0.623,"waterFraction":0.006,"simulated":true},"geometry":{"type":"Polygon","coordinates":[[[114.20999999999992,22.379199999999997],[114.21159999999992,22.379199999999997],[114.21159999999992,22.380799999999997],[114.20999999999992,22.380799999999997],[114.20999999999992,22.379199999999997]]]}},{"type":"Feature","properties":{"id":"lu-nt-sha-tin-07-21","class":"urban_open_space","vegetationFraction":0.333,"pavedFraction":0.431,"waterFraction":0.012,"simulated":true},"geometry":{"type":"Polygon","coordinates":[[[114.21159999999992,22.379199999999997],[114.21319999999992,22.379199999999997],[114.21319999999992,22.380799999999997],[114.21159999999992,22.380799999999997],[114.21159999999992,22.379199999999997]]]}},{"type":"Feature","properties":{"id":"lu-nt-sha-tin-08-00","class":"green_space","vegetationFraction":0.437,"pavedFraction":0.475,"waterFraction":0.006,"simulated":true},"geometry":{"type":"Polygon","coordinates":[[[114.178,22.380799999999997],[114.1796,22.380799999999997],[114.1796,22.382399999999997],[114.178,22.382399999999997],[114.178,22.380799999999997]]]}},{"type":"Feature","properties":{"id":"lu-nt-sha-tin-08-01","class":"urban_open_space","vegetationFraction":0.379,"pavedFraction":0.455,"waterFraction":0.043,"simulated":true},"geometry":{"type":"Polygon","coordinates":[[[114.1796,22.380799999999997],[114.18119999999999,22.380799999999997],[114.18119999999999,22.382399999999997],[114.1796,22.382399999999997],[114.1796,22.380799999999997]]]}},{"type":"Feature","properties":{"id":"lu-nt-sha-tin-08-02","class":"green_space","vegetationFraction":0.411,"pavedFraction":0.369,"waterFraction":0.004,"simulated":true},"geometry":{"type":"Polygon","coordinates":[[[114.18119999999999,22.380799999999997],[114.18279999999999,22.380799999999997],[114.18279999999999,22.382399999999997],[114.18119999999999,22.382399999999997],[114.18119999999999,22.380799999999997]]]}},{"type":"Feature","properties":{"id":"lu-nt-sha-tin-08-03","class":"urban_open_space","vegetationFraction":0.369,"pavedFraction":0.65,"waterFraction":0.056,"simulated":true},"geometry":{"type":"Polygon","coordinates":[[[114.18279999999999,22.380799999999997],[114.18439999999998,22.380799999999997],[114.18439999999998,22.382399999999997],[114.18279999999999,22.382399999999997],[114.18279999999999,22.380799999999997]]]}},{"type":"Feature","properties":{"id":"lu-nt-sha-tin-08-04","class":"urban_open_space","vegetationFraction":0.346,"pavedFraction":0.565,"waterFraction":0.05,"simulated":true},"geometry":{"type":"Polygon","coordinates":[[[114.18439999999998,22.380799999999997],[114.18599999999998,22.380799999999997],[114.18599999999998,22.382399999999997],[114.18439999999998,22.382399999999997],[114.18439999999998,22.380799999999997]]]}},{"type":"Feature","properties":{"id":"lu-nt-sha-tin-08-05","class":"urban_open_space","vegetationFraction":0.364,"pavedFraction":0.351,"waterFraction":0.06,"simulated":true},"geometry":{"type":"Polygon","coordinates":[[[114.18599999999998,22.380799999999997],[114.18759999999997,22.380799999999997],[114.18759999999997,22.382399999999997],[114.18599999999998,22.382399999999997],[114.18599999999998,22.380799999999997]]]}},{"type":"Feature","properties":{"id":"lu-nt-sha-tin-08-06","class":"urban_open_space","vegetationFraction":0.263,"pavedFraction":0.544,"waterFraction":0.059,"simulated":true},"geometry":{"type":"Polygon","coordinates":[[[114.18759999999997,22.380799999999997],[114.18919999999997,22.380799999999997],[114.18919999999997,22.382399999999997],[114.18759999999997,22.382399999999997],[114.18759999999997,22.380799999999997]]]}},{"type":"Feature","properties":{"id":"lu-nt-sha-tin-08-07","class":"urban_open_space","vegetationFraction":0.357,"pavedFraction":0.441,"waterFraction":0.045,"simulated":true},"geometry":{"type":"Polygon","coordinates":[[[114.18919999999997,22.380799999999997],[114.19079999999997,22.380799999999997],[114.19079999999997,22.382399999999997],[114.18919999999997,22.382399999999997],[114.18919999999997,22.380799999999997]]]}},{"type":"Feature","properties":{"id":"lu-nt-sha-tin-08-08","class":"built_up","vegetationFraction":0.224,"pavedFraction":0.452,"waterFraction":0.02,"simulated":true},"geometry":{"type":"Polygon","coordinates":[[[114.19079999999997,22.380799999999997],[114.19239999999996,22.380799999999997],[114.19239999999996,22.382399999999997],[114.19079999999997,22.382399999999997],[114.19079999999997,22.380799999999997]]]}},{"type":"Feature","properties":{"id":"lu-nt-sha-tin-08-09","class":"urban_open_space","vegetationFraction":0.272,"pavedFraction":0.469,"waterFraction":0.02,"simulated":true},"geometry":{"type":"Polygon","coordinates":[[[114.19239999999996,22.380799999999997],[114.19399999999996,22.380799999999997],[114.19399999999996,22.382399999999997],[114.19239999999996,22.382399999999997],[114.19239999999996,22.380799999999997]]]}},{"type":"Feature","properties":{"id":"lu-nt-sha-tin-08-10","class":"green_space","vegetationFraction":0.449,"pavedFraction":0.468,"waterFraction":0.022,"simulated":true},"geometry":{"type":"Polygon","coordinates":[[[114.19399999999996,22.380799999999997],[114.19559999999996,22.380799999999997],[114.19559999999996,22.382399999999997],[114.19399999999996,22.382399999999997],[114.19399999999996,22.380799999999997]]]}},{"type":"Feature","properties":{"id":"lu-nt-sha-tin-08-11","class":"built_up","vegetationFraction":0.225,"pavedFraction":0.65,"waterFraction":0.04,"simulated":true},"geometry":{"type":"Polygon","coordinates":[[[114.19559999999996,22.380799999999997],[114.19719999999995,22.380799999999997],[114.19719999999995,22.382399999999997],[114.19559999999996,22.382399999999997],[114.19559999999996,22.380799999999997]]]}},{"type":"Feature","properties":{"id":"lu-nt-sha-tin-08-12","class":"urban_open_space","vegetationFraction":0.314,"pavedFraction":0.41,"waterFraction":0.057,"simulated":true},"geometry":{"type":"Polygon","coordinates":[[[114.19719999999995,22.380799999999997],[114.19879999999995,22.380799999999997],[114.19879999999995,22.382399999999997],[114.19719999999995,22.382399999999997],[114.19719999999995,22.380799999999997]]]}},{"type":"Feature","properties":{"id":"lu-nt-sha-tin-08-13","class":"green_space","vegetationFraction":0.412,"pavedFraction":0.408,"waterFraction":0.028,"simulated":true},"geometry":{"type":"Polygon","coordinates":[[[114.19879999999995,22.380799999999997],[114.20039999999995,22.380799999999997],[114.20039999999995,22.382399999999997],[114.19879999999995,22.382399999999997],[114.19879999999995,22.380799999999997]]]}},{"type":"Feature","properties":{"id":"lu-nt-sha-tin-08-14","class":"urban_open_space","vegetationFraction":0.279,"pavedFraction":0.622,"waterFraction":0.057,"simulated":true},"geometry":{"type":"Polygon","coordinates":[[[114.20039999999995,22.380799999999997],[114.20199999999994,22.380799999999997],[114.20199999999994,22.382399999999997],[114.20039999999995,22.382399999999997],[114.20039999999995,22.380799999999997]]]}},{"type":"Feature","properties":{"id":"lu-nt-sha-tin-08-15","class":"urban_open_space","vegetationFraction":0.287,"pavedFraction":0.352,"waterFraction":0.044,"simulated":true},"geometry":{"type":"Polygon","coordinates":[[[114.20199999999994,22.380799999999997],[114.20359999999994,22.380799999999997],[114.20359999999994,22.382399999999997],[114.20199999999994,22.382399999999997],[114.20199999999994,22.380799999999997]]]}},{"type":"Feature","properties":{"id":"lu-nt-sha-tin-08-16","class":"built_up","vegetationFraction":0.215,"pavedFraction":0.492,"waterFraction":0.057,"simulated":true},"geometry":{"type":"Polygon","coordinates":[[[114.20359999999994,22.380799999999997],[114.20519999999993,22.380799999999997],[114.20519999999993,22.382399999999997],[114.20359999999994,22.382399999999997],[114.20359999999994,22.380799999999997]]]}},{"type":"Feature","properties":{"id":"lu-nt-sha-tin-08-17","class":"urban_open_space","vegetationFraction":0.252,"pavedFraction":0.419,"waterFraction":0.045,"simulated":true},"geometry":{"type":"Polygon","coordinates":[[[114.20519999999993,22.380799999999997],[114.20679999999993,22.380799999999997],[114.20679999999993,22.382399999999997],[114.20519999999993,22.382399999999997],[114.20519999999993,22.380799999999997]]]}},{"type":"Feature","properties":{"id":"lu-nt-sha-tin-08-18","class":"urban_open_space","vegetationFraction":0.399,"pavedFraction":0.544,"waterFraction":0.001,"simulated":true},"geometry":{"type":"Polygon","coordinates":[[[114.20679999999993,22.380799999999997],[114.20839999999993,22.380799999999997],[114.20839999999993,22.382399999999997],[114.20679999999993,22.382399999999997],[114.20679999999993,22.380799999999997]]]}},{"type":"Feature","properties":{"id":"lu-nt-sha-tin-08-19","class":"urban_open_space","vegetationFraction":0.338,"pavedFraction":0.555,"waterFraction":0.015,"simulated":true},"geometry":{"type":"Polygon","coordinates":[[[114.20839999999993,22.380799999999997],[114.20999999999992,22.380799999999997],[114.20999999999992,22.382399999999997],[114.20839999999993,22.382399999999997],[114.20839999999993,22.380799999999997]]]}},{"type":"Feature","properties":{"id":"lu-nt-sha-tin-08-20","class":"urban_open_space","vegetationFraction":0.388,"pavedFraction":0.468,"waterFraction":0.022,"simulated":true},"geometry":{"type":"Polygon","coordinates":[[[114.20999999999992,22.380799999999997],[114.21159999999992,22.380799999999997],[114.21159999999992,22.382399999999997],[114.20999999999992,22.382399999999997],[114.20999999999992,22.380799999999997]]]}},{"type":"Feature","properties":{"id":"lu-nt-sha-tin-08-21","class":"urban_open_space","vegetationFraction":0.273,"pavedFraction":0.369,"waterFraction":0.01,"simulated":true},"geometry":{"type":"Polygon","coordinates":[[[114.21159999999992,22.380799999999997],[114.21319999999992,22.380799999999997],[114.21319999999992,22.382399999999997],[114.21159999999992,22.382399999999997],[114.21159999999992,22.380799999999997]]]}},{"type":"Feature","properties":{"id":"lu-nt-sha-tin-09-00","class":"urban_open_space","vegetationFraction":0.32,"pavedFraction":0.535,"waterFraction":0.054,"simulated":true},"geometry":{"type":"Polygon","coordinates":[[[114.178,22.382399999999997],[114.1796,22.382399999999997],[114.1796,22.383999999999997],[114.178,22.383999999999997],[114.178,22.382399999999997]]]}},{"type":"Feature","properties":{"id":"lu-nt-sha-tin-09-01","class":"built_up","vegetationFraction":0.204,"pavedFraction":0.446,"waterFraction":0.028,"simulated":true},"geometry":{"type":"Polygon","coordinates":[[[114.1796,22.382399999999997],[114.18119999999999,22.382399999999997],[114.18119999999999,22.383999999999997],[114.1796,22.383999999999997],[114.1796,22.382399999999997]]]}},{"type":"Feature","properties":{"id":"lu-nt-sha-tin-09-02","class":"green_space","vegetationFraction":0.444,"pavedFraction":0.594,"waterFraction":0.06,"simulated":true},"geometry":{"type":"Polygon","coordinates":[[[114.18119999999999,22.382399999999997],[114.18279999999999,22.382399999999997],[114.18279999999999,22.383999999999997],[114.18119999999999,22.383999999999997],[114.18119999999999,22.382399999999997]]]}},{"type":"Feature","properties":{"id":"lu-nt-sha-tin-09-03","class":"urban_open_space","vegetationFraction":0.331,"pavedFraction":0.402,"waterFraction":0.031,"simulated":true},"geometry":{"type":"Polygon","coordinates":[[[114.18279999999999,22.382399999999997],[114.18439999999998,22.382399999999997],[114.18439999999998,22.383999999999997],[114.18279999999999,22.383999999999997],[114.18279999999999,22.382399999999997]]]}},{"type":"Feature","properties":{"id":"lu-nt-sha-tin-09-04","class":"built_up","vegetationFraction":0.217,"pavedFraction":0.551,"waterFraction":0.035,"simulated":true},"geometry":{"type":"Polygon","coordinates":[[[114.18439999999998,22.382399999999997],[114.18599999999998,22.382399999999997],[114.18599999999998,22.383999999999997],[114.18439999999998,22.383999999999997],[114.18439999999998,22.382399999999997]]]}},{"type":"Feature","properties":{"id":"lu-nt-sha-tin-09-05","class":"green_space","vegetationFraction":0.404,"pavedFraction":0.598,"waterFraction":0.052,"simulated":true},"geometry":{"type":"Polygon","coordinates":[[[114.18599999999998,22.382399999999997],[114.18759999999997,22.382399999999997],[114.18759999999997,22.383999999999997],[114.18599999999998,22.383999999999997],[114.18599999999998,22.382399999999997]]]}},{"type":"Feature","properties":{"id":"lu-nt-sha-tin-09-06","class":"urban_open_space","vegetationFraction":0.349,"pavedFraction":0.354,"waterFraction":0.042,"simulated":true},"geometry":{"type":"Polygon","coordinates":[[[114.18759999999997,22.382399999999997],[114.18919999999997,22.382399999999997],[114.18919999999997,22.383999999999997],[114.18759999999997,22.383999999999997],[114.18759999999997,22.382399999999997]]]}},{"type":"Feature","properties":{"id":"lu-nt-sha-tin-09-07","class":"built_up","vegetationFraction":0.249,"pavedFraction":0.55,"waterFraction":0.033,"simulated":true},"geometry":{"type":"Polygon","coordinates":[[[114.18919999999997,22.382399999999997],[114.19079999999997,22.382399999999997],[114.19079999999997,22.383999999999997],[114.18919999999997,22.383999999999997],[114.18919999999997,22.382399999999997]]]}},{"type":"Feature","properties":{"id":"lu-nt-sha-tin-09-08","class":"urban_open_space","vegetationFraction":0.366,"pavedFraction":0.426,"waterFraction":0.001,"simulated":true},"geometry":{"type":"Polygon","coordinates":[[[114.19079999999997,22.382399999999997],[114.19239999999996,22.382399999999997],[114.19239999999996,22.383999999999997],[114.19079999999997,22.383999999999997],[114.19079999999997,22.382399999999997]]]}},{"type":"Feature","properties":{"id":"lu-nt-sha-tin-09-09","class":"green_space","vegetationFraction":0.416,"pavedFraction":0.398,"waterFraction":0.022,"simulated":true},"geometry":{"type":"Polygon","coordinates":[[[114.19239999999996,22.382399999999997],[114.19399999999996,22.382399999999997],[114.19399999999996,22.383999999999997],[114.19239999999996,22.383999999999997],[114.19239999999996,22.382399999999997]]]}},{"type":"Feature","properties":{"id":"lu-nt-sha-tin-09-10","class":"urban_open_space","vegetationFraction":0.392,"pavedFraction":0.491,"waterFraction":0.001,"simulated":true},"geometry":{"type":"Polygon","coordinates":[[[114.19399999999996,22.382399999999997],[114.19559999999996,22.382399999999997],[114.19559999999996,22.383999999999997],[114.19399999999996,22.383999999999997],[114.19399999999996,22.382399999999997]]]}},{"type":"Feature","properties":{"id":"lu-nt-sha-tin-09-11","class":"green_space","vegetationFraction":0.421,"pavedFraction":0.569,"waterFraction":0.004,"simulated":true},"geometry":{"type":"Polygon","coordinates":[[[114.19559999999996,22.382399999999997],[114.19719999999995,22.382399999999997],[114.19719999999995,22.383999999999997],[114.19559999999996,22.383999999999997],[114.19559999999996,22.382399999999997]]]}},{"type":"Feature","properties":{"id":"lu-nt-sha-tin-09-12","class":"built_up","vegetationFraction":0.216,"pavedFraction":0.632,"waterFraction":0.002,"simulated":true},"geometry":{"type":"Polygon","coordinates":[[[114.19719999999995,22.382399999999997],[114.19879999999995,22.382399999999997],[114.19879999999995,22.383999999999997],[114.19719999999995,22.383999999999997],[114.19719999999995,22.382399999999997]]]}},{"type":"Feature","properties":{"id":"lu-nt-sha-tin-09-13","class":"urban_open_space","vegetationFraction":0.336,"pavedFraction":0.417,"waterFraction":0.024,"simulated":true},"geometry":{"type":"Polygon","coordinates":[[[114.19879999999995,22.382399999999997],[114.20039999999995,22.382399999999997],[114.20039999999995,22.383999999999997],[114.19879999999995,22.383999999999997],[114.19879999999995,22.382399999999997]]]}},{"type":"Feature","properties":{"id":"lu-nt-sha-tin-09-14","class":"urban_open_space","vegetationFraction":0.304,"pavedFraction":0.518,"waterFraction":0.029,"simulated":true},"geometry":{"type":"Polygon","coordinates":[[[114.20039999999995,22.382399999999997],[114.20199999999994,22.382399999999997],[114.20199999999994,22.383999999999997],[114.20039999999995,22.383999999999997],[114.20039999999995,22.382399999999997]]]}},{"type":"Feature","properties":{"id":"lu-nt-sha-tin-09-15","class":"built_up","vegetationFraction":0.203,"pavedFraction":0.382,"waterFraction":0.002,"simulated":true},"geometry":{"type":"Polygon","coordinates":[[[114.20199999999994,22.382399999999997],[114.20359999999994,22.382399999999997],[114.20359999999994,22.383999999999997],[114.20199999999994,22.383999999999997],[114.20199999999994,22.382399999999997]]]}},{"type":"Feature","properties":{"id":"lu-nt-sha-tin-09-16","class":"green_space","vegetationFraction":0.416,"pavedFraction":0.579,"waterFraction":0.023,"simulated":true},"geometry":{"type":"Polygon","coordinates":[[[114.20359999999994,22.382399999999997],[114.20519999999993,22.382399999999997],[114.20519999999993,22.383999999999997],[114.20359999999994,22.383999999999997],[114.20359999999994,22.382399999999997]]]}},{"type":"Feature","properties":{"id":"lu-nt-sha-tin-09-17","class":"urban_open_space","vegetationFraction":0.283,"pavedFraction":0.564,"waterFraction":0.002,"simulated":true},"geometry":{"type":"Polygon","coordinates":[[[114.20519999999993,22.382399999999997],[114.20679999999993,22.382399999999997],[114.20679999999993,22.383999999999997],[114.20519999999993,22.383999999999997],[114.20519999999993,22.382399999999997]]]}},{"type":"Feature","properties":{"id":"lu-nt-sha-tin-09-18","class":"urban_open_space","vegetationFraction":0.351,"pavedFraction":0.572,"waterFraction":0.011,"simulated":true},"geometry":{"type":"Polygon","coordinates":[[[114.20679999999993,22.382399999999997],[114.20839999999993,22.382399999999997],[114.20839999999993,22.383999999999997],[114.20679999999993,22.383999999999997],[114.20679999999993,22.382399999999997]]]}},{"type":"Feature","properties":{"id":"lu-nt-sha-tin-09-19","class":"urban_open_space","vegetationFraction":0.344,"pavedFraction":0.512,"waterFraction":0.021,"simulated":true},"geometry":{"type":"Polygon","coordinates":[[[114.20839999999993,22.382399999999997],[114.20999999999992,22.382399999999997],[114.20999999999992,22.383999999999997],[114.20839999999993,22.383999999999997],[114.20839999999993,22.382399999999997]]]}},{"type":"Feature","properties":{"id":"lu-nt-sha-tin-09-20","class":"green_space","vegetationFraction":0.409,"pavedFraction":0.49,"waterFraction":0.028,"simulated":true},"geometry":{"type":"Polygon","coordinates":[[[114.20999999999992,22.382399999999997],[114.21159999999992,22.382399999999997],[114.21159999999992,22.383999999999997],[114.20999999999992,22.383999999999997],[114.20999999999992,22.382399999999997]]]}},{"type":"Feature","properties":{"id":"lu-nt-sha-tin-09-21","class":"green_space","vegetationFraction":0.406,"pavedFraction":0.457,"waterFraction":0.044,"simulated":true},"geometry":{"type":"Polygon","coordinates":[[[114.21159999999992,22.382399999999997],[114.21319999999992,22.382399999999997],[114.21319999999992,22.383999999999997],[114.21159999999992,22.383999999999997],[114.21159999999992,22.382399999999997]]]}},{"type":"Feature","properties":{"id":"lu-nt-sha-tin-10-00","class":"built_up","vegetationFraction":0.237,"pavedFraction":0.477,"waterFraction":0.03,"simulated":true},"geometry":{"type":"Polygon","coordinates":[[[114.178,22.383999999999997],[114.1796,22.383999999999997],[114.1796,22.385599999999997],[114.178,22.385599999999997],[114.178,22.383999999999997]]]}},{"type":"Feature","properties":{"id":"lu-nt-sha-tin-10-01","class":"built_up","vegetationFraction":0.229,"pavedFraction":0.452,"waterFraction":0.053,"simulated":true},"geometry":{"type":"Polygon","coordinates":[[[114.1796,22.383999999999997],[114.18119999999999,22.383999999999997],[114.18119999999999,22.385599999999997],[114.1796,22.385599999999997],[114.1796,22.383999999999997]]]}},{"type":"Feature","properties":{"id":"lu-nt-sha-tin-10-02","class":"built_up","vegetationFraction":0.217,"pavedFraction":0.378,"waterFraction":0.057,"simulated":true},"geometry":{"type":"Polygon","coordinates":[[[114.18119999999999,22.383999999999997],[114.18279999999999,22.383999999999997],[114.18279999999999,22.385599999999997],[114.18119999999999,22.385599999999997],[114.18119999999999,22.383999999999997]]]}},{"type":"Feature","properties":{"id":"lu-nt-sha-tin-10-03","class":"urban_open_space","vegetationFraction":0.307,"pavedFraction":0.528,"waterFraction":0.004,"simulated":true},"geometry":{"type":"Polygon","coordinates":[[[114.18279999999999,22.383999999999997],[114.18439999999998,22.383999999999997],[114.18439999999998,22.385599999999997],[114.18279999999999,22.385599999999997],[114.18279999999999,22.383999999999997]]]}},{"type":"Feature","properties":{"id":"lu-nt-sha-tin-10-04","class":"urban_open_space","vegetationFraction":0.361,"pavedFraction":0.611,"waterFraction":0.005,"simulated":true},"geometry":{"type":"Polygon","coordinates":[[[114.18439999999998,22.383999999999997],[114.18599999999998,22.383999999999997],[114.18599999999998,22.385599999999997],[114.18439999999998,22.385599999999997],[114.18439999999998,22.383999999999997]]]}},{"type":"Feature","properties":{"id":"lu-nt-sha-tin-10-05","class":"built_up","vegetationFraction":0.225,"pavedFraction":0.408,"waterFraction":0.02,"simulated":true},"geometry":{"type":"Polygon","coordinates":[[[114.18599999999998,22.383999999999997],[114.18759999999997,22.383999999999997],[114.18759999999997,22.385599999999997],[114.18599999999998,22.385599999999997],[114.18599999999998,22.383999999999997]]]}},{"type":"Feature","properties":{"id":"lu-nt-sha-tin-10-06","class":"urban_open_space","vegetationFraction":0.389,"pavedFraction":0.355,"waterFraction":0.042,"simulated":true},"geometry":{"type":"Polygon","coordinates":[[[114.18759999999997,22.383999999999997],[114.18919999999997,22.383999999999997],[114.18919999999997,22.385599999999997],[114.18759999999997,22.385599999999997],[114.18759999999997,22.383999999999997]]]}},{"type":"Feature","properties":{"id":"lu-nt-sha-tin-10-07","class":"urban_open_space","vegetationFraction":0.299,"pavedFraction":0.377,"waterFraction":0.055,"simulated":true},"geometry":{"type":"Polygon","coordinates":[[[114.18919999999997,22.383999999999997],[114.19079999999997,22.383999999999997],[114.19079999999997,22.385599999999997],[114.18919999999997,22.385599999999997],[114.18919999999997,22.383999999999997]]]}},{"type":"Feature","properties":{"id":"lu-nt-sha-tin-10-08","class":"urban_open_space","vegetationFraction":0.261,"pavedFraction":0.539,"waterFraction":0.015,"simulated":true},"geometry":{"type":"Polygon","coordinates":[[[114.19079999999997,22.383999999999997],[114.19239999999996,22.383999999999997],[114.19239999999996,22.385599999999997],[114.19079999999997,22.385599999999997],[114.19079999999997,22.383999999999997]]]}},{"type":"Feature","properties":{"id":"lu-nt-sha-tin-10-09","class":"green_space","vegetationFraction":0.402,"pavedFraction":0.646,"waterFraction":0.027,"simulated":true},"geometry":{"type":"Polygon","coordinates":[[[114.19239999999996,22.383999999999997],[114.19399999999996,22.383999999999997],[114.19399999999996,22.385599999999997],[114.19239999999996,22.385599999999997],[114.19239999999996,22.383999999999997]]]}},{"type":"Feature","properties":{"id":"lu-nt-sha-tin-10-10","class":"urban_open_space","vegetationFraction":0.343,"pavedFraction":0.365,"waterFraction":0.03,"simulated":true},"geometry":{"type":"Polygon","coordinates":[[[114.19399999999996,22.383999999999997],[114.19559999999996,22.383999999999997],[114.19559999999996,22.385599999999997],[114.19399999999996,22.385599999999997],[114.19399999999996,22.383999999999997]]]}},{"type":"Feature","properties":{"id":"lu-nt-sha-tin-10-11","class":"urban_open_space","vegetationFraction":0.32,"pavedFraction":0.529,"waterFraction":0.051,"simulated":true},"geometry":{"type":"Polygon","coordinates":[[[114.19559999999996,22.383999999999997],[114.19719999999995,22.383999999999997],[114.19719999999995,22.385599999999997],[114.19559999999996,22.385599999999997],[114.19559999999996,22.383999999999997]]]}},{"type":"Feature","properties":{"id":"lu-nt-sha-tin-10-12","class":"built_up","vegetationFraction":0.238,"pavedFraction":0.351,"waterFraction":0.03,"simulated":true},"geometry":{"type":"Polygon","coordinates":[[[114.19719999999995,22.383999999999997],[114.19879999999995,22.383999999999997],[114.19879999999995,22.385599999999997],[114.19719999999995,22.385599999999997],[114.19719999999995,22.383999999999997]]]}},{"type":"Feature","properties":{"id":"lu-nt-sha-tin-10-13","class":"green_space","vegetationFraction":0.408,"pavedFraction":0.471,"waterFraction":0.055,"simulated":true},"geometry":{"type":"Polygon","coordinates":[[[114.19879999999995,22.383999999999997],[114.20039999999995,22.383999999999997],[114.20039999999995,22.385599999999997],[114.19879999999995,22.385599999999997],[114.19879999999995,22.383999999999997]]]}},{"type":"Feature","properties":{"id":"lu-nt-sha-tin-10-14","class":"urban_open_space","vegetationFraction":0.346,"pavedFraction":0.559,"waterFraction":0.004,"simulated":true},"geometry":{"type":"Polygon","coordinates":[[[114.20039999999995,22.383999999999997],[114.20199999999994,22.383999999999997],[114.20199999999994,22.385599999999997],[114.20039999999995,22.385599999999997],[114.20039999999995,22.383999999999997]]]}},{"type":"Feature","properties":{"id":"lu-nt-sha-tin-10-15","class":"built_up","vegetationFraction":0.249,"pavedFraction":0.528,"waterFraction":0.045,"simulated":true},"geometry":{"type":"Polygon","coordinates":[[[114.20199999999994,22.383999999999997],[114.20359999999994,22.383999999999997],[114.20359999999994,22.385599999999997],[114.20199999999994,22.385599999999997],[114.20199999999994,22.383999999999997]]]}},{"type":"Feature","properties":{"id":"lu-nt-sha-tin-10-16","class":"green_space","vegetationFraction":0.403,"pavedFraction":0.541,"waterFraction":0.013,"simulated":true},"geometry":{"type":"Polygon","coordinates":[[[114.20359999999994,22.383999999999997],[114.20519999999993,22.383999999999997],[114.20519999999993,22.385599999999997],[114.20359999999994,22.385599999999997],[114.20359999999994,22.383999999999997]]]}},{"type":"Feature","properties":{"id":"lu-nt-sha-tin-10-17","class":"built_up","vegetationFraction":0.226,"pavedFraction":0.611,"waterFraction":0.005,"simulated":true},"geometry":{"type":"Polygon","coordinates":[[[114.20519999999993,22.383999999999997],[114.20679999999993,22.383999999999997],[114.20679999999993,22.385599999999997],[114.20519999999993,22.385599999999997],[114.20519999999993,22.383999999999997]]]}},{"type":"Feature","properties":{"id":"lu-nt-sha-tin-10-18","class":"urban_open_space","vegetationFraction":0.333,"pavedFraction":0.572,"waterFraction":0.054,"simulated":true},"geometry":{"type":"Polygon","coordinates":[[[114.20679999999993,22.383999999999997],[114.20839999999993,22.383999999999997],[114.20839999999993,22.385599999999997],[114.20679999999993,22.385599999999997],[114.20679999999993,22.383999999999997]]]}},{"type":"Feature","properties":{"id":"lu-nt-sha-tin-10-19","class":"green_space","vegetationFraction":0.436,"pavedFraction":0.43,"waterFraction":0.052,"simulated":true},"geometry":{"type":"Polygon","coordinates":[[[114.20839999999993,22.383999999999997],[114.20999999999992,22.383999999999997],[114.20999999999992,22.385599999999997],[114.20839999999993,22.385599999999997],[114.20839999999993,22.383999999999997]]]}},{"type":"Feature","properties":{"id":"lu-nt-sha-tin-10-20","class":"urban_open_space","vegetationFraction":0.287,"pavedFraction":0.415,"waterFraction":0.016,"simulated":true},"geometry":{"type":"Polygon","coordinates":[[[114.20999999999992,22.383999999999997],[114.21159999999992,22.383999999999997],[114.21159999999992,22.385599999999997],[114.20999999999992,22.385599999999997],[114.20999999999992,22.383999999999997]]]}},{"type":"Feature","properties":{"id":"lu-nt-sha-tin-10-21","class":"urban_open_space","vegetationFraction":0.321,"pavedFraction":0.389,"waterFraction":0.04,"simulated":true},"geometry":{"type":"Polygon","coordinates":[[[114.21159999999992,22.383999999999997],[114.21319999999992,22.383999999999997],[114.21319999999992,22.385599999999997],[114.21159999999992,22.385599999999997],[114.21159999999992,22.383999999999997]]]}},{"type":"Feature","properties":{"id":"lu-nt-sha-tin-11-00","class":"built_up","vegetationFraction":0.129,"pavedFraction":0.787,"waterFraction":0.01,"simulated":true},"geometry":{"type":"Polygon","coordinates":[[[114.178,22.385599999999997],[114.1796,22.385599999999997],[114.1796,22.387199999999996],[114.178,22.387199999999996],[114.178,22.385599999999997]]]}},{"type":"Feature","properties":{"id":"lu-nt-sha-tin-11-01","class":"built_up","vegetationFraction":0.084,"pavedFraction":0.868,"waterFraction":0.037,"simulated":true},"geometry":{"type":"Polygon","coordinates":[[[114.1796,22.385599999999997],[114.18119999999999,22.385599999999997],[114.18119999999999,22.387199999999996],[114.1796,22.387199999999996],[114.1796,22.385599999999997]]]}},{"type":"Feature","properties":{"id":"lu-nt-sha-tin-11-02","class":"built_up","vegetationFraction":0.069,"pavedFraction":0.611,"waterFraction":0.053,"simulated":true},"geometry":{"type":"Polygon","coordinates":[[[114.18119999999999,22.385599999999997],[114.18279999999999,22.385599999999997],[114.18279999999999,22.387199999999996],[114.18119999999999,22.387199999999996],[114.18119999999999,22.385599999999997]]]}},{"type":"Feature","properties":{"id":"lu-nt-sha-tin-11-03","class":"built_up","vegetationFraction":0.084,"pavedFraction":0.698,"waterFraction":0.022,"simulated":true},"geometry":{"type":"Polygon","coordinates":[[[114.18279999999999,22.385599999999997],[114.18439999999998,22.385599999999997],[114.18439999999998,22.387199999999996],[114.18279999999999,22.387199999999996],[114.18279999999999,22.385599999999997]]]}},{"type":"Feature","properties":{"id":"lu-nt-sha-tin-11-04","class":"built_up","vegetationFraction":0.101,"pavedFraction":0.733,"waterFraction":0.008,"simulated":true},"geometry":{"type":"Polygon","coordinates":[[[114.18439999999998,22.385599999999997],[114.18599999999998,22.385599999999997],[114.18599999999998,22.387199999999996],[114.18439999999998,22.387199999999996],[114.18439999999998,22.385599999999997]]]}},{"type":"Feature","properties":{"id":"lu-nt-sha-tin-11-05","class":"built_up","vegetationFraction":0.109,"pavedFraction":0.719,"waterFraction":0.04,"simulated":true},"geometry":{"type":"Polygon","coordinates":[[[114.18599999999998,22.385599999999997],[114.18759999999997,22.385599999999997],[114.18759999999997,22.387199999999996],[114.18599999999998,22.387199999999996],[114.18599999999998,22.385599999999997]]]}},{"type":"Feature","properties":{"id":"lu-nt-sha-tin-11-06","class":"built_up","vegetationFraction":0.072,"pavedFraction":0.611,"waterFraction":0.051,"simulated":true},"geometry":{"type":"Polygon","coordinates":[[[114.18759999999997,22.385599999999997],[114.18919999999997,22.385599999999997],[114.18919999999997,22.387199999999996],[114.18759999999997,22.387199999999996],[114.18759999999997,22.385599999999997]]]}},{"type":"Feature","properties":{"id":"lu-nt-sha-tin-11-07","class":"built_up","vegetationFraction":0.12,"pavedFraction":0.808,"waterFraction":0.027,"simulated":true},"geometry":{"type":"Polygon","coordinates":[[[114.18919999999997,22.385599999999997],[114.19079999999997,22.385599999999997],[114.19079999999997,22.387199999999996],[114.18919999999997,22.387199999999996],[114.18919999999997,22.385599999999997]]]}},{"type":"Feature","properties":{"id":"lu-nt-sha-tin-11-08","class":"built_up","vegetationFraction":0.104,"pavedFraction":0.867,"waterFraction":0.007,"simulated":true},"geometry":{"type":"Polygon","coordinates":[[[114.19079999999997,22.385599999999997],[114.19239999999996,22.385599999999997],[114.19239999999996,22.387199999999996],[114.19079999999997,22.387199999999996],[114.19079999999997,22.385599999999997]]]}},{"type":"Feature","properties":{"id":"lu-nt-sha-tin-11-09","class":"built_up","vegetationFraction":0.063,"pavedFraction":0.633,"waterFraction":0.009,"simulated":true},"geometry":{"type":"Polygon","coordinates":[[[114.19239999999996,22.385599999999997],[114.19399999999996,22.385599999999997],[114.19399999999996,22.387199999999996],[114.19239999999996,22.387199999999996],[114.19239999999996,22.385599999999997]]]}},{"type":"Feature","properties":{"id":"lu-nt-sha-tin-11-10","class":"built_up","vegetationFraction":0.081,"pavedFraction":0.741,"waterFraction":0.034,"simulated":true},"geometry":{"type":"Polygon","coordinates":[[[114.19399999999996,22.385599999999997],[114.19559999999996,22.385599999999997],[114.19559999999996,22.387199999999996],[114.19399999999996,22.387199999999996],[114.19399999999996,22.385599999999997]]]}},{"type":"Feature","properties":{"id":"lu-nt-sha-tin-11-11","class":"built_up","vegetationFraction":0.099,"pavedFraction":0.691,"waterFraction":0.015,"simulated":true},"geometry":{"type":"Polygon","coordinates":[[[114.19559999999996,22.385599999999997],[114.19719999999995,22.385599999999997],[114.19719999999995,22.387199999999996],[114.19559999999996,22.387199999999996],[114.19559999999996,22.385599999999997]]]}},{"type":"Feature","properties":{"id":"lu-nt-sha-tin-11-12","class":"built_up","vegetationFraction":0.12,"pavedFraction":0.84,"waterFraction":0.052,"simulated":true},"geometry":{"type":"Polygon","coordinates":[[[114.19719999999995,22.385599999999997],[114.19879999999995,22.385599999999997],[114.19879999999995,22.387199999999996],[114.19719999999995,22.387199999999996],[114.19719999999995,22.385599999999997]]]}},{"type":"Feature","properties":{"id":"lu-nt-sha-tin-11-13","class":"built_up","vegetationFraction":0.094,"pavedFraction":0.773,"waterFraction":0.029,"simulated":true},"geometry":{"type":"Polygon","coordinates":[[[114.19879999999995,22.385599999999997],[114.20039999999995,22.385599999999997],[114.20039999999995,22.387199999999996],[114.19879999999995,22.387199999999996],[114.19879999999995,22.385599999999997]]]}},{"type":"Feature","properties":{"id":"lu-nt-sha-tin-11-14","class":"built_up","vegetationFraction":0.098,"pavedFraction":0.881,"waterFraction":0.056,"simulated":true},"geometry":{"type":"Polygon","coordinates":[[[114.20039999999995,22.385599999999997],[114.20199999999994,22.385599999999997],[114.20199999999994,22.387199999999996],[114.20039999999995,22.387199999999996],[114.20039999999995,22.385599999999997]]]}},{"type":"Feature","properties":{"id":"lu-nt-sha-tin-11-15","class":"built_up","vegetationFraction":0.117,"pavedFraction":0.706,"waterFraction":0.052,"simulated":true},"geometry":{"type":"Polygon","coordinates":[[[114.20199999999994,22.385599999999997],[114.20359999999994,22.385599999999997],[114.20359999999994,22.387199999999996],[114.20199999999994,22.387199999999996],[114.20199999999994,22.385599999999997]]]}},{"type":"Feature","properties":{"id":"lu-nt-sha-tin-11-16","class":"built_up","vegetationFraction":0.089,"pavedFraction":0.798,"waterFraction":0.016,"simulated":true},"geometry":{"type":"Polygon","coordinates":[[[114.20359999999994,22.385599999999997],[114.20519999999993,22.385599999999997],[114.20519999999993,22.387199999999996],[114.20359999999994,22.387199999999996],[114.20359999999994,22.385599999999997]]]}},{"type":"Feature","properties":{"id":"lu-nt-sha-tin-11-17","class":"built_up","vegetationFraction":0.124,"pavedFraction":0.766,"waterFraction":0.036,"simulated":true},"geometry":{"type":"Polygon","coordinates":[[[114.20519999999993,22.385599999999997],[114.20679999999993,22.385599999999997],[114.20679999999993,22.387199999999996],[114.20519999999993,22.387199999999996],[114.20519999999993,22.385599999999997]]]}},{"type":"Feature","properties":{"id":"lu-nt-sha-tin-11-18","class":"built_up","vegetationFraction":0.061,"pavedFraction":0.779,"waterFraction":0.024,"simulated":true},"geometry":{"type":"Polygon","coordinates":[[[114.20679999999993,22.385599999999997],[114.20839999999993,22.385599999999997],[114.20839999999993,22.387199999999996],[114.20679999999993,22.387199999999996],[114.20679999999993,22.385599999999997]]]}},{"type":"Feature","properties":{"id":"lu-nt-sha-tin-11-19","class":"built_up","vegetationFraction":0.114,"pavedFraction":0.839,"waterFraction":0.016,"simulated":true},"geometry":{"type":"Polygon","coordinates":[[[114.20839999999993,22.385599999999997],[114.20999999999992,22.385599999999997],[114.20999999999992,22.387199999999996],[114.20839999999993,22.387199999999996],[114.20839999999993,22.385599999999997]]]}},{"type":"Feature","properties":{"id":"lu-nt-sha-tin-11-20","class":"built_up","vegetationFraction":0.075,"pavedFraction":0.682,"waterFraction":0.051,"simulated":true},"geometry":{"type":"Polygon","coordinates":[[[114.20999999999992,22.385599999999997],[114.21159999999992,22.385599999999997],[114.21159999999992,22.387199999999996],[114.20999999999992,22.387199999999996],[114.20999999999992,22.385599999999997]]]}},{"type":"Feature","properties":{"id":"lu-nt-sha-tin-11-21","class":"built_up","vegetationFraction":0.118,"pavedFraction":0.786,"waterFraction":0.005,"simulated":true},"geometry":{"type":"Polygon","coordinates":[[[114.21159999999992,22.385599999999997],[114.21319999999992,22.385599999999997],[114.21319999999992,22.387199999999996],[114.21159999999992,22.387199999999996],[114.21159999999992,22.385599999999997]]]}},{"type":"Feature","properties":{"id":"lu-nt-sha-tin-12-00","class":"built_up","vegetationFraction":0.109,"pavedFraction":0.607,"waterFraction":0.003,"simulated":true},"geometry":{"type":"Polygon","coordinates":[[[114.178,22.387199999999996],[114.1796,22.387199999999996],[114.1796,22.388799999999996],[114.178,22.388799999999996],[114.178,22.387199999999996]]]}},{"type":"Feature","properties":{"id":"lu-nt-sha-tin-12-01","class":"built_up","vegetationFraction":0.112,"pavedFraction":0.604,"waterFraction":0.034,"simulated":true},"geometry":{"type":"Polygon","coordinates":[[[114.1796,22.387199999999996],[114.18119999999999,22.387199999999996],[114.18119999999999,22.388799999999996],[114.1796,22.388799999999996],[114.1796,22.387199999999996]]]}},{"type":"Feature","properties":{"id":"lu-nt-sha-tin-12-02","class":"built_up","vegetationFraction":0.121,"pavedFraction":0.802,"waterFraction":0.027,"simulated":true},"geometry":{"type":"Polygon","coordinates":[[[114.18119999999999,22.387199999999996],[114.18279999999999,22.387199999999996],[114.18279999999999,22.388799999999996],[114.18119999999999,22.388799999999996],[114.18119999999999,22.387199999999996]]]}},{"type":"Feature","properties":{"id":"lu-nt-sha-tin-12-03","class":"built_up","vegetationFraction":0.071,"pavedFraction":0.839,"waterFraction":0.024,"simulated":true},"geometry":{"type":"Polygon","coordinates":[[[114.18279999999999,22.387199999999996],[114.18439999999998,22.387199999999996],[114.18439999999998,22.388799999999996],[114.18279999999999,22.388799999999996],[114.18279999999999,22.387199999999996]]]}},{"type":"Feature","properties":{"id":"lu-nt-sha-tin-12-04","class":"built_up","vegetationFraction":0.1,"pavedFraction":0.858,"waterFraction":0.017,"simulated":true},"geometry":{"type":"Polygon","coordinates":[[[114.18439999999998,22.387199999999996],[114.18599999999998,22.387199999999996],[114.18599999999998,22.388799999999996],[114.18439999999998,22.388799999999996],[114.18439999999998,22.387199999999996]]]}},{"type":"Feature","properties":{"id":"lu-nt-sha-tin-12-05","class":"built_up","vegetationFraction":0.101,"pavedFraction":0.729,"waterFraction":0.016,"simulated":true},"geometry":{"type":"Polygon","coordinates":[[[114.18599999999998,22.387199999999996],[114.18759999999997,22.387199999999996],[114.18759999999997,22.388799999999996],[114.18599999999998,22.388799999999996],[114.18599999999998,22.387199999999996]]]}},{"type":"Feature","properties":{"id":"lu-nt-sha-tin-12-06","class":"built_up","vegetationFraction":0.119,"pavedFraction":0.711,"waterFraction":0.017,"simulated":true},"geometry":{"type":"Polygon","coordinates":[[[114.18759999999997,22.387199999999996],[114.18919999999997,22.387199999999996],[114.18919999999997,22.388799999999996],[114.18759999999997,22.388799999999996],[114.18759999999997,22.387199999999996]]]}},{"type":"Feature","properties":{"id":"lu-nt-sha-tin-12-07","class":"built_up","vegetationFraction":0.093,"pavedFraction":0.832,"waterFraction":0.027,"simulated":true},"geometry":{"type":"Polygon","coordinates":[[[114.18919999999997,22.387199999999996],[114.19079999999997,22.387199999999996],[114.19079999999997,22.388799999999996],[114.18919999999997,22.388799999999996],[114.18919999999997,22.387199999999996]]]}},{"type":"Feature","properties":{"id":"lu-nt-sha-tin-12-08","class":"built_up","vegetationFraction":0.074,"pavedFraction":0.84,"waterFraction":0.055,"simulated":true},"geometry":{"type":"Polygon","coordinates":[[[114.19079999999997,22.387199999999996],[114.19239999999996,22.387199999999996],[114.19239999999996,22.388799999999996],[114.19079999999997,22.388799999999996],[114.19079999999997,22.387199999999996]]]}},{"type":"Feature","properties":{"id":"lu-nt-sha-tin-12-09","class":"built_up","vegetationFraction":0.065,"pavedFraction":0.812,"waterFraction":0.039,"simulated":true},"geometry":{"type":"Polygon","coordinates":[[[114.19239999999996,22.387199999999996],[114.19399999999996,22.387199999999996],[114.19399999999996,22.388799999999996],[114.19239999999996,22.388799999999996],[114.19239999999996,22.387199999999996]]]}},{"type":"Feature","properties":{"id":"lu-nt-sha-tin-12-10","class":"built_up","vegetationFraction":0.07,"pavedFraction":0.679,"waterFraction":0.012,"simulated":true},"geometry":{"type":"Polygon","coordinates":[[[114.19399999999996,22.387199999999996],[114.19559999999996,22.387199999999996],[114.19559999999996,22.388799999999996],[114.19399999999996,22.388799999999996],[114.19399999999996,22.387199999999996]]]}},{"type":"Feature","properties":{"id":"lu-nt-sha-tin-12-11","class":"built_up","vegetationFraction":0.063,"pavedFraction":0.715,"waterFraction":0.024,"simulated":true},"geometry":{"type":"Polygon","coordinates":[[[114.19559999999996,22.387199999999996],[114.19719999999995,22.387199999999996],[114.19719999999995,22.388799999999996],[114.19559999999996,22.388799999999996],[114.19559999999996,22.387199999999996]]]}},{"type":"Feature","properties":{"id":"lu-nt-sha-tin-12-12","class":"built_up","vegetationFraction":0.083,"pavedFraction":0.718,"waterFraction":0.03,"simulated":true},"geometry":{"type":"Polygon","coordinates":[[[114.19719999999995,22.387199999999996],[114.19879999999995,22.387199999999996],[114.19879999999995,22.388799999999996],[114.19719999999995,22.388799999999996],[114.19719999999995,22.387199999999996]]]}},{"type":"Feature","properties":{"id":"lu-nt-sha-tin-12-13","class":"built_up","vegetationFraction":0.069,"pavedFraction":0.64,"waterFraction":0.039,"simulated":true},"geometry":{"type":"Polygon","coordinates":[[[114.19879999999995,22.387199999999996],[114.20039999999995,22.387199999999996],[114.20039999999995,22.388799999999996],[114.19879999999995,22.388799999999996],[114.19879999999995,22.387199999999996]]]}},{"type":"Feature","properties":{"id":"lu-nt-sha-tin-12-14","class":"built_up","vegetationFraction":0.078,"pavedFraction":0.7,"waterFraction":0.022,"simulated":true},"geometry":{"type":"Polygon","coordinates":[[[114.20039999999995,22.387199999999996],[114.20199999999994,22.387199999999996],[114.20199999999994,22.388799999999996],[114.20039999999995,22.388799999999996],[114.20039999999995,22.387199999999996]]]}},{"type":"Feature","properties":{"id":"lu-nt-sha-tin-12-15","class":"built_up","vegetationFraction":0.117,"pavedFraction":0.798,"waterFraction":0.057,"simulated":true},"geometry":{"type":"Polygon","coordinates":[[[114.20199999999994,22.387199999999996],[114.20359999999994,22.387199999999996],[114.20359999999994,22.388799999999996],[114.20199999999994,22.388799999999996],[114.20199999999994,22.387199999999996]]]}},{"type":"Feature","properties":{"id":"lu-nt-sha-tin-12-16","class":"built_up","vegetationFraction":0.085,"pavedFraction":0.746,"waterFraction":0.024,"simulated":true},"geometry":{"type":"Polygon","coordinates":[[[114.20359999999994,22.387199999999996],[114.20519999999993,22.387199999999996],[114.20519999999993,22.388799999999996],[114.20359999999994,22.388799999999996],[114.20359999999994,22.387199999999996]]]}},{"type":"Feature","properties":{"id":"lu-nt-sha-tin-12-17","class":"built_up","vegetationFraction":0.121,"pavedFraction":0.662,"waterFraction":0.02,"simulated":true},"geometry":{"type":"Polygon","coordinates":[[[114.20519999999993,22.387199999999996],[114.20679999999993,22.387199999999996],[114.20679999999993,22.388799999999996],[114.20519999999993,22.388799999999996],[114.20519999999993,22.387199999999996]]]}},{"type":"Feature","properties":{"id":"lu-nt-sha-tin-12-18","class":"built_up","vegetationFraction":0.091,"pavedFraction":0.839,"waterFraction":0.017,"simulated":true},"geometry":{"type":"Polygon","coordinates":[[[114.20679999999993,22.387199999999996],[114.20839999999993,22.387199999999996],[114.20839999999993,22.388799999999996],[114.20679999999993,22.388799999999996],[114.20679999999993,22.387199999999996]]]}},{"type":"Feature","properties":{"id":"lu-nt-sha-tin-12-19","class":"built_up","vegetationFraction":0.082,"pavedFraction":0.655,"waterFraction":0.059,"simulated":true},"geometry":{"type":"Polygon","coordinates":[[[114.20839999999993,22.387199999999996],[114.20999999999992,22.387199999999996],[114.20999999999992,22.388799999999996],[114.20839999999993,22.388799999999996],[114.20839999999993,22.387199999999996]]]}},{"type":"Feature","properties":{"id":"lu-nt-sha-tin-12-20","class":"built_up","vegetationFraction":0.101,"pavedFraction":0.627,"waterFraction":0.032,"simulated":true},"geometry":{"type":"Polygon","coordinates":[[[114.20999999999992,22.387199999999996],[114.21159999999992,22.387199999999996],[114.21159999999992,22.388799999999996],[114.20999999999992,22.388799999999996],[114.20999999999992,22.387199999999996]]]}},{"type":"Feature","properties":{"id":"lu-nt-sha-tin-12-21","class":"built_up","vegetationFraction":0.124,"pavedFraction":0.639,"waterFraction":0.028,"simulated":true},"geometry":{"type":"Polygon","coordinates":[[[114.21159999999992,22.387199999999996],[114.21319999999992,22.387199999999996],[114.21319999999992,22.388799999999996],[114.21159999999992,22.388799999999996],[114.21159999999992,22.387199999999996]]]}},{"type":"Feature","properties":{"id":"lu-nt-sha-tin-13-00","class":"built_up","vegetationFraction":0.102,"pavedFraction":0.772,"waterFraction":0.036,"simulated":true},"geometry":{"type":"Polygon","coordinates":[[[114.178,22.388799999999996],[114.1796,22.388799999999996],[114.1796,22.390399999999996],[114.178,22.390399999999996],[114.178,22.388799999999996]]]}},{"type":"Feature","properties":{"id":"lu-nt-sha-tin-13-01","class":"built_up","vegetationFraction":0.124,"pavedFraction":0.815,"waterFraction":0.055,"simulated":true},"geometry":{"type":"Polygon","coordinates":[[[114.1796,22.388799999999996],[114.18119999999999,22.388799999999996],[114.18119999999999,22.390399999999996],[114.1796,22.390399999999996],[114.1796,22.388799999999996]]]}},{"type":"Feature","properties":{"id":"lu-nt-sha-tin-13-02","class":"built_up","vegetationFraction":0.075,"pavedFraction":0.675,"waterFraction":0.049,"simulated":true},"geometry":{"type":"Polygon","coordinates":[[[114.18119999999999,22.388799999999996],[114.18279999999999,22.388799999999996],[114.18279999999999,22.390399999999996],[114.18119999999999,22.390399999999996],[114.18119999999999,22.388799999999996]]]}},{"type":"Feature","properties":{"id":"lu-nt-sha-tin-13-03","class":"built_up","vegetationFraction":0.062,"pavedFraction":0.791,"waterFraction":0.051,"simulated":true},"geometry":{"type":"Polygon","coordinates":[[[114.18279999999999,22.388799999999996],[114.18439999999998,22.388799999999996],[114.18439999999998,22.390399999999996],[114.18279999999999,22.390399999999996],[114.18279999999999,22.388799999999996]]]}},{"type":"Feature","properties":{"id":"lu-nt-sha-tin-13-04","class":"built_up","vegetationFraction":0.124,"pavedFraction":0.68,"waterFraction":0.053,"simulated":true},"geometry":{"type":"Polygon","coordinates":[[[114.18439999999998,22.388799999999996],[114.18599999999998,22.388799999999996],[114.18599999999998,22.390399999999996],[114.18439999999998,22.390399999999996],[114.18439999999998,22.388799999999996]]]}},{"type":"Feature","properties":{"id":"lu-nt-sha-tin-13-05","class":"built_up","vegetationFraction":0.081,"pavedFraction":0.888,"waterFraction":0.053,"simulated":true},"geometry":{"type":"Polygon","coordinates":[[[114.18599999999998,22.388799999999996],[114.18759999999997,22.388799999999996],[114.18759999999997,22.390399999999996],[114.18599999999998,22.390399999999996],[114.18599999999998,22.388799999999996]]]}},{"type":"Feature","properties":{"id":"lu-nt-sha-tin-13-06","class":"built_up","vegetationFraction":0.098,"pavedFraction":0.694,"waterFraction":0.033,"simulated":true},"geometry":{"type":"Polygon","coordinates":[[[114.18759999999997,22.388799999999996],[114.18919999999997,22.388799999999996],[114.18919999999997,22.390399999999996],[114.18759999999997,22.390399999999996],[114.18759999999997,22.388799999999996]]]}},{"type":"Feature","properties":{"id":"lu-nt-sha-tin-13-07","class":"built_up","vegetationFraction":0.082,"pavedFraction":0.804,"waterFraction":0.054,"simulated":true},"geometry":{"type":"Polygon","coordinates":[[[114.18919999999997,22.388799999999996],[114.19079999999997,22.388799999999996],[114.19079999999997,22.390399999999996],[114.18919999999997,22.390399999999996],[114.18919999999997,22.388799999999996]]]}},{"type":"Feature","properties":{"id":"lu-nt-sha-tin-13-08","class":"built_up","vegetationFraction":0.133,"pavedFraction":0.785,"waterFraction":0.038,"simulated":true},"geometry":{"type":"Polygon","coordinates":[[[114.19079999999997,22.388799999999996],[114.19239999999996,22.388799999999996],[114.19239999999996,22.390399999999996],[114.19079999999997,22.390399999999996],[114.19079999999997,22.388799999999996]]]}},{"type":"Feature","properties":{"id":"lu-nt-sha-tin-13-09","class":"built_up","vegetationFraction":0.087,"pavedFraction":0.873,"waterFraction":0.0,"simulated":true},"geometry":{"type":"Polygon","coordinates":[[[114.19239999999996,22.388799999999996],[114.19399999999996,22.388799999999996],[114.19399999999996,22.390399999999996],[114.19239999999996,22.390399999999996],[114.19239999999996,22.388799999999996]]]}},{"type":"Feature","properties":{"id":"lu-nt-sha-tin-13-10","class":"built_up","vegetationFraction":0.096,"pavedFraction":0.765,"waterFraction":0.004,"simulated":true},"geometry":{"type":"Polygon","coordinates":[[[114.19399999999996,22.388799999999996],[114.19559999999996,22.388799999999996],[114.19559999999996,22.390399999999996],[114.19399999999996,22.390399999999996],[114.19399999999996,22.388799999999996]]]}},{"type":"Feature","properties":{"id":"lu-nt-sha-tin-13-11","class":"built_up","vegetationFraction":0.106,"pavedFraction":0.799,"waterFraction":0.028,"simulated":true},"geometry":{"type":"Polygon","coordinates":[[[114.19559999999996,22.388799999999996],[114.19719999999995,22.388799999999996],[114.19719999999995,22.390399999999996],[114.19559999999996,22.390399999999996],[114.19559999999996,22.388799999999996]]]}},{"type":"Feature","properties":{"id":"lu-nt-sha-tin-13-12","class":"built_up","vegetationFraction":0.116,"pavedFraction":0.792,"waterFraction":0.044,"simulated":true},"geometry":{"type":"Polygon","coordinates":[[[114.19719999999995,22.388799999999996],[114.19879999999995,22.388799999999996],[114.19879999999995,22.390399999999996],[114.19719999999995,22.390399999999996],[114.19719999999995,22.388799999999996]]]}},{"type":"Feature","properties":{"id":"lu-nt-sha-tin-13-13","class":"built_up","vegetationFraction":0.092,"pavedFraction":0.869,"waterFraction":0.049,"simulated":true},"geometry":{"type":"Polygon","coordinates":[[[114.19879999999995,22.388799999999996],[114.20039999999995,22.388799999999996],[114.20039999999995,22.390399999999996],[114.19879999999995,22.390399999999996],[114.19879999999995,22.388799999999996]]]}},{"type":"Feature","properties":{"id":"lu-nt-sha-tin-13-14","class":"built_up","vegetationFraction":0.135,"pavedFraction":0.885,"waterFraction":0.052,"simulated":true},"geometry":{"type":"Polygon","coordinates":[[[114.20039999999995,22.388799999999996],[114.20199999999994,22.388799999999996],[114.20199999999994,22.390399999999996],[114.20039999999995,22.390399999999996],[114.20039999999995,22.388799999999996]]]}},{"type":"Feature","properties":{"id":"lu-nt-sha-tin-13-15","class":"built_up","vegetationFraction":0.131,"pavedFraction":0.653,"waterFraction":0.008,"simulated":true},"geometry":{"type":"Polygon","coordinates":[[[114.20199999999994,22.388799999999996],[114.20359999999994,22.388799999999996],[114.20359999999994,22.390399999999996],[114.20199999999994,22.390399999999996],[114.20199999999994,22.388799999999996]]]}},{"type":"Feature","properties":{"id":"lu-nt-sha-tin-13-16","class":"built_up","vegetationFraction":0.075,"pavedFraction":0.811,"waterFraction":0.032,"simulated":true},"geometry":{"type":"Polygon","coordinates":[[[114.20359999999994,22.388799999999996],[114.20519999999993,22.388799999999996],[114.20519999999993,22.390399999999996],[114.20359999999994,22.390399999999996],[114.20359999999994,22.388799999999996]]]}},{"type":"Feature","properties":{"id":"lu-nt-sha-tin-13-17","class":"built_up","vegetationFraction":0.062,"pavedFraction":0.891,"waterFraction":0.05,"simulated":true},"geometry":{"type":"Polygon","coordinates":[[[114.20519999999993,22.388799999999996],[114.20679999999993,22.388799999999996],[114.20679999999993,22.390399999999996],[114.20519999999993,22.390399999999996],[114.20519999999993,22.388799999999996]]]}},{"type":"Feature","properties":{"id":"lu-nt-sha-tin-13-18","class":"built_up","vegetationFraction":0.092,"pavedFraction":0.694,"waterFraction":0.016,"simulated":true},"geometry":{"type":"Polygon","coordinates":[[[114.20679999999993,22.388799999999996],[114.20839999999993,22.388799999999996],[114.20839999999993,22.390399999999996],[114.20679999999993,22.390399999999996],[114.20679999999993,22.388799999999996]]]}},{"type":"Feature","properties":{"id":"lu-nt-sha-tin-13-19","class":"built_up","vegetationFraction":0.068,"pavedFraction":0.878,"waterFraction":0.033,"simulated":true},"geometry":{"type":"Polygon","coordinates":[[[114.20839999999993,22.388799999999996],[114.20999999999992,22.388799999999996],[114.20999999999992,22.390399999999996],[114.20839999999993,22.390399999999996],[114.20839999999993,22.388799999999996]]]}},{"type":"Feature","properties":{"id":"lu-nt-sha-tin-13-20","class":"built_up","vegetationFraction":0.128,"pavedFraction":0.692,"waterFraction":0.019,"simulated":true},"geometry":{"type":"Polygon","coordinates":[[[114.20999999999992,22.388799999999996],[114.21159999999992,22.388799999999996],[114.21159999999992,22.390399999999996],[114.20999999999992,22.390399999999996],[114.20999999999992,22.388799999999996]]]}},{"type":"Feature","properties":{"id":"lu-nt-sha-tin-13-21","class":"built_up","vegetationFraction":0.099,"pavedFraction":0.832,"waterFraction":0.045,"simulated":true},"geometry":{"type":"Polygon","coordinates":[[[114.21159999999992,22.388799999999996],[114.21319999999992,22.388799999999996],[114.21319999999992,22.390399999999996],[114.21159999999992,22.390399999999996],[114.21159999999992,22.388799999999996]]]}},{"type":"Feature","properties":{"id":"lu-nt-sha-tin-14-00","class":"built_up","vegetationFraction":0.109,"pavedFraction":0.775,"waterFraction":0.04,"simulated":true},"geometry":{"type":"Polygon","coordinates":[[[114.178,22.390399999999996],[114.1796,22.390399999999996],[114.1796,22.391999999999996],[114.178,22.391999999999996],[114.178,22.390399999999996]]]}},{"type":"Feature","properties":{"id":"lu-nt-sha-tin-14-01","class":"built_up","vegetationFraction":0.072,"pavedFraction":0.745,"waterFraction":0.005,"simulated":true},"geometry":{"type":"Polygon","coordinates":[[[114.1796,22.390399999999996],[114.18119999999999,22.390399999999996],[114.18119999999999,22.391999999999996],[114.1796,22.391999999999996],[114.1796,22.390399999999996]]]}},{"type":"Feature","properties":{"id":"lu-nt-sha-tin-14-02","class":"built_up","vegetationFraction":0.103,"pavedFraction":0.745,"waterFraction":0.02,"simulated":true},"geometry":{"type":"Polygon","coordinates":[[[114.18119999999999,22.390399999999996],[114.18279999999999,22.390399999999996],[114.18279999999999,22.391999999999996],[114.18119999999999,22.391999999999996],[114.18119999999999,22.390399999999996]]]}},{"type":"Feature","properties":{"id":"lu-nt-sha-tin-14-03","class":"built_up","vegetationFraction":0.077,"pavedFraction":0.745,"waterFraction":0.023,"simulated":true},"geometry":{"type":"Polygon","coordinates":[[[114.18279999999999,22.390399999999996],[114.18439999999998,22.390399999999996],[114.18439999999998,22.391999999999996],[114.18279999999999,22.391999999999996],[114.18279999999999,22.390399999999996]]]}},{"type":"Feature","properties":{"id":"lu-nt-sha-tin-14-04","class":"built_up","vegetationFraction":0.104,"pavedFraction":0.665,"waterFraction":0.002,"simulated":true},"geometry":{"type":"Polygon","coordinates":[[[114.18439999999998,22.390399999999996],[114.18599999999998,22.390399999999996],[114.18599999999998,22.391999999999996],[114.18439999999998,22.391999999999996],[114.18439999999998,22.390399999999996]]]}},{"type":"Feature","properties":{"id":"lu-nt-sha-tin-14-05","class":"built_up","vegetationFraction":0.066,"pavedFraction":0.866,"waterFraction":0.019,"simulated":true},"geometry":{"type":"Polygon","coordinates":[[[114.18599999999998,22.390399999999996],[114.18759999999997,22.390399999999996],[114.18759999999997,22.391999999999996],[114.18599999999998,22.391999999999996],[114.18599999999998,22.390399999999996]]]}},{"type":"Feature","properties":{"id":"lu-nt-sha-tin-14-06","class":"built_up","vegetationFraction":0.068,"pavedFraction":0.682,"waterFraction":0.03,"simulated":true},"geometry":{"type":"Polygon","coordinates":[[[114.18759999999997,22.390399999999996],[114.18919999999997,22.390399999999996],[114.18919999999997,22.391999999999996],[114.18759999999997,22.391999999999996],[114.18759999999997,22.390399999999996]]]}},{"type":"Feature","properties":{"id":"lu-nt-sha-tin-14-07","class":"built_up","vegetationFraction":0.116,"pavedFraction":0.871,"waterFraction":0.042,"simulated":true},"geometry":{"type":"Polygon","coordinates":[[[114.18919999999997,22.390399999999996],[114.19079999999997,22.390399999999996],[114.19079999999997,22.391999999999996],[114.18919999999997,22.391999999999996],[114.18919999999997,22.390399999999996]]]}},{"type":"Feature","properties":{"id":"lu-nt-sha-tin-14-08","class":"built_up","vegetationFraction":0.126,"pavedFraction":0.82,"waterFraction":0.035,"simulated":true},"geometry":{"type":"Polygon","coordinates":[[[114.19079999999997,22.390399999999996],[114.19239999999996,22.390399999999996],[114.19239999999996,22.391999999999996],[114.19079999999997,22.391999999999996],[114.19079999999997,22.390399999999996]]]}},{"type":"Feature","properties":{"id":"lu-nt-sha-tin-14-09","class":"built_up","vegetationFraction":0.118,"pavedFraction":0.844,"waterFraction":0.06,"simulated":true},"geometry":{"type":"Polygon","coordinates":[[[114.19239999999996,22.390399999999996],[114.19399999999996,22.390399999999996],[114.19399999999996,22.391999999999996],[114.19239999999996,22.391999999999996],[114.19239999999996,22.390399999999996]]]}},{"type":"Feature","properties":{"id":"lu-nt-sha-tin-14-10","class":"built_up","vegetationFraction":0.118,"pavedFraction":0.706,"waterFraction":0.007,"simulated":true},"geometry":{"type":"Polygon","coordinates":[[[114.19399999999996,22.390399999999996],[114.19559999999996,22.390399999999996],[114.19559999999996,22.391999999999996],[114.19399999999996,22.391999999999996],[114.19399999999996,22.390399999999996]]]}},{"type":"Feature","properties":{"id":"lu-nt-sha-tin-14-11","class":"built_up","vegetationFraction":0.124,"pavedFraction":0.731,"waterFraction":0.026,"simulated":true},"geometry":{"type":"Polygon","coordinates":[[[114.19559999999996,22.390399999999996],[114.19719999999995,22.390399999999996],[114.19719999999995,22.391999999999996],[114.19559999999996,22.391999999999996],[114.19559999999996,22.390399999999996]]]}},{"type":"Feature","properties":{"id":"lu-nt-sha-tin-14-12","class":"built_up","vegetationFraction":0.079,"pavedFraction":0.718,"waterFraction":0.054,"simulated":true},"geometry":{"type":"Polygon","coordinates":[[[114.19719999999995,22.390399999999996],[114.19879999999995,22.390399999999996],[114.19879999999995,22.391999999999996],[114.19719999999995,22.391999999999996],[114.19719999999995,22.390399999999996]]]}},{"type":"Feature","properties":{"id":"lu-nt-sha-tin-14-13","class":"built_up","vegetationFraction":0.13,"pavedFraction":0.845,"waterFraction":0.037,"simulated":true},"geometry":{"type":"Polygon","coordinates":[[[114.19879999999995,22.390399999999996],[114.20039999999995,22.390399999999996],[114.20039999999995,22.391999999999996],[114.19879999999995,22.391999999999996],[114.19879999999995,22.390399999999996]]]}},{"type":"Feature","properties":{"id":"lu-nt-sha-tin-14-14","class":"built_up","vegetationFraction":0.078,"pavedFraction":0.835,"waterFraction":0.013,"simulated":true},"geometry":{"type":"Polygon","coordinates":[[[114.20039999999995,22.390399999999996],[114.20199999999994,22.390399999999996],[114.20199999999994,22.391999999999996],[114.20039999999995,22.391999999999996],[114.20039999999995,22.390399999999996]]]}},{"type":"Feature","properties":{"id":"lu-nt-sha-tin-14-15","class":"built_up","vegetationFraction":0.095,"pavedFraction":0.731,"waterFraction":0.059,"simulated":true},"geometry":{"type":"Polygon","coordinates":[[[114.20199999999994,22.390399999999996],[114.20359999999994,22.390399999999996],[114.20359999999994,22.391999999999996],[114.20199999999994,22.391999999999996],[114.20199999999994,22.390399999999996]]]}},{"type":"Feature","properties":{"id":"lu-nt-sha-tin-14-16","class":"built_up","vegetationFraction":0.061,"pavedFraction":0.711,"waterFraction":0.011,"simulated":true},"geometry":{"type":"Polygon","coordinates":[[[114.20359999999994,22.390399999999996],[114.20519999999993,22.390399999999996],[114.20519999999993,22.391999999999996],[114.20359999999994,22.391999999999996],[114.20359999999994,22.390399999999996]]]}},{"type":"Feature","properties":{"id":"lu-nt-sha-tin-14-17","class":"built_up","vegetationFraction":0.128,"pavedFraction":0.628,"waterFraction":0.044,"simulated":true},"geometry":{"type":"Polygon","coordinates":[[[114.20519999999993,22.390399999999996],[114.20679999999993,22.390399999999996],[114.20679999999993,22.391999999999996],[114.20519999999993,22.391999999999996],[114.20519999999993,22.390399999999996]]]}},{"type":"Feature","properties":{"id":"lu-nt-sha-tin-14-18","class":"built_up","vegetationFraction":0.065,"pavedFraction":0.892,"waterFraction":0.018,"simulated":true},"geometry":{"type":"Polygon","coordinates":[[[114.20679999999993,22.390399999999996],[114.20839999999993,22.390399999999996],[114.20839999999993,22.391999999999996],[114.20679999999993,22.391999999999996],[114.20679999999993,22.390399999999996]]]}},{"type":"Feature","properties":{"id":"lu-nt-sha-tin-14-19","class":"built_up","vegetationFraction":0.082,"pavedFraction":0.619,"waterFraction":0.007,"simulated":true},"geometry":{"type":"Polygon","coordinates":[[[114.20839999999993,22.390399999999996],[114.20999999999992,22.390399999999996],[114.20999999999992,22.391999999999996],[114.20839999999993,22.391999999999996],[114.20839999999993,22.390399999999996]]]}},{"type":"Feature","properties":{"id":"lu-nt-sha-tin-14-20","class":"built_up","vegetationFraction":0.07,"pavedFraction":0.689,"waterFraction":0.031,"simulated":true},"geometry":{"type":"Polygon","coordinates":[[[114.20999999999992,22.390399999999996],[114.21159999999992,22.390399999999996],[114.21159999999992,22.391999999999996],[114.20999999999992,22.391999999999996],[114.20999999999992,22.390399999999996]]]}},{"type":"Feature","properties":{"id":"lu-nt-sha-tin-14-21","class":"built_up","vegetationFraction":0.084,"pavedFraction":0.639,"waterFraction":0.014,"simulated":true},"geometry":{"type":"Polygon","coordinates":[[[114.21159999999992,22.390399999999996],[114.21319999999992,22.390399999999996],[114.21319999999992,22.391999999999996],[114.21159999999992,22.391999999999996],[114.21159999999992,22.390399999999996]]]}},{"type":"Feature","properties":{"id":"lu-nt-sha-tin-15-00","class":"built_up","vegetationFraction":0.061,"pavedFraction":0.888,"waterFraction":0.028,"simulated":true},"geometry":{"type":"Polygon","coordinates":[[[114.178,22.391999999999996],[114.1796,22.391999999999996],[114.1796,22.393599999999996],[114.178,22.393599999999996],[114.178,22.391999999999996]]]}},{"type":"Feature","properties":{"id":"lu-nt-sha-tin-15-01","class":"built_up","vegetationFraction":0.063,"pavedFraction":0.716,"waterFraction":0.012,"simulated":true},"geometry":{"type":"Polygon","coordinates":[[[114.1796,22.391999999999996],[114.18119999999999,22.391999999999996],[114.18119999999999,22.393599999999996],[114.1796,22.393599999999996],[114.1796,22.391999999999996]]]}},{"type":"Feature","properties":{"id":"lu-nt-sha-tin-15-02","class":"built_up","vegetationFraction":0.129,"pavedFraction":0.676,"waterFraction":0.032,"simulated":true},"geometry":{"type":"Polygon","coordinates":[[[114.18119999999999,22.391999999999996],[114.18279999999999,22.391999999999996],[114.18279999999999,22.393599999999996],[114.18119999999999,22.393599999999996],[114.18119999999999,22.391999999999996]]]}},{"type":"Feature","properties":{"id":"lu-nt-sha-tin-15-03","class":"built_up","vegetationFraction":0.103,"pavedFraction":0.738,"waterFraction":0.002,"simulated":true},"geometry":{"type":"Polygon","coordinates":[[[114.18279999999999,22.391999999999996],[114.18439999999998,22.391999999999996],[114.18439999999998,22.393599999999996],[114.18279999999999,22.393599999999996],[114.18279999999999,22.391999999999996]]]}},{"type":"Feature","properties":{"id":"lu-nt-sha-tin-15-04","class":"built_up","vegetationFraction":0.128,"pavedFraction":0.699,"waterFraction":0.022,"simulated":true},"geometry":{"type":"Polygon","coordinates":[[[114.18439999999998,22.391999999999996],[114.18599999999998,22.391999999999996],[114.18599999999998,22.393599999999996],[114.18439999999998,22.393599999999996],[114.18439999999998,22.391999999999996]]]}},{"type":"Feature","properties":{"id":"lu-nt-sha-tin-15-05","class":"built_up","vegetationFraction":0.1,"pavedFraction":0.658,"waterFraction":0.025,"simulated":true},"geometry":{"type":"Polygon","coordinates":[[[114.18599999999998,22.391999999999996],[114.18759999999997,22.391999999999996],[114.18759999999997,22.393599999999996],[114.18599999999998,22.393599999999996],[114.18599999999998,22.391999999999996]]]}},{"type":"Feature","properties":{"id":"lu-nt-sha-tin-15-06","class":"built_up","vegetationFraction":0.076,"pavedFraction":0.6,"waterFraction":0.021,"simulated":true},"geometry":{"type":"Polygon","coordinates":[[[114.18759999999997,22.391999999999996],[114.18919999999997,22.391999999999996],[114.18919999999997,22.393599999999996],[114.18759999999997,22.393599999999996],[114.18759999999997,22.391999999999996]]]}},{"type":"Feature","properties":{"id":"lu-nt-sha-tin-15-07","class":"built_up","vegetationFraction":0.081,"pavedFraction":0.753,"waterFraction":0.042,"simulated":true},"geometry":{"type":"Polygon","coordinates":[[[114.18919999999997,22.391999999999996],[114.19079999999997,22.391999999999996],[114.19079999999997,22.393599999999996],[114.18919999999997,22.393599999999996],[114.18919999999997,22.391999999999996]]]}},{"type":"Feature","properties":{"id":"lu-nt-sha-tin-15-08","class":"built_up","vegetationFraction":0.12,"pavedFraction":0.672,"waterFraction":0.032,"simulated":true},"geometry":{"type":"Polygon","coordinates":[[[114.19079999999997,22.391999999999996],[114.19239999999996,22.391999999999996],[114.19239999999996,22.393599999999996],[114.19079999999997,22.393599999999996],[114.19079999999997,22.391999999999996]]]}},{"type":"Feature","properties":{"id":"lu-nt-sha-tin-15-09","class":"built_up","vegetationFraction":0.132,"pavedFraction":0.752,"waterFraction":0.025,"simulated":true},"geometry":{"type":"Polygon","coordinates":[[[114.19239999999996,22.391999999999996],[114.19399999999996,22.391999999999996],[114.19399999999996,22.393599999999996],[114.19239999999996,22.393599999999996],[114.19239999999996,22.391999999999996]]]}},{"type":"Feature","properties":{"id":"lu-nt-sha-tin-15-10","class":"built_up","vegetationFraction":0.093,"pavedFraction":0.866,"waterFraction":0.045,"simulated":true},"geometry":{"type":"Polygon","coordinates":[[[114.19399999999996,22.391999999999996],[114.19559999999996,22.391999999999996],[114.19559999999996,22.393599999999996],[114.19399999999996,22.393599999999996],[114.19399999999996,22.391999999999996]]]}},{"type":"Feature","properties":{"id":"lu-nt-sha-tin-15-11","class":"built_up","vegetationFraction":0.131,"pavedFraction":0.665,"waterFraction":0.025,"simulated":true},"geometry":{"type":"Polygon","coordinates":[[[114.19559999999996,22.391999999999996],[114.19719999999995,22.391999999999996],[114.19719999999995,22.393599999999996],[114.19559999999996,22.393599999999996],[114.19559999999996,22.391999999999996]]]}},{"type":"Feature","properties":{"id":"lu-nt-sha-tin-15-12","class":"built_up","vegetationFraction":0.106,"pavedFraction":0.732,"waterFraction":0.01,"simulated":true},"geometry":{"type":"Polygon","coordinates":[[[114.19719999999995,22.391999999999996],[114.19879999999995,22.391999999999996],[114.19879999999995,22.393599999999996],[114.19719999999995,22.393599999999996],[114.19719999999995,22.391999999999996]]]}},{"type":"Feature","properties":{"id":"lu-nt-sha-tin-15-13","class":"built_up","vegetationFraction":0.112,"pavedFraction":0.876,"waterFraction":0.042,"simulated":true},"geometry":{"type":"Polygon","coordinates":[[[114.19879999999995,22.391999999999996],[114.20039999999995,22.391999999999996],[114.20039999999995,22.393599999999996],[114.19879999999995,22.393599999999996],[114.19879999999995,22.391999999999996]]]}},{"type":"Feature","properties":{"id":"lu-nt-sha-tin-15-14","class":"built_up","vegetationFraction":0.116,"pavedFraction":0.754,"waterFraction":0.005,"simulated":true},"geometry":{"type":"Polygon","coordinates":[[[114.20039999999995,22.391999999999996],[114.20199999999994,22.391999999999996],[114.20199999999994,22.393599999999996],[114.20039999999995,22.393599999999996],[114.20039999999995,22.391999999999996]]]}},{"type":"Feature","properties":{"id":"lu-nt-sha-tin-15-15","class":"built_up","vegetationFraction":0.061,"pavedFraction":0.724,"waterFraction":0.039,"simulated":true},"geometry":{"type":"Polygon","coordinates":[[[114.20199999999994,22.391999999999996],[114.20359999999994,22.391999999999996],[114.20359999999994,22.393599999999996],[114.20199999999994,22.393599999999996],[114.20199999999994,22.391999999999996]]]}},{"type":"Feature","properties":{"id":"lu-nt-sha-tin-15-16","class":"built_up","vegetationFraction":0.077,"pavedFraction":0.704,"waterFraction":0.0,"simulated":true},"geometry":{"type":"Polygon","coordinates":[[[114.20359999999994,22.391999999999996],[114.20519999999993,22.391999999999996],[114.20519999999993,22.393599999999996],[114.20359999999994,22.393599999999996],[114.20359999999994,22.391999999999996]]]}},{"type":"Feature","properties":{"id":"lu-nt-sha-tin-15-17","class":"built_up","vegetationFraction":0.085,"pavedFraction":0.724,"waterFraction":0.04,"simulated":true},"geometry":{"type":"Polygon","coordinates":[[[114.20519999999993,22.391999999999996],[114.20679999999993,22.391999999999996],[114.20679999999993,22.393599999999996],[114.20519999999993,22.393599999999996],[114.20519999999993,22.391999999999996]]]}},{"type":"Feature","properties":{"id":"lu-nt-sha-tin-15-18","class":"built_up","vegetationFraction":0.119,"pavedFraction":0.821,"waterFraction":0.025,"simulated":true},"geometry":{"type":"Polygon","coordinates":[[[114.20679999999993,22.391999999999996],[114.20839999999993,22.391999999999996],[114.20839999999993,22.393599999999996],[114.20679999999993,22.393599999999996],[114.20679999999993,22.391999999999996]]]}},{"type":"Feature","properties":{"id":"lu-nt-sha-tin-15-19","class":"built_up","vegetationFraction":0.065,"pavedFraction":0.849,"waterFraction":0.052,"simulated":true},"geometry":{"type":"Polygon","coordinates":[[[114.20839999999993,22.391999999999996],[114.20999999999992,22.391999999999996],[114.20999999999992,22.393599999999996],[114.20839999999993,22.393599999999996],[114.20839999999993,22.391999999999996]]]}},{"type":"Feature","properties":{"id":"lu-nt-sha-tin-15-20","class":"built_up","vegetationFraction":0.119,"pavedFraction":0.689,"waterFraction":0.0,"simulated":true},"geometry":{"type":"Polygon","coordinates":[[[114.20999999999992,22.391999999999996],[114.21159999999992,22.391999999999996],[114.21159999999992,22.393599999999996],[114.20999999999992,22.393599999999996],[114.20999999999992,22.391999999999996]]]}},{"type":"Feature","properties":{"id":"lu-nt-sha-tin-15-21","class":"built_up","vegetationFraction":0.133,"pavedFraction":0.602,"waterFraction":0.037,"simulated":true},"geometry":{"type":"Polygon","coordinates":[[[114.21159999999992,22.391999999999996],[114.21319999999992,22.391999999999996],[114.21319999999992,22.393599999999996],[114.21159999999992,22.393599999999996],[114.21159999999992,22.391999999999996]]]}},{"type":"Feature","properties":{"id":"lu-nt-sha-tin-16-00","class":"urban_open_space","vegetationFraction":0.308,"pavedFraction":0.537,"waterFraction":0.043,"simulated":true},"geometry":{"type":"Polygon","coordinates":[[[114.178,22.393599999999996],[114.1796,22.393599999999996],[114.1796,22.395199999999996],[114.178,22.395199999999996],[114.178,22.393599999999996]]]}},{"type":"Feature","properties":{"id":"lu-nt-sha-tin-16-01","class":"built_up","vegetationFraction":0.221,"pavedFraction":0.432,"waterFraction":0.015,"simulated":true},"geometry":{"type":"Polygon","coordinates":[[[114.1796,22.393599999999996],[114.18119999999999,22.393599999999996],[114.18119999999999,22.395199999999996],[114.1796,22.395199999999996],[114.1796,22.393599999999996]]]}},{"type":"Feature","properties":{"id":"lu-nt-sha-tin-16-02","class":"urban_open_space","vegetationFraction":0.382,"pavedFraction":0.639,"waterFraction":0.032,"simulated":true},"geometry":{"type":"Polygon","coordinates":[[[114.18119999999999,22.393599999999996],[114.18279999999999,22.393599999999996],[114.18279999999999,22.395199999999996],[114.18119999999999,22.395199999999996],[114.18119999999999,22.393599999999996]]]}},{"type":"Feature","properties":{"id":"lu-nt-sha-tin-16-03","class":"urban_open_space","vegetationFraction":0.297,"pavedFraction":0.524,"waterFraction":0.01,"simulated":true},"geometry":{"type":"Polygon","coordinates":[[[114.18279999999999,22.393599999999996],[114.18439999999998,22.393599999999996],[114.18439999999998,22.395199999999996],[114.18279999999999,22.395199999999996],[114.18279999999999,22.393599999999996]]]}},{"type":"Feature","properties":{"id":"lu-nt-sha-tin-16-04","class":"green_space","vegetationFraction":0.442,"pavedFraction":0.385,"waterFraction":0.031,"simulated":true},"geometry":{"type":"Polygon","coordinates":[[[114.18439999999998,22.393599999999996],[114.18599999999998,22.393599999999996],[114.18599999999998,22.395199999999996],[114.18439999999998,22.395199999999996],[114.18439999999998,22.393599999999996]]]}},{"type":"Feature","properties":{"id":"lu-nt-sha-tin-16-05","class":"urban_open_space","vegetationFraction":0.337,"pavedFraction":0.604,"waterFraction":0.037,"simulated":true},"geometry":{"type":"Polygon","coordinates":[[[114.18599999999998,22.393599999999996],[114.18759999999997,22.393599999999996],[114.18759999999997,22.395199999999996],[114.18599999999998,22.395199999999996],[114.18599999999998,22.393599999999996]]]}},{"type":"Feature","properties":{"id":"lu-nt-sha-tin-16-06","class":"green_space","vegetationFraction":0.418,"pavedFraction":0.537,"waterFraction":0.002,"simulated":true},"geometry":{"type":"Polygon","coordinates":[[[114.18759999999997,22.393599999999996],[114.18919999999997,22.393599999999996],[114.18919999999997,22.395199999999996],[114.18759999999997,22.395199999999996],[114.18759999999997,22.393599999999996]]]}},{"type":"Feature","properties":{"id":"lu-nt-sha-tin-16-07","class":"built_up","vegetationFraction":0.245,"pavedFraction":0.588,"waterFraction":0.048,"simulated":true},"geometry":{"type":"Polygon","coordinates":[[[114.18919999999997,22.393599999999996],[114.19079999999997,22.393599999999996],[114.19079999999997,22.395199999999996],[114.18919999999997,22.395199999999996],[114.18919999999997,22.393599999999996]]]}},{"type":"Feature","properties":{"id":"lu-nt-sha-tin-16-08","class":"urban_open_space","vegetationFraction":0.365,"pavedFraction":0.379,"waterFraction":0.042,"simulated":true},"geometry":{"type":"Polygon","coordinates":[[[114.19079999999997,22.393599999999996],[114.19239999999996,22.393599999999996],[114.19239999999996,22.395199999999996],[114.19079999999997,22.395199999999996],[114.19079999999997,22.393599999999996]]]}},{"type":"Feature","properties":{"id":"lu-nt-sha-tin-16-09","class":"green_space","vegetationFraction":0.434,"pavedFraction":0.449,"waterFraction":0.018,"simulated":true},"geometry":{"type":"Polygon","coordinates":[[[114.19239999999996,22.393599999999996],[114.19399999999996,22.393599999999996],[114.19399999999996,22.395199999999996],[114.19239999999996,22.395199999999996],[114.19239999999996,22.393599999999996]]]}},{"type":"Feature","properties":{"id":"lu-nt-sha-tin-16-10","class":"urban_open_space","vegetationFraction":0.261,"pavedFraction":0.388,"waterFraction":0.042,"simulated":true},"geometry":{"type":"Polygon","coordinates":[[[114.19399999999996,22.393599999999996],[114.19559999999996,22.393599999999996],[114.19559999999996,22.395199999999996],[114.19399999999996,22.395199999999996],[114.19399999999996,22.393599999999996]]]}},{"type":"Feature","properties":{"id":"lu-nt-sha-tin-16-11","class":"urban_open_space","vegetationFraction":0.397,"pavedFraction":0.397,"waterFraction":0.059,"simulated":true},"geometry":{"type":"Polygon","coordinates":[[[114.19559999999996,22.393599999999996],[114.19719999999995,22.393599999999996],[114.19719999999995,22.395199999999996],[114.19559999999996,22.395199999999996],[114.19559999999996,22.393599999999996]]]}},{"type":"Feature","properties":{"id":"lu-nt-sha-tin-16-12","class":"green_space","vegetationFraction":0.424,"pavedFraction":0.519,"waterFraction":0.007,"simulated":true},"geometry":{"type":"Polygon","coordinates":[[[114.19719999999995,22.393599999999996],[114.19879999999995,22.393599999999996],[114.19879999999995,22.395199999999996],[114.19719999999995,22.395199999999996],[114.19719999999995,22.393599999999996]]]}},{"type":"Feature","properties":{"id":"lu-nt-sha-tin-16-13","class":"urban_open_space","vegetationFraction":0.272,"pavedFraction":0.368,"waterFraction":0.054,"simulated":true},"geometry":{"type":"Polygon","coordinates":[[[114.19879999999995,22.393599999999996],[114.20039999999995,22.393599999999996],[114.20039999999995,22.395199999999996],[114.19879999999995,22.395199999999996],[114.19879999999995,22.393599999999996]]]}},{"type":"Feature","properties":{"id":"lu-nt-sha-tin-16-14","class":"urban_open_space","vegetationFraction":0.356,"pavedFraction":0.409,"waterFraction":0.016,"simulated":true},"geometry":{"type":"Polygon","coordinates":[[[114.20039999999995,22.393599999999996],[114.20199999999994,22.393599999999996],[114.20199999999994,22.395199999999996],[114.20039999999995,22.395199999999996],[114.20039999999995,22.393599999999996]]]}},{"type":"Feature","properties":{"id":"lu-nt-sha-tin-16-15","class":"green_space","vegetationFraction":0.428,"pavedFraction":0.558,"waterFraction":0.004,"simulated":true},"geometry":{"type":"Polygon","coordinates":[[[114.20199999999994,22.393599999999996],[114.20359999999994,22.393599999999996],[114.20359999999994,22.395199999999996],[114.20199999999994,22.395199999999996],[114.20199999999994,22.393599999999996]]]}},{"type":"Feature","properties":{"id":"lu-nt-sha-tin-16-16","class":"built_up","vegetationFraction":0.231,"pavedFraction":0.439,"waterFraction":0.043,"simulated":true},"geometry":{"type":"Polygon","coordinates":[[[114.20359999999994,22.393599999999996],[114.20519999999993,22.393599999999996],[114.20519999999993,22.395199999999996],[114.20359999999994,22.395199999999996],[114.20359999999994,22.393599999999996]]]}},{"type":"Feature","properties":{"id":"lu-nt-sha-tin-16-17","class":"urban_open_space","vegetationFraction":0.292,"pavedFraction":0.448,"waterFraction":0.053,"simulated":true},"geometry":{"type":"Polygon","coordinates":[[[114.20519999999993,22.393599999999996],[114.20679999999993,22.393599999999996],[114.20679999999993,22.395199999999996],[114.20519999999993,22.395199999999996],[114.20519999999993,22.393599999999996]]]}},{"type":"Feature","properties":{"id":"lu-nt-sha-tin-16-18","class":"urban_open_space","vegetationFraction":0.35,"pavedFraction":0.624,"waterFraction":0.044,"simulated":true},"geometry":{"type":"Polygon","coordinates":[[[114.20679999999993,22.393599999999996],[114.20839999999993,22.393599999999996],[114.20839999999993,22.395199999999996],[114.20679999999993,22.395199999999996],[114.20679999999993,22.393599999999996]]]}},{"type":"Feature","properties":{"id":"lu-nt-sha-tin-16-19","class":"urban_open_space","vegetationFraction":0.367,"pavedFraction":0.531,"waterFraction":0.007,"simulated":true},"geometry":{"type":"Polygon","coordinates":[[[114.20839999999993,22.393599999999996],[114.20999999999992,22.393599999999996],[114.20999999999992,22.395199999999996],[114.20839999999993,22.395199999999996],[114.20839999999993,22.393599999999996]]]}},{"type":"Feature","properties":{"id":"lu-nt-sha-tin-16-20","class":"built_up","vegetationFraction":0.228,"pavedFraction":0.63,"waterFraction":0.005,"simulated":true},"geometry":{"type":"Polygon","coordinates":[[[114.20999999999992,22.393599999999996],[114.21159999999992,22.393599999999996],[114.21159999999992,22.395199999999996],[114.20999999999992,22.395199999999996],[114.20999999999992,22.393599999999996]]]}},{"type":"Feature","properties":{"id":"lu-nt-sha-tin-16-21","class":"urban_open_space","vegetationFraction":0.371,"pavedFraction":0.529,"waterFraction":0.044,"simulated":true},"geometry":{"type":"Polygon","coordinates":[[[114.21159999999992,22.393599999999996],[114.21319999999992,22.393599999999996],[114.21319999999992,22.395199999999996],[114.21159999999992,22.395199999999996],[114.21159999999992,22.393599999999996]]]}},{"type":"Feature","properties":{"id":"lu-nt-sha-tin-17-00","class":"built_up","vegetationFraction":0.232,"pavedFraction":0.403,"waterFraction":0.044,"simulated":true},"geometry":{"type":"Polygon","coordinates":[[[114.178,22.395199999999996],[114.1796,22.395199999999996],[114.1796,22.396799999999995],[114.178,22.396799999999995],[114.178,22.395199999999996]]]}},{"type":"Feature","properties":{"id":"lu-nt-sha-tin-17-01","class":"urban_open_space","vegetationFraction":0.314,"pavedFraction":0.434,"waterFraction":0.012,"simulated":true},"geometry":{"type":"Polygon","coordinates":[[[114.1796,22.395199999999996],[114.18119999999999,22.395199999999996],[114.18119999999999,22.396799999999995],[114.1796,22.396799999999995],[114.1796,22.395199999999996]]]}},{"type":"Feature","properties":{"id":"lu-nt-sha-tin-17-02","class":"urban_open_space","vegetationFraction":0.289,"pavedFraction":0.516,"waterFraction":0.022,"simulated":true},"geometry":{"type":"Polygon","coordinates":[[[114.18119999999999,22.395199999999996],[114.18279999999999,22.395199999999996],[114.18279999999999,22.396799999999995],[114.18119999999999,22.396799999999995],[114.18119999999999,22.395199999999996]]]}},{"type":"Feature","properties":{"id":"lu-nt-sha-tin-17-03","class":"green_space","vegetationFraction":0.437,"pavedFraction":0.43,"waterFraction":0.024,"simulated":true},"geometry":{"type":"Polygon","coordinates":[[[114.18279999999999,22.395199999999996],[114.18439999999998,22.395199999999996],[114.18439999999998,22.396799999999995],[114.18279999999999,22.396799999999995],[114.18279999999999,22.395199999999996]]]}},{"type":"Feature","properties":{"id":"lu-nt-sha-tin-17-04","class":"urban_open_space","vegetationFraction":0.294,"pavedFraction":0.565,"waterFraction":0.039,"simulated":true},"geometry":{"type":"Polygon","coordinates":[[[114.18439999999998,22.395199999999996],[114.18599999999998,22.395199999999996],[114.18599999999998,22.396799999999995],[114.18439999999998,22.396799999999995],[114.18439999999998,22.395199999999996]]]}},{"type":"Feature","properties":{"id":"lu-nt-sha-tin-17-05","class":"built_up","vegetationFraction":0.216,"pavedFraction":0.505,"waterFraction":0.019,"simulated":true},"geometry":{"type":"Polygon","coordinates":[[[114.18599999999998,22.395199999999996],[114.18759999999997,22.395199999999996],[114.18759999999997,22.396799999999995],[114.18599999999998,22.396799999999995],[114.18599999999998,22.395199999999996]]]}},{"type":"Feature","properties":{"id":"lu-nt-sha-tin-17-06","class":"urban_open_space","vegetationFraction":0.345,"pavedFraction":0.439,"waterFraction":0.007,"simulated":true},"geometry":{"type":"Polygon","coordinates":[[[114.18759999999997,22.395199999999996],[114.18919999999997,22.395199999999996],[114.18919999999997,22.396799999999995],[114.18759999999997,22.396799999999995],[114.18759999999997,22.395199999999996]]]}},{"type":"Feature","properties":{"id":"lu-nt-sha-tin-17-07","class":"green_space","vegetationFraction":0.439,"pavedFraction":0.419,"waterFraction":0.03,"simulated":true},"geometry":{"type":"Polygon","coordinates":[[[114.18919999999997,22.395199999999996],[114.19079999999997,22.395199999999996],[114.19079999999997,22.396799999999995],[114.18919999999997,22.396799999999995],[114.18919999999997,22.395199999999996]]]}},{"type":"Feature","properties":{"id":"lu-nt-sha-tin-17-08","class":"green_space","vegetationFraction":0.407,"pavedFraction":0.641,"waterFraction":0.017,"simulated":true},"geometry":{"type":"Polygon","coordinates":[[[114.19079999999997,22.395199999999996],[114.19239999999996,22.395199999999996],[114.19239999999996,22.396799999999995],[114.19079999999997,22.396799999999995],[114.19079999999997,22.395199999999996]]]}},{"type":"Feature","properties":{"id":"lu-nt-sha-tin-17-09","class":"urban_open_space","vegetationFraction":0.285,"pavedFraction":0.471,"waterFraction":0.001,"simulated":true},"geometry":{"type":"Polygon","coordinates":[[[114.19239999999996,22.395199999999996],[114.19399999999996,22.395199999999996],[114.19399999999996,22.396799999999995],[114.19239999999996,22.396799999999995],[114.19239999999996,22.395199999999996]]]}},{"type":"Feature","properties":{"id":"lu-nt-sha-tin-17-10","class":"green_space","vegetationFraction":0.448,"pavedFraction":0.375,"waterFraction":0.042,"simulated":true},"geometry":{"type":"Polygon","coordinates":[[[114.19399999999996,22.395199999999996],[114.19559999999996,22.395199999999996],[114.19559999999996,22.396799999999995],[114.19399999999996,22.396799999999995],[114.19399999999996,22.395199999999996]]]}},{"type":"Feature","properties":{"id":"lu-nt-sha-tin-17-11","class":"built_up","vegetationFraction":0.213,"pavedFraction":0.55,"waterFraction":0.045,"simulated":true},"geometry":{"type":"Polygon","coordinates":[[[114.19559999999996,22.395199999999996],[114.19719999999995,22.395199999999996],[114.19719999999995,22.396799999999995],[114.19559999999996,22.396799999999995],[114.19559999999996,22.395199999999996]]]}},{"type":"Feature","properties":{"id":"lu-nt-sha-tin-17-12","class":"urban_open_space","vegetationFraction":0.35,"pavedFraction":0.444,"waterFraction":0.057,"simulated":true},"geometry":{"type":"Polygon","coordinates":[[[114.19719999999995,22.395199999999996],[114.19879999999995,22.395199999999996],[114.19879999999995,22.396799999999995],[114.19719999999995,22.396799999999995],[114.19719999999995,22.395199999999996]]]}},{"type":"Feature","properties":{"id":"lu-nt-sha-tin-17-13","class":"urban_open_space","vegetationFraction":0.332,"pavedFraction":0.532,"waterFraction":0.059,"simulated":true},"geometry":{"type":"Polygon","coordinates":[[[114.19879999999995,22.395199999999996],[114.20039999999995,22.395199999999996],[114.20039999999995,22.396799999999995],[114.19879999999995,22.396799999999995],[114.19879999999995,22.395199999999996]]]}},{"type":"Feature","properties":{"id":"lu-nt-sha-tin-17-14","class":"built_up","vegetationFraction":0.2,"pavedFraction":0.586,"waterFraction":0.058,"simulated":true},"geometry":{"type":"Polygon","coordinates":[[[114.20039999999995,22.395199999999996],[114.20199999999994,22.395199999999996],[114.20199999999994,22.396799999999995],[114.20039999999995,22.396799999999995],[114.20039999999995,22.395199999999996]]]}},{"type":"Feature","properties":{"id":"lu-nt-sha-tin-17-15","class":"built_up","vegetationFraction":0.228,"pavedFraction":0.463,"waterFraction":0.06,"simulated":true},"geometry":{"type":"Polygon","coordinates":[[[114.20199999999994,22.395199999999996],[114.20359999999994,22.395199999999996],[114.20359999999994,22.396799999999995],[114.20199999999994,22.396799999999995],[114.20199999999994,22.395199999999996]]]}},{"type":"Feature","properties":{"id":"lu-nt-sha-tin-17-16","class":"built_up","vegetationFraction":0.212,"pavedFraction":0.603,"waterFraction":0.015,"simulated":true},"geometry":{"type":"Polygon","coordinates":[[[114.20359999999994,22.395199999999996],[114.20519999999993,22.395199999999996],[114.20519999999993,22.396799999999995],[114.20359999999994,22.396799999999995],[114.20359999999994,22.395199999999996]]]}},{"type":"Feature","properties":{"id":"lu-nt-sha-tin-17-17","class":"urban_open_space","vegetationFraction":0.341,"pavedFraction":0.374,"waterFraction":0.036,"simulated":true},"geometry":{"type":"Polygon","coordinates":[[[114.20519999999993,22.395199999999996],[114.20679999999993,22.395199999999996],[114.20679999999993,22.396799999999995],[114.20519999999993,22.396799999999995],[114.20519999999993,22.395199999999996]]]}},{"type":"Feature","properties":{"id":"lu-nt-sha-tin-17-18","class":"urban_open_space","vegetationFraction":0.379,"pavedFraction":0.579,"waterFraction":0.032,"simulated":true},"geometry":{"type":"Polygon","coordinates":[[[114.20679999999993,22.395199999999996],[114.20839999999993,22.395199999999996],[114.20839999999993,22.396799999999995],[114.20679999999993,22.396799999999995],[114.20679999999993,22.395199999999996]]]}},{"type":"Feature","properties":{"id":"lu-nt-sha-tin-17-19","class":"urban_open_space","vegetationFraction":0.388,"pavedFraction":0.377,"waterFraction":0.014,"simulated":true},"geometry":{"type":"Polygon","coordinates":[[[114.20839999999993,22.395199999999996],[114.20999999999992,22.395199999999996],[114.20999999999992,22.396799999999995],[114.20839999999993,22.396799999999995],[114.20839999999993,22.395199999999996]]]}},{"type":"Feature","properties":{"id":"lu-nt-sha-tin-17-20","class":"urban_open_space","vegetationFraction":0.37,"pavedFraction":0.575,"waterFraction":0.037,"simulated":true},"geometry":{"type":"Polygon","coordinates":[[[114.20999999999992,22.395199999999996],[114.21159999999992,22.395199999999996],[114.21159999999992,22.396799999999995],[114.20999999999992,22.396799999999995],[114.20999999999992,22.395199999999996]]]}},{"type":"Feature","properties":{"id":"lu-nt-sha-tin-17-21","class":"urban_open_space","vegetationFraction":0.267,"pavedFraction":0.556,"waterFraction":0.035,"simulated":true},"geometry":{"type":"Polygon","coordinates":[[[114.21159999999992,22.395199999999996],[114.21319999999992,22.395199999999996],[114.21319999999992,22.396799999999995],[114.21159999999992,22.396799999999995],[114.21159999999992,22.395199999999996]]]}},{"type":"Feature","properties":{"id":"lu-nt-sha-tin-18-00","class":"urban_open_space","vegetationFraction":0.383,"pavedFraction":0.381,"waterFraction":0.017,"simulated":true},"geometry":{"type":"Polygon","coordinates":[[[114.178,22.396799999999995],[114.1796,22.396799999999995],[114.1796,22.398399999999995],[114.178,22.398399999999995],[114.178,22.396799999999995]]]}},{"type":"Feature","properties":{"id":"lu-nt-sha-tin-18-01","class":"built_up","vegetationFraction":0.243,"pavedFraction":0.563,"waterFraction":0.042,"simulated":true},"geometry":{"type":"Polygon","coordinates":[[[114.1796,22.396799999999995],[114.18119999999999,22.396799999999995],[114.18119999999999,22.398399999999995],[114.1796,22.398399999999995],[114.1796,22.396799999999995]]]}},{"type":"Feature","properties":{"id":"lu-nt-sha-tin-18-02","class":"urban_open_space","vegetationFraction":0.318,"pavedFraction":0.482,"waterFraction":0.017,"simulated":true},"geometry":{"type":"Polygon","coordinates":[[[114.18119999999999,22.396799999999995],[114.18279999999999,22.396799999999995],[114.18279999999999,22.398399999999995],[114.18119999999999,22.398399999999995],[114.18119999999999,22.396799999999995]]]}},{"type":"Feature","properties":{"id":"lu-nt-sha-tin-18-03","class":"built_up","vegetationFraction":0.235,"pavedFraction":0.365,"waterFraction":0.041,"simulated":true},"geometry":{"type":"Polygon","coordinates":[[[114.18279999999999,22.396799999999995],[114.18439999999998,22.396799999999995],[114.18439999999998,22.398399999999995],[114.18279999999999,22.398399999999995],[114.18279999999999,22.396799999999995]]]}},{"type":"Feature","properties":{"id":"lu-nt-sha-tin-18-04","class":"urban_open_space","vegetationFraction":0.261,"pavedFraction":0.502,"waterFraction":0.002,"simulated":true},"geometry":{"type":"Polygon","coordinates":[[[114.18439999999998,22.396799999999995],[114.18599999999998,22.396799999999995],[114.18599999999998,22.398399999999995],[114.18439999999998,22.398399999999995],[114.18439999999998,22.396799999999995]]]}},{"type":"Feature","properties":{"id":"lu-nt-sha-tin-18-05","class":"urban_open_space","vegetationFraction":0.26,"pavedFraction":0.395,"waterFraction":0.044,"simulated":true},"geometry":{"type":"Polygon","coordinates":[[[114.18599999999998,22.396799999999995],[114.18759999999997,22.396799999999995],[114.18759999999997,22.398399999999995],[114.18599999999998,22.398399999999995],[114.18599999999998,22.396799999999995]]]}},{"type":"Feature","properties":{"id":"lu-nt-sha-tin-18-06","class":"urban_open_space","vegetationFraction":0.377,"pavedFraction":0.622,"waterFraction":0.002,"simulated":true},"geometry":{"type":"Polygon","coordinates":[[[114.18759999999997,22.396799999999995],[114.18919999999997,22.396799999999995],[114.18919999999997,22.398399999999995],[114.18759999999997,22.398399999999995],[114.18759999999997,22.396799999999995]]]}},{"type":"Feature","properties":{"id":"lu-nt-sha-tin-18-07","class":"green_space","vegetationFraction":0.401,"pavedFraction":0.463,"waterFraction":0.042,"simulated":true},"geometry":{"type":"Polygon","coordinates":[[[114.18919999999997,22.396799999999995],[114.19079999999997,22.396799999999995],[114.19079999999997,22.398399999999995],[114.18919999999997,22.398399999999995],[114.18919999999997,22.396799999999995]]]}},{"type":"Feature","properties":{"id":"lu-nt-sha-tin-18-08","class":"urban_open_space","vegetationFraction":0.268,"pavedFraction":0.408,"waterFraction":0.019,"simulated":true},"geometry":{"type":"Polygon","coordinates":[[[114.19079999999997,22.396799999999995],[114.19239999999996,22.396799999999995],[114.19239999999996,22.398399999999995],[114.19079999999997,22.398399999999995],[114.19079999999997,22.396799999999995]]]}},{"type":"Feature","properties":{"id":"lu-nt-sha-tin-18-09","class":"built_up","vegetationFraction":0.239,"pavedFraction":0.395,"waterFraction":0.018,"simulated":true},"geometry":{"type":"Polygon","coordinates":[[[114.19239999999996,22.396799999999995],[114.19399999999996,22.396799999999995],[114.19399999999996,22.398399999999995],[114.19239999999996,22.398399999999995],[114.19239999999996,22.396799999999995]]]}},{"type":"Feature","properties":{"id":"lu-nt-sha-tin-18-10","class":"urban_open_space","vegetationFraction":0.318,"pavedFraction":0.545,"waterFraction":0.014,"simulated":true},"geometry":{"type":"Polygon","coordinates":[[[114.19399999999996,22.396799999999995],[114.19559999999996,22.396799999999995],[114.19559999999996,22.398399999999995],[114.19399999999996,22.398399999999995],[114.19399999999996,22.396799999999995]]]}},{"type":"Feature","properties":{"id":"lu-nt-sha-tin-18-11","class":"urban_open_space","vegetationFraction":0.255,"pavedFraction":0.648,"waterFraction":0.02,"simulated":true},"geometry":{"type":"Polygon","coordinates":[[[114.19559999999996,22.396799999999995],[114.19719999999995,22.396799999999995],[114.19719999999995,22.398399999999995],[114.19559999999996,22.398399999999995],[114.19559999999996,22.396799999999995]]]}},{"type":"Feature","properties":{"id":"lu-nt-sha-tin-18-12","class":"built_up","vegetationFraction":0.243,"pavedFraction":0.511,"waterFraction":0.05,"simulated":true},"geometry":{"type":"Polygon","coordinates":[[[114.19719999999995,22.396799999999995],[114.19879999999995,22.396799999999995],[114.19879999999995,22.398399999999995],[114.19719999999995,22.398399999999995],[114.19719999999995,22.396799999999995]]]}},{"type":"Feature","properties":{"id":"lu-nt-sha-tin-18-13","class":"urban_open_space","vegetationFraction":0.318,"pavedFraction":0.619,"waterFraction":0.058,"simulated":true},"geometry":{"type":"Polygon","coordinates":[[[114.19879999999995,22.396799999999995],[114.20039999999995,22.396799999999995],[114.20039999999995,22.398399999999995],[114.19879999999995,22.398399999999995],[114.19879999999995,22.396799999999995]]]}},{"type":"Feature","properties":{"id":"lu-nt-sha-tin-18-14","class":"green_space","vegetationFraction":0.442,"pavedFraction":0.636,"waterFraction":0.06,"simulated":true},"geometry":{"type":"Polygon","coordinates":[[[114.20039999999995,22.396799999999995],[114.20199999999994,22.396799999999995],[114.20199999999994,22.398399999999995],[114.20039999999995,22.398399999999995],[114.20039999999995,22.396799999999995]]]}},{"type":"Feature","properties":{"id":"lu-nt-sha-tin-18-15","class":"urban_open_space","vegetationFraction":0.254,"pavedFraction":0.462,"waterFraction":0.013,"simulated":true},"geometry":{"type":"Polygon","coordinates":[[[114.20199999999994,22.396799999999995],[114.20359999999994,22.396799999999995],[114.20359999999994,22.398399999999995],[114.20199999999994,22.398399999999995],[114.20199999999994,22.396799999999995]]]}},{"type":"Feature","properties":{"id":"lu-nt-sha-tin-18-16","class":"built_up","vegetationFraction":0.242,"pavedFraction":0.605,"waterFraction":0.005,"simulated":true},"geometry":{"type":"Polygon","coordinates":[[[114.20359999999994,22.396799999999995],[114.20519999999993,22.396799999999995],[114.20519999999993,22.398399999999995],[114.20359999999994,22.398399999999995],[114.20359999999994,22.396799999999995]]]}},{"type":"Feature","properties":{"id":"lu-nt-sha-tin-18-17","class":"green_space","vegetationFraction":0.429,"pavedFraction":0.528,"waterFraction":0.059,"simulated":true},"geometry":{"type":"Polygon","coordinates":[[[114.20519999999993,22.396799999999995],[114.20679999999993,22.396799999999995],[114.20679999999993,22.398399999999995],[114.20519999999993,22.398399999999995],[114.20519999999993,22.396799999999995]]]}},{"type":"Feature","properties":{"id":"lu-nt-sha-tin-18-18","class":"urban_open_space","vegetationFraction":0.265,"pavedFraction":0.363,"waterFraction":0.021,"simulated":true},"geometry":{"type":"Polygon","coordinates":[[[114.20679999999993,22.396799999999995],[114.20839999999993,22.396799999999995],[114.20839999999993,22.398399999999995],[114.20679999999993,22.398399999999995],[114.20679999999993,22.396799999999995]]]}},{"type":"Feature","properties":{"id":"lu-nt-sha-tin-18-19","class":"urban_open_space","vegetationFraction":0.337,"pavedFraction":0.629,"waterFraction":0.058,"simulated":true},"geometry":{"type":"Polygon","coordinates":[[[114.20839999999993,22.396799999999995],[114.20999999999992,22.396799999999995],[114.20999999999992,22.398399999999995],[114.20839999999993,22.398399999999995],[114.20839999999993,22.396799999999995]]]}},{"type":"Feature","properties":{"id":"lu-nt-sha-tin-18-20","class":"urban_open_space","vegetationFraction":0.316,"pavedFraction":0.363,"waterFraction":0.007,"simulated":true},"geometry":{"type":"Polygon","coordinates":[[[114.20999999999992,22.396799999999995],[114.21159999999992,22.396799999999995],[114.21159999999992,22.398399999999995],[114.20999999999992,22.398399999999995],[114.20999999999992,22.396799999999995]]]}},{"type":"Feature","properties":{"id":"lu-nt-sha-tin-18-21","class":"built_up","vegetationFraction":0.231,"pavedFraction":0.586,"waterFraction":0.007,"simulated":true},"geometry":{"type":"Polygon","coordinates":[[[114.21159999999992,22.396799999999995],[114.21319999999992,22.396799999999995],[114.21319999999992,22.398399999999995],[114.21159999999992,22.398399999999995],[114.21159999999992,22.396799999999995]]]}}]}