{"type":"FeatureCollection","features":[{"type":"Feature","properties":{"id":"lu-kowloon-kwai-tsing-00-00","class":"built_up","vegetationFraction":0.187,"pavedFraction":0.569,"waterFraction":0.043,"simulated":true},"geometry":{"type":"Polygon","coordinates":[[[114.098,22.352],[114.0996,22.352],[114.0996,22.3536],[114.098,22.3536],[114.098,22.352]]]}},{"type":"Feature","properties":{"id":"lu-kowloon-kwai-tsing-00-01","class":"built_up","vegetationFraction":0.161,"pavedFraction":0.572,"waterFraction":0.002,"simulated":true},"geometry":{"type":"Polygon","coordinates":[[[114.0996,22.352],[114.10119999999999,22.352],[114.10119999999999,22.3536],[114.0996,22.3536],[114.0996,22.352]]]}},{"type":"Feature","properties":{"id":"lu-kowloon-kwai-tsing-00-02","class":"built_up","vegetationFraction":0.118,"pavedFraction":0.513,"waterFraction":0.056,"simulated":true},"geometry":{"type":"Polygon","coordinates":[[[114.10119999999999,22.352],[114.10279999999999,22.352],[114.10279999999999,22.3536],[114.10119999999999,22.3536],[114.10119999999999,22.352]]]}},{"type":"Feature","properties":{"id":"lu-kowloon-kwai-tsing-00-03","class":"built_up","vegetationFraction":0.201,"pavedFraction":0.701,"waterFraction":0.017,"simulated":true},"geometry":{"type":"Polygon","coordinates":[[[114.10279999999999,22.352],[114.10439999999998,22.352],[114.10439999999998,22.3536],[114.10279999999999,22.3536],[114.10279999999999,22.352]]]}},{"type":"Feature","properties":{"id":"lu-kowloon-kwai-tsing-00-04","class":"built_up","vegetationFraction":0.17,"pavedFraction":0.614,"waterFraction":0.06,"simulated":true},"geometry":{"type":"Polygon","coordinates":[[[114.10439999999998,22.352],[114.10599999999998,22.352],[114.10599999999998,22.3536],[114.10439999999998,22.3536],[114.10439999999998,22.352]]]}},{"type":"Feature","properties":{"id":"lu-kowloon-kwai-tsing-00-05","class":"urban_open_space","vegetationFraction":0.271,"pavedFraction":0.647,"waterFraction":0.004,"simulated":true},"geometry":{"type":"Polygon","coordinates":[[[114.10599999999998,22.352],[114.10759999999998,22.352],[114.10759999999998,22.3536],[114.10599999999998,22.3536],[114.10599999999998,22.352]]]}},{"type":"Feature","properties":{"id":"lu-kowloon-kwai-tsing-00-06","class":"built_up","vegetationFraction":0.175,"pavedFraction":0.662,"waterFraction":0.06,"simulated":true},"geometry":{"type":"Polygon","coordinates":[[[114.10759999999998,22.352],[114.10919999999997,22.352],[114.10919999999997,22.3536],[114.10759999999998,22.3536],[114.10759999999998,22.352]]]}},{"type":"Feature","properties":{"id":"lu-kowloon-kwai-tsing-00-07","class":"built_up","vegetationFraction":0.144,"pavedFraction":0.719,"waterFraction":0.005,"simulated":true},"geometry":{"type":"Polygon","coordinates":[[[114.10919999999997,22.352],[114.11079999999997,22.352],[114.11079999999997,22.3536],[114.10919999999997,22.3536],[114.10919999999997,22.352]]]}},{"type":"Feature","properties":{"id":"lu-kowloon-kwai-tsing-00-08","class":"urban_open_space","vegetationFraction":0.258,"pavedFraction":0.664,"waterFraction":0.011,"simulated":true},"geometry":{"type":"Polygon","coordinates":[[[114.11079999999997,22.352],[114.11239999999997,22.352],[114.11239999999997,22.3536],[114.11079999999997,22.3536],[114.11079999999997,22.352]]]}},{"type":"Feature","properties":{"id":"lu-kowloon-kwai-tsing-00-09","class":"built_up","vegetationFraction":0.143,"pavedFraction":0.742,"waterFraction":0.033,"simulated":true},"geometry":{"type":"Polygon","coordinates":[[[114.11239999999997,22.352],[114.11399999999996,22.352],[114.11399999999996,22.3536],[114.11239999999997,22.3536],[114.11239999999997,22.352]]]}},{"type":"Feature","properties":{"id":"lu-kowloon-kwai-tsing-00-10","class":"urban_open_space","vegetationFraction":0.265,"pavedFraction":0.649,"waterFraction":0.054,"simulated":true},"geometry":{"type":"Polygon","coordinates":[[[114.11399999999996,22.352],[114.11559999999996,22.352],[114.11559999999996,22.3536],[114.11399999999996,22.3536],[114.11399999999996,22.352]]]}},{"type":"Feature","properties":{"id":"lu-kowloon-kwai-tsing-00-11","class":"built_up","vegetationFraction":0.154,"pavedFraction":0.549,"waterFraction":0.049,"simulated":true},"geometry":{"type":"Polygon","coordinates":[[[114.11559999999996,22.352],[114.11719999999995,22.352],[114.11719999999995,22.3536],[114.11559999999996,22.3536],[114.11559999999996,22.352]]]}},{"type":"Feature","properties":{"id":"lu-kowloon-kwai-tsing-00-12","class":"built_up","vegetationFraction":0.173,"pavedFraction":0.491,"waterFraction":0.016,"simulated":true},"geometry":{"type":"Polygon","coordinates":[[[114.11719999999995,22.352],[114.11879999999995,22.352],[114.11879999999995,22.3536],[114.11719999999995,22.3536],[114.11719999999995,22.352]]]}},{"type":"Feature","properties":{"id":"lu-kowloon-kwai-tsing-00-13","class":"built_up","vegetationFraction":0.248,"pavedFraction":0.711,"waterFraction":0.04,"simulated":true},"geometry":{"type":"Polygon","coordinates":[[[114.11879999999995,22.352],[114.12039999999995,22.352],[114.12039999999995,22.3536],[114.11879999999995,22.3536],[114.11879999999995,22.352]]]}},{"type":"Feature","properties":{"id":"lu-kowloon-kwai-tsing-00-14","class":"built_up","vegetationFraction":0.139,"pavedFraction":0.534,"waterFraction":0.001,"simulated":true},"geometry":{"type":"Polygon","coordinates":[[[114.12039999999995,22.352],[114.12199999999994,22.352],[114.12199999999994,22.3536],[114.12039999999995,22.3536],[114.12039999999995,22.352]]]}},{"type":"Feature","properties":{"id":"lu-kowloon-kwai-tsing-00-15","class":"built_up","vegetationFraction":0.134,"pavedFraction":0.571,"waterFraction":0.003,"simulated":true},"geometry":{"type":"Polygon","coordinates":[[[114.12199999999994,22.352],[114.12359999999994,22.352],[114.12359999999994,22.3536],[114.12199999999994,22.3536],[114.12199999999994,22.352]]]}},{"type":"Feature","properties":{"id":"lu-kowloon-kwai-tsing-00-16","class":"built_up","vegetationFraction":0.166,"pavedFraction":0.546,"waterFraction":0.037,"simulated":true},"geometry":{"type":"Polygon","coordinates":[[[114.12359999999994,22.352],[114.12519999999994,22.352],[114.12519999999994,22.3536],[114.12359999999994,22.3536],[114.12359999999994,22.352]]]}},{"type":"Feature","properties":{"id":"lu-kowloon-kwai-tsing-00-17","class":"urban_open_space","vegetationFraction":0.269,"pavedFraction":0.567,"waterFraction":0.039,"simulated":true},"geometry":{"type":"Polygon","coordinates":[[[114.12519999999994,22.352],[114.12679999999993,22.352],[114.12679999999993,22.3536],[114.12519999999994,22.3536],[114.12519999999994,22.352]]]}},{"type":"Feature","properties":{"id":"lu-kowloon-kwai-tsing-00-18","class":"built_up","vegetationFraction":0.159,"pavedFraction":0.714,"waterFraction":0.052,"simulated":true},"geometry":{"type":"Polygon","coordinates":[[[114.12679999999993,22.352],[114.12839999999993,22.352],[114.12839999999993,22.3536],[114.12679999999993,22.3536],[114.12679999999993,22.352]]]}},{"type":"Feature","properties":{"id":"lu-kowloon-kwai-tsing-00-19","class":"urban_open_space","vegetationFraction":0.252,"pavedFraction":0.698,"waterFraction":0.046,"simulated":true},"geometry":{"type":"Polygon","coordinates":[[[114.12839999999993,22.352],[114.12999999999992,22.352],[114.12999999999992,22.3536],[114.12839999999993,22.3536],[114.12839999999993,22.352]]]}},{"type":"Feature","properties":{"id":"lu-kowloon-kwai-tsing-00-20","class":"built_up","vegetationFraction":0.125,"pavedFraction":0.607,"waterFraction":0.002,"simulated":true},"geometry":{"type":"Polygon","coordinates":[[[114.12999999999992,22.352],[114.13159999999992,22.352],[114.13159999999992,22.3536],[114.12999999999992,22.3536],[114.12999999999992,22.352]]]}},{"type":"Feature","properties":{"id":"lu-kowloon-kwai-tsing-00-21","class":"built_up","vegetationFraction":0.204,"pavedFraction":0.515,"waterFraction":0.024,"simulated":true},"geometry":{"type":"Polygon","coordinates":[[[114.13159999999992,22.352],[114.13319999999992,22.352],[114.13319999999992,22.3536],[114.13159999999992,22.3536],[114.13159999999992,22.352]]]}},{"type":"Feature","properties":{"id":"lu-kowloon-kwai-tsing-00-22","class":"built_up","vegetationFraction":0.18,"pavedFraction":0.756,"waterFraction":0.049,"simulated":true},"geometry":{"type":"Polygon","coordinates":[[[114.13319999999992,22.352],[114.13479999999991,22.352],[114.13479999999991,22.3536],[114.13319999999992,22.3536],[114.13319999999992,22.352]]]}},{"type":"Feature","properties":{"id":"lu-kowloon-kwai-tsing-00-23","class":"built_up","vegetationFraction":0.172,"pavedFraction":0.681,"waterFraction":0.048,"simulated":true},"geometry":{"type":"Polygon","coordinates":[[[114.13479999999991,22.352],[114.13639999999991,22.352],[114.13639999999991,22.3536],[114.13479999999991,22.3536],[114.13479999999991,22.352]]]}},{"type":"Feature","properties":{"id":"lu-kowloon-kwai-tsing-01-00","class":"built_up","vegetationFraction":0.113,"pavedFraction":0.707,"waterFraction":0.009,"simulated":true},"geometry":{"type":"Polygon","coordinates":[[[114.098,22.3536],[114.0996,22.3536],[114.0996,22.3552],[114.098,22.3552],[114.098,22.3536]]]}},{"type":"Feature","properties":{"id":"lu-kowloon-kwai-tsing-01-01","class":"built_up","vegetationFraction":0.202,"pavedFraction":0.751,"waterFraction":0.045,"simulated":true},"geometry":{"type":"Polygon","coordinates":[[[114.0996,22.3536],[114.10119999999999,22.3536],[114.10119999999999,22.3552],[114.0996,22.3552],[114.0996,22.3536]]]}},{"type":"Feature","properties":{"id":"lu-kowloon-kwai-tsing-01-02","class":"built_up","vegetationFraction":0.11,"pavedFraction":0.634,"waterFraction":0.039,"simulated":true},"geometry":{"type":"Polygon","coordinates":[[[114.10119999999999,22.3536],[114.10279999999999,22.3536],[114.10279999999999,22.3552],[114.10119999999999,22.3552],[114.10119999999999,22.3536]]]}},{"type":"Feature","properties":{"id":"lu-kowloon-kwai-tsing-01-03","class":"urban_open_space","vegetationFraction":0.268,"pavedFraction":0.618,"waterFraction":0.043,"simulated":true},"geometry":{"type":"Polygon","coordinates":[[[114.10279999999999,22.3536],[114.10439999999998,22.3536],[114.10439999999998,22.3552],[114.10279999999999,22.3552],[114.10279999999999,22.3536]]]}},{"type":"Feature","properties":{"id":"lu-kowloon-kwai-tsing-01-04","class":"built_up","vegetationFraction":0.183,"pavedFraction":0.619,"waterFraction":0.044,"simulated":true},"geometry":{"type":"Polygon","coordinates":[[[114.10439999999998,22.3536],[114.10599999999998,22.3536],[114.10599999999998,22.3552],[114.10439999999998,22.3552],[114.10439999999998,22.3536]]]}},{"type":"Feature","properties":{"id":"lu-kowloon-kwai-tsing-01-05","class":"built_up","vegetationFraction":0.229,"pavedFraction":0.701,"waterFraction":0.052,"simulated":true},"geometry":{"type":"Polygon","coordinates":[[[114.10599999999998,22.3536],[114.10759999999998,22.3536],[114.10759999999998,22.3552],[114.10599999999998,22.3552],[114.10599999999998,22.3536]]]}},{"type":"Feature","properties":{"id":"lu-kowloon-kwai-tsing-01-06","class":"built_up","vegetationFraction":0.178,"pavedFraction":0.78,"waterFraction":0.025,"simulated":true},"geometry":{"type":"Polygon","coordinates":[[[114.10759999999998,22.3536],[114.10919999999997,22.3536],[114.10919999999997,22.3552],[114.10759999999998,22.3552],[114.10759999999998,22.3536]]]}},{"type":"Feature","properties":{"id":"lu-kowloon-kwai-tsing-01-07","class":"urban_open_space","vegetationFraction":0.272,"pavedFraction":0.714,"waterFraction":0.012,"simulated":true},"geometry":{"type":"Polygon","coordinates":[[[114.10919999999997,22.3536],[114.11079999999997,22.3536],[114.11079999999997,22.3552],[114.10919999999997,22.3552],[114.10919999999997,22.3536]]]}},{"type":"Feature","properties":{"id":"lu-kowloon-kwai-tsing-01-08","class":"built_up","vegetationFraction":0.13,"pavedFraction":0.499,"waterFraction":0.059,"simulated":true},"geometry":{"type":"Polygon","coordinates":[[[114.11079999999997,22.3536],[114.11239999999997,22.3536],[114.11239999999997,22.3552],[114.11079999999997,22.3552],[114.11079999999997,22.3536]]]}},{"type":"Feature","properties":{"id":"lu-kowloon-kwai-tsing-01-09","class":"built_up","vegetationFraction":0.13,"pavedFraction":0.541,"waterFraction":0.031,"simulated":true},"geometry":{"type":"Polygon","coordinates":[[[114.11239999999997,22.3536],[114.11399999999996,22.3536],[114.11399999999996,22.3552],[114.11239999999997,22.3552],[114.11239999999997,22.3536]]]}},{"type":"Feature","properties":{"id":"lu-kowloon-kwai-tsing-01-10","class":"urban_open_space","vegetationFraction":0.273,"pavedFraction":0.691,"waterFraction":0.048,"simulated":true},"geometry":{"type":"Polygon","coordinates":[[[114.11399999999996,22.3536],[114.11559999999996,22.3536],[114.11559999999996,22.3552],[114.11399999999996,22.3552],[114.11399999999996,22.3536]]]}},{"type":"Feature","properties":{"id":"lu-kowloon-kwai-tsing-01-11","class":"urban_open_space","vegetationFraction":0.266,"pavedFraction":0.505,"waterFraction":0.026,"simulated":true},"geometry":{"type":"Polygon","coordinates":[[[114.11559999999996,22.3536],[114.11719999999995,22.3536],[114.11719999999995,22.3552],[114.11559999999996,22.3552],[114.11559999999996,22.3536]]]}},{"type":"Feature","properties":{"id":"lu-kowloon-kwai-tsing-01-12","class":"urban_open_space","vegetationFraction":0.255,"pavedFraction":0.771,"waterFraction":0.047,"simulated":true},"geometry":{"type":"Polygon","coordinates":[[[114.11719999999995,22.3536],[114.11879999999995,22.3536],[114.11879999999995,22.3552],[114.11719999999995,22.3552],[114.11719999999995,22.3536]]]}},{"type":"Feature","properties":{"id":"lu-kowloon-kwai-tsing-01-13","class":"built_up","vegetationFraction":0.185,"pavedFraction":0.668,"waterFraction":0.026,"simulated":true},"geometry":{"type":"Polygon","coordinates":[[[114.11879999999995,22.3536],[114.12039999999995,22.3536],[114.12039999999995,22.3552],[114.11879999999995,22.3552],[114.11879999999995,22.3536]]]}},{"type":"Feature","properties":{"id":"lu-kowloon-kwai-tsing-01-14","class":"built_up","vegetationFraction":0.195,"pavedFraction":0.76,"waterFraction":0.045,"simulated":true},"geometry":{"type":"Polygon","coordinates":[[[114.12039999999995,22.3536],[114.12199999999994,22.3536],[114.12199999999994,22.3552],[114.12039999999995,22.3552],[114.12039999999995,22.3536]]]}},{"type":"Feature","properties":{"id":"lu-kowloon-kwai-tsing-01-15","class":"built_up","vegetationFraction":0.104,"pavedFraction":0.6,"waterFraction":0.025,"simulated":true},"geometry":{"type":"Polygon","coordinates":[[[114.12199999999994,22.3536],[114.12359999999994,22.3536],[114.12359999999994,22.3552],[114.12199999999994,22.3552],[114.12199999999994,22.3536]]]}},{"type":"Feature","properties":{"id":"lu-kowloon-kwai-tsing-01-16","class":"built_up","vegetationFraction":0.144,"pavedFraction":0.738,"waterFraction":0.016,"simulated":true},"geometry":{"type":"Polygon","coordinates":[[[114.12359999999994,22.3536],[114.12519999999994,22.3536],[114.12519999999994,22.3552],[114.12359999999994,22.3552],[114.12359999999994,22.3536]]]}},{"type":"Feature","properties":{"id":"lu-kowloon-kwai-tsing-01-17","class":"built_up","vegetationFraction":0.231,"pavedFraction":0.52,"waterFraction":0.017,"simulated":true},"geometry":{"type":"Polygon","coordinates":[[[114.12519999999994,22.3536],[114.12679999999993,22.3536],[114.12679999999993,22.3552],[114.12519999999994,22.3552],[114.12519999999994,22.3536]]]}},{"type":"Feature","properties":{"id":"lu-kowloon-kwai-tsing-01-18","class":"built_up","vegetationFraction":0.205,"pavedFraction":0.661,"waterFraction":0.006,"simulated":true},"geometry":{"type":"Polygon","coordinates":[[[114.12679999999993,22.3536],[114.12839999999993,22.3536],[114.12839999999993,22.3552],[114.12679999999993,22.3552],[114.12679999999993,22.3536]]]}},{"type":"Feature","properties":{"id":"lu-kowloon-kwai-tsing-01-19","class":"built_up","vegetationFraction":0.198,"pavedFraction":0.669,"waterFraction":0.044,"simulated":true},"geometry":{"type":"Polygon","coordinates":[[[114.12839999999993,22.3536],[114.12999999999992,22.3536],[114.12999999999992,22.3552],[114.12839999999993,22.3552],[114.12839999999993,22.3536]]]}},{"type":"Feature","properties":{"id":"lu-kowloon-kwai-tsing-01-20","class":"built_up","vegetationFraction":0.217,"pavedFraction":0.642,"waterFraction":0.008,"simulated":true},"geometry":{"type":"Polygon","coordinates":[[[114.12999999999992,22.3536],[114.13159999999992,22.3536],[114.13159999999992,22.3552],[114.12999999999992,22.3552],[114.12999999999992,22.3536]]]}},{"type":"Feature","properties":{"id":"lu-kowloon-kwai-tsing-01-21","class":"built_up","vegetationFraction":0.101,"pavedFraction":0.708,"waterFraction":0.004,"simulated":true},"geometry":{"type":"Polygon","coordinates":[[[114.13159999999992,22.3536],[114.13319999999992,22.3536],[114.13319999999992,22.3552],[114.13159999999992,22.3552],[114.13159999999992,22.3536]]]}},{"type":"Feature","properties":{"id":"lu-kowloon-kwai-tsing-01-22","class":"built_up","vegetationFraction":0.16,"pavedFraction":0.695,"waterFraction":0.032,"simulated":true},"geometry":{"type":"Polygon","coordinates":[[[114.13319999999992,22.3536],[114.13479999999991,22.3536],[114.13479999999991,22.3552],[114.13319999999992,22.3552],[114.13319999999992,22.3536]]]}},{"type":"Feature","properties":{"id":"lu-kowloon-kwai-tsing-01-23","class":"urban_open_space","vegetationFraction":0.264,"pavedFraction":0.667,"waterFraction":0.046,"simulated":true},"geometry":{"type":"Polygon","coordinates":[[[114.13479999999991,22.3536],[114.13639999999991,22.3536],[114.13639999999991,22.3552],[114.13479999999991,22.3552],[114.13479999999991,22.3536]]]}},{"type":"Feature","properties":{"id":"lu-kowloon-kwai-tsing-02-00","class":"built_up","vegetationFraction":0.112,"pavedFraction":0.676,"waterFraction":0.007,"simulated":true},"geometry":{"type":"Polygon","coordinates":[[[114.098,22.3552],[114.0996,22.3552],[114.0996,22.3568],[114.098,22.3568],[114.098,22.3552]]]}},{"type":"Feature","properties":{"id":"lu-kowloon-kwai-tsing-02-01","class":"built_up","vegetationFraction":0.111,"pavedFraction":0.693,"waterFraction":0.032,"simulated":true},"geometry":{"type":"Polygon","coordinates":[[[114.0996,22.3552],[114.10119999999999,22.3552],[114.10119999999999,22.3568],[114.0996,22.3568],[114.0996,22.3552]]]}},{"type":"Feature","properties":{"id":"lu-kowloon-kwai-tsing-02-02","class":"urban_open_space","vegetationFraction":0.252,"pavedFraction":0.774,"waterFraction":0.01,"simulated":true},"geometry":{"type":"Polygon","coordinates":[[[114.10119999999999,22.3552],[114.10279999999999,22.3552],[114.10279999999999,22.3568],[114.10119999999999,22.3568],[114.10119999999999,22.3552]]]}},{"type":"Feature","properties":{"id":"lu-kowloon-kwai-tsing-02-03","class":"built_up","vegetationFraction":0.141,"pavedFraction":0.653,"waterFraction":0.026,"simulated":true},"geometry":{"type":"Polygon","coordinates":[[[114.10279999999999,22.3552],[114.10439999999998,22.3552],[114.10439999999998,22.3568],[114.10279999999999,22.3568],[114.10279999999999,22.3552]]]}},{"type":"Feature","properties":{"id":"lu-kowloon-kwai-tsing-02-04","class":"urban_open_space","vegetationFraction":0.261,"pavedFraction":0.568,"waterFraction":0.04,"simulated":true},"geometry":{"type":"Polygon","coordinates":[[[114.10439999999998,22.3552],[114.10599999999998,22.3552],[114.10599999999998,22.3568],[114.10439999999998,22.3568],[114.10439999999998,22.3552]]]}},{"type":"Feature","properties":{"id":"lu-kowloon-kwai-tsing-02-05","class":"built_up","vegetationFraction":0.242,"pavedFraction":0.739,"waterFraction":0.013,"simulated":true},"geometry":{"type":"Polygon","coordinates":[[[114.10599999999998,22.3552],[114.10759999999998,22.3552],[114.10759999999998,22.3568],[114.10599999999998,22.3568],[114.10599999999998,22.3552]]]}},{"type":"Feature","properties":{"id":"lu-kowloon-kwai-tsing-02-06","class":"built_up","vegetationFraction":0.228,"pavedFraction":0.613,"waterFraction":0.056,"simulated":true},"geometry":{"type":"Polygon","coordinates":[[[114.10759999999998,22.3552],[114.10919999999997,22.3552],[114.10919999999997,22.3568],[114.10759999999998,22.3568],[114.10759999999998,22.3552]]]}},{"type":"Feature","properties":{"id":"lu-kowloon-kwai-tsing-02-07","class":"built_up","vegetationFraction":0.143,"pavedFraction":0.774,"waterFraction":0.02,"simulated":true},"geometry":{"type":"Polygon","coordinates":[[[114.10919999999997,22.3552],[114.11079999999997,22.3552],[114.11079999999997,22.3568],[114.10919999999997,22.3568],[114.10919999999997,22.3552]]]}},{"type":"Feature","properties":{"id":"lu-kowloon-kwai-tsing-02-08","class":"built_up","vegetationFraction":0.218,"pavedFraction":0.568,"waterFraction":0.026,"simulated":true},"geometry":{"type":"Polygon","coordinates":[[[114.11079999999997,22.3552],[114.11239999999997,22.3552],[114.11239999999997,22.3568],[114.11079999999997,22.3568],[114.11079999999997,22.3552]]]}},{"type":"Feature","properties":{"id":"lu-kowloon-kwai-tsing-02-09","class":"built_up","vegetationFraction":0.19,"pavedFraction":0.491,"waterFraction":0.004,"simulated":true},"geometry":{"type":"Polygon","coordinates":[[[114.11239999999997,22.3552],[114.11399999999996,22.3552],[114.11399999999996,22.3568],[114.11239999999997,22.3568],[114.11239999999997,22.3552]]]}},{"type":"Feature","properties":{"id":"lu-kowloon-kwai-tsing-02-10","class":"built_up","vegetationFraction":0.222,"pavedFraction":0.74,"waterFraction":0.005,"simulated":true},"geometry":{"type":"Polygon","coordinates":[[[114.11399999999996,22.3552],[114.11559999999996,22.3552],[114.11559999999996,22.3568],[114.11399999999996,22.3568],[114.11399999999996,22.3552]]]}},{"type":"Feature","properties":{"id":"lu-kowloon-kwai-tsing-02-11","class":"urban_open_space","vegetationFraction":0.269,"pavedFraction":0.614,"waterFraction":0.012,"simulated":true},"geometry":{"type":"Polygon","coordinates":[[[114.11559999999996,22.3552],[114.11719999999995,22.3552],[114.11719999999995,22.3568],[114.11559999999996,22.3568],[114.11559999999996,22.3552]]]}},{"type":"Feature","properties":{"id":"lu-kowloon-kwai-tsing-02-12","class":"built_up","vegetationFraction":0.121,"pavedFraction":0.666,"waterFraction":0.016,"simulated":true},"geometry":{"type":"Polygon","coordinates":[[[114.11719999999995,22.3552],[114.11879999999995,22.3552],[114.11879999999995,22.3568],[114.11719999999995,22.3568],[114.11719999999995,22.3552]]]}},{"type":"Feature","properties":{"id":"lu-kowloon-kwai-tsing-02-13","class":"urban_open_space","vegetationFraction":0.255,"pavedFraction":0.694,"waterFraction":0.001,"simulated":true},"geometry":{"type":"Polygon","coordinates":[[[114.11879999999995,22.3552],[114.12039999999995,22.3552],[114.12039999999995,22.3568],[114.11879999999995,22.3568],[114.11879999999995,22.3552]]]}},{"type":"Feature","properties":{"id":"lu-kowloon-kwai-tsing-02-14","class":"built_up","vegetationFraction":0.196,"pavedFraction":0.771,"waterFraction":0.032,"simulated":true},"geometry":{"type":"Polygon","coordinates":[[[114.12039999999995,22.3552],[114.12199999999994,22.3552],[114.12199999999994,22.3568],[114.12039999999995,22.3568],[114.12039999999995,22.3552]]]}},{"type":"Feature","properties":{"id":"lu-kowloon-kwai-tsing-02-15","class":"built_up","vegetationFraction":0.222,"pavedFraction":0.646,"waterFraction":0.029,"simulated":true},"geometry":{"type":"Polygon","coordinates":[[[114.12199999999994,22.3552],[114.12359999999994,22.3552],[114.12359999999994,22.3568],[114.12199999999994,22.3568],[114.12199999999994,22.3552]]]}},{"type":"Feature","properties":{"id":"lu-kowloon-kwai-tsing-02-16","class":"built_up","vegetationFraction":0.239,"pavedFraction":0.538,"waterFraction":0.054,"simulated":true},"geometry":{"type":"Polygon","coordinates":[[[114.12359999999994,22.3552],[114.12519999999994,22.3552],[114.12519999999994,22.3568],[114.12359999999994,22.3568],[114.12359999999994,22.3552]]]}},{"type":"Feature","properties":{"id":"lu-kowloon-kwai-tsing-02-17","class":"built_up","vegetationFraction":0.245,"pavedFraction":0.519,"waterFraction":0.056,"simulated":true},"geometry":{"type":"Polygon","coordinates":[[[114.12519999999994,22.3552],[114.12679999999993,22.3552],[114.12679999999993,22.3568],[114.12519999999994,22.3568],[114.12519999999994,22.3552]]]}},{"type":"Feature","properties":{"id":"lu-kowloon-kwai-tsing-02-18","class":"built_up","vegetationFraction":0.171,"pavedFraction":0.587,"waterFraction":0.025,"simulated":true},"geometry":{"type":"Polygon","coordinates":[[[114.12679999999993,22.3552],[114.12839999999993,22.3552],[114.12839999999993,22.3568],[114.12679999999993,22.3568],[114.12679999999993,22.3552]]]}},{"type":"Feature","properties":{"id":"lu-kowloon-kwai-tsing-02-19","class":"built_up","vegetationFraction":0.136,"pavedFraction":0.772,"waterFraction":0.047,"simulated":true},"geometry":{"type":"Polygon","coordinates":[[[114.12839999999993,22.3552],[114.12999999999992,22.3552],[114.12999999999992,22.3568],[114.12839999999993,22.3568],[114.12839999999993,22.3552]]]}},{"type":"Feature","properties":{"id":"lu-kowloon-kwai-tsing-02-20","class":"built_up","vegetationFraction":0.245,"pavedFraction":0.501,"waterFraction":0.002,"simulated":true},"geometry":{"type":"Polygon","coordinates":[[[114.12999999999992,22.3552],[114.13159999999992,22.3552],[114.13159999999992,22.3568],[114.12999999999992,22.3568],[114.12999999999992,22.3552]]]}},{"type":"Feature","properties":{"id":"lu-kowloon-kwai-tsing-02-21","class":"urban_open_space","vegetationFraction":0.279,"pavedFraction":0.752,"waterFraction":0.031,"simulated":true},"geometry":{"type":"Polygon","coordinates":[[[114.13159999999992,22.3552],[114.13319999999992,22.3552],[114.13319999999992,22.3568],[114.13159999999992,22.3568],[114.13159999999992,22.3552]]]}},{"type":"Feature","properties":{"id":"lu-kowloon-kwai-tsing-02-22","class":"built_up","vegetationFraction":0.101,"pavedFraction":0.5,"waterFraction":0.015,"simulated":true},"geometry":{"type":"Polygon","coordinates":[[[114.13319999999992,22.3552],[114.13479999999991,22.3552],[114.13479999999991,22.3568],[114.13319999999992,22.3568],[114.13319999999992,22.3552]]]}},{"type":"Feature","properties":{"id":"lu-kowloon-kwai-tsing-02-23","class":"built_up","vegetationFraction":0.155,"pavedFraction":0.673,"waterFraction":0.056,"simulated":true},"geometry":{"type":"Polygon","coordinates":[[[114.13479999999991,22.3552],[114.13639999999991,22.3552],[114.13639999999991,22.3568],[114.13479999999991,22.3568],[114.13479999999991,22.3552]]]}},{"type":"Feature","properties":{"id":"lu-kowloon-kwai-tsing-03-00","class":"built_up","vegetationFraction":0.149,"pavedFraction":0.625,"waterFraction":0.032,"simulated":true},"geometry":{"type":"Polygon","coordinates":[[[114.098,22.3568],[114.0996,22.3568],[114.0996,22.3584],[114.098,22.3584],[114.098,22.3568]]]}},{"type":"Feature","properties":{"id":"lu-kowloon-kwai-tsing-03-01","class":"built_up","vegetationFraction":0.21,"pavedFraction":0.672,"waterFraction":0.012,"simulated":true},"geometry":{"type":"Polygon","coordinates":[[[114.0996,22.3568],[114.10119999999999,22.3568],[114.10119999999999,22.3584],[114.0996,22.3584],[114.0996,22.3568]]]}},{"type":"Feature","properties":{"id":"lu-kowloon-kwai-tsing-03-02","class":"built_up","vegetationFraction":0.113,"pavedFraction":0.687,"waterFraction":0.03,"simulated":true},"geometry":{"type":"Polygon","coordinates":[[[114.10119999999999,22.3568],[114.10279999999999,22.3568],[114.10279999999999,22.3584],[114.10119999999999,22.3584],[114.10119999999999,22.3568]]]}},{"type":"Feature","properties":{"id":"lu-kowloon-kwai-tsing-03-03","class":"built_up","vegetationFraction":0.212,"pavedFraction":0.645,"waterFraction":0.019,"simulated":true},"geometry":{"type":"Polygon","coordinates":[[[114.10279999999999,22.3568],[114.10439999999998,22.3568],[114.10439999999998,22.3584],[114.10279999999999,22.3584],[114.10279999999999,22.3568]]]}},{"type":"Feature","properties":{"id":"lu-kowloon-kwai-tsing-03-04","class":"built_up","vegetationFraction":0.234,"pavedFraction":0.625,"waterFraction":0.034,"simulated":true},"geometry":{"type":"Polygon","coordinates":[[[114.10439999999998,22.3568],[114.10599999999998,22.3568],[114.10599999999998,22.3584],[114.10439999999998,22.3584],[114.10439999999998,22.3568]]]}},{"type":"Feature","properties":{"id":"lu-kowloon-kwai-tsing-03-05","class":"built_up","vegetationFraction":0.216,"pavedFraction":0.542,"waterFraction":0.016,"simulated":true},"geometry":{"type":"Polygon","coordinates":[[[114.10599999999998,22.3568],[114.10759999999998,22.3568],[114.10759999999998,22.3584],[114.10599999999998,22.3584],[114.10599999999998,22.3568]]]}},{"type":"Feature","properties":{"id":"lu-kowloon-kwai-tsing-03-06","class":"built_up","vegetationFraction":0.174,"pavedFraction":0.639,"waterFraction":0.005,"simulated":true},"geometry":{"type":"Polygon","coordinates":[[[114.10759999999998,22.3568],[114.10919999999997,22.3568],[114.10919999999997,22.3584],[114.10759999999998,22.3584],[114.10759999999998,22.3568]]]}},{"type":"Feature","properties":{"id":"lu-kowloon-kwai-tsing-03-07","class":"built_up","vegetationFraction":0.224,"pavedFraction":0.749,"waterFraction":0.026,"simulated":true},"geometry":{"type":"Polygon","coordinates":[[[114.10919999999997,22.3568],[114.11079999999997,22.3568],[114.11079999999997,22.3584],[114.10919999999997,22.3584],[114.10919999999997,22.3568]]]}},{"type":"Feature","properties":{"id":"lu-kowloon-kwai-tsing-03-08","class":"built_up","vegetationFraction":0.123,"pavedFraction":0.501,"waterFraction":0.01,"simulated":true},"geometry":{"type":"Polygon","coordinates":[[[114.11079999999997,22.3568],[114.11239999999997,22.3568],[114.11239999999997,22.3584],[114.11079999999997,22.3584],[114.11079999999997,22.3568]]]}},{"type":"Feature","properties":{"id":"lu-kowloon-kwai-tsing-03-09","class":"built_up","vegetationFraction":0.198,"pavedFraction":0.619,"waterFraction":0.059,"simulated":true},"geometry":{"type":"Polygon","coordinates":[[[114.11239999999997,22.3568],[114.11399999999996,22.3568],[114.11399999999996,22.3584],[114.11239999999997,22.3584],[114.11239999999997,22.3568]]]}},{"type":"Feature","properties":{"id":"lu-kowloon-kwai-tsing-03-10","class":"built_up","vegetationFraction":0.119,"pavedFraction":0.732,"waterFraction":0.054,"simulated":true},"geometry":{"type":"Polygon","coordinates":[[[114.11399999999996,22.3568],[114.11559999999996,22.3568],[114.11559999999996,22.3584],[114.11399999999996,22.3584],[114.11399999999996,22.3568]]]}},{"type":"Feature","properties":{"id":"lu-kowloon-kwai-tsing-03-11","class":"built_up","vegetationFraction":0.132,"pavedFraction":0.515,"waterFraction":0.025,"simulated":true},"geometry":{"type":"Polygon","coordinates":[[[114.11559999999996,22.3568],[114.11719999999995,22.3568],[114.11719999999995,22.3584],[114.11559999999996,22.3584],[114.11559999999996,22.3568]]]}},{"type":"Feature","properties":{"id":"lu-kowloon-kwai-tsing-03-12","class":"built_up","vegetationFraction":0.241,"pavedFraction":0.636,"waterFraction":0.027,"simulated":true},"geometry":{"type":"Polygon","coordinates":[[[114.11719999999995,22.3568],[114.11879999999995,22.3568],[114.11879999999995,22.3584],[114.11719999999995,22.3584],[114.11719999999995,22.3568]]]}},{"type":"Feature","properties":{"id":"lu-kowloon-kwai-tsing-03-13","class":"built_up","vegetationFraction":0.123,"pavedFraction":0.569,"waterFraction":0.043,"simulated":true},"geometry":{"type":"Polygon","coordinates":[[[114.11879999999995,22.3568],[114.12039999999995,22.3568],[114.12039999999995,22.3584],[114.11879999999995,22.3584],[114.11879999999995,22.3568]]]}},{"type":"Feature","properties":{"id":"lu-kowloon-kwai-tsing-03-14","class":"built_up","vegetationFraction":0.243,"pavedFraction":0.721,"waterFraction":0.024,"simulated":true},"geometry":{"type":"Polygon","coordinates":[[[114.12039999999995,22.3568],[114.12199999999994,22.3568],[114.12199999999994,22.3584],[114.12039999999995,22.3584],[114.12039999999995,22.3568]]]}},{"type":"Feature","properties":{"id":"lu-kowloon-kwai-tsing-03-15","class":"built_up","vegetationFraction":0.108,"pavedFraction":0.715,"waterFraction":0.0,"simulated":true},"geometry":{"type":"Polygon","coordinates":[[[114.12199999999994,22.3568],[114.12359999999994,22.3568],[114.12359999999994,22.3584],[114.12199999999994,22.3584],[114.12199999999994,22.3568]]]}},{"type":"Feature","properties":{"id":"lu-kowloon-kwai-tsing-03-16","class":"built_up","vegetationFraction":0.171,"pavedFraction":0.705,"waterFraction":0.028,"simulated":true},"geometry":{"type":"Polygon","coordinates":[[[114.12359999999994,22.3568],[114.12519999999994,22.3568],[114.12519999999994,22.3584],[114.12359999999994,22.3584],[114.12359999999994,22.3568]]]}},{"type":"Feature","properties":{"id":"lu-kowloon-kwai-tsing-03-17","class":"built_up","vegetationFraction":0.122,"pavedFraction":0.688,"waterFraction":0.033,"simulated":true},"geometry":{"type":"Polygon","coordinates":[[[114.12519999999994,22.3568],[114.12679999999993,22.3568],[114.12679999999993,22.3584],[114.12519999999994,22.3584],[114.12519999999994,22.3568]]]}},{"type":"Feature","properties":{"id":"lu-kowloon-kwai-tsing-03-18","class":"built_up","vegetationFraction":0.243,"pavedFraction":0.505,"waterFraction":0.001,"simulated":true},"geometry":{"type":"Polygon","coordinates":[[[114.12679999999993,22.3568],[114.12839999999993,22.3568],[114.12839999999993,22.3584],[114.12679999999993,22.3584],[114.12679999999993,22.3568]]]}},{"type":"Feature","properties":{"id":"lu-kowloon-kwai-tsing-03-19","class":"built_up","vegetationFraction":0.146,"pavedFraction":0.58,"waterFraction":0.024,"simulated":true},"geometry":{"type":"Polygon","coordinates":[[[114.12839999999993,22.3568],[114.12999999999992,22.3568],[114.12999999999992,22.3584],[114.12839999999993,22.3584],[114.12839999999993,22.3568]]]}},{"type":"Feature","properties":{"id":"lu-kowloon-kwai-tsing-03-20","class":"built_up","vegetationFraction":0.225,"pavedFraction":0.658,"waterFraction":0.003,"simulated":true},"geometry":{"type":"Polygon","coordinates":[[[114.12999999999992,22.3568],[114.13159999999992,22.3568],[114.13159999999992,22.3584],[114.12999999999992,22.3584],[114.12999999999992,22.3568]]]}},{"type":"Feature","properties":{"id":"lu-kowloon-kwai-tsing-03-21","class":"urban_open_space","vegetationFraction":0.274,"pavedFraction":0.667,"waterFraction":0.041,"simulated":true},"geometry":{"type":"Polygon","coordinates":[[[114.13159999999992,22.3568],[114.13319999999992,22.3568],[114.13319999999992,22.3584],[114.13159999999992,22.3584],[114.13159999999992,22.3568]]]}},{"type":"Feature","properties":{"id":"lu-kowloon-kwai-tsing-03-22","class":"built_up","vegetationFraction":0.197,"pavedFraction":0.779,"waterFraction":0.005,"simulated":true},"geometry":{"type":"Polygon","coordinates":[[[114.13319999999992,22.3568],[114.13479999999991,22.3568],[114.13479999999991,22.3584],[114.13319999999992,22.3584],[114.13319999999992,22.3568]]]}},{"type":"Feature","properties":{"id":"lu-kowloon-kwai-tsing-03-23","class":"built_up","vegetationFraction":0.13,"pavedFraction":0.485,"waterFraction":0.0,"simulated":true},"geometry":{"type":"Polygon","coordinates":[[[114.13479999999991,22.3568],[114.13639999999991,22.3568],[114.13639999999991,22.3584],[114.13479999999991,22.3584],[114.13479999999991,22.3568]]]}},{"type":"Feature","properties":{"id":"lu-kowloon-kwai-tsing-04-00","class":"built_up","vegetationFraction":0.245,"pavedFraction":0.653,"waterFraction":0.009,"simulated":true},"geometry":{"type":"Polygon","coordinates":[[[114.098,22.3584],[114.0996,22.3584],[114.0996,22.36],[114.098,22.36],[114.098,22.3584]]]}},{"type":"Feature","properties":{"id":"lu-kowloon-kwai-tsing-04-01","class":"built_up","vegetationFraction":0.135,"pavedFraction":0.58,"waterFraction":0.009,"simulated":true},"geometry":{"type":"Polygon","coordinates":[[[114.0996,22.3584],[114.10119999999999,22.3584],[114.10119999999999,22.36],[114.0996,22.36],[114.0996,22.3584]]]}},{"type":"Feature","properties":{"id":"lu-kowloon-kwai-tsing-04-02","class":"built_up","vegetationFraction":0.115,"pavedFraction":0.752,"waterFraction":0.035,"simulated":true},"geometry":{"type":"Polygon","coordinates":[[[114.10119999999999,22.3584],[114.10279999999999,22.3584],[114.10279999999999,22.36],[114.10119999999999,22.36],[114.10119999999999,22.3584]]]}},{"type":"Feature","properties":{"id":"lu-kowloon-kwai-tsing-04-03","class":"urban_open_space","vegetationFraction":0.272,"pavedFraction":0.639,"waterFraction":0.039,"simulated":true},"geometry":{"type":"Polygon","coordinates":[[[114.10279999999999,22.3584],[114.10439999999998,22.3584],[114.10439999999998,22.36],[114.10279999999999,22.36],[114.10279999999999,22.3584]]]}},{"type":"Feature","properties":{"id":"lu-kowloon-kwai-tsing-04-04","class":"urban_open_space","vegetationFraction":0.265,"pavedFraction":0.678,"waterFraction":0.036,"simulated":true},"geometry":{"type":"Polygon","coordinates":[[[114.10439999999998,22.3584],[114.10599999999998,22.3584],[114.10599999999998,22.36],[114.10439999999998,22.36],[114.10439999999998,22.3584]]]}},{"type":"Feature","properties":{"id":"lu-kowloon-kwai-tsing-04-05","class":"built_up","vegetationFraction":0.144,"pavedFraction":0.506,"waterFraction":0.035,"simulated":true},"geometry":{"type":"Polygon","coordinates":[[[114.10599999999998,22.3584],[114.10759999999998,22.3584],[114.10759999999998,22.36],[114.10599999999998,22.36],[114.10599999999998,22.3584]]]}},{"type":"Feature","properties":{"id":"lu-kowloon-kwai-tsing-04-06","class":"built_up","vegetationFraction":0.138,"pavedFraction":0.752,"waterFraction":0.048,"simulated":true},"geometry":{"type":"Polygon","coordinates":[[[114.10759999999998,22.3584],[114.10919999999997,22.3584],[114.10919999999997,22.36],[114.10759999999998,22.36],[114.10759999999998,22.3584]]]}},{"type":"Feature","properties":{"id":"lu-kowloon-kwai-tsing-04-07","class":"built_up","vegetationFraction":0.242,"pavedFraction":0.541,"waterFraction":0.003,"simulated":true},"geometry":{"type":"Polygon","coordinates":[[[114.10919999999997,22.3584],[114.11079999999997,22.3584],[114.11079999999997,22.36],[114.10919999999997,22.36],[114.10919999999997,22.3584]]]}},{"type":"Feature","properties":{"id":"lu-kowloon-kwai-tsing-04-08","class":"built_up","vegetationFraction":0.178,"pavedFraction":0.541,"waterFraction":0.006,"simulated":true},"geometry":{"type":"Polygon","coordinates":[[[114.11079999999997,22.3584],[114.11239999999997,22.3584],[114.11239999999997,22.36],[114.11079999999997,22.36],[114.11079999999997,22.3584]]]}},{"type":"Feature","properties":{"id":"lu-kowloon-kwai-tsing-04-09","class":"built_up","vegetationFraction":0.244,"pavedFraction":0.652,"waterFraction":0.0,"simulated":true},"geometry":{"type":"Polygon","coordinates":[[[114.11239999999997,22.3584],[114.11399999999996,22.3584],[114.11399999999996,22.36],[114.11239999999997,22.36],[114.11239999999997,22.3584]]]}},{"type":"Feature","properties":{"id":"lu-kowloon-kwai-tsing-04-10","class":"built_up","vegetationFraction":0.117,"pavedFraction":0.579,"waterFraction":0.035,"simulated":true},"geometry":{"type":"Polygon","coordinates":[[[114.11399999999996,22.3584],[114.11559999999996,22.3584],[114.11559999999996,22.36],[114.11399999999996,22.36],[114.11399999999996,22.3584]]]}},{"type":"Feature","properties":{"id":"lu-kowloon-kwai-tsing-04-11","class":"built_up","vegetationFraction":0.187,"pavedFraction":0.595,"waterFraction":0.032,"simulated":true},"geometry":{"type":"Polygon","coordinates":[[[114.11559999999996,22.3584],[114.11719999999995,22.3584],[114.11719999999995,22.36],[114.11559999999996,22.36],[114.11559999999996,22.3584]]]}},{"type":"Feature","properties":{"id":"lu-kowloon-kwai-tsing-04-12","class":"built_up","vegetationFraction":0.231,"pavedFraction":0.572,"waterFraction":0.014,"simulated":true},"geometry":{"type":"Polygon","coordinates":[[[114.11719999999995,22.3584],[114.11879999999995,22.3584],[114.11879999999995,22.36],[114.11719999999995,22.36],[114.11719999999995,22.3584]]]}},{"type":"Feature","properties":{"id":"lu-kowloon-kwai-tsing-04-13","class":"built_up","vegetationFraction":0.128,"pavedFraction":0.538,"waterFraction":0.027,"simulated":true},"geometry":{"type":"Polygon","coordinates":[[[114.11879999999995,22.3584],[114.12039999999995,22.3584],[114.12039999999995,22.36],[114.11879999999995,22.36],[114.11879999999995,22.3584]]]}},{"type":"Feature","properties":{"id":"lu-kowloon-kwai-tsing-04-14","class":"built_up","vegetationFraction":0.219,"pavedFraction":0.639,"waterFraction":0.049,"simulated":true},"geometry":{"type":"Polygon","coordinates":[[[114.12039999999995,22.3584],[114.12199999999994,22.3584],[114.12199999999994,22.36],[114.12039999999995,22.36],[114.12039999999995,22.3584]]]}},{"type":"Feature","properties":{"id":"lu-kowloon-kwai-tsing-04-15","class":"built_up","vegetationFraction":0.142,"pavedFraction":0.768,"waterFraction":0.041,"simulated":true},"geometry":{"type":"Polygon","coordinates":[[[114.12199999999994,22.3584],[114.12359999999994,22.3584],[114.12359999999994,22.36],[114.12199999999994,22.36],[114.12199999999994,22.3584]]]}},{"type":"Feature","properties":{"id":"lu-kowloon-kwai-tsing-04-16","class":"built_up","vegetationFraction":0.218,"pavedFraction":0.621,"waterFraction":0.004,"simulated":true},"geometry":{"type":"Polygon","coordinates":[[[114.12359999999994,22.3584],[114.12519999999994,22.3584],[114.12519999999994,22.36],[114.12359999999994,22.36],[114.12359999999994,22.3584]]]}},{"type":"Feature","properties":{"id":"lu-kowloon-kwai-tsing-04-17","class":"built_up","vegetationFraction":0.143,"pavedFraction":0.716,"waterFraction":0.014,"simulated":true},"geometry":{"type":"Polygon","coordinates":[[[114.12519999999994,22.3584],[114.12679999999993,22.3584],[114.12679999999993,22.36],[114.12519999999994,22.36],[114.12519999999994,22.3584]]]}},{"type":"Feature","properties":{"id":"lu-kowloon-kwai-tsing-04-18","class":"built_up","vegetationFraction":0.109,"pavedFraction":0.716,"waterFraction":0.036,"simulated":true},"geometry":{"type":"Polygon","coordinates":[[[114.12679999999993,22.3584],[114.12839999999993,22.3584],[114.12839999999993,22.36],[114.12679999999993,22.36],[114.12679999999993,22.3584]]]}},{"type":"Feature","properties":{"id":"lu-kowloon-kwai-tsing-04-19","class":"urban_open_space","vegetationFraction":0.279,"pavedFraction":0.675,"waterFraction":0.022,"simulated":true},"geometry":{"type":"Polygon","coordinates":[[[114.12839999999993,22.3584],[114.12999999999992,22.3584],[114.12999999999992,22.36],[114.12839999999993,22.36],[114.12839999999993,22.3584]]]}},{"type":"Feature","properties":{"id":"lu-kowloon-kwai-tsing-04-20","class":"built_up","vegetationFraction":0.222,"pavedFraction":0.482,"waterFraction":0.028,"simulated":true},"geometry":{"type":"Polygon","coordinates":[[[114.12999999999992,22.3584],[114.13159999999992,22.3584],[114.13159999999992,22.36],[114.12999999999992,22.36],[114.12999999999992,22.3584]]]}},{"type":"Feature","properties":{"id":"lu-kowloon-kwai-tsing-04-21","class":"built_up","vegetationFraction":0.116,"pavedFraction":0.724,"waterFraction":0.005,"simulated":true},"geometry":{"type":"Polygon","coordinates":[[[114.13159999999992,22.3584],[114.13319999999992,22.3584],[114.13319999999992,22.36],[114.13159999999992,22.36],[114.13159999999992,22.3584]]]}},{"type":"Feature","properties":{"id":"lu-kowloon-kwai-tsing-04-22","class":"built_up","vegetationFraction":0.208,"pavedFraction":0.492,"waterFraction":0.038,"simulated":true},"geometry":{"type":"Polygon","coordinates":[[[114.13319999999992,22.3584],[114.13479999999991,22.3584],[114.13479999999991,22.36],[114.13319999999992,22.36],[114.13319999999992,22.3584]]]}},{"type":"Feature","properties":{"id":"lu-kowloon-kwai-tsing-04-23","class":"built_up","vegetationFraction":0.163,"pavedFraction":0.493,"waterFraction":0.048,"simulated":true},"geometry":{"type":"Polygon","coordinates":[[[114.13479999999991,22.3584],[114.13639999999991,22.3584],[114.13639999999991,22.36],[114.13479999999991,22.36],[114.13479999999991,22.3584]]]}},{"type":"Feature","properties":{"id":"lu-kowloon-kwai-tsing-05-00","class":"built_up","vegetationFraction":0.159,"pavedFraction":0.721,"waterFraction":0.027,"simulated":true},"geometry":{"type":"Polygon","coordinates":[[[114.098,22.36],[114.0996,22.36],[114.0996,22.3616],[114.098,22.3616],[114.098,22.36]]]}},{"type":"Feature","properties":{"id":"lu-kowloon-kwai-tsing-05-01","class":"urban_open_space","vegetationFraction":0.276,"pavedFraction":0.7,"waterFraction":0.0,"simulated":true},"geometry":{"type":"Polygon","coordinates":[[[114.0996,22.36],[114.10119999999999,22.36],[114.10119999999999,22.3616],[114.0996,22.3616],[114.0996,22.36]]]}},{"type":"Feature","properties":{"id":"lu-kowloon-kwai-tsing-05-02","class":"built_up","vegetationFraction":0.229,"pavedFraction":0.605,"waterFraction":0.046,"simulated":true},"geometry":{"type":"Polygon","coordinates":[[[114.10119999999999,22.36],[114.10279999999999,22.36],[114.10279999999999,22.3616],[114.10119999999999,22.3616],[114.10119999999999,22.36]]]}},{"type":"Feature","properties":{"id":"lu-kowloon-kwai-tsing-05-03","class":"built_up","vegetationFraction":0.147,"pavedFraction":0.544,"waterFraction":0.052,"simulated":true},"geometry":{"type":"Polygon","coordinates":[[[114.10279999999999,22.36],[114.10439999999998,22.36],[114.10439999999998,22.3616],[114.10279999999999,22.3616],[114.10279999999999,22.36]]]}},{"type":"Feature","properties":{"id":"lu-kowloon-kwai-tsing-05-04","class":"built_up","vegetationFraction":0.232,"pavedFraction":0.665,"waterFraction":0.048,"simulated":true},"geometry":{"type":"Polygon","coordinates":[[[114.10439999999998,22.36],[114.10599999999998,22.36],[114.10599999999998,22.3616],[114.10439999999998,22.3616],[114.10439999999998,22.36]]]}},{"type":"Feature","properties":{"id":"lu-kowloon-kwai-tsing-05-05","class":"built_up","vegetationFraction":0.106,"pavedFraction":0.678,"waterFraction":0.002,"simulated":true},"geometry":{"type":"Polygon","coordinates":[[[114.10599999999998,22.36],[114.10759999999998,22.36],[114.10759999999998,22.3616],[114.10599999999998,22.3616],[114.10599999999998,22.36]]]}},{"type":"Feature","properties":{"id":"lu-kowloon-kwai-tsing-05-06","class":"built_up","vegetationFraction":0.137,"pavedFraction":0.689,"waterFraction":0.033,"simulated":true},"geometry":{"type":"Polygon","coordinates":[[[114.10759999999998,22.36],[114.10919999999997,22.36],[114.10919999999997,22.3616],[114.10759999999998,22.3616],[114.10759999999998,22.36]]]}},{"type":"Feature","properties":{"id":"lu-kowloon-kwai-tsing-05-07","class":"built_up","vegetationFraction":0.113,"pavedFraction":0.616,"waterFraction":0.026,"simulated":true},"geometry":{"type":"Polygon","coordinates":[[[114.10919999999997,22.36],[114.11079999999997,22.36],[114.11079999999997,22.3616],[114.10919999999997,22.3616],[114.10919999999997,22.36]]]}},{"type":"Feature","properties":{"id":"lu-kowloon-kwai-tsing-05-08","class":"built_up","vegetationFraction":0.158,"pavedFraction":0.541,"waterFraction":0.025,"simulated":true},"geometry":{"type":"Polygon","coordinates":[[[114.11079999999997,22.36],[114.11239999999997,22.36],[114.11239999999997,22.3616],[114.11079999999997,22.3616],[114.11079999999997,22.36]]]}},{"type":"Feature","properties":{"id":"lu-kowloon-kwai-tsing-05-09","class":"urban_open_space","vegetationFraction":0.274,"pavedFraction":0.522,"waterFraction":0.051,"simulated":true},"geometry":{"type":"Polygon","coordinates":[[[114.11239999999997,22.36],[114.11399999999996,22.36],[114.11399999999996,22.3616],[114.11239999999997,22.3616],[114.11239999999997,22.36]]]}},{"type":"Feature","properties":{"id":"lu-kowloon-kwai-tsing-05-10","class":"built_up","vegetationFraction":0.231,"pavedFraction":0.538,"waterFraction":0.01,"simulated":true},"geometry":{"type":"Polygon","coordinates":[[[114.11399999999996,22.36],[114.11559999999996,22.36],[114.11559999999996,22.3616],[114.11399999999996,22.3616],[114.11399999999996,22.36]]]}},{"type":"Feature","properties":{"id":"lu-kowloon-kwai-tsing-05-11","class":"built_up","vegetationFraction":0.104,"pavedFraction":0.615,"waterFraction":0.036,"simulated":true},"geometry":{"type":"Polygon","coordinates":[[[114.11559999999996,22.36],[114.11719999999995,22.36],[114.11719999999995,22.3616],[114.11559999999996,22.3616],[114.11559999999996,22.36]]]}},{"type":"Feature","properties":{"id":"lu-kowloon-kwai-tsing-05-12","class":"built_up","vegetationFraction":0.204,"pavedFraction":0.644,"waterFraction":0.027,"simulated":true},"geometry":{"type":"Polygon","coordinates":[[[114.11719999999995,22.36],[114.11879999999995,22.36],[114.11879999999995,22.3616],[114.11719999999995,22.3616],[114.11719999999995,22.36]]]}},{"type":"Feature","properties":{"id":"lu-kowloon-kwai-tsing-05-13","class":"built_up","vegetationFraction":0.153,"pavedFraction":0.759,"waterFraction":0.059,"simulated":true},"geometry":{"type":"Polygon","coordinates":[[[114.11879999999995,22.36],[114.12039999999995,22.36],[114.12039999999995,22.3616],[114.11879999999995,22.3616],[114.11879999999995,22.36]]]}},{"type":"Feature","properties":{"id":"lu-kowloon-kwai-tsing-05-14","class":"built_up","vegetationFraction":0.12,"pavedFraction":0.632,"waterFraction":0.058,"simulated":true},"geometry":{"type":"Polygon","coordinates":[[[114.12039999999995,22.36],[114.12199999999994,22.36],[114.12199999999994,22.3616],[114.12039999999995,22.3616],[114.12039999999995,22.36]]]}},{"type":"Feature","properties":{"id":"lu-kowloon-kwai-tsing-05-15","class":"built_up","vegetationFraction":0.239,"pavedFraction":0.526,"waterFraction":0.052,"simulated":true},"geometry":{"type":"Polygon","coordinates":[[[114.12199999999994,22.36],[114.12359999999994,22.36],[114.12359999999994,22.3616],[114.12199999999994,22.3616],[114.12199999999994,22.36]]]}},{"type":"Feature","properties":{"id":"lu-kowloon-kwai-tsing-05-16","class":"built_up","vegetationFraction":0.13,"pavedFraction":0.635,"waterFraction":0.052,"simulated":true},"geometry":{"type":"Polygon","coordinates":[[[114.12359999999994,22.36],[114.12519999999994,22.36],[114.12519999999994,22.3616],[114.12359999999994,22.3616],[114.12359999999994,22.36]]]}},{"type":"Feature","properties":{"id":"lu-kowloon-kwai-tsing-05-17","class":"built_up","vegetationFraction":0.105,"pavedFraction":0.768,"waterFraction":0.038,"simulated":true},"geometry":{"type":"Polygon","coordinates":[[[114.12519999999994,22.36],[114.12679999999993,22.36],[114.12679999999993,22.3616],[114.12519999999994,22.3616],[114.12519999999994,22.36]]]}},{"type":"Feature","properties":{"id":"lu-kowloon-kwai-tsing-05-18","class":"built_up","vegetationFraction":0.195,"pavedFraction":0.645,"waterFraction":0.008,"simulated":true},"geometry":{"type":"Polygon","coordinates":[[[114.12679999999993,22.36],[114.12839999999993,22.36],[114.12839999999993,22.3616],[114.12679999999993,22.3616],[114.12679999999993,22.36]]]}},{"type":"Feature","properties":{"id":"lu-kowloon-kwai-tsing-05-19","class":"urban_open_space","vegetationFraction":0.251,"pavedFraction":0.676,"waterFraction":0.009,"simulated":true},"geometry":{"type":"Polygon","coordinates":[[[114.12839999999993,22.36],[114.12999999999992,22.36],[114.12999999999992,22.3616],[114.12839999999993,22.3616],[114.12839999999993,22.36]]]}},{"type":"Feature","properties":{"id":"lu-kowloon-kwai-tsing-05-20","class":"built_up","vegetationFraction":0.209,"pavedFraction":0.619,"waterFraction":0.003,"simulated":true},"geometry":{"type":"Polygon","coordinates":[[[114.12999999999992,22.36],[114.13159999999992,22.36],[114.13159999999992,22.3616],[114.12999999999992,22.3616],[114.12999999999992,22.36]]]}},{"type":"Feature","properties":{"id":"lu-kowloon-kwai-tsing-05-21","class":"built_up","vegetationFraction":0.125,"pavedFraction":0.753,"waterFraction":0.006,"simulated":true},"geometry":{"type":"Polygon","coordinates":[[[114.13159999999992,22.36],[114.13319999999992,22.36],[114.13319999999992,22.3616],[114.13159999999992,22.3616],[114.13159999999992,22.36]]]}},{"type":"Feature","properties":{"id":"lu-kowloon-kwai-tsing-05-22","class":"urban_open_space","vegetationFraction":0.269,"pavedFraction":0.607,"waterFraction":0.02,"simulated":true},"geometry":{"type":"Polygon","coordinates":[[[114.13319999999992,22.36],[114.13479999999991,22.36],[114.13479999999991,22.3616],[114.13319999999992,22.3616],[114.13319999999992,22.36]]]}},{"type":"Feature","properties":{"id":"lu-kowloon-kwai-tsing-05-23","class":"built_up","vegetationFraction":0.168,"pavedFraction":0.534,"waterFraction":0.009,"simulated":true},"geometry":{"type":"Polygon","coordinates":[[[114.13479999999991,22.36],[114.13639999999991,22.36],[114.13639999999991,22.3616],[114.13479999999991,22.3616],[114.13479999999991,22.36]]]}},{"type":"Feature","properties":{"id":"lu-kowloon-kwai-tsing-06-00","class":"built_up","vegetationFraction":0.123,"pavedFraction":0.682,"waterFraction":0.022,"simulated":true},"geometry":{"type":"Polygon","coordinates":[[[114.098,22.3616],[114.0996,22.3616],[114.0996,22.3632],[114.098,22.3632],[114.098,22.3616]]]}},{"type":"Feature","properties":{"id":"lu-kowloon-kwai-tsing-06-01","class":"built_up","vegetationFraction":0.107,"pavedFraction":0.612,"waterFraction":0.028,"simulated":true},"geometry":{"type":"Polygon","coordinates":[[[114.0996,22.3616],[114.10119999999999,22.3616],[114.10119999999999,22.3632],[114.0996,22.3632],[114.0996,22.3616]]]}},{"type":"Feature","properties":{"id":"lu-kowloon-kwai-tsing-06-02","class":"urban_open_space","vegetationFraction":0.274,"pavedFraction":0.567,"waterFraction":0.028,"simulated":true},"geometry":{"type":"Polygon","coordinates":[[[114.10119999999999,22.3616],[114.10279999999999,22.3616],[114.10279999999999,22.3632],[114.10119999999999,22.3632],[114.10119999999999,22.3616]]]}},{"type":"Feature","properties":{"id":"lu-kowloon-kwai-tsing-06-03","class":"built_up","vegetationFraction":0.154,"pavedFraction":0.722,"waterFraction":0.042,"simulated":true},"geometry":{"type":"Polygon","coordinates":[[[114.10279999999999,22.3616],[114.10439999999998,22.3616],[114.10439999999998,22.3632],[114.10279999999999,22.3632],[114.10279999999999,22.3616]]]}},{"type":"Feature","properties":{"id":"lu-kowloon-kwai-tsing-06-04","class":"built_up","vegetationFraction":0.121,"pavedFraction":0.709,"waterFraction":0.054,"simulated":true},"geometry":{"type":"Polygon","coordinates":[[[114.10439999999998,22.3616],[114.10599999999998,22.3616],[114.10599999999998,22.3632],[114.10439999999998,22.3632],[114.10439999999998,22.3616]]]}},{"type":"Feature","properties":{"id":"lu-kowloon-kwai-tsing-06-05","class":"built_up","vegetationFraction":0.179,"pavedFraction":0.539,"waterFraction":0.041,"simulated":true},"geometry":{"type":"Polygon","coordinates":[[[114.10599999999998,22.3616],[114.10759999999998,22.3616],[114.10759999999998,22.3632],[114.10599999999998,22.3632],[114.10599999999998,22.3616]]]}},{"type":"Feature","properties":{"id":"lu-kowloon-kwai-tsing-06-06","class":"built_up","vegetationFraction":0.164,"pavedFraction":0.748,"waterFraction":0.033,"simulated":true},"geometry":{"type":"Polygon","coordinates":[[[114.10759999999998,22.3616],[114.10919999999997,22.3616],[114.10919999999997,22.3632],[114.10759999999998,22.3632],[114.10759999999998,22.3616]]]}},{"type":"Feature","properties":{"id":"lu-kowloon-kwai-tsing-06-07","class":"built_up","vegetationFraction":0.118,"pavedFraction":0.571,"waterFraction":0.042,"simulated":true},"geometry":{"type":"Polygon","coordinates":[[[114.10919999999997,22.3616],[114.11079999999997,22.3616],[114.11079999999997,22.3632],[114.10919999999997,22.3632],[114.10919999999997,22.3616]]]}},{"type":"Feature","properties":{"id":"lu-kowloon-kwai-tsing-06-08","class":"built_up","vegetationFraction":0.221,"pavedFraction":0.734,"waterFraction":0.04,"simulated":true},"geometry":{"type":"Polygon","coordinates":[[[114.11079999999997,22.3616],[114.11239999999997,22.3616],[114.11239999999997,22.3632],[114.11079999999997,22.3632],[114.11079999999997,22.3616]]]}},{"type":"Feature","properties":{"id":"lu-kowloon-kwai-tsing-06-09","class":"built_up","vegetationFraction":0.171,"pavedFraction":0.656,"waterFraction":0.008,"simulated":true},"geometry":{"type":"Polygon","coordinates":[[[114.11239999999997,22.3616],[114.11399999999996,22.3616],[114.11399999999996,22.3632],[114.11239999999997,22.3632],[114.11239999999997,22.3616]]]}},{"type":"Feature","properties":{"id":"lu-kowloon-kwai-tsing-06-10","class":"urban_open_space","vegetationFraction":0.262,"pavedFraction":0.482,"waterFraction":0.032,"simulated":true},"geometry":{"type":"Polygon","coordinates":[[[114.11399999999996,22.3616],[114.11559999999996,22.3616],[114.11559999999996,22.3632],[114.11399999999996,22.3632],[114.11399999999996,22.3616]]]}},{"type":"Feature","properties":{"id":"lu-kowloon-kwai-tsing-06-11","class":"built_up","vegetationFraction":0.118,"pavedFraction":0.685,"waterFraction":0.013,"simulated":true},"geometry":{"type":"Polygon","coordinates":[[[114.11559999999996,22.3616],[114.11719999999995,22.3616],[114.11719999999995,22.3632],[114.11559999999996,22.3632],[114.11559999999996,22.3616]]]}},{"type":"Feature","properties":{"id":"lu-kowloon-kwai-tsing-06-12","class":"urban_open_space","vegetationFraction":0.259,"pavedFraction":0.7,"waterFraction":0.044,"simulated":true},"geometry":{"type":"Polygon","coordinates":[[[114.11719999999995,22.3616],[114.11879999999995,22.3616],[114.11879999999995,22.3632],[114.11719999999995,22.3632],[114.11719999999995,22.3616]]]}},{"type":"Feature","properties":{"id":"lu-kowloon-kwai-tsing-06-13","class":"built_up","vegetationFraction":0.212,"pavedFraction":0.62,"waterFraction":0.034,"simulated":true},"geometry":{"type":"Polygon","coordinates":[[[114.11879999999995,22.3616],[114.12039999999995,22.3616],[114.12039999999995,22.3632],[114.11879999999995,22.3632],[114.11879999999995,22.3616]]]}},{"type":"Feature","properties":{"id":"lu-kowloon-kwai-tsing-06-14","class":"built_up","vegetationFraction":0.169,"pavedFraction":0.735,"waterFraction":0.019,"simulated":true},"geometry":{"type":"Polygon","coordinates":[[[114.12039999999995,22.3616],[114.12199999999994,22.3616],[114.12199999999994,22.3632],[114.12039999999995,22.3632],[114.12039999999995,22.3616]]]}},{"type":"Feature","properties":{"id":"lu-kowloon-kwai-tsing-06-15","class":"urban_open_space","vegetationFraction":0.264,"pavedFraction":0.632,"waterFraction":0.025,"simulated":true},"geometry":{"type":"Polygon","coordinates":[[[114.12199999999994,22.3616],[114.12359999999994,22.3616],[114.12359999999994,22.3632],[114.12199999999994,22.3632],[114.12199999999994,22.3616]]]}},{"type":"Feature","properties":{"id":"lu-kowloon-kwai-tsing-06-16","class":"built_up","vegetationFraction":0.18,"pavedFraction":0.505,"waterFraction":0.024,"simulated":true},"geometry":{"type":"Polygon","coordinates":[[[114.12359999999994,22.3616],[114.12519999999994,22.3616],[114.12519999999994,22.3632],[114.12359999999994,22.3632],[114.12359999999994,22.3616]]]}},{"type":"Feature","properties":{"id":"lu-kowloon-kwai-tsing-06-17","class":"built_up","vegetationFraction":0.113,"pavedFraction":0.564,"waterFraction":0.034,"simulated":true},"geometry":{"type":"Polygon","coordinates":[[[114.12519999999994,22.3616],[114.12679999999993,22.3616],[114.12679999999993,22.3632],[114.12519999999994,22.3632],[114.12519999999994,22.3616]]]}},{"type":"Feature","properties":{"id":"lu-kowloon-kwai-tsing-06-18","class":"urban_open_space","vegetationFraction":0.268,"pavedFraction":0.552,"waterFraction":0.036,"simulated":true},"geometry":{"type":"Polygon","coordinates":[[[114.12679999999993,22.3616],[114.12839999999993,22.3616],[114.12839999999993,22.3632],[114.12679999999993,22.3632],[114.12679999999993,22.3616]]]}},{"type":"Feature","properties":{"id":"lu-kowloon-kwai-tsing-06-19","class":"built_up","vegetationFraction":0.168,"pavedFraction":0.598,"waterFraction":0.016,"simulated":true},"geometry":{"type":"Polygon","coordinates":[[[114.12839999999993,22.3616],[114.12999999999992,22.3616],[114.12999999999992,22.3632],[114.12839999999993,22.3632],[114.12839999999993,22.3616]]]}},{"type":"Feature","properties":{"id":"lu-kowloon-kwai-tsing-06-20","class":"urban_open_space","vegetationFraction":0.28,"pavedFraction":0.644,"waterFraction":0.005,"simulated":true},"geometry":{"type":"Polygon","coordinates":[[[114.12999999999992,22.3616],[114.13159999999992,22.3616],[114.13159999999992,22.3632],[114.12999999999992,22.3632],[114.12999999999992,22.3616]]]}},{"type":"Feature","properties":{"id":"lu-kowloon-kwai-tsing-06-21","class":"urban_open_space","vegetationFraction":0.268,"pavedFraction":0.753,"waterFraction":0.055,"simulated":true},"geometry":{"type":"Polygon","coordinates":[[[114.13159999999992,22.3616],[114.13319999999992,22.3616],[114.13319999999992,22.3632],[114.13159999999992,22.3632],[114.13159999999992,22.3616]]]}},{"type":"Feature","properties":{"id":"lu-kowloon-kwai-tsing-06-22","class":"built_up","vegetationFraction":0.25,"pavedFraction":0.527,"waterFraction":0.059,"simulated":true},"geometry":{"type":"Polygon","coordinates":[[[114.13319999999992,22.3616],[114.13479999999991,22.3616],[114.13479999999991,22.3632],[114.13319999999992,22.3632],[114.13319999999992,22.3616]]]}},{"type":"Feature","properties":{"id":"lu-kowloon-kwai-tsing-06-23","class":"built_up","vegetationFraction":0.149,"pavedFraction":0.618,"waterFraction":0.018,"simulated":true},"geometry":{"type":"Polygon","coordinates":[[[114.13479999999991,22.3616],[114.13639999999991,22.3616],[114.13639999999991,22.3632],[114.13479999999991,22.3632],[114.13479999999991,22.3616]]]}},{"type":"Feature","properties":{"id":"lu-kowloon-kwai-tsing-07-00","class":"built_up","vegetationFraction":0.145,"pavedFraction":0.741,"waterFraction":0.031,"simulated":true},"geometry":{"type":"Polygon","coordinates":[[[114.098,22.3632],[114.0996,22.3632],[114.0996,22.3648],[114.098,22.3648],[114.098,22.3632]]]}},{"type":"Feature","properties":{"id":"lu-kowloon-kwai-tsing-07-01","class":"built_up","vegetationFraction":0.143,"pavedFraction":0.641,"waterFraction":0.037,"simulated":true},"geometry":{"type":"Polygon","coordinates":[[[114.0996,22.3632],[114.10119999999999,22.3632],[114.10119999999999,22.3648],[114.0996,22.3648],[114.0996,22.3632]]]}},{"type":"Feature","properties":{"id":"lu-kowloon-kwai-tsing-07-02","class":"built_up","vegetationFraction":0.148,"pavedFraction":0.694,"waterFraction":0.049,"simulated":true},"geometry":{"type":"Polygon","coordinates":[[[114.10119999999999,22.3632],[114.10279999999999,22.3632],[114.10279999999999,22.3648],[114.10119999999999,22.3648],[114.10119999999999,22.3632]]]}},{"type":"Feature","properties":{"id":"lu-kowloon-kwai-tsing-07-03","class":"built_up","vegetationFraction":0.111,"pavedFraction":0.715,"waterFraction":0.058,"simulated":true},"geometry":{"type":"Polygon","coordinates":[[[114.10279999999999,22.3632],[114.10439999999998,22.3632],[114.10439999999998,22.3648],[114.10279999999999,22.3648],[114.10279999999999,22.3632]]]}},{"type":"Feature","properties":{"id":"lu-kowloon-kwai-tsing-07-04","class":"built_up","vegetationFraction":0.124,"pavedFraction":0.525,"waterFraction":0.02,"simulated":true},"geometry":{"type":"Polygon","coordinates":[[[114.10439999999998,22.3632],[114.10599999999998,22.3632],[114.10599999999998,22.3648],[114.10439999999998,22.3648],[114.10439999999998,22.3632]]]}},{"type":"Feature","properties":{"id":"lu-kowloon-kwai-tsing-07-05","class":"urban_open_space","vegetationFraction":0.272,"pavedFraction":0.638,"waterFraction":0.048,"simulated":true},"geometry":{"type":"Polygon","coordinates":[[[114.10599999999998,22.3632],[114.10759999999998,22.3632],[114.10759999999998,22.3648],[114.10599999999998,22.3648],[114.10599999999998,22.3632]]]}},{"type":"Feature","properties":{"id":"lu-kowloon-kwai-tsing-07-06","class":"built_up","vegetationFraction":0.204,"pavedFraction":0.632,"waterFraction":0.052,"simulated":true},"geometry":{"type":"Polygon","coordinates":[[[114.10759999999998,22.3632],[114.10919999999997,22.3632],[114.10919999999997,22.3648],[114.10759999999998,22.3648],[114.10759999999998,22.3632]]]}},{"type":"Feature","properties":{"id":"lu-kowloon-kwai-tsing-07-07","class":"green_space","vegetationFraction":0.78,"pavedFraction":0.1,"waterFraction":0.041,"simulated":true},"geometry":{"type":"Polygon","coordinates":[[[114.10919999999997,22.3632],[114.11079999999997,22.3632],[114.11079999999997,22.3648],[114.10919999999997,22.3648],[114.10919999999997,22.3632]]]}},{"type":"Feature","properties":{"id":"lu-kowloon-kwai-tsing-07-08","class":"green_space","vegetationFraction":0.78,"pavedFraction":0.1,"waterFraction":0.036,"simulated":true},"geometry":{"type":"Polygon","coordinates":[[[114.11079999999997,22.3632],[114.11239999999997,22.3632],[114.11239999999997,22.3648],[114.11079999999997,22.3648],[114.11079999999997,22.3632]]]}},{"type":"Feature","properties":{"id":"lu-kowloon-kwai-tsing-07-09","class":"green_space","vegetationFraction":0.78,"pavedFraction":0.1,"waterFraction":0.033,"simulated":true},"geometry":{"type":"Polygon","coordinates":[[[114.11239999999997,22.3632],[114.11399999999996,22.3632],[114.11399999999996,22.3648],[114.11239999999997,22.3648],[114.11239999999997,22.3632]]]}},{"type":"Feature","properties":{"id":"lu-kowloon-kwai-tsing-07-10","class":"green_space","vegetationFraction":0.78,"pavedFraction":0.1,"waterFraction":0.015,"simulated":true},"geometry":{"type":"Polygon","coordinates":[[[114.11399999999996,22.3632],[114.11559999999996,22.3632],[114.11559999999996,22.3648],[114.11399999999996,22.3648],[114.11399999999996,22.3632]]]}},{"type":"Feature","properties":{"id":"lu-kowloon-kwai-tsing-07-11","class":"green_space","vegetationFraction":0.78,"pavedFraction":0.1,"waterFraction":0.048,"simulated":true},"geometry":{"type":"Polygon","coordinates":[[[114.11559999999996,22.3632],[114.11719999999995,22.3632],[114.11719999999995,22.3648],[114.11559999999996,22.3648],[114.11559999999996,22.3632]]]}},{"type":"Feature","properties":{"id":"lu-kowloon-kwai-tsing-07-12","class":"green_space","vegetationFraction":0.78,"pavedFraction":0.1,"waterFraction":0.028,"simulated":true},"geometry":{"type":"Polygon","coordinates":[[[114.11719999999995,22.3632],[114.11879999999995,22.3632],[114.11879999999995,22.3648],[114.11719999999995,22.3648],[114.11719999999995,22.3632]]]}},{"type":"Feature","properties":{"id":"lu-kowloon-kwai-tsing-07-13","class":"green_space","vegetationFraction":0.78,"pavedFraction":0.1,"waterFraction":0.056,"simulated":true},"geometry":{"type":"Polygon","coordinates":[[[114.11879999999995,22.3632],[114.12039999999995,22.3632],[114.12039999999995,22.3648],[114.11879999999995,22.3648],[114.11879999999995,22.3632]]]}},{"type":"Feature","properties":{"id":"lu-kowloon-kwai-tsing-07-14","class":"built_up","vegetationFraction":0.115,"pavedFraction":0.769,"waterFraction":0.007,"simulated":true},"geometry":{"type":"Polygon","coordinates":[[[114.12039999999995,22.3632],[114.12199999999994,22.3632],[114.12199999999994,22.3648],[114.12039999999995,22.3648],[114.12039999999995,22.3632]]]}},{"type":"Feature","properties":{"id":"lu-kowloon-kwai-tsing-07-15","class":"built_up","vegetationFraction":0.158,"pavedFraction":0.765,"waterFraction":0.044,"simulated":true},"geometry":{"type":"Polygon","coordinates":[[[114.12199999999994,22.3632],[114.12359999999994,22.3632],[114.12359999999994,22.3648],[114.12199999999994,22.3648],[114.12199999999994,22.3632]]]}},{"type":"Feature","properties":{"id":"lu-kowloon-kwai-tsing-07-16","class":"built_up","vegetationFraction":0.231,"pavedFraction":0.728,"waterFraction":0.012,"simulated":true},"geometry":{"type":"Polygon","coordinates":[[[114.12359999999994,22.3632],[114.12519999999994,22.3632],[114.12519999999994,22.3648],[114.12359999999994,22.3648],[114.12359999999994,22.3632]]]}},{"type":"Feature","properties":{"id":"lu-kowloon-kwai-tsing-07-17","class":"urban_open_space","vegetationFraction":0.269,"pavedFraction":0.727,"waterFraction":0.009,"simulated":true},"geometry":{"type":"Polygon","coordinates":[[[114.12519999999994,22.3632],[114.12679999999993,22.3632],[114.12679999999993,22.3648],[114.12519999999994,22.3648],[114.12519999999994,22.3632]]]}},{"type":"Feature","properties":{"id":"lu-kowloon-kwai-tsing-07-18","class":"built_up","vegetationFraction":0.123,"pavedFraction":0.605,"waterFraction":0.051,"simulated":true},"geometry":{"type":"Polygon","coordinates":[[[114.12679999999993,22.3632],[114.12839999999993,22.3632],[114.12839999999993,22.3648],[114.12679999999993,22.3648],[114.12679999999993,22.3632]]]}},{"type":"Feature","properties":{"id":"lu-kowloon-kwai-tsing-07-19","class":"built_up","vegetationFraction":0.113,"pavedFraction":0.622,"waterFraction":0.038,"simulated":true},"geometry":{"type":"Polygon","coordinates":[[[114.12839999999993,22.3632],[114.12999999999992,22.3632],[114.12999999999992,22.3648],[114.12839999999993,22.3648],[114.12839999999993,22.3632]]]}},{"type":"Feature","properties":{"id":"lu-kowloon-kwai-tsing-07-20","class":"built_up","vegetationFraction":0.208,"pavedFraction":0.742,"waterFraction":0.008,"simulated":true},"geometry":{"type":"Polygon","coordinates":[[[114.12999999999992,22.3632],[114.13159999999992,22.3632],[114.13159999999992,22.3648],[114.12999999999992,22.3648],[114.12999999999992,22.3632]]]}},{"type":"Feature","properties":{"id":"lu-kowloon-kwai-tsing-07-21","class":"built_up","vegetationFraction":0.186,"pavedFraction":0.691,"waterFraction":0.004,"simulated":true},"geometry":{"type":"Polygon","coordinates":[[[114.13159999999992,22.3632],[114.13319999999992,22.3632],[114.13319999999992,22.3648],[114.13159999999992,22.3648],[114.13159999999992,22.3632]]]}},{"type":"Feature","properties":{"id":"lu-kowloon-kwai-tsing-07-22","class":"built_up","vegetationFraction":0.187,"pavedFraction":0.745,"waterFraction":0.056,"simulated":true},"geometry":{"type":"Polygon","coordinates":[[[114.13319999999992,22.3632],[114.13479999999991,22.3632],[114.13479999999991,22.3648],[114.13319999999992,22.3648],[114.13319999999992,22.3632]]]}},{"type":"Feature","properties":{"id":"lu-kowloon-kwai-tsing-07-23","class":"urban_open_space","vegetationFraction":0.27,"pavedFraction":0.686,"waterFraction":0.028,"simulated":true},"geometry":{"type":"Polygon","coordinates":[[[114.13479999999991,22.3632],[114.13639999999991,22.3632],[114.13639999999991,22.3648],[114.13479999999991,22.3648],[114.13479999999991,22.3632]]]}},{"type":"Feature","properties":{"id":"lu-kowloon-kwai-tsing-08-00","class":"built_up","vegetationFraction":0.041,"pavedFraction":0.949,"waterFraction":0.006,"simulated":true},"geometry":{"type":"Polygon","coordinates":[[[114.098,22.3648],[114.0996,22.3648],[114.0996,22.3664],[114.098,22.3664],[114.098,22.3648]]]}},{"type":"Feature","properties":{"id":"lu-kowloon-kwai-tsing-08-01","class":"built_up","vegetationFraction":0.071,"pavedFraction":0.884,"waterFraction":0.023,"simulated":true},"geometry":{"type":"Polygon","coordinates":[[[114.0996,22.3648],[114.10119999999999,22.3648],[114.10119999999999,22.3664],[114.0996,22.3664],[114.0996,22.3648]]]}},{"type":"Feature","properties":{"id":"lu-kowloon-kwai-tsing-08-02","class":"built_up","vegetationFraction":0.077,"pavedFraction":0.85,"waterFraction":0.024,"simulated":true},"geometry":{"type":"Polygon","coordinates":[[[114.10119999999999,22.3648],[114.10279999999999,22.3648],[114.10279999999999,22.3664],[114.10119999999999,22.3664],[114.10119999999999,22.3648]]]}},{"type":"Feature","properties":{"id":"lu-kowloon-kwai-tsing-08-03","class":"built_up","vegetationFraction":0.05,"pavedFraction":0.95,"waterFraction":0.021,"simulated":true},"geometry":{"type":"Polygon","coordinates":[[[114.10279999999999,22.3648],[114.10439999999998,22.3648],[114.10439999999998,22.3664],[114.10279999999999,22.3664],[114.10279999999999,22.3648]]]}},{"type":"Feature","properties":{"id":"lu-kowloon-kwai-tsing-08-04","class":"built_up","vegetationFraction":0.038,"pavedFraction":0.908,"waterFraction":0.005,"simulated":true},"geometry":{"type":"Polygon","coordinates":[[[114.10439999999998,22.3648],[114.10599999999998,22.3648],[114.10599999999998,22.3664],[114.10439999999998,22.3664],[114.10439999999998,22.3648]]]}},{"type":"Feature","properties":{"id":"lu-kowloon-kwai-tsing-08-05","class":"built_up","vegetationFraction":0.044,"pavedFraction":0.851,"waterFraction":0.022,"simulated":true},"geometry":{"type":"Polygon","coordinates":[[[114.10599999999998,22.3648],[114.10759999999998,22.3648],[114.10759999999998,22.3664],[114.10599999999998,22.3664],[114.10599999999998,22.3648]]]}},{"type":"Feature","properties":{"id":"lu-kowloon-kwai-tsing-08-06","class":"built_up","vegetationFraction":0.071,"pavedFraction":0.95,"waterFraction":0.055,"simulated":true},"geometry":{"type":"Polygon","coordinates":[[[114.10759999999998,22.3648],[114.10919999999997,22.3648],[114.10919999999997,22.3664],[114.10759999999998,22.3664],[114.10759999999998,22.3648]]]}},{"type":"Feature","properties":{"id":"lu-kowloon-kwai-tsing-08-07","class":"green_space","vegetationFraction":0.78,"pavedFraction":0.1,"waterFraction":0.036,"simulated":true},"geometry":{"type":"Polygon","coordinates":[[[114.10919999999997,22.3648],[114.11079999999997,22.3648],[114.11079999999997,22.3664],[114.10919999999997,22.3664],[114.10919999999997,22.3648]]]}},{"type":"Feature","properties":{"id":"lu-kowloon-kwai-tsing-08-08","class":"green_space","vegetationFraction":0.78,"pavedFraction":0.1,"waterFraction":0.015,"simulated":true},"geometry":{"type":"Polygon","coordinates":[[[114.11079999999997,22.3648],[114.11239999999997,22.3648],[114.11239999999997,22.3664],[114.11079999999997,22.3664],[114.11079999999997,22.3648]]]}},{"type":"Feature","properties":{"id":"lu-kowloon-kwai-tsing-08-09","class":"green_space","vegetationFraction":0.78,"pavedFraction":0.1,"waterFraction":0.044,"simulated":true},"geometry":{"type":"Polygon","coordinates":[[[114.11239999999997,22.3648],[114.11399999999996,22.3648],[114.11399999999996,22.3664],[114.11239999999997,22.3664],[114.11239999999997,22.3648]]]}},{"type":"Feature","properties":{"id":"lu-kowloon-kwai-tsing-08-10","class":"green_space","vegetationFraction":0.78,"pavedFraction":0.1,"waterFraction":0.031,"simulated":true},"geometry":{"type":"Polygon","coordinates":[[[114.11399999999996,22.3648],[114.11559999999996,22.3648],[114.11559999999996,22.3664],[114.11399999999996,22.3664],[114.11399999999996,22.3648]]]}},{"type":"Feature","properties":{"id":"lu-kowloon-kwai-tsing-08-11","class":"green_space","vegetationFraction":0.78,"pavedFraction":0.1,"waterFraction":0.041,"simulated":true},"geometry":{"type":"Polygon","coordinates":[[[114.11559999999996,22.3648],[114.11719999999995,22.3648],[114.11719999999995,22.3664],[114.11559999999996,22.3664],[114.11559999999996,22.3648]]]}},{"type":"Feature","properties":{"id":"lu-kowloon-kwai-tsing-08-12","class":"green_space","vegetationFraction":0.78,"pavedFraction":0.1,"waterFraction":0.036,"simulated":true},"geometry":{"type":"Polygon","coordinates":[[[114.11719999999995,22.3648],[114.11879999999995,22.3648],[114.11879999999995,22.3664],[114.11719999999995,22.3664],[114.11719999999995,22.3648]]]}},{"type":"Feature","properties":{"id":"lu-kowloon-kwai-tsing-08-13","class":"green_space","vegetationFraction":0.78,"pavedFraction":0.1,"waterFraction":0.028,"simulated":true},"geometry":{"type":"Polygon","coordinates":[[[114.11879999999995,22.3648],[114.12039999999995,22.3648],[114.12039999999995,22.3664],[114.11879999999995,22.3664],[114.11879999999995,22.3648]]]}},{"type":"Feature","properties":{"id":"lu-kowloon-kwai-tsing-08-14","class":"built_up","vegetationFraction":0.037,"pavedFraction":0.95,"waterFraction":0.028,"simulated":true},"geometry":{"type":"Polygon","coordinates":[[[114.12039999999995,22.3648],[114.12199999999994,22.3648],[114.12199999999994,22.3664],[114.12039999999995,22.3664],[114.12039999999995,22.3648]]]}},{"type":"Feature","properties":{"id":"lu-kowloon-kwai-tsing-08-15","class":"built_up","vegetationFraction":0.039,"pavedFraction":0.861,"waterFraction":0.027,"simulated":true},"geometry":{"type":"Polygon","coordinates":[[[114.12199999999994,22.3648],[114.12359999999994,22.3648],[114.12359999999994,22.3664],[114.12199999999994,22.3664],[114.12199999999994,22.3648]]]}},{"type":"Feature","properties":{"id":"lu-kowloon-kwai-tsing-08-16","class":"built_up","vegetationFraction":0.037,"pavedFraction":0.906,"waterFraction":0.02,"simulated":true},"geometry":{"type":"Polygon","coordinates":[[[114.12359999999994,22.3648],[114.12519999999994,22.3648],[114.12519999999994,22.3664],[114.12359999999994,22.3664],[114.12359999999994,22.3648]]]}},{"type":"Feature","properties":{"id":"lu-kowloon-kwai-tsing-08-17","class":"built_up","vegetationFraction":0.042,"pavedFraction":0.95,"waterFraction":0.043,"simulated":true},"geometry":{"type":"Polygon","coordinates":[[[114.12519999999994,22.3648],[114.12679999999993,22.3648],[114.12679999999993,22.3664],[114.12519999999994,22.3664],[114.12519999999994,22.3648]]]}},{"type":"Feature","properties":{"id":"lu-kowloon-kwai-tsing-08-18","class":"built_up","vegetationFraction":0.031,"pavedFraction":0.917,"waterFraction":0.058,"simulated":true},"geometry":{"type":"Polygon","coordinates":[[[114.12679999999993,22.3648],[114.12839999999993,22.3648],[114.12839999999993,22.3664],[114.12679999999993,22.3664],[114.12679999999993,22.3648]]]}},{"type":"Feature","properties":{"id":"lu-kowloon-kwai-tsing-08-19","class":"built_up","vegetationFraction":0.049,"pavedFraction":0.834,"waterFraction":0.031,"simulated":true},"geometry":{"type":"Polygon","coordinates":[[[114.12839999999993,22.3648],[114.12999999999992,22.3648],[114.12999999999992,22.3664],[114.12839999999993,22.3664],[114.12839999999993,22.3648]]]}},{"type":"Feature","properties":{"id":"lu-kowloon-kwai-tsing-08-20","class":"built_up","vegetationFraction":0.033,"pavedFraction":0.911,"waterFraction":0.01,"simulated":true},"geometry":{"type":"Polygon","coordinates":[[[114.12999999999992,22.3648],[114.13159999999992,22.3648],[114.13159999999992,22.3664],[114.12999999999992,22.3664],[114.12999999999992,22.3648]]]}},{"type":"Feature","properties":{"id":"lu-kowloon-kwai-tsing-08-21","class":"built_up","vegetationFraction":0.058,"pavedFraction":0.95,"waterFraction":0.026,"simulated":true},"geometry":{"type":"Polygon","coordinates":[[[114.13159999999992,22.3648],[114.13319999999992,22.3648],[114.13319999999992,22.3664],[114.13159999999992,22.3664],[114.13159999999992,22.3648]]]}},{"type":"Feature","properties":{"id":"lu-kowloon-kwai-tsing-08-22","class":"built_up","vegetationFraction":0.048,"pavedFraction":0.81,"waterFraction":0.036,"simulated":true},"geometry":{"type":"Polygon","coordinates":[[[114.13319999999992,22.3648],[114.13479999999991,22.3648],[114.13479999999991,22.3664],[114.13319999999992,22.3664],[114.13319999999992,22.3648]]]}},{"type":"Feature","properties":{"id":"lu-kowloon-kwai-tsing-08-23","class":"built_up","vegetationFraction":0.078,"pavedFraction":0.831,"waterFraction":0.028,"simulated":true},"geometry":{"type":"Polygon","coordinates":[[[114.13479999999991,22.3648],[114.13639999999991,22.3648],[114.13639999999991,22.3664],[114.13479999999991,22.3664],[114.13479999999991,22.3648]]]}},{"type":"Feature","properties":{"id":"lu-kowloon-kwai-tsing-09-00","class":"built_up","vegetationFraction":0.053,"pavedFraction":0.95,"waterFraction":0.03,"simulated":true},"geometry":{"type":"Polygon","coordinates":[[[114.098,22.3664],[114.0996,22.3664],[114.0996,22.368],[114.098,22.368],[114.098,22.3664]]]}},{"type":"Feature","properties":{"id":"lu-kowloon-kwai-tsing-09-01","class":"built_up","vegetationFraction":0.06,"pavedFraction":0.95,"waterFraction":0.025,"simulated":true},"geometry":{"type":"Polygon","coordinates":[[[114.0996,22.3664],[114.10119999999999,22.3664],[114.10119999999999,22.368],[114.0996,22.368],[114.0996,22.3664]]]}},{"type":"Feature","properties":{"id":"lu-kowloon-kwai-tsing-09-02","class":"built_up","vegetationFraction":0.034,"pavedFraction":0.904,"waterFraction":0.05,"simulated":true},"geometry":{"type":"Polygon","coordinates":[[[114.10119999999999,22.3664],[114.10279999999999,22.3664],[114.10279999999999,22.368],[114.10119999999999,22.368],[114.10119999999999,22.3664]]]}},{"type":"Feature","properties":{"id":"lu-kowloon-kwai-tsing-09-03","class":"built_up","vegetationFraction":0.061,"pavedFraction":0.878,"waterFraction":0.002,"simulated":true},"geometry":{"type":"Polygon","coordinates":[[[114.10279999999999,22.3664],[114.10439999999998,22.3664],[114.10439999999998,22.368],[114.10279999999999,22.368],[114.10279999999999,22.3664]]]}},{"type":"Feature","properties":{"id":"lu-kowloon-kwai-tsing-09-04","class":"built_up","vegetationFraction":0.065,"pavedFraction":0.886,"waterFraction":0.026,"simulated":true},"geometry":{"type":"Polygon","coordinates":[[[114.10439999999998,22.3664],[114.10599999999998,22.3664],[114.10599999999998,22.368],[114.10439999999998,22.368],[114.10439999999998,22.3664]]]}},{"type":"Feature","properties":{"id":"lu-kowloon-kwai-tsing-09-05","class":"built_up","vegetationFraction":0.078,"pavedFraction":0.95,"waterFraction":0.028,"simulated":true},"geometry":{"type":"Polygon","coordinates":[[[114.10599999999998,22.3664],[114.10759999999998,22.3664],[114.10759999999998,22.368],[114.10599999999998,22.368],[114.10599999999998,22.3664]]]}},{"type":"Feature","properties":{"id":"lu-kowloon-kwai-tsing-09-06","class":"built_up","vegetationFraction":0.061,"pavedFraction":0.897,"waterFraction":0.015,"simulated":true},"geometry":{"type":"Polygon","coordinates":[[[114.10759999999998,22.3664],[114.10919999999997,22.3664],[114.10919999999997,22.368],[114.10759999999998,22.368],[114.10759999999998,22.3664]]]}},{"type":"Feature","properties":{"id":"lu-kowloon-kwai-tsing-09-07","class":"green_space","vegetationFraction":0.78,"pavedFraction":0.1,"waterFraction":0.015,"simulated":true},"geometry":{"type":"Polygon","coordinates":[[[114.10919999999997,22.3664],[114.11079999999997,22.3664],[114.11079999999997,22.368],[114.10919999999997,22.368],[114.10919999999997,22.3664]]]}},{"type":"Feature","properties":{"id":"lu-kowloon-kwai-tsing-09-08","class":"green_space","vegetationFraction":0.78,"pavedFraction":0.1,"waterFraction":0.02,"simulated":true},"geometry":{"type":"Polygon","coordinates":[[[114.11079999999997,22.3664],[114.11239999999997,22.3664],[114.11239999999997,22.368],[114.11079999999997,22.368],[114.11079999999997,22.3664]]]}},{"type":"Feature","properties":{"id":"lu-kowloon-kwai-tsing-09-09","class":"green_space","vegetationFraction":0.78,"pavedFraction":0.1,"waterFraction":0.012,"simulated":true},"geometry":{"type":"Polygon","coordinates":[[[114.11239999999997,22.3664],[114.11399999999996,22.3664],[114.11399999999996,22.368],[114.11239999999997,22.368],[114.11239999999997,22.3664]]]}},{"type":"Feature","properties":{"id":"lu-kowloon-kwai-tsing-09-10","class":"green_space","vegetationFraction":0.78,"pavedFraction":0.1,"waterFraction":0.032,"simulated":true},"geometry":{"type":"Polygon","coordinates":[[[114.11399999999996,22.3664],[114.11559999999996,22.3664],[114.11559999999996,22.368],[114.11399999999996,22.368],[114.11399999999996,22.3664]]]}},{"type":"Feature","properties":{"id":"lu-kowloon-kwai-tsing-09-11","class":"green_space","vegetationFraction":0.78,"pavedFraction":0.1,"waterFraction":0.03,"simulated":true},"geometry":{"type":"Polygon","coordinates":[[[114.11559999999996,22.3664],[114.11719999999995,22.3664],[114.11719999999995,22.368],[114.11559999999996,22.368],[114.11559999999996,22.3664]]]}},{"type":"Feature","properties":{"id":"lu-kowloon-kwai-tsing-09-12","class":"green_space","vegetationFraction":0.78,"pavedFraction":0.1,"waterFraction":0.007,"simulated":true},"geometry":{"type":"Polygon","coordinates":[[[114.11719999999995,22.3664],[114.11879999999995,22.3664],[114.11879999999995,22.368],[114.11719999999995,22.368],[114.11719999999995,22.3664]]]}},{"type":"Feature","properties":{"id":"lu-kowloon-kwai-tsing-09-13","class":"green_space","vegetationFraction":0.78,"pavedFraction":0.1,"waterFraction":0.046,"simulated":true},"geometry":{"type":"Polygon","coordinates":[[[114.11879999999995,22.3664],[114.12039999999995,22.3664],[114.12039999999995,22.368],[114.11879999999995,22.368],[114.11879999999995,22.3664]]]}},{"type":"Feature","properties":{"id":"lu-kowloon-kwai-tsing-09-14","class":"built_up","vegetationFraction":0.047,"pavedFraction":0.95,"waterFraction":0.035,"simulated":true},"geometry":{"type":"Polygon","coordinates":[[[114.12039999999995,22.3664],[114.12199999999994,22.3664],[114.12199999999994,22.368],[114.12039999999995,22.368],[114.12039999999995,22.3664]]]}},{"type":"Feature","properties":{"id":"lu-kowloon-kwai-tsing-09-15","class":"built_up","vegetationFraction":0.083,"pavedFraction":0.886,"waterFraction":0.004,"simulated":true},"geometry":{"type":"Polygon","coordinates":[[[114.12199999999994,22.3664],[114.12359999999994,22.3664],[114.12359999999994,22.368],[114.12199999999994,22.368],[114.12199999999994,22.3664]]]}},{"type":"Feature","properties":{"id":"lu-kowloon-kwai-tsing-09-16","class":"built_up","vegetationFraction":0.04,"pavedFraction":0.864,"waterFraction":0.007,"simulated":true},"geometry":{"type":"Polygon","coordinates":[[[114.12359999999994,22.3664],[114.12519999999994,22.3664],[114.12519999999994,22.368],[114.12359999999994,22.368],[114.12359999999994,22.3664]]]}},{"type":"Feature","properties":{"id":"lu-kowloon-kwai-tsing-09-17","class":"built_up","vegetationFraction":0.057,"pavedFraction":0.776,"waterFraction":0.039,"simulated":true},"geometry":{"type":"Polygon","coordinates":[[[114.12519999999994,22.3664],[114.12679999999993,22.3664],[114.12679999999993,22.368],[114.12519999999994,22.368],[114.12519999999994,22.3664]]]}},{"type":"Feature","properties":{"id":"lu-kowloon-kwai-tsing-09-18","class":"built_up","vegetationFraction":0.083,"pavedFraction":0.929,"waterFraction":0.037,"simulated":true},"geometry":{"type":"Polygon","coordinates":[[[114.12679999999993,22.3664],[114.12839999999993,22.3664],[114.12839999999993,22.368],[114.12679999999993,22.368],[114.12679999999993,22.3664]]]}},{"type":"Feature","properties":{"id":"lu-kowloon-kwai-tsing-09-19","class":"built_up","vegetationFraction":0.034,"pavedFraction":0.903,"waterFraction":0.032,"simulated":true},"geometry":{"type":"Polygon","coordinates":[[[114.12839999999993,22.3664],[114.12999999999992,22.3664],[114.12999999999992,22.368],[114.12839999999993,22.368],[114.12839999999993,22.3664]]]}},{"type":"Feature","properties":{"id":"lu-kowloon-kwai-tsing-09-20","class":"built_up","vegetationFraction":0.041,"pavedFraction":0.846,"waterFraction":0.051,"simulated":true},"geometry":{"type":"Polygon","coordinates":[[[114.12999999999992,22.3664],[114.13159999999992,22.3664],[114.13159999999992,22.368],[114.12999999999992,22.368],[114.12999999999992,22.3664]]]}},{"type":"Feature","properties":{"id":"lu-kowloon-kwai-tsing-09-21","class":"built_up","vegetationFraction":0.059,"pavedFraction":0.806,"waterFraction":0.012,"simulated":true},"geometry":{"type":"Polygon","coordinates":[[[114.13159999999992,22.3664],[114.13319999999992,22.3664],[114.13319999999992,22.368],[114.13159999999992,22.368],[114.13159999999992,22.3664]]]}},{"type":"Feature","properties":{"id":"lu-kowloon-kwai-tsing-09-22","class":"built_up","vegetationFraction":0.07,"pavedFraction":0.876,"waterFraction":0.025,"simulated":true},"geometry":{"type":"Polygon","coordinates":[[[114.13319999999992,22.3664],[114.13479999999991,22.3664],[114.13479999999991,22.368],[114.13319999999992,22.368],[114.13319999999992,22.3664]]]}},{"type":"Feature","properties":{"id":"lu-kowloon-kwai-tsing-09-23","class":"built_up","vegetationFraction":0.07,"pavedFraction":0.95,"waterFraction":0.012,"simulated":true},"geometry":{"type":"Polygon","coordinates":[[[114.13479999999991,22.3664],[114.13639999999991,22.3664],[114.13639999999991,22.368],[114.13479999999991,22.368],[114.13479999999991,22.3664]]]}},{"type":"Feature","properties":{"id":"lu-kowloon-kwai-tsing-10-00","class":"built_up","vegetationFraction":0.067,"pavedFraction":0.849,"waterFraction":0.049,"simulated":true},"geometry":{"type":"Polygon","coordinates":[[[114.098,22.368],[114.0996,22.368],[114.0996,22.3696],[114.098,22.3696],[114.098,22.368]]]}},{"type":"Feature","properties":{"id":"lu-kowloon-kwai-tsing-10-01","class":"built_up","vegetationFraction":0.062,"pavedFraction":0.794,"waterFraction":0.036,"simulated":true},"geometry":{"type":"Polygon","coordinates":[[[114.0996,22.368],[114.10119999999999,22.368],[114.10119999999999,22.3696],[114.0996,22.3696],[114.0996,22.368]]]}},{"type":"Feature","properties":{"id":"lu-kowloon-kwai-tsing-10-02","class":"built_up","vegetationFraction":0.064,"pavedFraction":0.742,"waterFraction":0.006,"simulated":true},"geometry":{"type":"Polygon","coordinates":[[[114.10119999999999,22.368],[114.10279999999999,22.368],[114.10279999999999,22.3696],[114.10119999999999,22.3696],[114.10119999999999,22.368]]]}},{"type":"Feature","properties":{"id":"lu-kowloon-kwai-tsing-10-03","class":"built_up","vegetationFraction":0.076,"pavedFraction":0.845,"waterFraction":0.041,"simulated":true},"geometry":{"type":"Polygon","coordinates":[[[114.10279999999999,22.368],[114.10439999999998,22.368],[114.10439999999998,22.3696],[114.10279999999999,22.3696],[114.10279999999999,22.368]]]}},{"type":"Feature","properties":{"id":"lu-kowloon-kwai-tsing-10-04","class":"built_up","vegetationFraction":0.065,"pavedFraction":0.95,"waterFraction":0.015,"simulated":true},"geometry":{"type":"Polygon","coordinates":[[[114.10439999999998,22.368],[114.10599999999998,22.368],[114.10599999999998,22.3696],[114.10439999999998,22.3696],[114.10439999999998,22.368]]]}},{"type":"Feature","properties":{"id":"lu-kowloon-kwai-tsing-10-05","class":"built_up","vegetationFraction":0.083,"pavedFraction":0.769,"waterFraction":0.039,"simulated":true},"geometry":{"type":"Polygon","coordinates":[[[114.10599999999998,22.368],[114.10759999999998,22.368],[114.10759999999998,22.3696],[114.10599999999998,22.3696],[114.10599999999998,22.368]]]}},{"type":"Feature","properties":{"id":"lu-kowloon-kwai-tsing-10-06","class":"built_up","vegetationFraction":0.032,"pavedFraction":0.737,"waterFraction":0.035,"simulated":true},"geometry":{"type":"Polygon","coordinates":[[[114.10759999999998,22.368],[114.10919999999997,22.368],[114.10919999999997,22.3696],[114.10759999999998,22.3696],[114.10759999999998,22.368]]]}},{"type":"Feature","properties":{"id":"lu-kowloon-kwai-tsing-10-07","class":"green_space","vegetationFraction":0.78,"pavedFraction":0.1,"waterFraction":0.008,"simulated":true},"geometry":{"type":"Polygon","coordinates":[[[114.10919999999997,22.368],[114.11079999999997,22.368],[114.11079999999997,22.3696],[114.10919999999997,22.3696],[114.10919999999997,22.368]]]}},{"type":"Feature","properties":{"id":"lu-kowloon-kwai-tsing-10-08","class":"green_space","vegetationFraction":0.78,"pavedFraction":0.1,"waterFraction":0.049,"simulated":true},"geometry":{"type":"Polygon","coordinates":[[[114.11079999999997,22.368],[114.11239999999997,22.368],[114.11239999999997,22.3696],[114.11079999999997,22.3696],[114.11079999999997,22.368]]]}},{"type":"Feature","properties":{"id":"lu-kowloon-kwai-tsing-10-09","class":"green_space","vegetationFraction":0.78,"pavedFraction":0.1,"waterFraction":0.015,"simulated":true},"geometry":{"type":"Polygon","coordinates":[[[114.11239999999997,22.368],[114.11399999999996,22.368],[114.11399999999996,22.3696],[114.11239999999997,22.3696],[114.11239999999997,22.368]]]}},{"type":"Feature","properties":{"id":"lu-kowloon-kwai-tsing-10-10","class":"green_space","vegetationFraction":0.78,"pavedFraction":0.1,"waterFraction":0.037,"simulated":true},"geometry":{"type":"Polygon","coordinates":[[[114.11399999999996,22.368],[114.11559999999996,22.368],[114.11559999999996,22.3696],[114.11399999999996,22.3696],[114.11399999999996,22.368]]]}},{"type":"Feature","properties":{"id":"lu-kowloon-kwai-tsing-10-11","class":"green_space","vegetationFraction":0.78,"pavedFraction":0.1,"waterFraction":0.005,"simulated":true},"geometry":{"type":"Polygon","coordinates":[[[114.11559999999996,22.368],[114.11719999999995,22.368],[114.11719999999995,22.3696],[114.11559999999996,22.3696],[114.11559999999996,22.368]]]}},{"type":"Feature","properties":{"id":"lu-kowloon-kwai-tsing-10-12","class":"green_space","vegetationFraction":0.78,"pavedFraction":0.1,"waterFraction":0.041,"simulated":true},"geometry":{"type":"Polygon","coordinates":[[[114.11719999999995,22.368],[114.11879999999995,22.368],[114.11879999999995,22.3696],[114.11719999999995,22.3696],[114.11719999999995,22.368]]]}},{"type":"Feature","properties":{"id":"lu-kowloon-kwai-tsing-10-13","class":"green_space","vegetationFraction":0.78,"pavedFraction":0.1,"waterFraction":0.006,"simulated":true},"geometry":{"type":"Polygon","coordinates":[[[114.11879999999995,22.368],[114.12039999999995,22.368],[114.12039999999995,22.3696],[114.11879999999995,22.3696],[114.11879999999995,22.368]]]}},{"type":"Feature","properties":{"id":"lu-kowloon-kwai-tsing-10-14","class":"built_up","vegetationFraction":0.059,"pavedFraction":0.745,"waterFraction":0.02,"simulated":true},"geometry":{"type":"Polygon","coordinates":[[[114.12039999999995,22.368],[114.12199999999994,22.368],[114.12199999999994,22.3696],[114.12039999999995,22.3696],[114.12039999999995,22.368]]]}},{"type":"Feature","properties":{"id":"lu-kowloon-kwai-tsing-10-15","class":"built_up","vegetationFraction":0.078,"pavedFraction":0.858,"waterFraction":0.043,"simulated":true},"geometry":{"type":"Polygon","coordinates":[[[114.12199999999994,22.368],[114.12359999999994,22.368],[114.12359999999994,22.3696],[114.12199999999994,22.3696],[114.12199999999994,22.368]]]}},{"type":"Feature","properties":{"id":"lu-kowloon-kwai-tsing-10-16","class":"built_up","vegetationFraction":0.076,"pavedFraction":0.908,"waterFraction":0.056,"simulated":true},"geometry":{"type":"Polygon","coordinates":[[[114.12359999999994,22.368],[114.12519999999994,22.368],[114.12519999999994,22.3696],[114.12359999999994,22.3696],[114.12359999999994,22.368]]]}},{"type":"Feature","properties":{"id":"lu-kowloon-kwai-tsing-10-17","class":"built_up","vegetationFraction":0.071,"pavedFraction":0.91,"waterFraction":0.03,"simulated":true},"geometry":{"type":"Polygon","coordinates":[[[114.12519999999994,22.368],[114.12679999999993,22.368],[114.12679999999993,22.3696],[114.12519999999994,22.3696],[114.12519999999994,22.368]]]}},{"type":"Feature","properties":{"id":"lu-kowloon-kwai-tsing-10-18","class":"built_up","vegetationFraction":0.041,"pavedFraction":0.898,"waterFraction":0.017,"simulated":true},"geometry":{"type":"Polygon","coordinates":[[[114.12679999999993,22.368],[114.12839999999993,22.368],[114.12839999999993,22.3696],[114.12679999999993,22.3696],[114.12679999999993,22.368]]]}},{"type":"Feature","properties":{"id":"lu-kowloon-kwai-tsing-10-19","class":"built_up","vegetationFraction":0.038,"pavedFraction":0.944,"waterFraction":0.022,"simulated":true},"geometry":{"type":"Polygon","coordinates":[[[114.12839999999993,22.368],[114.12999999999992,22.368],[114.12999999999992,22.3696],[114.12839999999993,22.3696],[114.12839999999993,22.368]]]}},{"type":"Feature","properties":{"id":"lu-kowloon-kwai-tsing-10-20","class":"built_up","vegetationFraction":0.062,"pavedFraction":0.779,"waterFraction":0.032,"simulated":true},"geometry":{"type":"Polygon","coordinates":[[[114.12999999999992,22.368],[114.13159999999992,22.368],[114.13159999999992,22.3696],[114.12999999999992,22.3696],[114.12999999999992,22.368]]]}},{"type":"Feature","properties":{"id":"lu-kowloon-kwai-tsing-10-21","class":"built_up","vegetationFraction":0.032,"pavedFraction":0.941,"waterFraction":0.049,"simulated":true},"geometry":{"type":"Polygon","coordinates":[[[114.13159999999992,22.368],[114.13319999999992,22.368],[114.13319999999992,22.3696],[114.13159999999992,22.3696],[114.13159999999992,22.368]]]}},{"type":"Feature","properties":{"id":"lu-kowloon-kwai-tsing-10-22","class":"built_up","vegetationFraction":0.08,"pavedFraction":0.901,"waterFraction":0.048,"simulated":true},"geometry":{"type":"Polygon","coordinates":[[[114.13319999999992,22.368],[114.13479999999991,22.368],[114.13479999999991,22.3696],[114.13319999999992,22.3696],[114.13319999999992,22.368]]]}},{"type":"Feature","properties":{"id":"lu-kowloon-kwai-tsing-10-23","class":"built_up","vegetationFraction":0.06,"pavedFraction":0.825,"waterFraction":0.035,"simulated":true},"geometry":{"type":"Polygon","coordinates":[[[114.13479999999991,22.368],[114.13639999999991,22.368],[114.13639999999991,22.3696],[114.13479999999991,22.3696],[114.13479999999991,22.368]]]}},{"type":"Feature","properties":{"id":"lu-kowloon-kwai-tsing-11-00","class":"built_up","vegetationFraction":0.11,"pavedFraction":0.672,"waterFraction":0.058,"simulated":true},"geometry":{"type":"Polygon","coordinates":[[[114.098,22.3696],[114.0996,22.3696],[114.0996,22.371199999999998],[114.098,22.371199999999998],[114.098,22.3696]]]}},{"type":"Feature","properties":{"id":"lu-kowloon-kwai-tsing-11-01","class":"built_up","vegetationFraction":0.12,"pavedFraction":0.536,"waterFraction":0.049,"simulated":true},"geometry":{"type":"Polygon","coordinates":[[[114.0996,22.3696],[114.10119999999999,22.3696],[114.10119999999999,22.371199999999998],[114.0996,22.371199999999998],[114.0996,22.3696]]]}},{"type":"Feature","properties":{"id":"lu-kowloon-kwai-tsing-11-02","class":"built_up","vegetationFraction":0.239,"pavedFraction":0.552,"waterFraction":0.043,"simulated":true},"geometry":{"type":"Polygon","coordinates":[[[114.10119999999999,22.3696],[114.10279999999999,22.3696],[114.10279999999999,22.371199999999998],[114.10119999999999,22.371199999999998],[114.10119999999999,22.3696]]]}},{"type":"Feature","properties":{"id":"lu-kowloon-kwai-tsing-11-03","class":"built_up","vegetationFraction":0.178,"pavedFraction":0.747,"waterFraction":0.056,"simulated":true},"geometry":{"type":"Polygon","coordinates":[[[114.10279999999999,22.3696],[114.10439999999998,22.3696],[114.10439999999998,22.371199999999998],[114.10279999999999,22.371199999999998],[114.10279999999999,22.3696]]]}},{"type":"Feature","properties":{"id":"lu-kowloon-kwai-tsing-11-04","class":"built_up","vegetationFraction":0.178,"pavedFraction":0.594,"waterFraction":0.01,"simulated":true},"geometry":{"type":"Polygon","coordinates":[[[114.10439999999998,22.3696],[114.10599999999998,22.3696],[114.10599999999998,22.371199999999998],[114.10439999999998,22.371199999999998],[114.10439999999998,22.3696]]]}},{"type":"Feature","properties":{"id":"lu-kowloon-kwai-tsing-11-05","class":"built_up","vegetationFraction":0.116,"pavedFraction":0.731,"waterFraction":0.02,"simulated":true},"geometry":{"type":"Polygon","coordinates":[[[114.10599999999998,22.3696],[114.10759999999998,22.3696],[114.10759999999998,22.371199999999998],[114.10599999999998,22.371199999999998],[114.10599999999998,22.3696]]]}},{"type":"Feature","properties":{"id":"lu-kowloon-kwai-tsing-11-06","class":"built_up","vegetationFraction":0.114,"pavedFraction":0.709,"waterFraction":0.006,"simulated":true},"geometry":{"type":"Polygon","coordinates":[[[114.10759999999998,22.3696],[114.10919999999997,22.3696],[114.10919999999997,22.371199999999998],[114.10759999999998,22.371199999999998],[114.10759999999998,22.3696]]]}},{"type":"Feature","properties":{"id":"lu-kowloon-kwai-tsing-11-07","class":"built_up","vegetationFraction":0.103,"pavedFraction":0.675,"waterFraction":0.054,"simulated":true},"geometry":{"type":"Polygon","coordinates":[[[114.10919999999997,22.3696],[114.11079999999997,22.3696],[114.11079999999997,22.371199999999998],[114.10919999999997,22.371199999999998],[114.10919999999997,22.3696]]]}},{"type":"Feature","properties":{"id":"lu-kowloon-kwai-tsing-11-08","class":"built_up","vegetationFraction":0.108,"pavedFraction":0.491,"waterFraction":0.012,"simulated":true},"geometry":{"type":"Polygon","coordinates":[[[114.11079999999997,22.3696],[114.11239999999997,22.3696],[114.11239999999997,22.371199999999998],[114.11079999999997,22.371199999999998],[114.11079999999997,22.3696]]]}},{"type":"Feature","properties":{"id":"lu-kowloon-kwai-tsing-11-09","class":"built_up","vegetationFraction":0.158,"pavedFraction":0.509,"waterFraction":0.003,"simulated":true},"geometry":{"type":"Polygon","coordinates":[[[114.11239999999997,22.3696],[114.11399999999996,22.3696],[114.11399999999996,22.371199999999998],[114.11239999999997,22.371199999999998],[114.11239999999997,22.3696]]]}},{"type":"Feature","properties":{"id":"lu-kowloon-kwai-tsing-11-10","class":"built_up","vegetationFraction":0.143,"pavedFraction":0.565,"waterFraction":0.042,"simulated":true},"geometry":{"type":"Polygon","coordinates":[[[114.11399999999996,22.3696],[114.11559999999996,22.3696],[114.11559999999996,22.371199999999998],[114.11399999999996,22.371199999999998],[114.11399999999996,22.3696]]]}},{"type":"Feature","properties":{"id":"lu-kowloon-kwai-tsing-11-11","class":"urban_open_space","vegetationFraction":0.256,"pavedFraction":0.72,"waterFraction":0.028,"simulated":true},"geometry":{"type":"Polygon","coordinates":[[[114.11559999999996,22.3696],[114.11719999999995,22.3696],[114.11719999999995,22.371199999999998],[114.11559999999996,22.371199999999998],[114.11559999999996,22.3696]]]}},{"type":"Feature","properties":{"id":"lu-kowloon-kwai-tsing-11-12","class":"built_up","vegetationFraction":0.222,"pavedFraction":0.534,"waterFraction":0.035,"simulated":true},"geometry":{"type":"Polygon","coordinates":[[[114.11719999999995,22.3696],[114.11879999999995,22.3696],[114.11879999999995,22.371199999999998],[114.11719999999995,22.371199999999998],[114.11719999999995,22.3696]]]}},{"type":"Feature","properties":{"id":"lu-kowloon-kwai-tsing-11-13","class":"built_up","vegetationFraction":0.228,"pavedFraction":0.618,"waterFraction":0.034,"simulated":true},"geometry":{"type":"Polygon","coordinates":[[[114.11879999999995,22.3696],[114.12039999999995,22.3696],[114.12039999999995,22.371199999999998],[114.11879999999995,22.371199999999998],[114.11879999999995,22.3696]]]}},{"type":"Feature","properties":{"id":"lu-kowloon-kwai-tsing-11-14","class":"built_up","vegetationFraction":0.119,"pavedFraction":0.571,"waterFraction":0.025,"simulated":true},"geometry":{"type":"Polygon","coordinates":[[[114.12039999999995,22.3696],[114.12199999999994,22.3696],[114.12199999999994,22.371199999999998],[114.12039999999995,22.371199999999998],[114.12039999999995,22.3696]]]}},{"type":"Feature","properties":{"id":"lu-kowloon-kwai-tsing-11-15","class":"built_up","vegetationFraction":0.18,"pavedFraction":0.494,"waterFraction":0.009,"simulated":true},"geometry":{"type":"Polygon","coordinates":[[[114.12199999999994,22.3696],[114.12359999999994,22.3696],[114.12359999999994,22.371199999999998],[114.12199999999994,22.371199999999998],[114.12199999999994,22.3696]]]}},{"type":"Feature","properties":{"id":"lu-kowloon-kwai-tsing-11-16","class":"urban_open_space","vegetationFraction":0.264,"pavedFraction":0.491,"waterFraction":0.052,"simulated":true},"geometry":{"type":"Polygon","coordinates":[[[114.12359999999994,22.3696],[114.12519999999994,22.3696],[114.12519999999994,22.371199999999998],[114.12359999999994,22.371199999999998],[114.12359999999994,22.3696]]]}},{"type":"Feature","properties":{"id":"lu-kowloon-kwai-tsing-11-17","class":"built_up","vegetationFraction":0.123,"pavedFraction":0.772,"waterFraction":0.03,"simulated":true},"geometry":{"type":"Polygon","coordinates":[[[114.12519999999994,22.3696],[114.12679999999993,22.3696],[114.12679999999993,22.371199999999998],[114.12519999999994,22.371199999999998],[114.12519999999994,22.3696]]]}},{"type":"Feature","properties":{"id":"lu-kowloon-kwai-tsing-11-18","class":"built_up","vegetationFraction":0.155,"pavedFraction":0.514,"waterFraction":0.058,"simulated":true},"geometry":{"type":"Polygon","coordinates":[[[114.12679999999993,22.3696],[114.12839999999993,22.3696],[114.12839999999993,22.371199999999998],[114.12679999999993,22.371199999999998],[114.12679999999993,22.3696]]]}},{"type":"Feature","properties":{"id":"lu-kowloon-kwai-tsing-11-19","class":"built_up","vegetationFraction":0.136,"pavedFraction":0.482,"waterFraction":0.06,"simulated":true},"geometry":{"type":"Polygon","coordinates":[[[114.12839999999993,22.3696],[114.12999999999992,22.3696],[114.12999999999992,22.371199999999998],[114.12839999999993,22.371199999999998],[114.12839999999993,22.3696]]]}},{"type":"Feature","properties":{"id":"lu-kowloon-kwai-tsing-11-20","class":"built_up","vegetationFraction":0.239,"pavedFraction":0.489,"waterFraction":0.054,"simulated":true},"geometry":{"type":"Polygon","coordinates":[[[114.12999999999992,22.3696],[114.13159999999992,22.3696],[114.13159999999992,22.371199999999998],[114.12999999999992,22.371199999999998],[114.12999999999992,22.3696]]]}},{"type":"Feature","properties":{"id":"lu-kowloon-kwai-tsing-11-21","class":"built_up","vegetationFraction":0.241,"pavedFraction":0.522,"waterFraction":0.007,"simulated":true},"geometry":{"type":"Polygon","coordinates":[[[114.13159999999992,22.3696],[114.13319999999992,22.3696],[114.13319999999992,22.371199999999998],[114.13159999999992,22.371199999999998],[114.13159999999992,22.3696]]]}},{"type":"Feature","properties":{"id":"lu-kowloon-kwai-tsing-11-22","class":"built_up","vegetationFraction":0.224,"pavedFraction":0.627,"waterFraction":0.024,"simulated":true},"geometry":{"type":"Polygon","coordinates":[[[114.13319999999992,22.3696],[114.13479999999991,22.3696],[114.13479999999991,22.371199999999998],[114.13319999999992,22.371199999999998],[114.13319999999992,22.3696]]]}},{"type":"Feature","properties":{"id":"lu-kowloon-kwai-tsing-11-23","class":"urban_open_space","vegetationFraction":0.275,"pavedFraction":0.655,"waterFraction":0.016,"simulated":true},"geometry":{"type":"Polygon","coordinates":[[[114.13479999999991,22.3696],[114.13639999999991,22.3696],[114.13639999999991,22.371199999999998],[114.13479999999991,22.371199999999998],[114.13479999999991,22.3696]]]}},{"type":"Feature","properties":{"id":"lu-kowloon-kwai-tsing-12-00","class":"built_up","vegetationFraction":0.244,"pavedFraction":0.728,"waterFraction":0.055,"simulated":true},"geometry":{"type":"Polygon","coordinates":[[[114.098,22.371199999999998],[114.0996,22.371199999999998],[114.0996,22.372799999999998],[114.098,22.372799999999998],[114.098,22.371199999999998]]]}},{"type":"Feature","properties":{"id":"lu-kowloon-kwai-tsing-12-01","class":"built_up","vegetationFraction":0.195,"pavedFraction":0.486,"waterFraction":0.018,"simulated":true},"geometry":{"type":"Polygon","coordinates":[[[114.0996,22.371199999999998],[114.10119999999999,22.371199999999998],[114.10119999999999,22.372799999999998],[114.0996,22.372799999999998],[114.0996,22.371199999999998]]]}},{"type":"Feature","properties":{"id":"lu-kowloon-kwai-tsing-12-02","class":"built_up","vegetationFraction":0.1,"pavedFraction":0.766,"waterFraction":0.049,"simulated":true},"geometry":{"type":"Polygon","coordinates":[[[114.10119999999999,22.371199999999998],[114.10279999999999,22.371199999999998],[114.10279999999999,22.372799999999998],[114.10119999999999,22.372799999999998],[114.10119999999999,22.371199999999998]]]}},{"type":"Feature","properties":{"id":"lu-kowloon-kwai-tsing-12-03","class":"urban_open_space","vegetationFraction":0.25,"pavedFraction":0.502,"waterFraction":0.046,"simulated":true},"geometry":{"type":"Polygon","coordinates":[[[114.10279999999999,22.371199999999998],[114.10439999999998,22.371199999999998],[114.10439999999998,22.372799999999998],[114.10279999999999,22.372799999999998],[114.10279999999999,22.371199999999998]]]}},{"type":"Feature","properties":{"id":"lu-kowloon-kwai-tsing-12-04","class":"urban_open_space","vegetationFraction":0.273,"pavedFraction":0.742,"waterFraction":0.052,"simulated":true},"geometry":{"type":"Polygon","coordinates":[[[114.10439999999998,22.371199999999998],[114.10599999999998,22.371199999999998],[114.10599999999998,22.372799999999998],[114.10439999999998,22.372799999999998],[114.10439999999998,22.371199999999998]]]}},{"type":"Feature","properties":{"id":"lu-kowloon-kwai-tsing-12-05","class":"built_up","vegetationFraction":0.195,"pavedFraction":0.518,"waterFraction":0.054,"simulated":true},"geometry":{"type":"Polygon","coordinates":[[[114.10599999999998,22.371199999999998],[114.10759999999998,22.371199999999998],[114.10759999999998,22.372799999999998],[114.10599999999998,22.372799999999998],[114.10599999999998,22.371199999999998]]]}},{"type":"Feature","properties":{"id":"lu-kowloon-kwai-tsing-12-06","class":"built_up","vegetationFraction":0.214,"pavedFraction":0.749,"waterFraction":0.022,"simulated":true},"geometry":{"type":"Polygon","coordinates":[[[114.10759999999998,22.371199999999998],[114.10919999999997,22.371199999999998],[114.10919999999997,22.372799999999998],[114.10759999999998,22.372799999999998],[114.10759999999998,22.371199999999998]]]}},{"type":"Feature","properties":{"id":"lu-kowloon-kwai-tsing-12-07","class":"built_up","vegetationFraction":0.236,"pavedFraction":0.686,"waterFraction":0.004,"simulated":true},"geometry":{"type":"Polygon","coordinates":[[[114.10919999999997,22.371199999999998],[114.11079999999997,22.371199999999998],[114.11079999999997,22.372799999999998],[114.10919999999997,22.372799999999998],[114.10919999999997,22.371199999999998]]]}},{"type":"Feature","properties":{"id":"lu-kowloon-kwai-tsing-12-08","class":"built_up","vegetationFraction":0.226,"pavedFraction":0.576,"waterFraction":0.007,"simulated":true},"geometry":{"type":"Polygon","coordinates":[[[114.11079999999997,22.371199999999998],[114.11239999999997,22.371199999999998],[114.11239999999997,22.372799999999998],[114.11079999999997,22.372799999999998],[114.11079999999997,22.371199999999998]]]}},{"type":"Feature","properties":{"id":"lu-kowloon-kwai-tsing-12-09","class":"built_up","vegetationFraction":0.213,"pavedFraction":0.682,"waterFraction":0.017,"simulated":true},"geometry":{"type":"Polygon","coordinates":[[[114.11239999999997,22.371199999999998],[114.11399999999996,22.371199999999998],[114.11399999999996,22.372799999999998],[114.11239999999997,22.372799999999998],[114.11239999999997,22.371199999999998]]]}},{"type":"Feature","properties":{"id":"lu-kowloon-kwai-tsing-12-10","class":"built_up","vegetationFraction":0.245,"pavedFraction":0.735,"waterFraction":0.006,"simulated":true},"geometry":{"type":"Polygon","coordinates":[[[114.11399999999996,22.371199999999998],[114.11559999999996,22.371199999999998],[114.11559999999996,22.372799999999998],[114.11399999999996,22.372799999999998],[114.11399999999996,22.371199999999998]]]}},{"type":"Feature","properties":{"id":"lu-kowloon-kwai-tsing-12-11","class":"urban_open_space","vegetationFraction":0.259,"pavedFraction":0.492,"waterFraction":0.029,"simulated":true},"geometry":{"type":"Polygon","coordinates":[[[114.11559999999996,22.371199999999998],[114.11719999999995,22.371199999999998],[114.11719999999995,22.372799999999998],[114.11559999999996,22.372799999999998],[114.11559999999996,22.371199999999998]]]}},{"type":"Feature","properties":{"id":"lu-kowloon-kwai-tsing-12-12","class":"urban_open_space","vegetationFraction":0.263,"pavedFraction":0.532,"waterFraction":0.056,"simulated":true},"geometry":{"type":"Polygon","coordinates":[[[114.11719999999995,22.371199999999998],[114.11879999999995,22.371199999999998],[114.11879999999995,22.372799999999998],[114.11719999999995,22.372799999999998],[114.11719999999995,22.371199999999998]]]}},{"type":"Feature","properties":{"id":"lu-kowloon-kwai-tsing-12-13","class":"built_up","vegetationFraction":0.192,"pavedFraction":0.682,"waterFraction":0.008,"simulated":true},"geometry":{"type":"Polygon","coordinates":[[[114.11879999999995,22.371199999999998],[114.12039999999995,22.371199999999998],[114.12039999999995,22.372799999999998],[114.11879999999995,22.372799999999998],[114.11879999999995,22.371199999999998]]]}},{"type":"Feature","properties":{"id":"lu-kowloon-kwai-tsing-12-14","class":"built_up","vegetationFraction":0.202,"pavedFraction":0.489,"waterFraction":0.03,"simulated":true},"geometry":{"type":"Polygon","coordinates":[[[114.12039999999995,22.371199999999998],[114.12199999999994,22.371199999999998],[114.12199999999994,22.372799999999998],[114.12039999999995,22.372799999999998],[114.12039999999995,22.371199999999998]]]}},{"type":"Feature","properties":{"id":"lu-kowloon-kwai-tsing-12-15","class":"built_up","vegetationFraction":0.197,"pavedFraction":0.482,"waterFraction":0.052,"simulated":true},"geometry":{"type":"Polygon","coordinates":[[[114.12199999999994,22.371199999999998],[114.12359999999994,22.371199999999998],[114.12359999999994,22.372799999999998],[114.12199999999994,22.372799999999998],[114.12199999999994,22.371199999999998]]]}},{"type":"Feature","properties":{"id":"lu-kowloon-kwai-tsing-12-16","class":"built_up","vegetationFraction":0.243,"pavedFraction":0.62,"waterFraction":0.033,"simulated":true},"geometry":{"type":"Polygon","coordinates":[[[114.12359999999994,22.371199999999998],[114.12519999999994,22.371199999999998],[114.12519999999994,22.372799999999998],[114.12359999999994,22.372799999999998],[114.12359999999994,22.371199999999998]]]}},{"type":"Feature","properties":{"id":"lu-kowloon-kwai-tsing-12-17","class":"built_up","vegetationFraction":0.125,"pavedFraction":0.676,"waterFraction":0.036,"simulated":true},"geometry":{"type":"Polygon","coordinates":[[[114.12519999999994,22.371199999999998],[114.12679999999993,22.371199999999998],[114.12679999999993,22.372799999999998],[114.12519999999994,22.372799999999998],[114.12519999999994,22.371199999999998]]]}},{"type":"Feature","properties":{"id":"lu-kowloon-kwai-tsing-12-18","class":"built_up","vegetationFraction":0.228,"pavedFraction":0.667,"waterFraction":0.041,"simulated":true},"geometry":{"type":"Polygon","coordinates":[[[114.12679999999993,22.371199999999998],[114.12839999999993,22.371199999999998],[114.12839999999993,22.372799999999998],[114.12679999999993,22.372799999999998],[114.12679999999993,22.371199999999998]]]}},{"type":"Feature","properties":{"id":"lu-kowloon-kwai-tsing-12-19","class":"built_up","vegetationFraction":0.13,"pavedFraction":0.674,"waterFraction":0.011,"simulated":true},"geometry":{"type":"Polygon","coordinates":[[[114.12839999999993,22.371199999999998],[114.12999999999992,22.371199999999998],[114.12999999999992,22.372799999999998],[114.12839999999993,22.372799999999998],[114.12839999999993,22.371199999999998]]]}},{"type":"Feature","properties":{"id":"lu-kowloon-kwai-tsing-12-20","class":"built_up","vegetationFraction":0.22,"pavedFraction":0.712,"waterFraction":0.058,"simulated":true},"geometry":{"type":"Polygon","coordinates":[[[114.12999999999992,22.371199999999998],[114.13159999999992,22.371199999999998],[114.13159999999992,22.372799999999998],[114.12999999999992,22.372799999999998],[114.12999999999992,22.371199999999998]]]}},{"type":"Feature","properties":{"id":"lu-kowloon-kwai-tsing-12-21","class":"built_up","vegetationFraction":0.183,"pavedFraction":0.633,"waterFraction":0.023,"simulated":true},"geometry":{"type":"Polygon","coordinates":[[[114.13159999999992,22.371199999999998],[114.13319999999992,22.371199999999998],[114.13319999999992,22.372799999999998],[114.13159999999992,22.372799999999998],[114.13159999999992,22.371199999999998]]]}},{"type":"Feature","properties":{"id":"lu-kowloon-kwai-tsing-12-22","class":"built_up","vegetationFraction":0.108,"pavedFraction":0.762,"waterFraction":0.046,"simulated":true},"geometry":{"type":"Polygon","coordinates":[[[114.13319999999992,22.371199999999998],[114.13479999999991,22.371199999999998],[114.13479999999991,22.372799999999998],[114.13319999999992,22.372799999999998],[114.13319999999992,22.371199999999998]]]}},{"type":"Feature","properties":{"id":"lu-kowloon-kwai-tsing-12-23","class":"built_up","vegetationFraction":0.245,"pavedFraction":0.638,"waterFraction":0.001,"simulated":true},"geometry":{"type":"Polygon","coordinates":[[[114.13479999999991,22.371199999999998],[114.13639999999991,22.371199999999998],[114.13639999999991,22.372799999999998],[114.13479999999991,22.372799999999998],[114.13479999999991,22.371199999999998]]]}}]}