{"type":"FeatureCollection","features":[{"type":"Feature","properties":{"id":"lu-nt-tai-po-00-00","class":"green_space","vegetationFraction":0.408,"pavedFraction":0.469,"waterFraction":0.053,"simulated":true},"geometry":{"type":"Polygon","coordinates":[[[114.155,22.438],[114.1566,22.438],[114.1566,22.4396],[114.155,22.4396],[114.155,22.438]]]}},{"type":"Feature","properties":{"id":"lu-nt-tai-po-00-01","class":"urban_open_space","vegetationFraction":0.348,"pavedFraction":0.614,"waterFraction":0.0,"simulated":true},"geometry":{"type":"Polygon","coordinates":[[[114.1566,22.438],[114.1582,22.438],[114.1582,22.4396],[114.1566,22.4396],[114.1566,22.438]]]}},{"type":"Feature","properties":{"id":"lu-nt-tai-po-00-02","class":"urban_open_space","vegetationFraction":0.254,"pavedFraction":0.504,"waterFraction":0.046,"simulated":true},"geometry":{"type":"Polygon","coordinates":[[[114.1582,22.438],[114.15979999999999,22.438],[114.15979999999999,22.4396],[114.1582,22.4396],[114.1582,22.438]]]}},{"type":"Feature","properties":{"id":"lu-nt-tai-po-00-03","class":"urban_open_space","vegetationFraction":0.313,"pavedFraction":0.449,"waterFraction":0.056,"simulated":true},"geometry":{"type":"Polygon","coordinates":[[[114.15979999999999,22.438],[114.16139999999999,22.438],[114.16139999999999,22.4396],[114.15979999999999,22.4396],[114.15979999999999,22.438]]]}},{"type":"Feature","properties":{"id":"lu-nt-tai-po-00-04","class":"urban_open_space","vegetationFraction":0.333,"pavedFraction":0.631,"waterFraction":0.046,"simulated":true},"geometry":{"type":"Polygon","coordinates":[[[114.16139999999999,22.438],[114.16299999999998,22.438],[114.16299999999998,22.4396],[114.16139999999999,22.4396],[114.16139999999999,22.438]]]}},{"type":"Feature","properties":{"id":"lu-nt-tai-po-00-05","class":"urban_open_space","vegetationFraction":0.352,"pavedFraction":0.412,"waterFraction":0.02,"simulated":true},"geometry":{"type":"Polygon","coordinates":[[[114.16299999999998,22.438],[114.16459999999998,22.438],[114.16459999999998,22.4396],[114.16299999999998,22.4396],[114.16299999999998,22.438]]]}},{"type":"Feature","properties":{"id":"lu-nt-tai-po-00-06","class":"built_up","vegetationFraction":0.245,"pavedFraction":0.519,"waterFraction":0.008,"simulated":true},"geometry":{"type":"Polygon","coordinates":[[[114.16459999999998,22.438],[114.16619999999998,22.438],[114.16619999999998,22.4396],[114.16459999999998,22.4396],[114.16459999999998,22.438]]]}},{"type":"Feature","properties":{"id":"lu-nt-tai-po-00-07","class":"urban_open_space","vegetationFraction":0.27,"pavedFraction":0.361,"waterFraction":0.013,"simulated":true},"geometry":{"type":"Polygon","coordinates":[[[114.16619999999998,22.438],[114.16779999999997,22.438],[114.16779999999997,22.4396],[114.16619999999998,22.4396],[114.16619999999998,22.438]]]}},{"type":"Feature","properties":{"id":"lu-nt-tai-po-00-08","class":"urban_open_space","vegetationFraction":0.331,"pavedFraction":0.63,"waterFraction":0.032,"simulated":true},"geometry":{"type":"Polygon","coordinates":[[[114.16779999999997,22.438],[114.16939999999997,22.438],[114.16939999999997,22.4396],[114.16779999999997,22.4396],[114.16779999999997,22.438]]]}},{"type":"Feature","properties":{"id":"lu-nt-tai-po-00-09","class":"urban_open_space","vegetationFraction":0.378,"pavedFraction":0.464,"waterFraction":0.019,"simulated":true},"geometry":{"type":"Polygon","coordinates":[[[114.16939999999997,22.438],[114.17099999999996,22.438],[114.17099999999996,22.4396],[114.16939999999997,22.4396],[114.16939999999997,22.438]]]}},{"type":"Feature","properties":{"id":"lu-nt-tai-po-00-10","class":"urban_open_space","vegetationFraction":0.268,"pavedFraction":0.558,"waterFraction":0.013,"simulated":true},"geometry":{"type":"Polygon","coordinates":[[[114.17099999999996,22.438],[114.17259999999996,22.438],[114.17259999999996,22.4396],[114.17099999999996,22.4396],[114.17099999999996,22.438]]]}},{"type":"Feature","properties":{"id":"lu-nt-tai-po-00-11","class":"built_up","vegetationFraction":0.205,"pavedFraction":0.619,"waterFraction":0.034,"simulated":true},"geometry":{"type":"Polygon","coordinates":[[[114.17259999999996,22.438],[114.17419999999996,22.438],[114.17419999999996,22.4396],[114.17259999999996,22.4396],[114.17259999999996,22.438]]]}},{"type":"Feature","properties":{"id":"lu-nt-tai-po-00-12","class":"urban_open_space","vegetationFraction":0.278,"pavedFraction":0.504,"waterFraction":0.045,"simulated":true},"geometry":{"type":"Polygon","coordinates":[[[114.17419999999996,22.438],[114.17579999999995,22.438],[114.17579999999995,22.4396],[114.17419999999996,22.4396],[114.17419999999996,22.438]]]}},{"type":"Feature","properties":{"id":"lu-nt-tai-po-00-13","class":"urban_open_space","vegetationFraction":0.268,"pavedFraction":0.592,"waterFraction":0.021,"simulated":true},"geometry":{"type":"Polygon","coordinates":[[[114.17579999999995,22.438],[114.17739999999995,22.438],[114.17739999999995,22.4396],[114.17579999999995,22.4396],[114.17579999999995,22.438]]]}},{"type":"Feature","properties":{"id":"lu-nt-tai-po-00-14","class":"urban_open_space","vegetationFraction":0.375,"pavedFraction":0.548,"waterFraction":0.003,"simulated":true},"geometry":{"type":"Polygon","coordinates":[[[114.17739999999995,22.438],[114.17899999999995,22.438],[114.17899999999995,22.4396],[114.17739999999995,22.4396],[114.17739999999995,22.438]]]}},{"type":"Feature","properties":{"id":"lu-nt-tai-po-00-15","class":"urban_open_space","vegetationFraction":0.358,"pavedFraction":0.481,"waterFraction":0.006,"simulated":true},"geometry":{"type":"Polygon","coordinates":[[[114.17899999999995,22.438],[114.18059999999994,22.438],[114.18059999999994,22.4396],[114.17899999999995,22.4396],[114.17899999999995,22.438]]]}},{"type":"Feature","properties":{"id":"lu-nt-tai-po-00-16","class":"urban_open_space","vegetationFraction":0.319,"pavedFraction":0.359,"waterFraction":0.013,"simulated":true},"geometry":{"type":"Polygon","coordinates":[[[114.18059999999994,22.438],[114.18219999999994,22.438],[114.18219999999994,22.4396],[114.18059999999994,22.4396],[114.18059999999994,22.438]]]}},{"type":"Feature","properties":{"id":"lu-nt-tai-po-00-17","class":"urban_open_space","vegetationFraction":0.331,"pavedFraction":0.565,"waterFraction":0.003,"simulated":true},"geometry":{"type":"Polygon","coordinates":[[[114.18219999999994,22.438],[114.18379999999993,22.438],[114.18379999999993,22.4396],[114.18219999999994,22.4396],[114.18219999999994,22.438]]]}},{"type":"Feature","properties":{"id":"lu-nt-tai-po-00-18","class":"urban_open_space","vegetationFraction":0.321,"pavedFraction":0.501,"waterFraction":0.043,"simulated":true},"geometry":{"type":"Polygon","coordinates":[[[114.18379999999993,22.438],[114.18539999999993,22.438],[114.18539999999993,22.4396],[114.18379999999993,22.4396],[114.18379999999993,22.438]]]}},{"type":"Feature","properties":{"id":"lu-nt-tai-po-00-19","class":"urban_open_space","vegetationFraction":0.386,"pavedFraction":0.43,"waterFraction":0.046,"simulated":true},"geometry":{"type":"Polygon","coordinates":[[[114.18539999999993,22.438],[114.18699999999993,22.438],[114.18699999999993,22.4396],[114.18539999999993,22.4396],[114.18539999999993,22.438]]]}},{"type":"Feature","properties":{"id":"lu-nt-tai-po-00-20","class":"green_space","vegetationFraction":0.409,"pavedFraction":0.631,"waterFraction":0.014,"simulated":true},"geometry":{"type":"Polygon","coordinates":[[[114.18699999999993,22.438],[114.18859999999992,22.438],[114.18859999999992,22.4396],[114.18699999999993,22.4396],[114.18699999999993,22.438]]]}},{"type":"Feature","properties":{"id":"lu-nt-tai-po-00-21","class":"green_space","vegetationFraction":0.431,"pavedFraction":0.465,"waterFraction":0.043,"simulated":true},"geometry":{"type":"Polygon","coordinates":[[[114.18859999999992,22.438],[114.19019999999992,22.438],[114.19019999999992,22.4396],[114.18859999999992,22.4396],[114.18859999999992,22.438]]]}},{"type":"Feature","properties":{"id":"lu-nt-tai-po-01-00","class":"urban_open_space","vegetationFraction":0.386,"pavedFraction":0.595,"waterFraction":0.037,"simulated":true},"geometry":{"type":"Polygon","coordinates":[[[114.155,22.4396],[114.1566,22.4396],[114.1566,22.4412],[114.155,22.4412],[114.155,22.4396]]]}},{"type":"Feature","properties":{"id":"lu-nt-tai-po-01-01","class":"urban_open_space","vegetationFraction":0.377,"pavedFraction":0.575,"waterFraction":0.03,"simulated":true},"geometry":{"type":"Polygon","coordinates":[[[114.1566,22.4396],[114.1582,22.4396],[114.1582,22.4412],[114.1566,22.4412],[114.1566,22.4396]]]}},{"type":"Feature","properties":{"id":"lu-nt-tai-po-01-02","class":"green_space","vegetationFraction":0.426,"pavedFraction":0.569,"waterFraction":0.017,"simulated":true},"geometry":{"type":"Polygon","coordinates":[[[114.1582,22.4396],[114.15979999999999,22.4396],[114.15979999999999,22.4412],[114.1582,22.4412],[114.1582,22.4396]]]}},{"type":"Feature","properties":{"id":"lu-nt-tai-po-01-03","class":"built_up","vegetationFraction":0.232,"pavedFraction":0.636,"waterFraction":0.01,"simulated":true},"geometry":{"type":"Polygon","coordinates":[[[114.15979999999999,22.4396],[114.16139999999999,22.4396],[114.16139999999999,22.4412],[114.15979999999999,22.4412],[114.15979999999999,22.4396]]]}},{"type":"Feature","properties":{"id":"lu-nt-tai-po-01-04","class":"urban_open_space","vegetationFraction":0.307,"pavedFraction":0.536,"waterFraction":0.052,"simulated":true},"geometry":{"type":"Polygon","coordinates":[[[114.16139999999999,22.4396],[114.16299999999998,22.4396],[114.16299999999998,22.4412],[114.16139999999999,22.4412],[114.16139999999999,22.4396]]]}},{"type":"Feature","properties":{"id":"lu-nt-tai-po-01-05","class":"urban_open_space","vegetationFraction":0.347,"pavedFraction":0.462,"waterFraction":0.047,"simulated":true},"geometry":{"type":"Polygon","coordinates":[[[114.16299999999998,22.4396],[114.16459999999998,22.4396],[114.16459999999998,22.4412],[114.16299999999998,22.4412],[114.16299999999998,22.4396]]]}},{"type":"Feature","properties":{"id":"lu-nt-tai-po-01-06","class":"built_up","vegetationFraction":0.21,"pavedFraction":0.601,"waterFraction":0.002,"simulated":true},"geometry":{"type":"Polygon","coordinates":[[[114.16459999999998,22.4396],[114.16619999999998,22.4396],[114.16619999999998,22.4412],[114.16459999999998,22.4412],[114.16459999999998,22.4396]]]}},{"type":"Feature","properties":{"id":"lu-nt-tai-po-01-07","class":"green_space","vegetationFraction":0.412,"pavedFraction":0.466,"waterFraction":0.027,"simulated":true},"geometry":{"type":"Polygon","coordinates":[[[114.16619999999998,22.4396],[114.16779999999997,22.4396],[114.16779999999997,22.4412],[114.16619999999998,22.4412],[114.16619999999998,22.4396]]]}},{"type":"Feature","properties":{"id":"lu-nt-tai-po-01-08","class":"built_up","vegetationFraction":0.202,"pavedFraction":0.548,"waterFraction":0.041,"simulated":true},"geometry":{"type":"Polygon","coordinates":[[[114.16779999999997,22.4396],[114.16939999999997,22.4396],[114.16939999999997,22.4412],[114.16779999999997,22.4412],[114.16779999999997,22.4396]]]}},{"type":"Feature","properties":{"id":"lu-nt-tai-po-01-09","class":"urban_open_space","vegetationFraction":0.325,"pavedFraction":0.559,"waterFraction":0.043,"simulated":true},"geometry":{"type":"Polygon","coordinates":[[[114.16939999999997,22.4396],[114.17099999999996,22.4396],[114.17099999999996,22.4412],[114.16939999999997,22.4412],[114.16939999999997,22.4396]]]}},{"type":"Feature","properties":{"id":"lu-nt-tai-po-01-10","class":"urban_open_space","vegetationFraction":0.331,"pavedFraction":0.569,"waterFraction":0.044,"simulated":true},"geometry":{"type":"Polygon","coordinates":[[[114.17099999999996,22.4396],[114.17259999999996,22.4396],[114.17259999999996,22.4412],[114.17099999999996,22.4412],[114.17099999999996,22.4396]]]}},{"type":"Feature","properties":{"id":"lu-nt-tai-po-01-11","class":"urban_open_space","vegetationFraction":0.305,"pavedFraction":0.542,"waterFraction":0.017,"simulated":true},"geometry":{"type":"Polygon","coordinates":[[[114.17259999999996,22.4396],[114.17419999999996,22.4396],[114.17419999999996,22.4412],[114.17259999999996,22.4412],[114.17259999999996,22.4396]]]}},{"type":"Feature","properties":{"id":"lu-nt-tai-po-01-12","class":"green_space","vegetationFraction":0.428,"pavedFraction":0.592,"waterFraction":0.013,"simulated":true},"geometry":{"type":"Polygon","coordinates":[[[114.17419999999996,22.4396],[114.17579999999995,22.4396],[114.17579999999995,22.4412],[114.17419999999996,22.4412],[114.17419999999996,22.4396]]]}},{"type":"Feature","properties":{"id":"lu-nt-tai-po-01-13","class":"built_up","vegetationFraction":0.21,"pavedFraction":0.358,"waterFraction":0.06,"simulated":true},"geometry":{"type":"Polygon","coordinates":[[[114.17579999999995,22.4396],[114.17739999999995,22.4396],[114.17739999999995,22.4412],[114.17579999999995,22.4412],[114.17579999999995,22.4396]]]}},{"type":"Feature","properties":{"id":"lu-nt-tai-po-01-14","class":"urban_open_space","vegetationFraction":0.32,"pavedFraction":0.404,"waterFraction":0.027,"simulated":true},"geometry":{"type":"Polygon","coordinates":[[[114.17739999999995,22.4396],[114.17899999999995,22.4396],[114.17899999999995,22.4412],[114.17739999999995,22.4412],[114.17739999999995,22.4396]]]}},{"type":"Feature","properties":{"id":"lu-nt-tai-po-01-15","class":"built_up","vegetationFraction":0.232,"pavedFraction":0.472,"waterFraction":0.002,"simulated":true},"geometry":{"type":"Polygon","coordinates":[[[114.17899999999995,22.4396],[114.18059999999994,22.4396],[114.18059999999994,22.4412],[114.17899999999995,22.4412],[114.17899999999995,22.4396]]]}},{"type":"Feature","properties":{"id":"lu-nt-tai-po-01-16","class":"urban_open_space","vegetationFraction":0.367,"pavedFraction":0.396,"waterFraction":0.031,"simulated":true},"geometry":{"type":"Polygon","coordinates":[[[114.18059999999994,22.4396],[114.18219999999994,22.4396],[114.18219999999994,22.4412],[114.18059999999994,22.4412],[114.18059999999994,22.4396]]]}},{"type":"Feature","properties":{"id":"lu-nt-tai-po-01-17","class":"built_up","vegetationFraction":0.209,"pavedFraction":0.539,"waterFraction":0.021,"simulated":true},"geometry":{"type":"Polygon","coordinates":[[[114.18219999999994,22.4396],[114.18379999999993,22.4396],[114.18379999999993,22.4412],[114.18219999999994,22.4412],[114.18219999999994,22.4396]]]}},{"type":"Feature","properties":{"id":"lu-nt-tai-po-01-18","class":"urban_open_space","vegetationFraction":0.337,"pavedFraction":0.515,"waterFraction":0.056,"simulated":true},"geometry":{"type":"Polygon","coordinates":[[[114.18379999999993,22.4396],[114.18539999999993,22.4396],[114.18539999999993,22.4412],[114.18379999999993,22.4412],[114.18379999999993,22.4396]]]}},{"type":"Feature","properties":{"id":"lu-nt-tai-po-01-19","class":"built_up","vegetationFraction":0.227,"pavedFraction":0.597,"waterFraction":0.052,"simulated":true},"geometry":{"type":"Polygon","coordinates":[[[114.18539999999993,22.4396],[114.18699999999993,22.4396],[114.18699999999993,22.4412],[114.18539999999993,22.4412],[114.18539999999993,22.4396]]]}},{"type":"Feature","properties":{"id":"lu-nt-tai-po-01-20","class":"urban_open_space","vegetationFraction":0.32,"pavedFraction":0.444,"waterFraction":0.013,"simulated":true},"geometry":{"type":"Polygon","coordinates":[[[114.18699999999993,22.4396],[114.18859999999992,22.4396],[114.18859999999992,22.4412],[114.18699999999993,22.4412],[114.18699999999993,22.4396]]]}},{"type":"Feature","properties":{"id":"lu-nt-tai-po-01-21","class":"green_space","vegetationFraction":0.421,"pavedFraction":0.384,"waterFraction":0.003,"simulated":true},"geometry":{"type":"Polygon","coordinates":[[[114.18859999999992,22.4396],[114.19019999999992,22.4396],[114.19019999999992,22.4412],[114.18859999999992,22.4412],[114.18859999999992,22.4396]]]}},{"type":"Feature","properties":{"id":"lu-nt-tai-po-02-00","class":"built_up","vegetationFraction":0.234,"pavedFraction":0.531,"waterFraction":0.052,"simulated":true},"geometry":{"type":"Polygon","coordinates":[[[114.155,22.4412],[114.1566,22.4412],[114.1566,22.4428],[114.155,22.4428],[114.155,22.4412]]]}},{"type":"Feature","properties":{"id":"lu-nt-tai-po-02-01","class":"urban_open_space","vegetationFraction":0.35,"pavedFraction":0.597,"waterFraction":0.014,"simulated":true},"geometry":{"type":"Polygon","coordinates":[[[114.1566,22.4412],[114.1582,22.4412],[114.1582,22.4428],[114.1566,22.4428],[114.1566,22.4412]]]}},{"type":"Feature","properties":{"id":"lu-nt-tai-po-02-02","class":"urban_open_space","vegetationFraction":0.35,"pavedFraction":0.437,"waterFraction":0.052,"simulated":true},"geometry":{"type":"Polygon","coordinates":[[[114.1582,22.4412],[114.15979999999999,22.4412],[114.15979999999999,22.4428],[114.1582,22.4428],[114.1582,22.4412]]]}},{"type":"Feature","properties":{"id":"lu-nt-tai-po-02-03","class":"urban_open_space","vegetationFraction":0.327,"pavedFraction":0.375,"waterFraction":0.052,"simulated":true},"geometry":{"type":"Polygon","coordinates":[[[114.15979999999999,22.4412],[114.16139999999999,22.4412],[114.16139999999999,22.4428],[114.15979999999999,22.4428],[114.15979999999999,22.4412]]]}},{"type":"Feature","properties":{"id":"lu-nt-tai-po-02-04","class":"urban_open_space","vegetationFraction":0.254,"pavedFraction":0.536,"waterFraction":0.048,"simulated":true},"geometry":{"type":"Polygon","coordinates":[[[114.16139999999999,22.4412],[114.16299999999998,22.4412],[114.16299999999998,22.4428],[114.16139999999999,22.4428],[114.16139999999999,22.4412]]]}},{"type":"Feature","properties":{"id":"lu-nt-tai-po-02-05","class":"green_space","vegetationFraction":0.43,"pavedFraction":0.65,"waterFraction":0.046,"simulated":true},"geometry":{"type":"Polygon","coordinates":[[[114.16299999999998,22.4412],[114.16459999999998,22.4412],[114.16459999999998,22.4428],[114.16299999999998,22.4428],[114.16299999999998,22.4412]]]}},{"type":"Feature","properties":{"id":"lu-nt-tai-po-02-06","class":"built_up","vegetationFraction":0.23,"pavedFraction":0.492,"waterFraction":0.033,"simulated":true},"geometry":{"type":"Polygon","coordinates":[[[114.16459999999998,22.4412],[114.16619999999998,22.4412],[114.16619999999998,22.4428],[114.16459999999998,22.4428],[114.16459999999998,22.4412]]]}},{"type":"Feature","properties":{"id":"lu-nt-tai-po-02-07","class":"built_up","vegetationFraction":0.21,"pavedFraction":0.611,"waterFraction":0.029,"simulated":true},"geometry":{"type":"Polygon","coordinates":[[[114.16619999999998,22.4412],[114.16779999999997,22.4412],[114.16779999999997,22.4428],[114.16619999999998,22.4428],[114.16619999999998,22.4412]]]}},{"type":"Feature","properties":{"id":"lu-nt-tai-po-02-08","class":"urban_open_space","vegetationFraction":0.358,"pavedFraction":0.391,"waterFraction":0.022,"simulated":true},"geometry":{"type":"Polygon","coordinates":[[[114.16779999999997,22.4412],[114.16939999999997,22.4412],[114.16939999999997,22.4428],[114.16779999999997,22.4428],[114.16779999999997,22.4412]]]}},{"type":"Feature","properties":{"id":"lu-nt-tai-po-02-09","class":"urban_open_space","vegetationFraction":0.305,"pavedFraction":0.643,"waterFraction":0.004,"simulated":true},"geometry":{"type":"Polygon","coordinates":[[[114.16939999999997,22.4412],[114.17099999999996,22.4412],[114.17099999999996,22.4428],[114.16939999999997,22.4428],[114.16939999999997,22.4412]]]}},{"type":"Feature","properties":{"id":"lu-nt-tai-po-02-10","class":"urban_open_space","vegetationFraction":0.329,"pavedFraction":0.415,"waterFraction":0.05,"simulated":true},"geometry":{"type":"Polygon","coordinates":[[[114.17099999999996,22.4412],[114.17259999999996,22.4412],[114.17259999999996,22.4428],[114.17099999999996,22.4428],[114.17099999999996,22.4412]]]}},{"type":"Feature","properties":{"id":"lu-nt-tai-po-02-11","class":"urban_open_space","vegetationFraction":0.299,"pavedFraction":0.552,"waterFraction":0.018,"simulated":true},"geometry":{"type":"Polygon","coordinates":[[[114.17259999999996,22.4412],[114.17419999999996,22.4412],[114.17419999999996,22.4428],[114.17259999999996,22.4428],[114.17259999999996,22.4412]]]}},{"type":"Feature","properties":{"id":"lu-nt-tai-po-02-12","class":"urban_open_space","vegetationFraction":0.368,"pavedFraction":0.544,"waterFraction":0.031,"simulated":true},"geometry":{"type":"Polygon","coordinates":[[[114.17419999999996,22.4412],[114.17579999999995,22.4412],[114.17579999999995,22.4428],[114.17419999999996,22.4428],[114.17419999999996,22.4412]]]}},{"type":"Feature","properties":{"id":"lu-nt-tai-po-02-13","class":"built_up","vegetationFraction":0.2,"pavedFraction":0.59,"waterFraction":0.028,"simulated":true},"geometry":{"type":"Polygon","coordinates":[[[114.17579999999995,22.4412],[114.17739999999995,22.4412],[114.17739999999995,22.4428],[114.17579999999995,22.4428],[114.17579999999995,22.4412]]]}},{"type":"Feature","properties":{"id":"lu-nt-tai-po-02-14","class":"urban_open_space","vegetationFraction":0.287,"pavedFraction":0.496,"waterFraction":0.047,"simulated":true},"geometry":{"type":"Polygon","coordinates":[[[114.17739999999995,22.4412],[114.17899999999995,22.4412],[114.17899999999995,22.4428],[114.17739999999995,22.4428],[114.17739999999995,22.4412]]]}},{"type":"Feature","properties":{"id":"lu-nt-tai-po-02-15","class":"urban_open_space","vegetationFraction":0.326,"pavedFraction":0.566,"waterFraction":0.021,"simulated":true},"geometry":{"type":"Polygon","coordinates":[[[114.17899999999995,22.4412],[114.18059999999994,22.4412],[114.18059999999994,22.4428],[114.17899999999995,22.4428],[114.17899999999995,22.4412]]]}},{"type":"Feature","properties":{"id":"lu-nt-tai-po-02-16","class":"urban_open_space","vegetationFraction":0.275,"pavedFraction":0.488,"waterFraction":0.002,"simulated":true},"geometry":{"type":"Polygon","coordinates":[[[114.18059999999994,22.4412],[114.18219999999994,22.4412],[114.18219999999994,22.4428],[114.18059999999994,22.4428],[114.18059999999994,22.4412]]]}},{"type":"Feature","properties":{"id":"lu-nt-tai-po-02-17","class":"built_up","vegetationFraction":0.225,"pavedFraction":0.538,"waterFraction":0.038,"simulated":true},"geometry":{"type":"Polygon","coordinates":[[[114.18219999999994,22.4412],[114.18379999999993,22.4412],[114.18379999999993,22.4428],[114.18219999999994,22.4428],[114.18219999999994,22.4412]]]}},{"type":"Feature","properties":{"id":"lu-nt-tai-po-02-18","class":"built_up","vegetationFraction":0.23,"pavedFraction":0.403,"waterFraction":0.02,"simulated":true},"geometry":{"type":"Polygon","coordinates":[[[114.18379999999993,22.4412],[114.18539999999993,22.4412],[114.18539999999993,22.4428],[114.18379999999993,22.4428],[114.18379999999993,22.4412]]]}},{"type":"Feature","properties":{"id":"lu-nt-tai-po-02-19","class":"green_space","vegetationFraction":0.435,"pavedFraction":0.481,"waterFraction":0.0,"simulated":true},"geometry":{"type":"Polygon","coordinates":[[[114.18539999999993,22.4412],[114.18699999999993,22.4412],[114.18699999999993,22.4428],[114.18539999999993,22.4428],[114.18539999999993,22.4412]]]}},{"type":"Feature","properties":{"id":"lu-nt-tai-po-02-20","class":"built_up","vegetationFraction":0.242,"pavedFraction":0.45,"waterFraction":0.006,"simulated":true},"geometry":{"type":"Polygon","coordinates":[[[114.18699999999993,22.4412],[114.18859999999992,22.4412],[114.18859999999992,22.4428],[114.18699999999993,22.4428],[114.18699999999993,22.4412]]]}},{"type":"Feature","properties":{"id":"lu-nt-tai-po-02-21","class":"urban_open_space","vegetationFraction":0.347,"pavedFraction":0.358,"waterFraction":0.002,"simulated":true},"geometry":{"type":"Polygon","coordinates":[[[114.18859999999992,22.4412],[114.19019999999992,22.4412],[114.19019999999992,22.4428],[114.18859999999992,22.4428],[114.18859999999992,22.4412]]]}},{"type":"Feature","properties":{"id":"lu-nt-tai-po-03-00","class":"green_space","vegetationFraction":0.439,"pavedFraction":0.515,"waterFraction":0.019,"simulated":true},"geometry":{"type":"Polygon","coordinates":[[[114.155,22.4428],[114.1566,22.4428],[114.1566,22.444399999999998],[114.155,22.444399999999998],[114.155,22.4428]]]}},{"type":"Feature","properties":{"id":"lu-nt-tai-po-03-01","class":"built_up","vegetationFraction":0.235,"pavedFraction":0.515,"waterFraction":0.008,"simulated":true},"geometry":{"type":"Polygon","coordinates":[[[114.1566,22.4428],[114.1582,22.4428],[114.1582,22.444399999999998],[114.1566,22.444399999999998],[114.1566,22.4428]]]}},{"type":"Feature","properties":{"id":"lu-nt-tai-po-03-02","class":"green_space","vegetationFraction":0.443,"pavedFraction":0.402,"waterFraction":0.009,"simulated":true},"geometry":{"type":"Polygon","coordinates":[[[114.1582,22.4428],[114.15979999999999,22.4428],[114.15979999999999,22.444399999999998],[114.1582,22.444399999999998],[114.1582,22.4428]]]}},{"type":"Feature","properties":{"id":"lu-nt-tai-po-03-03","class":"urban_open_space","vegetationFraction":0.262,"pavedFraction":0.598,"waterFraction":0.005,"simulated":true},"geometry":{"type":"Polygon","coordinates":[[[114.15979999999999,22.4428],[114.16139999999999,22.4428],[114.16139999999999,22.444399999999998],[114.15979999999999,22.444399999999998],[114.15979999999999,22.4428]]]}},{"type":"Feature","properties":{"id":"lu-nt-tai-po-03-04","class":"urban_open_space","vegetationFraction":0.26,"pavedFraction":0.649,"waterFraction":0.054,"simulated":true},"geometry":{"type":"Polygon","coordinates":[[[114.16139999999999,22.4428],[114.16299999999998,22.4428],[114.16299999999998,22.444399999999998],[114.16139999999999,22.444399999999998],[114.16139999999999,22.4428]]]}},{"type":"Feature","properties":{"id":"lu-nt-tai-po-03-05","class":"urban_open_space","vegetationFraction":0.266,"pavedFraction":0.592,"waterFraction":0.054,"simulated":true},"geometry":{"type":"Polygon","coordinates":[[[114.16299999999998,22.4428],[114.16459999999998,22.4428],[114.16459999999998,22.444399999999998],[114.16299999999998,22.444399999999998],[114.16299999999998,22.4428]]]}},{"type":"Feature","properties":{"id":"lu-nt-tai-po-03-06","class":"built_up","vegetationFraction":0.234,"pavedFraction":0.637,"waterFraction":0.013,"simulated":true},"geometry":{"type":"Polygon","coordinates":[[[114.16459999999998,22.4428],[114.16619999999998,22.4428],[114.16619999999998,22.444399999999998],[114.16459999999998,22.444399999999998],[114.16459999999998,22.4428]]]}},{"type":"Feature","properties":{"id":"lu-nt-tai-po-03-07","class":"urban_open_space","vegetationFraction":0.315,"pavedFraction":0.611,"waterFraction":0.027,"simulated":true},"geometry":{"type":"Polygon","coordinates":[[[114.16619999999998,22.4428],[114.16779999999997,22.4428],[114.16779999999997,22.444399999999998],[114.16619999999998,22.444399999999998],[114.16619999999998,22.4428]]]}},{"type":"Feature","properties":{"id":"lu-nt-tai-po-03-08","class":"urban_open_space","vegetationFraction":0.394,"pavedFraction":0.551,"waterFraction":0.019,"simulated":true},"geometry":{"type":"Polygon","coordinates":[[[114.16779999999997,22.4428],[114.16939999999997,22.4428],[114.16939999999997,22.444399999999998],[114.16779999999997,22.444399999999998],[114.16779999999997,22.4428]]]}},{"type":"Feature","properties":{"id":"lu-nt-tai-po-03-09","class":"urban_open_space","vegetationFraction":0.395,"pavedFraction":0.509,"waterFraction":0.055,"simulated":true},"geometry":{"type":"Polygon","coordinates":[[[114.16939999999997,22.4428],[114.17099999999996,22.4428],[114.17099999999996,22.444399999999998],[114.16939999999997,22.444399999999998],[114.16939999999997,22.4428]]]}},{"type":"Feature","properties":{"id":"lu-nt-tai-po-03-10","class":"urban_open_space","vegetationFraction":0.355,"pavedFraction":0.576,"waterFraction":0.021,"simulated":true},"geometry":{"type":"Polygon","coordinates":[[[114.17099999999996,22.4428],[114.17259999999996,22.4428],[114.17259999999996,22.444399999999998],[114.17099999999996,22.444399999999998],[114.17099999999996,22.4428]]]}},{"type":"Feature","properties":{"id":"lu-nt-tai-po-03-11","class":"urban_open_space","vegetationFraction":0.251,"pavedFraction":0.561,"waterFraction":0.017,"simulated":true},"geometry":{"type":"Polygon","coordinates":[[[114.17259999999996,22.4428],[114.17419999999996,22.4428],[114.17419999999996,22.444399999999998],[114.17259999999996,22.444399999999998],[114.17259999999996,22.4428]]]}},{"type":"Feature","properties":{"id":"lu-nt-tai-po-03-12","class":"built_up","vegetationFraction":0.207,"pavedFraction":0.609,"waterFraction":0.021,"simulated":true},"geometry":{"type":"Polygon","coordinates":[[[114.17419999999996,22.4428],[114.17579999999995,22.4428],[114.17579999999995,22.444399999999998],[114.17419999999996,22.444399999999998],[114.17419999999996,22.4428]]]}},{"type":"Feature","properties":{"id":"lu-nt-tai-po-03-13","class":"urban_open_space","vegetationFraction":0.293,"pavedFraction":0.364,"waterFraction":0.04,"simulated":true},"geometry":{"type":"Polygon","coordinates":[[[114.17579999999995,22.4428],[114.17739999999995,22.4428],[114.17739999999995,22.444399999999998],[114.17579999999995,22.444399999999998],[114.17579999999995,22.4428]]]}},{"type":"Feature","properties":{"id":"lu-nt-tai-po-03-14","class":"urban_open_space","vegetationFraction":0.375,"pavedFraction":0.406,"waterFraction":0.007,"simulated":true},"geometry":{"type":"Polygon","coordinates":[[[114.17739999999995,22.4428],[114.17899999999995,22.4428],[114.17899999999995,22.444399999999998],[114.17739999999995,22.444399999999998],[114.17739999999995,22.4428]]]}},{"type":"Feature","properties":{"id":"lu-nt-tai-po-03-15","class":"green_space","vegetationFraction":0.417,"pavedFraction":0.466,"waterFraction":0.011,"simulated":true},"geometry":{"type":"Polygon","coordinates":[[[114.17899999999995,22.4428],[114.18059999999994,22.4428],[114.18059999999994,22.444399999999998],[114.17899999999995,22.444399999999998],[114.17899999999995,22.4428]]]}},{"type":"Feature","properties":{"id":"lu-nt-tai-po-03-16","class":"urban_open_space","vegetationFraction":0.393,"pavedFraction":0.584,"waterFraction":0.019,"simulated":true},"geometry":{"type":"Polygon","coordinates":[[[114.18059999999994,22.4428],[114.18219999999994,22.4428],[114.18219999999994,22.444399999999998],[114.18059999999994,22.444399999999998],[114.18059999999994,22.4428]]]}},{"type":"Feature","properties":{"id":"lu-nt-tai-po-03-17","class":"green_space","vegetationFraction":0.428,"pavedFraction":0.558,"waterFraction":0.005,"simulated":true},"geometry":{"type":"Polygon","coordinates":[[[114.18219999999994,22.4428],[114.18379999999993,22.4428],[114.18379999999993,22.444399999999998],[114.18219999999994,22.444399999999998],[114.18219999999994,22.4428]]]}},{"type":"Feature","properties":{"id":"lu-nt-tai-po-03-18","class":"urban_open_space","vegetationFraction":0.365,"pavedFraction":0.419,"waterFraction":0.006,"simulated":true},"geometry":{"type":"Polygon","coordinates":[[[114.18379999999993,22.4428],[114.18539999999993,22.4428],[114.18539999999993,22.444399999999998],[114.18379999999993,22.444399999999998],[114.18379999999993,22.4428]]]}},{"type":"Feature","properties":{"id":"lu-nt-tai-po-03-19","class":"urban_open_space","vegetationFraction":0.27,"pavedFraction":0.641,"waterFraction":0.002,"simulated":true},"geometry":{"type":"Polygon","coordinates":[[[114.18539999999993,22.4428],[114.18699999999993,22.4428],[114.18699999999993,22.444399999999998],[114.18539999999993,22.444399999999998],[114.18539999999993,22.4428]]]}},{"type":"Feature","properties":{"id":"lu-nt-tai-po-03-20","class":"green_space","vegetationFraction":0.424,"pavedFraction":0.617,"waterFraction":0.052,"simulated":true},"geometry":{"type":"Polygon","coordinates":[[[114.18699999999993,22.4428],[114.18859999999992,22.4428],[114.18859999999992,22.444399999999998],[114.18699999999993,22.444399999999998],[114.18699999999993,22.4428]]]}},{"type":"Feature","properties":{"id":"lu-nt-tai-po-03-21","class":"urban_open_space","vegetationFraction":0.323,"pavedFraction":0.512,"waterFraction":0.052,"simulated":true},"geometry":{"type":"Polygon","coordinates":[[[114.18859999999992,22.4428],[114.19019999999992,22.4428],[114.19019999999992,22.444399999999998],[114.18859999999992,22.444399999999998],[114.18859999999992,22.4428]]]}},{"type":"Feature","properties":{"id":"lu-nt-tai-po-04-00","class":"urban_open_space","vegetationFraction":0.3,"pavedFraction":0.551,"waterFraction":0.0,"simulated":true},"geometry":{"type":"Polygon","coordinates":[[[114.155,22.444399999999998],[114.1566,22.444399999999998],[114.1566,22.445999999999998],[114.155,22.445999999999998],[114.155,22.444399999999998]]]}},{"type":"Feature","properties":{"id":"lu-nt-tai-po-04-01","class":"urban_open_space","vegetationFraction":0.332,"pavedFraction":0.596,"waterFraction":0.024,"simulated":true},"geometry":{"type":"Polygon","coordinates":[[[114.1566,22.444399999999998],[114.1582,22.444399999999998],[114.1582,22.445999999999998],[114.1566,22.445999999999998],[114.1566,22.444399999999998]]]}},{"type":"Feature","properties":{"id":"lu-nt-tai-po-04-02","class":"urban_open_space","vegetationFraction":0.31,"pavedFraction":0.435,"waterFraction":0.008,"simulated":true},"geometry":{"type":"Polygon","coordinates":[[[114.1582,22.444399999999998],[114.15979999999999,22.444399999999998],[114.15979999999999,22.445999999999998],[114.1582,22.445999999999998],[114.1582,22.444399999999998]]]}},{"type":"Feature","properties":{"id":"lu-nt-tai-po-04-03","class":"built_up","vegetationFraction":0.203,"pavedFraction":0.376,"waterFraction":0.039,"simulated":true},"geometry":{"type":"Polygon","coordinates":[[[114.15979999999999,22.444399999999998],[114.16139999999999,22.444399999999998],[114.16139999999999,22.445999999999998],[114.15979999999999,22.445999999999998],[114.15979999999999,22.444399999999998]]]}},{"type":"Feature","properties":{"id":"lu-nt-tai-po-04-04","class":"urban_open_space","vegetationFraction":0.257,"pavedFraction":0.501,"waterFraction":0.056,"simulated":true},"geometry":{"type":"Polygon","coordinates":[[[114.16139999999999,22.444399999999998],[114.16299999999998,22.444399999999998],[114.16299999999998,22.445999999999998],[114.16139999999999,22.445999999999998],[114.16139999999999,22.444399999999998]]]}},{"type":"Feature","properties":{"id":"lu-nt-tai-po-04-05","class":"urban_open_space","vegetationFraction":0.373,"pavedFraction":0.634,"waterFraction":0.039,"simulated":true},"geometry":{"type":"Polygon","coordinates":[[[114.16299999999998,22.444399999999998],[114.16459999999998,22.444399999999998],[114.16459999999998,22.445999999999998],[114.16299999999998,22.445999999999998],[114.16299999999998,22.444399999999998]]]}},{"type":"Feature","properties":{"id":"lu-nt-tai-po-04-06","class":"urban_open_space","vegetationFraction":0.32,"pavedFraction":0.445,"waterFraction":0.057,"simulated":true},"geometry":{"type":"Polygon","coordinates":[[[114.16459999999998,22.444399999999998],[114.16619999999998,22.444399999999998],[114.16619999999998,22.445999999999998],[114.16459999999998,22.445999999999998],[114.16459999999998,22.444399999999998]]]}},{"type":"Feature","properties":{"id":"lu-nt-tai-po-04-07","class":"urban_open_space","vegetationFraction":0.379,"pavedFraction":0.372,"waterFraction":0.055,"simulated":true},"geometry":{"type":"Polygon","coordinates":[[[114.16619999999998,22.444399999999998],[114.16779999999997,22.444399999999998],[114.16779999999997,22.445999999999998],[114.16619999999998,22.445999999999998],[114.16619999999998,22.444399999999998]]]}},{"type":"Feature","properties":{"id":"lu-nt-tai-po-04-08","class":"green_space","vegetationFraction":0.408,"pavedFraction":0.37,"waterFraction":0.017,"simulated":true},"geometry":{"type":"Polygon","coordinates":[[[114.16779999999997,22.444399999999998],[114.16939999999997,22.444399999999998],[114.16939999999997,22.445999999999998],[114.16779999999997,22.445999999999998],[114.16779999999997,22.444399999999998]]]}},{"type":"Feature","properties":{"id":"lu-nt-tai-po-04-09","class":"urban_open_space","vegetationFraction":0.333,"pavedFraction":0.575,"waterFraction":0.012,"simulated":true},"geometry":{"type":"Polygon","coordinates":[[[114.16939999999997,22.444399999999998],[114.17099999999996,22.444399999999998],[114.17099999999996,22.445999999999998],[114.16939999999997,22.445999999999998],[114.16939999999997,22.444399999999998]]]}},{"type":"Feature","properties":{"id":"lu-nt-tai-po-04-10","class":"urban_open_space","vegetationFraction":0.368,"pavedFraction":0.523,"waterFraction":0.056,"simulated":true},"geometry":{"type":"Polygon","coordinates":[[[114.17099999999996,22.444399999999998],[114.17259999999996,22.444399999999998],[114.17259999999996,22.445999999999998],[114.17099999999996,22.445999999999998],[114.17099999999996,22.444399999999998]]]}},{"type":"Feature","properties":{"id":"lu-nt-tai-po-04-11","class":"urban_open_space","vegetationFraction":0.374,"pavedFraction":0.558,"waterFraction":0.007,"simulated":true},"geometry":{"type":"Polygon","coordinates":[[[114.17259999999996,22.444399999999998],[114.17419999999996,22.444399999999998],[114.17419999999996,22.445999999999998],[114.17259999999996,22.445999999999998],[114.17259999999996,22.444399999999998]]]}},{"type":"Feature","properties":{"id":"lu-nt-tai-po-04-12","class":"urban_open_space","vegetationFraction":0.365,"pavedFraction":0.628,"waterFraction":0.012,"simulated":true},"geometry":{"type":"Polygon","coordinates":[[[114.17419999999996,22.444399999999998],[114.17579999999995,22.444399999999998],[114.17579999999995,22.445999999999998],[114.17419999999996,22.445999999999998],[114.17419999999996,22.444399999999998]]]}},{"type":"Feature","properties":{"id":"lu-nt-tai-po-04-13","class":"built_up","vegetationFraction":0.212,"pavedFraction":0.469,"waterFraction":0.023,"simulated":true},"geometry":{"type":"Polygon","coordinates":[[[114.17579999999995,22.444399999999998],[114.17739999999995,22.444399999999998],[114.17739999999995,22.445999999999998],[114.17579999999995,22.445999999999998],[114.17579999999995,22.444399999999998]]]}},{"type":"Feature","properties":{"id":"lu-nt-tai-po-04-14","class":"urban_open_space","vegetationFraction":0.315,"pavedFraction":0.65,"waterFraction":0.028,"simulated":true},"geometry":{"type":"Polygon","coordinates":[[[114.17739999999995,22.444399999999998],[114.17899999999995,22.444399999999998],[114.17899999999995,22.445999999999998],[114.17739999999995,22.445999999999998],[114.17739999999995,22.444399999999998]]]}},{"type":"Feature","properties":{"id":"lu-nt-tai-po-04-15","class":"urban_open_space","vegetationFraction":0.385,"pavedFraction":0.602,"waterFraction":0.035,"simulated":true},"geometry":{"type":"Polygon","coordinates":[[[114.17899999999995,22.444399999999998],[114.18059999999994,22.444399999999998],[114.18059999999994,22.445999999999998],[114.17899999999995,22.445999999999998],[114.17899999999995,22.444399999999998]]]}},{"type":"Feature","properties":{"id":"lu-nt-tai-po-04-16","class":"built_up","vegetationFraction":0.219,"pavedFraction":0.486,"waterFraction":0.004,"simulated":true},"geometry":{"type":"Polygon","coordinates":[[[114.18059999999994,22.444399999999998],[114.18219999999994,22.444399999999998],[114.18219999999994,22.445999999999998],[114.18059999999994,22.445999999999998],[114.18059999999994,22.444399999999998]]]}},{"type":"Feature","properties":{"id":"lu-nt-tai-po-04-17","class":"urban_open_space","vegetationFraction":0.261,"pavedFraction":0.445,"waterFraction":0.0,"simulated":true},"geometry":{"type":"Polygon","coordinates":[[[114.18219999999994,22.444399999999998],[114.18379999999993,22.444399999999998],[114.18379999999993,22.445999999999998],[114.18219999999994,22.445999999999998],[114.18219999999994,22.444399999999998]]]}},{"type":"Feature","properties":{"id":"lu-nt-tai-po-04-18","class":"built_up","vegetationFraction":0.206,"pavedFraction":0.623,"waterFraction":0.015,"simulated":true},"geometry":{"type":"Polygon","coordinates":[[[114.18379999999993,22.444399999999998],[114.18539999999993,22.444399999999998],[114.18539999999993,22.445999999999998],[114.18379999999993,22.445999999999998],[114.18379999999993,22.444399999999998]]]}},{"type":"Feature","properties":{"id":"lu-nt-tai-po-04-19","class":"built_up","vegetationFraction":0.223,"pavedFraction":0.394,"waterFraction":0.003,"simulated":true},"geometry":{"type":"Polygon","coordinates":[[[114.18539999999993,22.444399999999998],[114.18699999999993,22.444399999999998],[114.18699999999993,22.445999999999998],[114.18539999999993,22.445999999999998],[114.18539999999993,22.444399999999998]]]}},{"type":"Feature","properties":{"id":"lu-nt-tai-po-04-20","class":"urban_open_space","vegetationFraction":0.389,"pavedFraction":0.514,"waterFraction":0.02,"simulated":true},"geometry":{"type":"Polygon","coordinates":[[[114.18699999999993,22.444399999999998],[114.18859999999992,22.444399999999998],[114.18859999999992,22.445999999999998],[114.18699999999993,22.445999999999998],[114.18699999999993,22.444399999999998]]]}},{"type":"Feature","properties":{"id":"lu-nt-tai-po-04-21","class":"urban_open_space","vegetationFraction":0.272,"pavedFraction":0.492,"waterFraction":0.006,"simulated":true},"geometry":{"type":"Polygon","coordinates":[[[114.18859999999992,22.444399999999998],[114.19019999999992,22.444399999999998],[114.19019999999992,22.445999999999998],[114.18859999999992,22.445999999999998],[114.18859999999992,22.444399999999998]]]}},{"type":"Feature","properties":{"id":"lu-nt-tai-po-05-00","class":"urban_open_space","vegetationFraction":0.381,"pavedFraction":0.539,"waterFraction":0.001,"simulated":true},"geometry":{"type":"Polygon","coordinates":[[[114.155,22.445999999999998],[114.1566,22.445999999999998],[114.1566,22.447599999999998],[114.155,22.447599999999998],[114.155,22.445999999999998]]]}},{"type":"Feature","properties":{"id":"lu-nt-tai-po-05-01","class":"urban_open_space","vegetationFraction":0.353,"pavedFraction":0.411,"waterFraction":0.033,"simulated":true},"geometry":{"type":"Polygon","coordinates":[[[114.1566,22.445999999999998],[114.1582,22.445999999999998],[114.1582,22.447599999999998],[114.1566,22.447599999999998],[114.1566,22.445999999999998]]]}},{"type":"Feature","properties":{"id":"lu-nt-tai-po-05-02","class":"built_up","vegetationFraction":0.244,"pavedFraction":0.626,"waterFraction":0.031,"simulated":true},"geometry":{"type":"Polygon","coordinates":[[[114.1582,22.445999999999998],[114.15979999999999,22.445999999999998],[114.15979999999999,22.447599999999998],[114.1582,22.447599999999998],[114.1582,22.445999999999998]]]}},{"type":"Feature","properties":{"id":"lu-nt-tai-po-05-03","class":"urban_open_space","vegetationFraction":0.27,"pavedFraction":0.457,"waterFraction":0.026,"simulated":true},"geometry":{"type":"Polygon","coordinates":[[[114.15979999999999,22.445999999999998],[114.16139999999999,22.445999999999998],[114.16139999999999,22.447599999999998],[114.15979999999999,22.447599999999998],[114.15979999999999,22.445999999999998]]]}},{"type":"Feature","properties":{"id":"lu-nt-tai-po-05-04","class":"urban_open_space","vegetationFraction":0.38,"pavedFraction":0.436,"waterFraction":0.04,"simulated":true},"geometry":{"type":"Polygon","coordinates":[[[114.16139999999999,22.445999999999998],[114.16299999999998,22.445999999999998],[114.16299999999998,22.447599999999998],[114.16139999999999,22.447599999999998],[114.16139999999999,22.445999999999998]]]}},{"type":"Feature","properties":{"id":"lu-nt-tai-po-05-05","class":"built_up","vegetationFraction":0.219,"pavedFraction":0.356,"waterFraction":0.004,"simulated":true},"geometry":{"type":"Polygon","coordinates":[[[114.16299999999998,22.445999999999998],[114.16459999999998,22.445999999999998],[114.16459999999998,22.447599999999998],[114.16299999999998,22.447599999999998],[114.16299999999998,22.445999999999998]]]}},{"type":"Feature","properties":{"id":"lu-nt-tai-po-05-06","class":"green_space","vegetationFraction":0.402,"pavedFraction":0.498,"waterFraction":0.001,"simulated":true},"geometry":{"type":"Polygon","coordinates":[[[114.16459999999998,22.445999999999998],[114.16619999999998,22.445999999999998],[114.16619999999998,22.447599999999998],[114.16459999999998,22.447599999999998],[114.16459999999998,22.445999999999998]]]}},{"type":"Feature","properties":{"id":"lu-nt-tai-po-05-07","class":"urban_open_space","vegetationFraction":0.38,"pavedFraction":0.545,"waterFraction":0.003,"simulated":true},"geometry":{"type":"Polygon","coordinates":[[[114.16619999999998,22.445999999999998],[114.16779999999997,22.445999999999998],[114.16779999999997,22.447599999999998],[114.16619999999998,22.447599999999998],[114.16619999999998,22.445999999999998]]]}},{"type":"Feature","properties":{"id":"lu-nt-tai-po-05-08","class":"built_up","vegetationFraction":0.232,"pavedFraction":0.477,"waterFraction":0.016,"simulated":true},"geometry":{"type":"Polygon","coordinates":[[[114.16779999999997,22.445999999999998],[114.16939999999997,22.445999999999998],[114.16939999999997,22.447599999999998],[114.16779999999997,22.447599999999998],[114.16779999999997,22.445999999999998]]]}},{"type":"Feature","properties":{"id":"lu-nt-tai-po-05-09","class":"green_space","vegetationFraction":0.427,"pavedFraction":0.628,"waterFraction":0.059,"simulated":true},"geometry":{"type":"Polygon","coordinates":[[[114.16939999999997,22.445999999999998],[114.17099999999996,22.445999999999998],[114.17099999999996,22.447599999999998],[114.16939999999997,22.447599999999998],[114.16939999999997,22.445999999999998]]]}},{"type":"Feature","properties":{"id":"lu-nt-tai-po-05-10","class":"built_up","vegetationFraction":0.215,"pavedFraction":0.392,"waterFraction":0.016,"simulated":true},"geometry":{"type":"Polygon","coordinates":[[[114.17099999999996,22.445999999999998],[114.17259999999996,22.445999999999998],[114.17259999999996,22.447599999999998],[114.17099999999996,22.447599999999998],[114.17099999999996,22.445999999999998]]]}},{"type":"Feature","properties":{"id":"lu-nt-tai-po-05-11","class":"built_up","vegetationFraction":0.218,"pavedFraction":0.577,"waterFraction":0.004,"simulated":true},"geometry":{"type":"Polygon","coordinates":[[[114.17259999999996,22.445999999999998],[114.17419999999996,22.445999999999998],[114.17419999999996,22.447599999999998],[114.17259999999996,22.447599999999998],[114.17259999999996,22.445999999999998]]]}},{"type":"Feature","properties":{"id":"lu-nt-tai-po-05-12","class":"urban_open_space","vegetationFraction":0.256,"pavedFraction":0.603,"waterFraction":0.009,"simulated":true},"geometry":{"type":"Polygon","coordinates":[[[114.17419999999996,22.445999999999998],[114.17579999999995,22.445999999999998],[114.17579999999995,22.447599999999998],[114.17419999999996,22.447599999999998],[114.17419999999996,22.445999999999998]]]}},{"type":"Feature","properties":{"id":"lu-nt-tai-po-05-13","class":"green_space","vegetationFraction":0.441,"pavedFraction":0.465,"waterFraction":0.046,"simulated":true},"geometry":{"type":"Polygon","coordinates":[[[114.17579999999995,22.445999999999998],[114.17739999999995,22.445999999999998],[114.17739999999995,22.447599999999998],[114.17579999999995,22.447599999999998],[114.17579999999995,22.445999999999998]]]}},{"type":"Feature","properties":{"id":"lu-nt-tai-po-05-14","class":"green_space","vegetationFraction":0.438,"pavedFraction":0.376,"waterFraction":0.002,"simulated":true},"geometry":{"type":"Polygon","coordinates":[[[114.17739999999995,22.445999999999998],[114.17899999999995,22.445999999999998],[114.17899999999995,22.447599999999998],[114.17739999999995,22.447599999999998],[114.17739999999995,22.445999999999998]]]}},{"type":"Feature","properties":{"id":"lu-nt-tai-po-05-15","class":"green_space","vegetationFraction":0.441,"pavedFraction":0.583,"waterFraction":0.01,"simulated":true},"geometry":{"type":"Polygon","coordinates":[[[114.17899999999995,22.445999999999998],[114.18059999999994,22.445999999999998],[114.18059999999994,22.447599999999998],[114.17899999999995,22.447599999999998],[114.17899999999995,22.445999999999998]]]}},{"type":"Feature","properties":{"id":"lu-nt-tai-po-05-16","class":"urban_open_space","vegetationFraction":0.382,"pavedFraction":0.351,"waterFraction":0.021,"simulated":true},"geometry":{"type":"Polygon","coordinates":[[[114.18059999999994,22.445999999999998],[114.18219999999994,22.445999999999998],[114.18219999999994,22.447599999999998],[114.18059999999994,22.447599999999998],[114.18059999999994,22.445999999999998]]]}},{"type":"Feature","properties":{"id":"lu-nt-tai-po-05-17","class":"built_up","vegetationFraction":0.225,"pavedFraction":0.399,"waterFraction":0.056,"simulated":true},"geometry":{"type":"Polygon","coordinates":[[[114.18219999999994,22.445999999999998],[114.18379999999993,22.445999999999998],[114.18379999999993,22.447599999999998],[114.18219999999994,22.447599999999998],[114.18219999999994,22.445999999999998]]]}},{"type":"Feature","properties":{"id":"lu-nt-tai-po-05-18","class":"urban_open_space","vegetationFraction":0.357,"pavedFraction":0.515,"waterFraction":0.018,"simulated":true},"geometry":{"type":"Polygon","coordinates":[[[114.18379999999993,22.445999999999998],[114.18539999999993,22.445999999999998],[114.18539999999993,22.447599999999998],[114.18379999999993,22.447599999999998],[114.18379999999993,22.445999999999998]]]}},{"type":"Feature","properties":{"id":"lu-nt-tai-po-05-19","class":"urban_open_space","vegetationFraction":0.338,"pavedFraction":0.642,"waterFraction":0.042,"simulated":true},"geometry":{"type":"Polygon","coordinates":[[[114.18539999999993,22.445999999999998],[114.18699999999993,22.445999999999998],[114.18699999999993,22.447599999999998],[114.18539999999993,22.447599999999998],[114.18539999999993,22.445999999999998]]]}},{"type":"Feature","properties":{"id":"lu-nt-tai-po-05-20","class":"urban_open_space","vegetationFraction":0.339,"pavedFraction":0.359,"waterFraction":0.042,"simulated":true},"geometry":{"type":"Polygon","coordinates":[[[114.18699999999993,22.445999999999998],[114.18859999999992,22.445999999999998],[114.18859999999992,22.447599999999998],[114.18699999999993,22.447599999999998],[114.18699999999993,22.445999999999998]]]}},{"type":"Feature","properties":{"id":"lu-nt-tai-po-05-21","class":"urban_open_space","vegetationFraction":0.389,"pavedFraction":0.374,"waterFraction":0.034,"simulated":true},"geometry":{"type":"Polygon","coordinates":[[[114.18859999999992,22.445999999999998],[114.19019999999992,22.445999999999998],[114.19019999999992,22.447599999999998],[114.18859999999992,22.447599999999998],[114.18859999999992,22.445999999999998]]]}},{"type":"Feature","properties":{"id":"lu-nt-tai-po-06-00","class":"built_up","vegetationFraction":0.235,"pavedFraction":0.492,"waterFraction":0.042,"simulated":true},"geometry":{"type":"Polygon","coordinates":[[[114.155,22.447599999999998],[114.1566,22.447599999999998],[114.1566,22.449199999999998],[114.155,22.449199999999998],[114.155,22.447599999999998]]]}},{"type":"Feature","properties":{"id":"lu-nt-tai-po-06-01","class":"green_space","vegetationFraction":0.413,"pavedFraction":0.468,"waterFraction":0.06,"simulated":true},"geometry":{"type":"Polygon","coordinates":[[[114.1566,22.447599999999998],[114.1582,22.447599999999998],[114.1582,22.449199999999998],[114.1566,22.449199999999998],[114.1566,22.447599999999998]]]}},{"type":"Feature","properties":{"id":"lu-nt-tai-po-06-02","class":"green_space","vegetationFraction":0.432,"pavedFraction":0.426,"waterFraction":0.048,"simulated":true},"geometry":{"type":"Polygon","coordinates":[[[114.1582,22.447599999999998],[114.15979999999999,22.447599999999998],[114.15979999999999,22.449199999999998],[114.1582,22.449199999999998],[114.1582,22.447599999999998]]]}},{"type":"Feature","properties":{"id":"lu-nt-tai-po-06-03","class":"urban_open_space","vegetationFraction":0.372,"pavedFraction":0.486,"waterFraction":0.01,"simulated":true},"geometry":{"type":"Polygon","coordinates":[[[114.15979999999999,22.447599999999998],[114.16139999999999,22.447599999999998],[114.16139999999999,22.449199999999998],[114.15979999999999,22.449199999999998],[114.15979999999999,22.447599999999998]]]}},{"type":"Feature","properties":{"id":"lu-nt-tai-po-06-04","class":"urban_open_space","vegetationFraction":0.263,"pavedFraction":0.432,"waterFraction":0.001,"simulated":true},"geometry":{"type":"Polygon","coordinates":[[[114.16139999999999,22.447599999999998],[114.16299999999998,22.447599999999998],[114.16299999999998,22.449199999999998],[114.16139999999999,22.449199999999998],[114.16139999999999,22.447599999999998]]]}},{"type":"Feature","properties":{"id":"lu-nt-tai-po-06-05","class":"green_space","vegetationFraction":0.78,"pavedFraction":0.1,"waterFraction":0.057,"simulated":true},"geometry":{"type":"Polygon","coordinates":[[[114.16299999999998,22.447599999999998],[114.16459999999998,22.447599999999998],[114.16459999999998,22.449199999999998],[114.16299999999998,22.449199999999998],[114.16299999999998,22.447599999999998]]]}},{"type":"Feature","properties":{"id":"lu-nt-tai-po-06-06","class":"green_space","vegetationFraction":0.78,"pavedFraction":0.1,"waterFraction":0.0,"simulated":true},"geometry":{"type":"Polygon","coordinates":[[[114.16459999999998,22.447599999999998],[114.16619999999998,22.447599999999998],[114.16619999999998,22.449199999999998],[114.16459999999998,22.449199999999998],[114.16459999999998,22.447599999999998]]]}},{"type":"Feature","properties":{"id":"lu-nt-tai-po-06-07","class":"green_space","vegetationFraction":0.78,"pavedFraction":0.1,"waterFraction":0.01,"simulated":true},"geometry":{"type":"Polygon","coordinates":[[[114.16619999999998,22.447599999999998],[114.16779999999997,22.447599999999998],[114.16779999999997,22.449199999999998],[114.16619999999998,22.449199999999998],[114.16619999999998,22.447599999999998]]]}},{"type":"Feature","properties":{"id":"lu-nt-tai-po-06-08","class":"green_space","vegetationFraction":0.78,"pavedFraction":0.1,"waterFraction":0.004,"simulated":true},"geometry":{"type":"Polygon","coordinates":[[[114.16779999999997,22.447599999999998],[114.16939999999997,22.447599999999998],[114.16939999999997,22.449199999999998],[114.16779999999997,22.449199999999998],[114.16779999999997,22.447599999999998]]]}},{"type":"Feature","properties":{"id":"lu-nt-tai-po-06-09","class":"green_space","vegetationFraction":0.78,"pavedFraction":0.1,"waterFraction":0.016,"simulated":true},"geometry":{"type":"Polygon","coordinates":[[[114.16939999999997,22.447599999999998],[114.17099999999996,22.447599999999998],[114.17099999999996,22.449199999999998],[114.16939999999997,22.449199999999998],[114.16939999999997,22.447599999999998]]]}},{"type":"Feature","properties":{"id":"lu-nt-tai-po-06-10","class":"green_space","vegetationFraction":0.78,"pavedFraction":0.1,"waterFraction":0.053,"simulated":true},"geometry":{"type":"Polygon","coordinates":[[[114.17099999999996,22.447599999999998],[114.17259999999996,22.447599999999998],[114.17259999999996,22.449199999999998],[114.17099999999996,22.449199999999998],[114.17099999999996,22.447599999999998]]]}},{"type":"Feature","properties":{"id":"lu-nt-tai-po-06-11","class":"urban_open_space","vegetationFraction":0.394,"pavedFraction":0.529,"waterFraction":0.035,"simulated":true},"geometry":{"type":"Polygon","coordinates":[[[114.17259999999996,22.447599999999998],[114.17419999999996,22.447599999999998],[114.17419999999996,22.449199999999998],[114.17259999999996,22.449199999999998],[114.17259999999996,22.447599999999998]]]}},{"type":"Feature","properties":{"id":"lu-nt-tai-po-06-12","class":"urban_open_space","vegetationFraction":0.4,"pavedFraction":0.379,"waterFraction":0.023,"simulated":true},"geometry":{"type":"Polygon","coordinates":[[[114.17419999999996,22.447599999999998],[114.17579999999995,22.447599999999998],[114.17579999999995,22.449199999999998],[114.17419999999996,22.449199999999998],[114.17419999999996,22.447599999999998]]]}},{"type":"Feature","properties":{"id":"lu-nt-tai-po-06-13","class":"urban_open_space","vegetationFraction":0.255,"pavedFraction":0.646,"waterFraction":0.005,"simulated":true},"geometry":{"type":"Polygon","coordinates":[[[114.17579999999995,22.447599999999998],[114.17739999999995,22.447599999999998],[114.17739999999995,22.449199999999998],[114.17579999999995,22.449199999999998],[114.17579999999995,22.447599999999998]]]}},{"type":"Feature","properties":{"id":"lu-nt-tai-po-06-14","class":"urban_open_space","vegetationFraction":0.379,"pavedFraction":0.53,"waterFraction":0.048,"simulated":true},"geometry":{"type":"Polygon","coordinates":[[[114.17739999999995,22.447599999999998],[114.17899999999995,22.447599999999998],[114.17899999999995,22.449199999999998],[114.17739999999995,22.449199999999998],[114.17739999999995,22.447599999999998]]]}},{"type":"Feature","properties":{"id":"lu-nt-tai-po-06-15","class":"urban_open_space","vegetationFraction":0.327,"pavedFraction":0.504,"waterFraction":0.024,"simulated":true},"geometry":{"type":"Polygon","coordinates":[[[114.17899999999995,22.447599999999998],[114.18059999999994,22.447599999999998],[114.18059999999994,22.449199999999998],[114.17899999999995,22.449199999999998],[114.17899999999995,22.447599999999998]]]}},{"type":"Feature","properties":{"id":"lu-nt-tai-po-06-16","class":"built_up","vegetationFraction":0.225,"pavedFraction":0.475,"waterFraction":0.013,"simulated":true},"geometry":{"type":"Polygon","coordinates":[[[114.18059999999994,22.447599999999998],[114.18219999999994,22.447599999999998],[114.18219999999994,22.449199999999998],[114.18059999999994,22.449199999999998],[114.18059999999994,22.447599999999998]]]}},{"type":"Feature","properties":{"id":"lu-nt-tai-po-06-17","class":"urban_open_space","vegetationFraction":0.282,"pavedFraction":0.454,"waterFraction":0.025,"simulated":true},"geometry":{"type":"Polygon","coordinates":[[[114.18219999999994,22.447599999999998],[114.18379999999993,22.447599999999998],[114.18379999999993,22.449199999999998],[114.18219999999994,22.449199999999998],[114.18219999999994,22.447599999999998]]]}},{"type":"Feature","properties":{"id":"lu-nt-tai-po-06-18","class":"built_up","vegetationFraction":0.204,"pavedFraction":0.604,"waterFraction":0.017,"simulated":true},"geometry":{"type":"Polygon","coordinates":[[[114.18379999999993,22.447599999999998],[114.18539999999993,22.447599999999998],[114.18539999999993,22.449199999999998],[114.18379999999993,22.449199999999998],[114.18379999999993,22.447599999999998]]]}},{"type":"Feature","properties":{"id":"lu-nt-tai-po-06-19","class":"urban_open_space","vegetationFraction":0.358,"pavedFraction":0.549,"waterFraction":0.056,"simulated":true},"geometry":{"type":"Polygon","coordinates":[[[114.18539999999993,22.447599999999998],[114.18699999999993,22.447599999999998],[114.18699999999993,22.449199999999998],[114.18539999999993,22.449199999999998],[114.18539999999993,22.447599999999998]]]}},{"type":"Feature","properties":{"id":"lu-nt-tai-po-06-20","class":"built_up","vegetationFraction":0.233,"pavedFraction":0.583,"waterFraction":0.036,"simulated":true},"geometry":{"type":"Polygon","coordinates":[[[114.18699999999993,22.447599999999998],[114.18859999999992,22.447599999999998],[114.18859999999992,22.449199999999998],[114.18699999999993,22.449199999999998],[114.18699999999993,22.447599999999998]]]}},{"type":"Feature","properties":{"id":"lu-nt-tai-po-06-21","class":"green_space","vegetationFraction":0.416,"pavedFraction":0.632,"waterFraction":0.027,"simulated":true},"geometry":{"type":"Polygon","coordinates":[[[114.18859999999992,22.447599999999998],[114.19019999999992,22.447599999999998],[114.19019999999992,22.449199999999998],[114.18859999999992,22.449199999999998],[114.18859999999992,22.447599999999998]]]}},{"type":"Feature","properties":{"id":"lu-nt-tai-po-07-00","class":"urban_open_space","vegetationFraction":0.374,"pavedFraction":0.598,"waterFraction":0.014,"simulated":true},"geometry":{"type":"Polygon","coordinates":[[[114.155,22.449199999999998],[114.1566,22.449199999999998],[114.1566,22.450799999999997],[114.155,22.450799999999997],[114.155,22.449199999999998]]]}},{"type":"Feature","properties":{"id":"lu-nt-tai-po-07-01","class":"urban_open_space","vegetationFraction":0.262,"pavedFraction":0.604,"waterFraction":0.026,"simulated":true},"geometry":{"type":"Polygon","coordinates":[[[114.1566,22.449199999999998],[114.1582,22.449199999999998],[114.1582,22.450799999999997],[114.1566,22.450799999999997],[114.1566,22.449199999999998]]]}},{"type":"Feature","properties":{"id":"lu-nt-tai-po-07-02","class":"urban_open_space","vegetationFraction":0.305,"pavedFraction":0.424,"waterFraction":0.048,"simulated":true},"geometry":{"type":"Polygon","coordinates":[[[114.1582,22.449199999999998],[114.15979999999999,22.449199999999998],[114.15979999999999,22.450799999999997],[114.1582,22.450799999999997],[114.1582,22.449199999999998]]]}},{"type":"Feature","properties":{"id":"lu-nt-tai-po-07-03","class":"built_up","vegetationFraction":0.237,"pavedFraction":0.496,"waterFraction":0.008,"simulated":true},"geometry":{"type":"Polygon","coordinates":[[[114.15979999999999,22.449199999999998],[114.16139999999999,22.449199999999998],[114.16139999999999,22.450799999999997],[114.15979999999999,22.450799999999997],[114.15979999999999,22.449199999999998]]]}},{"type":"Feature","properties":{"id":"lu-nt-tai-po-07-04","class":"urban_open_space","vegetationFraction":0.293,"pavedFraction":0.615,"waterFraction":0.039,"simulated":true},"geometry":{"type":"Polygon","coordinates":[[[114.16139999999999,22.449199999999998],[114.16299999999998,22.449199999999998],[114.16299999999998,22.450799999999997],[114.16139999999999,22.450799999999997],[114.16139999999999,22.449199999999998]]]}},{"type":"Feature","properties":{"id":"lu-nt-tai-po-07-05","class":"green_space","vegetationFraction":0.78,"pavedFraction":0.1,"waterFraction":0.013,"simulated":true},"geometry":{"type":"Polygon","coordinates":[[[114.16299999999998,22.449199999999998],[114.16459999999998,22.449199999999998],[114.16459999999998,22.450799999999997],[114.16299999999998,22.450799999999997],[114.16299999999998,22.449199999999998]]]}},{"type":"Feature","properties":{"id":"lu-nt-tai-po-07-06","class":"green_space","vegetationFraction":0.78,"pavedFraction":0.1,"waterFraction":0.045,"simulated":true},"geometry":{"type":"Polygon","coordinates":[[[114.16459999999998,22.449199999999998],[114.16619999999998,22.449199999999998],[114.16619999999998,22.450799999999997],[114.16459999999998,22.450799999999997],[114.16459999999998,22.449199999999998]]]}},{"type":"Feature","properties":{"id":"lu-nt-tai-po-07-07","class":"green_space","vegetationFraction":0.78,"pavedFraction":0.1,"waterFraction":0.02,"simulated":true},"geometry":{"type":"Polygon","coordinates":[[[114.16619999999998,22.449199999999998],[114.16779999999997,22.449199999999998],[114.16779999999997,22.450799999999997],[114.16619999999998,22.450799999999997],[114.16619999999998,22.449199999999998]]]}},{"type":"Feature","properties":{"id":"lu-nt-tai-po-07-08","class":"green_space","vegetationFraction":0.78,"pavedFraction":0.1,"waterFraction":0.032,"simulated":true},"geometry":{"type":"Polygon","coordinates":[[[114.16779999999997,22.449199999999998],[114.16939999999997,22.449199999999998],[114.16939999999997,22.450799999999997],[114.16779999999997,22.450799999999997],[114.16779999999997,22.449199999999998]]]}},{"type":"Feature","properties":{"id":"lu-nt-tai-po-07-09","class":"green_space","vegetationFraction":0.78,"pavedFraction":0.1,"waterFraction":0.012,"simulated":true},"geometry":{"type":"Polygon","coordinates":[[[114.16939999999997,22.449199999999998],[114.17099999999996,22.449199999999998],[114.17099999999996,22.450799999999997],[114.16939999999997,22.450799999999997],[114.16939999999997,22.449199999999998]]]}},{"type":"Feature","properties":{"id":"lu-nt-tai-po-07-10","class":"green_space","vegetationFraction":0.78,"pavedFraction":0.1,"waterFraction":0.017,"simulated":true},"geometry":{"type":"Polygon","coordinates":[[[114.17099999999996,22.449199999999998],[114.17259999999996,22.449199999999998],[114.17259999999996,22.450799999999997],[114.17099999999996,22.450799999999997],[114.17099999999996,22.449199999999998]]]}},{"type":"Feature","properties":{"id":"lu-nt-tai-po-07-11","class":"built_up","vegetationFraction":0.203,"pavedFraction":0.616,"waterFraction":0.008,"simulated":true},"geometry":{"type":"Polygon","coordinates":[[[114.17259999999996,22.449199999999998],[114.17419999999996,22.449199999999998],[114.17419999999996,22.450799999999997],[114.17259999999996,22.450799999999997],[114.17259999999996,22.449199999999998]]]}},{"type":"Feature","properties":{"id":"lu-nt-tai-po-07-12","class":"green_space","vegetationFraction":0.415,"pavedFraction":0.628,"waterFraction":0.019,"simulated":true},"geometry":{"type":"Polygon","coordinates":[[[114.17419999999996,22.449199999999998],[114.17579999999995,22.449199999999998],[114.17579999999995,22.450799999999997],[114.17419999999996,22.450799999999997],[114.17419999999996,22.449199999999998]]]}},{"type":"Feature","properties":{"id":"lu-nt-tai-po-07-13","class":"urban_open_space","vegetationFraction":0.334,"pavedFraction":0.574,"waterFraction":0.055,"simulated":true},"geometry":{"type":"Polygon","coordinates":[[[114.17579999999995,22.449199999999998],[114.17739999999995,22.449199999999998],[114.17739999999995,22.450799999999997],[114.17579999999995,22.450799999999997],[114.17579999999995,22.449199999999998]]]}},{"type":"Feature","properties":{"id":"lu-nt-tai-po-07-14","class":"urban_open_space","vegetationFraction":0.36,"pavedFraction":0.366,"waterFraction":0.045,"simulated":true},"geometry":{"type":"Polygon","coordinates":[[[114.17739999999995,22.449199999999998],[114.17899999999995,22.449199999999998],[114.17899999999995,22.450799999999997],[114.17739999999995,22.450799999999997],[114.17739999999995,22.449199999999998]]]}},{"type":"Feature","properties":{"id":"lu-nt-tai-po-07-15","class":"built_up","vegetationFraction":0.213,"pavedFraction":0.601,"waterFraction":0.015,"simulated":true},"geometry":{"type":"Polygon","coordinates":[[[114.17899999999995,22.449199999999998],[114.18059999999994,22.449199999999998],[114.18059999999994,22.450799999999997],[114.17899999999995,22.450799999999997],[114.17899999999995,22.449199999999998]]]}},{"type":"Feature","properties":{"id":"lu-nt-tai-po-07-16","class":"urban_open_space","vegetationFraction":0.284,"pavedFraction":0.486,"waterFraction":0.029,"simulated":true},"geometry":{"type":"Polygon","coordinates":[[[114.18059999999994,22.449199999999998],[114.18219999999994,22.449199999999998],[114.18219999999994,22.450799999999997],[114.18059999999994,22.450799999999997],[114.18059999999994,22.449199999999998]]]}},{"type":"Feature","properties":{"id":"lu-nt-tai-po-07-17","class":"green_space","vegetationFraction":0.435,"pavedFraction":0.381,"waterFraction":0.013,"simulated":true},"geometry":{"type":"Polygon","coordinates":[[[114.18219999999994,22.449199999999998],[114.18379999999993,22.449199999999998],[114.18379999999993,22.450799999999997],[114.18219999999994,22.450799999999997],[114.18219999999994,22.449199999999998]]]}},{"type":"Feature","properties":{"id":"lu-nt-tai-po-07-18","class":"urban_open_space","vegetationFraction":0.382,"pavedFraction":0.556,"waterFraction":0.049,"simulated":true},"geometry":{"type":"Polygon","coordinates":[[[114.18379999999993,22.449199999999998],[114.18539999999993,22.449199999999998],[114.18539999999993,22.450799999999997],[114.18379999999993,22.450799999999997],[114.18379999999993,22.449199999999998]]]}},{"type":"Feature","properties":{"id":"lu-nt-tai-po-07-19","class":"urban_open_space","vegetationFraction":0.273,"pavedFraction":0.542,"waterFraction":0.031,"simulated":true},"geometry":{"type":"Polygon","coordinates":[[[114.18539999999993,22.449199999999998],[114.18699999999993,22.449199999999998],[114.18699999999993,22.450799999999997],[114.18539999999993,22.450799999999997],[114.18539999999993,22.449199999999998]]]}},{"type":"Feature","properties":{"id":"lu-nt-tai-po-07-20","class":"urban_open_space","vegetationFraction":0.398,"pavedFraction":0.557,"waterFraction":0.037,"simulated":true},"geometry":{"type":"Polygon","coordinates":[[[114.18699999999993,22.449199999999998],[114.18859999999992,22.449199999999998],[114.18859999999992,22.450799999999997],[114.18699999999993,22.450799999999997],[114.18699999999993,22.449199999999998]]]}},{"type":"Feature","properties":{"id":"lu-nt-tai-po-07-21","class":"urban_open_space","vegetationFraction":0.254,"pavedFraction":0.566,"waterFraction":0.027,"simulated":true},"geometry":{"type":"Polygon","coordinates":[[[114.18859999999992,22.449199999999998],[114.19019999999992,22.449199999999998],[114.19019999999992,22.450799999999997],[114.18859999999992,22.450799999999997],[114.18859999999992,22.449199999999998]]]}},{"type":"Feature","properties":{"id":"lu-nt-tai-po-08-00","class":"green_space","vegetationFraction":0.405,"pavedFraction":0.532,"waterFraction":0.013,"simulated":true},"geometry":{"type":"Polygon","coordinates":[[[114.155,22.450799999999997],[114.1566,22.450799999999997],[114.1566,22.452399999999997],[114.155,22.452399999999997],[114.155,22.450799999999997]]]}},{"type":"Feature","properties":{"id":"lu-nt-tai-po-08-01","class":"urban_open_space","vegetationFraction":0.383,"pavedFraction":0.386,"waterFraction":0.03,"simulated":true},"geometry":{"type":"Polygon","coordinates":[[[114.1566,22.450799999999997],[114.1582,22.450799999999997],[114.1582,22.452399999999997],[114.1566,22.452399999999997],[114.1566,22.450799999999997]]]}},{"type":"Feature","properties":{"id":"lu-nt-tai-po-08-02","class":"urban_open_space","vegetationFraction":0.283,"pavedFraction":0.398,"waterFraction":0.02,"simulated":true},"geometry":{"type":"Polygon","coordinates":[[[114.1582,22.450799999999997],[114.15979999999999,22.450799999999997],[114.15979999999999,22.452399999999997],[114.1582,22.452399999999997],[114.1582,22.450799999999997]]]}},{"type":"Feature","properties":{"id":"lu-nt-tai-po-08-03","class":"built_up","vegetationFraction":0.246,"pavedFraction":0.371,"waterFraction":0.045,"simulated":true},"geometry":{"type":"Polygon","coordinates":[[[114.15979999999999,22.450799999999997],[114.16139999999999,22.450799999999997],[114.16139999999999,22.452399999999997],[114.15979999999999,22.452399999999997],[114.15979999999999,22.450799999999997]]]}},{"type":"Feature","properties":{"id":"lu-nt-tai-po-08-04","class":"green_space","vegetationFraction":0.427,"pavedFraction":0.534,"waterFraction":0.006,"simulated":true},"geometry":{"type":"Polygon","coordinates":[[[114.16139999999999,22.450799999999997],[114.16299999999998,22.450799999999997],[114.16299999999998,22.452399999999997],[114.16139999999999,22.452399999999997],[114.16139999999999,22.450799999999997]]]}},{"type":"Feature","properties":{"id":"lu-nt-tai-po-08-05","class":"green_space","vegetationFraction":0.78,"pavedFraction":0.1,"waterFraction":0.05,"simulated":true},"geometry":{"type":"Polygon","coordinates":[[[114.16299999999998,22.450799999999997],[114.16459999999998,22.450799999999997],[114.16459999999998,22.452399999999997],[114.16299999999998,22.452399999999997],[114.16299999999998,22.450799999999997]]]}},{"type":"Feature","properties":{"id":"lu-nt-tai-po-08-06","class":"green_space","vegetationFraction":0.78,"pavedFraction":0.1,"waterFraction":0.011,"simulated":true},"geometry":{"type":"Polygon","coordinates":[[[114.16459999999998,22.450799999999997],[114.16619999999998,22.450799999999997],[114.16619999999998,22.452399999999997],[114.16459999999998,22.452399999999997],[114.16459999999998,22.450799999999997]]]}},{"type":"Feature","properties":{"id":"lu-nt-tai-po-08-07","class":"green_space","vegetationFraction":0.78,"pavedFraction":0.1,"waterFraction":0.028,"simulated":true},"geometry":{"type":"Polygon","coordinates":[[[114.16619999999998,22.450799999999997],[114.16779999999997,22.450799999999997],[114.16779999999997,22.452399999999997],[114.16619999999998,22.452399999999997],[114.16619999999998,22.450799999999997]]]}},{"type":"Feature","properties":{"id":"lu-nt-tai-po-08-08","class":"green_space","vegetationFraction":0.78,"pavedFraction":0.1,"waterFraction":0.022,"simulated":true},"geometry":{"type":"Polygon","coordinates":[[[114.16779999999997,22.450799999999997],[114.16939999999997,22.450799999999997],[114.16939999999997,22.452399999999997],[114.16779999999997,22.452399999999997],[114.16779999999997,22.450799999999997]]]}},{"type":"Feature","properties":{"id":"lu-nt-tai-po-08-09","class":"green_space","vegetationFraction":0.78,"pavedFraction":0.1,"waterFraction":0.007,"simulated":true},"geometry":{"type":"Polygon","coordinates":[[[114.16939999999997,22.450799999999997],[114.17099999999996,22.450799999999997],[114.17099999999996,22.452399999999997],[114.16939999999997,22.452399999999997],[114.16939999999997,22.450799999999997]]]}},{"type":"Feature","properties":{"id":"lu-nt-tai-po-08-10","class":"green_space","vegetationFraction":0.78,"pavedFraction":0.1,"waterFraction":0.028,"simulated":true},"geometry":{"type":"Polygon","coordinates":[[[114.17099999999996,22.450799999999997],[114.17259999999996,22.450799999999997],[114.17259999999996,22.452399999999997],[114.17099999999996,22.452399999999997],[114.17099999999996,22.450799999999997]]]}},{"type":"Feature","properties":{"id":"lu-nt-tai-po-08-11","class":"green_space","vegetationFraction":0.425,"pavedFraction":0.628,"waterFraction":0.015,"simulated":true},"geometry":{"type":"Polygon","coordinates":[[[114.17259999999996,22.450799999999997],[114.17419999999996,22.450799999999997],[114.17419999999996,22.452399999999997],[114.17259999999996,22.452399999999997],[114.17259999999996,22.450799999999997]]]}},{"type":"Feature","properties":{"id":"lu-nt-tai-po-08-12","class":"urban_open_space","vegetationFraction":0.284,"pavedFraction":0.441,"waterFraction":0.015,"simulated":true},"geometry":{"type":"Polygon","coordinates":[[[114.17419999999996,22.450799999999997],[114.17579999999995,22.450799999999997],[114.17579999999995,22.452399999999997],[114.17419999999996,22.452399999999997],[114.17419999999996,22.450799999999997]]]}},{"type":"Feature","properties":{"id":"lu-nt-tai-po-08-13","class":"urban_open_space","vegetationFraction":0.383,"pavedFraction":0.577,"waterFraction":0.032,"simulated":true},"geometry":{"type":"Polygon","coordinates":[[[114.17579999999995,22.450799999999997],[114.17739999999995,22.450799999999997],[114.17739999999995,22.452399999999997],[114.17579999999995,22.452399999999997],[114.17579999999995,22.450799999999997]]]}},{"type":"Feature","properties":{"id":"lu-nt-tai-po-08-14","class":"urban_open_space","vegetationFraction":0.376,"pavedFraction":0.559,"waterFraction":0.038,"simulated":true},"geometry":{"type":"Polygon","coordinates":[[[114.17739999999995,22.450799999999997],[114.17899999999995,22.450799999999997],[114.17899999999995,22.452399999999997],[114.17739999999995,22.452399999999997],[114.17739999999995,22.450799999999997]]]}},{"type":"Feature","properties":{"id":"lu-nt-tai-po-08-15","class":"built_up","vegetationFraction":0.211,"pavedFraction":0.641,"waterFraction":0.053,"simulated":true},"geometry":{"type":"Polygon","coordinates":[[[114.17899999999995,22.450799999999997],[114.18059999999994,22.450799999999997],[114.18059999999994,22.452399999999997],[114.17899999999995,22.452399999999997],[114.17899999999995,22.450799999999997]]]}},{"type":"Feature","properties":{"id":"lu-nt-tai-po-08-16","class":"urban_open_space","vegetationFraction":0.257,"pavedFraction":0.359,"waterFraction":0.011,"simulated":true},"geometry":{"type":"Polygon","coordinates":[[[114.18059999999994,22.450799999999997],[114.18219999999994,22.450799999999997],[114.18219999999994,22.452399999999997],[114.18059999999994,22.452399999999997],[114.18059999999994,22.450799999999997]]]}},{"type":"Feature","properties":{"id":"lu-nt-tai-po-08-17","class":"urban_open_space","vegetationFraction":0.293,"pavedFraction":0.389,"waterFraction":0.029,"simulated":true},"geometry":{"type":"Polygon","coordinates":[[[114.18219999999994,22.450799999999997],[114.18379999999993,22.450799999999997],[114.18379999999993,22.452399999999997],[114.18219999999994,22.452399999999997],[114.18219999999994,22.450799999999997]]]}},{"type":"Feature","properties":{"id":"lu-nt-tai-po-08-18","class":"urban_open_space","vegetationFraction":0.375,"pavedFraction":0.616,"waterFraction":0.053,"simulated":true},"geometry":{"type":"Polygon","coordinates":[[[114.18379999999993,22.450799999999997],[114.18539999999993,22.450799999999997],[114.18539999999993,22.452399999999997],[114.18379999999993,22.452399999999997],[114.18379999999993,22.450799999999997]]]}},{"type":"Feature","properties":{"id":"lu-nt-tai-po-08-19","class":"green_space","vegetationFraction":0.404,"pavedFraction":0.486,"waterFraction":0.028,"simulated":true},"geometry":{"type":"Polygon","coordinates":[[[114.18539999999993,22.450799999999997],[114.18699999999993,22.450799999999997],[114.18699999999993,22.452399999999997],[114.18539999999993,22.452399999999997],[114.18539999999993,22.450799999999997]]]}},{"type":"Feature","properties":{"id":"lu-nt-tai-po-08-20","class":"urban_open_space","vegetationFraction":0.325,"pavedFraction":0.558,"waterFraction":0.041,"simulated":true},"geometry":{"type":"Polygon","coordinates":[[[114.18699999999993,22.450799999999997],[114.18859999999992,22.450799999999997],[114.18859999999992,22.452399999999997],[114.18699999999993,22.452399999999997],[114.18699999999993,22.450799999999997]]]}},{"type":"Feature","properties":{"id":"lu-nt-tai-po-08-21","class":"urban_open_space","vegetationFraction":0.386,"pavedFraction":0.412,"waterFraction":0.041,"simulated":true},"geometry":{"type":"Polygon","coordinates":[[[114.18859999999992,22.450799999999997],[114.19019999999992,22.450799999999997],[114.19019999999992,22.452399999999997],[114.18859999999992,22.452399999999997],[114.18859999999992,22.450799999999997]]]}},{"type":"Feature","properties":{"id":"lu-nt-tai-po-09-00","class":"built_up","vegetationFraction":0.073,"pavedFraction":0.802,"waterFraction":0.017,"simulated":true},"geometry":{"type":"Polygon","coordinates":[[[114.155,22.452399999999997],[114.1566,22.452399999999997],[114.1566,22.453999999999997],[114.155,22.453999999999997],[114.155,22.452399999999997]]]}},{"type":"Feature","properties":{"id":"lu-nt-tai-po-09-01","class":"built_up","vegetationFraction":0.117,"pavedFraction":0.826,"waterFraction":0.038,"simulated":true},"geometry":{"type":"Polygon","coordinates":[[[114.1566,22.452399999999997],[114.1582,22.452399999999997],[114.1582,22.453999999999997],[114.1566,22.453999999999997],[114.1566,22.452399999999997]]]}},{"type":"Feature","properties":{"id":"lu-nt-tai-po-09-02","class":"built_up","vegetationFraction":0.106,"pavedFraction":0.874,"waterFraction":0.01,"simulated":true},"geometry":{"type":"Polygon","coordinates":[[[114.1582,22.452399999999997],[114.15979999999999,22.452399999999997],[114.15979999999999,22.453999999999997],[114.1582,22.453999999999997],[114.1582,22.452399999999997]]]}},{"type":"Feature","properties":{"id":"lu-nt-tai-po-09-03","class":"built_up","vegetationFraction":0.062,"pavedFraction":0.706,"waterFraction":0.0,"simulated":true},"geometry":{"type":"Polygon","coordinates":[[[114.15979999999999,22.452399999999997],[114.16139999999999,22.452399999999997],[114.16139999999999,22.453999999999997],[114.15979999999999,22.453999999999997],[114.15979999999999,22.452399999999997]]]}},{"type":"Feature","properties":{"id":"lu-nt-tai-po-09-04","class":"built_up","vegetationFraction":0.081,"pavedFraction":0.641,"waterFraction":0.02,"simulated":true},"geometry":{"type":"Polygon","coordinates":[[[114.16139999999999,22.452399999999997],[114.16299999999998,22.452399999999997],[114.16299999999998,22.453999999999997],[114.16139999999999,22.453999999999997],[114.16139999999999,22.452399999999997]]]}},{"type":"Feature","properties":{"id":"lu-nt-tai-po-09-05","class":"green_space","vegetationFraction":0.78,"pavedFraction":0.1,"waterFraction":0.025,"simulated":true},"geometry":{"type":"Polygon","coordinates":[[[114.16299999999998,22.452399999999997],[114.16459999999998,22.452399999999997],[114.16459999999998,22.453999999999997],[114.16299999999998,22.453999999999997],[114.16299999999998,22.452399999999997]]]}},{"type":"Feature","properties":{"id":"lu-nt-tai-po-09-06","class":"green_space","vegetationFraction":0.78,"pavedFraction":0.1,"waterFraction":0.037,"simulated":true},"geometry":{"type":"Polygon","coordinates":[[[114.16459999999998,22.452399999999997],[114.16619999999998,22.452399999999997],[114.16619999999998,22.453999999999997],[114.16459999999998,22.453999999999997],[114.16459999999998,22.452399999999997]]]}},{"type":"Feature","properties":{"id":"lu-nt-tai-po-09-07","class":"green_space","vegetationFraction":0.78,"pavedFraction":0.1,"waterFraction":0.003,"simulated":true},"geometry":{"type":"Polygon","coordinates":[[[114.16619999999998,22.452399999999997],[114.16779999999997,22.452399999999997],[114.16779999999997,22.453999999999997],[114.16619999999998,22.453999999999997],[114.16619999999998,22.452399999999997]]]}},{"type":"Feature","properties":{"id":"lu-nt-tai-po-09-08","class":"green_space","vegetationFraction":0.78,"pavedFraction":0.1,"waterFraction":0.01,"simulated":true},"geometry":{"type":"Polygon","coordinates":[[[114.16779999999997,22.452399999999997],[114.16939999999997,22.452399999999997],[114.16939999999997,22.453999999999997],[114.16779999999997,22.453999999999997],[114.16779999999997,22.452399999999997]]]}},{"type":"Feature","properties":{"id":"lu-nt-tai-po-09-09","class":"green_space","vegetationFraction":0.78,"pavedFraction":0.1,"waterFraction":0.006,"simulated":true},"geometry":{"type":"Polygon","coordinates":[[[114.16939999999997,22.452399999999997],[114.17099999999996,22.452399999999997],[114.17099999999996,22.453999999999997],[114.16939999999997,22.453999999999997],[114.16939999999997,22.452399999999997]]]}},{"type":"Feature","properties":{"id":"lu-nt-tai-po-09-10","class":"green_space","vegetationFraction":0.78,"pavedFraction":0.1,"waterFraction":0.038,"simulated":true},"geometry":{"type":"Polygon","coordinates":[[[114.17099999999996,22.452399999999997],[114.17259999999996,22.452399999999997],[114.17259999999996,22.453999999999997],[114.17099999999996,22.453999999999997],[114.17099999999996,22.452399999999997]]]}},{"type":"Feature","properties":{"id":"lu-nt-tai-po-09-11","class":"built_up","vegetationFraction":0.115,"pavedFraction":0.805,"waterFraction":0.033,"simulated":true},"geometry":{"type":"Polygon","coordinates":[[[114.17259999999996,22.452399999999997],[114.17419999999996,22.452399999999997],[114.17419999999996,22.453999999999997],[114.17259999999996,22.453999999999997],[114.17259999999996,22.452399999999997]]]}},{"type":"Feature","properties":{"id":"lu-nt-tai-po-09-12","class":"built_up","vegetationFraction":0.066,"pavedFraction":0.642,"waterFraction":0.023,"simulated":true},"geometry":{"type":"Polygon","coordinates":[[[114.17419999999996,22.452399999999997],[114.17579999999995,22.452399999999997],[114.17579999999995,22.453999999999997],[114.17419999999996,22.453999999999997],[114.17419999999996,22.452399999999997]]]}},{"type":"Feature","properties":{"id":"lu-nt-tai-po-09-13","class":"built_up","vegetationFraction":0.081,"pavedFraction":0.678,"waterFraction":0.042,"simulated":true},"geometry":{"type":"Polygon","coordinates":[[[114.17579999999995,22.452399999999997],[114.17739999999995,22.452399999999997],[114.17739999999995,22.453999999999997],[114.17579999999995,22.453999999999997],[114.17579999999995,22.452399999999997]]]}},{"type":"Feature","properties":{"id":"lu-nt-tai-po-09-14","class":"built_up","vegetationFraction":0.084,"pavedFraction":0.833,"waterFraction":0.033,"simulated":true},"geometry":{"type":"Polygon","coordinates":[[[114.17739999999995,22.452399999999997],[114.17899999999995,22.452399999999997],[114.17899999999995,22.453999999999997],[114.17739999999995,22.453999999999997],[114.17739999999995,22.452399999999997]]]}},{"type":"Feature","properties":{"id":"lu-nt-tai-po-09-15","class":"built_up","vegetationFraction":0.094,"pavedFraction":0.758,"waterFraction":0.049,"simulated":true},"geometry":{"type":"Polygon","coordinates":[[[114.17899999999995,22.452399999999997],[114.18059999999994,22.452399999999997],[114.18059999999994,22.453999999999997],[114.17899999999995,22.453999999999997],[114.17899999999995,22.452399999999997]]]}},{"type":"Feature","properties":{"id":"lu-nt-tai-po-09-16","class":"built_up","vegetationFraction":0.128,"pavedFraction":0.628,"waterFraction":0.056,"simulated":true},"geometry":{"type":"Polygon","coordinates":[[[114.18059999999994,22.452399999999997],[114.18219999999994,22.452399999999997],[114.18219999999994,22.453999999999997],[114.18059999999994,22.453999999999997],[114.18059999999994,22.452399999999997]]]}},{"type":"Feature","properties":{"id":"lu-nt-tai-po-09-17","class":"built_up","vegetationFraction":0.099,"pavedFraction":0.889,"waterFraction":0.02,"simulated":true},"geometry":{"type":"Polygon","coordinates":[[[114.18219999999994,22.452399999999997],[114.18379999999993,22.452399999999997],[114.18379999999993,22.453999999999997],[114.18219999999994,22.453999999999997],[114.18219999999994,22.452399999999997]]]}},{"type":"Feature","properties":{"id":"lu-nt-tai-po-09-18","class":"built_up","vegetationFraction":0.086,"pavedFraction":0.849,"waterFraction":0.052,"simulated":true},"geometry":{"type":"Polygon","coordinates":[[[114.18379999999993,22.452399999999997],[114.18539999999993,22.452399999999997],[114.18539999999993,22.453999999999997],[114.18379999999993,22.453999999999997],[114.18379999999993,22.452399999999997]]]}},{"type":"Feature","properties":{"id":"lu-nt-tai-po-09-19","class":"built_up","vegetationFraction":0.083,"pavedFraction":0.813,"waterFraction":0.043,"simulated":true},"geometry":{"type":"Polygon","coordinates":[[[114.18539999999993,22.452399999999997],[114.18699999999993,22.452399999999997],[114.18699999999993,22.453999999999997],[114.18539999999993,22.453999999999997],[114.18539999999993,22.452399999999997]]]}},{"type":"Feature","properties":{"id":"lu-nt-tai-po-09-20","class":"built_up","vegetationFraction":0.081,"pavedFraction":0.828,"waterFraction":0.06,"simulated":true},"geometry":{"type":"Polygon","coordinates":[[[114.18699999999993,22.452399999999997],[114.18859999999992,22.452399999999997],[114.18859999999992,22.453999999999997],[114.18699999999993,22.453999999999997],[114.18699999999993,22.452399999999997]]]}},{"type":"Feature","properties":{"id":"lu-nt-tai-po-09-21","class":"built_up","vegetationFraction":0.114,"pavedFraction":0.62,"waterFraction":0.023,"simulated":true},"geometry":{"type":"Polygon","coordinates":[[[114.18859999999992,22.452399999999997],[114.19019999999992,22.452399999999997],[114.19019999999992,22.453999999999997],[114.18859999999992,22.453999999999997],[114.18859999999992,22.452399999999997]]]}},{"type":"Feature","properties":{"id":"lu-nt-tai-po-10-00","class":"built_up","vegetationFraction":0.103,"pavedFraction":0.606,"waterFraction":0.048,"simulated":true},"geometry":{"type":"Polygon","coordinates":[[[114.155,22.453999999999997],[114.1566,22.453999999999997],[114.1566,22.455599999999997],[114.155,22.455599999999997],[114.155,22.453999999999997]]]}},{"type":"Feature","properties":{"id":"lu-nt-tai-po-10-01","class":"built_up","vegetationFraction":0.116,"pavedFraction":0.747,"waterFraction":0.054,"simulated":true},"geometry":{"type":"Polygon","coordinates":[[[114.1566,22.453999999999997],[114.1582,22.453999999999997],[114.1582,22.455599999999997],[114.1566,22.455599999999997],[114.1566,22.453999999999997]]]}},{"type":"Feature","properties":{"id":"lu-nt-tai-po-10-02","class":"built_up","vegetationFraction":0.065,"pavedFraction":0.648,"waterFraction":0.009,"simulated":true},"geometry":{"type":"Polygon","coordinates":[[[114.1582,22.453999999999997],[114.15979999999999,22.453999999999997],[114.15979999999999,22.455599999999997],[114.1582,22.455599999999997],[114.1582,22.453999999999997]]]}},{"type":"Feature","properties":{"id":"lu-nt-tai-po-10-03","class":"built_up","vegetationFraction":0.129,"pavedFraction":0.872,"waterFraction":0.014,"simulated":true},"geometry":{"type":"Polygon","coordinates":[[[114.15979999999999,22.453999999999997],[114.16139999999999,22.453999999999997],[114.16139999999999,22.455599999999997],[114.15979999999999,22.455599999999997],[114.15979999999999,22.453999999999997]]]}},{"type":"Feature","properties":{"id":"lu-nt-tai-po-10-04","class":"built_up","vegetationFraction":0.075,"pavedFraction":0.859,"waterFraction":0.003,"simulated":true},"geometry":{"type":"Polygon","coordinates":[[[114.16139999999999,22.453999999999997],[114.16299999999998,22.453999999999997],[114.16299999999998,22.455599999999997],[114.16139999999999,22.455599999999997],[114.16139999999999,22.453999999999997]]]}},{"type":"Feature","properties":{"id":"lu-nt-tai-po-10-05","class":"built_up","vegetationFraction":0.075,"pavedFraction":0.675,"waterFraction":0.003,"simulated":true},"geometry":{"type":"Polygon","coordinates":[[[114.16299999999998,22.453999999999997],[114.16459999999998,22.453999999999997],[114.16459999999998,22.455599999999997],[114.16299999999998,22.455599999999997],[114.16299999999998,22.453999999999997]]]}},{"type":"Feature","properties":{"id":"lu-nt-tai-po-10-06","class":"built_up","vegetationFraction":0.082,"pavedFraction":0.766,"waterFraction":0.038,"simulated":true},"geometry":{"type":"Polygon","coordinates":[[[114.16459999999998,22.453999999999997],[114.16619999999998,22.453999999999997],[114.16619999999998,22.455599999999997],[114.16459999999998,22.455599999999997],[114.16459999999998,22.453999999999997]]]}},{"type":"Feature","properties":{"id":"lu-nt-tai-po-10-07","class":"built_up","vegetationFraction":0.084,"pavedFraction":0.754,"waterFraction":0.048,"simulated":true},"geometry":{"type":"Polygon","coordinates":[[[114.16619999999998,22.453999999999997],[114.16779999999997,22.453999999999997],[114.16779999999997,22.455599999999997],[114.16619999999998,22.455599999999997],[114.16619999999998,22.453999999999997]]]}},{"type":"Feature","properties":{"id":"lu-nt-tai-po-10-08","class":"built_up","vegetationFraction":0.124,"pavedFraction":0.701,"waterFraction":0.01,"simulated":true},"geometry":{"type":"Polygon","coordinates":[[[114.16779999999997,22.453999999999997],[114.16939999999997,22.453999999999997],[114.16939999999997,22.455599999999997],[114.16779999999997,22.455599999999997],[114.16779999999997,22.453999999999997]]]}},{"type":"Feature","properties":{"id":"lu-nt-tai-po-10-09","class":"built_up","vegetationFraction":0.119,"pavedFraction":0.744,"waterFraction":0.055,"simulated":true},"geometry":{"type":"Polygon","coordinates":[[[114.16939999999997,22.453999999999997],[114.17099999999996,22.453999999999997],[114.17099999999996,22.455599999999997],[114.16939999999997,22.455599999999997],[114.16939999999997,22.453999999999997]]]}},{"type":"Feature","properties":{"id":"lu-nt-tai-po-10-10","class":"built_up","vegetationFraction":0.061,"pavedFraction":0.674,"waterFraction":0.023,"simulated":true},"geometry":{"type":"Polygon","coordinates":[[[114.17099999999996,22.453999999999997],[114.17259999999996,22.453999999999997],[114.17259999999996,22.455599999999997],[114.17099999999996,22.455599999999997],[114.17099999999996,22.453999999999997]]]}},{"type":"Feature","properties":{"id":"lu-nt-tai-po-10-11","class":"built_up","vegetationFraction":0.067,"pavedFraction":0.78,"waterFraction":0.035,"simulated":true},"geometry":{"type":"Polygon","coordinates":[[[114.17259999999996,22.453999999999997],[114.17419999999996,22.453999999999997],[114.17419999999996,22.455599999999997],[114.17259999999996,22.455599999999997],[114.17259999999996,22.453999999999997]]]}},{"type":"Feature","properties":{"id":"lu-nt-tai-po-10-12","class":"built_up","vegetationFraction":0.094,"pavedFraction":0.753,"waterFraction":0.033,"simulated":true},"geometry":{"type":"Polygon","coordinates":[[[114.17419999999996,22.453999999999997],[114.17579999999995,22.453999999999997],[114.17579999999995,22.455599999999997],[114.17419999999996,22.455599999999997],[114.17419999999996,22.453999999999997]]]}},{"type":"Feature","properties":{"id":"lu-nt-tai-po-10-13","class":"built_up","vegetationFraction":0.125,"pavedFraction":0.712,"waterFraction":0.053,"simulated":true},"geometry":{"type":"Polygon","coordinates":[[[114.17579999999995,22.453999999999997],[114.17739999999995,22.453999999999997],[114.17739999999995,22.455599999999997],[114.17579999999995,22.455599999999997],[114.17579999999995,22.453999999999997]]]}},{"type":"Feature","properties":{"id":"lu-nt-tai-po-10-14","class":"built_up","vegetationFraction":0.133,"pavedFraction":0.705,"waterFraction":0.035,"simulated":true},"geometry":{"type":"Polygon","coordinates":[[[114.17739999999995,22.453999999999997],[114.17899999999995,22.453999999999997],[114.17899999999995,22.455599999999997],[114.17739999999995,22.455599999999997],[114.17739999999995,22.453999999999997]]]}},{"type":"Feature","properties":{"id":"lu-nt-tai-po-10-15","class":"built_up","vegetationFraction":0.099,"pavedFraction":0.872,"waterFraction":0.054,"simulated":true},"geometry":{"type":"Polygon","coordinates":[[[114.17899999999995,22.453999999999997],[114.18059999999994,22.453999999999997],[114.18059999999994,22.455599999999997],[114.17899999999995,22.455599999999997],[114.17899999999995,22.453999999999997]]]}},{"type":"Feature","properties":{"id":"lu-nt-tai-po-10-16","class":"built_up","vegetationFraction":0.081,"pavedFraction":0.765,"waterFraction":0.031,"simulated":true},"geometry":{"type":"Polygon","coordinates":[[[114.18059999999994,22.453999999999997],[114.18219999999994,22.453999999999997],[114.18219999999994,22.455599999999997],[114.18059999999994,22.455599999999997],[114.18059999999994,22.453999999999997]]]}},{"type":"Feature","properties":{"id":"lu-nt-tai-po-10-17","class":"built_up","vegetationFraction":0.071,"pavedFraction":0.832,"waterFraction":0.049,"simulated":true},"geometry":{"type":"Polygon","coordinates":[[[114.18219999999994,22.453999999999997],[114.18379999999993,22.453999999999997],[114.18379999999993,22.455599999999997],[114.18219999999994,22.455599999999997],[114.18219999999994,22.453999999999997]]]}},{"type":"Feature","properties":{"id":"lu-nt-tai-po-10-18","class":"built_up","vegetationFraction":0.074,"pavedFraction":0.621,"waterFraction":0.009,"simulated":true},"geometry":{"type":"Polygon","coordinates":[[[114.18379999999993,22.453999999999997],[114.18539999999993,22.453999999999997],[114.18539999999993,22.455599999999997],[114.18379999999993,22.455599999999997],[114.18379999999993,22.453999999999997]]]}},{"type":"Feature","properties":{"id":"lu-nt-tai-po-10-19","class":"built_up","vegetationFraction":0.071,"pavedFraction":0.855,"waterFraction":0.045,"simulated":true},"geometry":{"type":"Polygon","coordinates":[[[114.18539999999993,22.453999999999997],[114.18699999999993,22.453999999999997],[114.18699999999993,22.455599999999997],[114.18539999999993,22.455599999999997],[114.18539999999993,22.453999999999997]]]}},{"type":"Feature","properties":{"id":"lu-nt-tai-po-10-20","class":"built_up","vegetationFraction":0.103,"pavedFraction":0.654,"waterFraction":0.011,"simulated":true},"geometry":{"type":"Polygon","coordinates":[[[114.18699999999993,22.453999999999997],[114.18859999999992,22.453999999999997],[114.18859999999992,22.455599999999997],[114.18699999999993,22.455599999999997],[114.18699999999993,22.453999999999997]]]}},{"type":"Feature","properties":{"id":"lu-nt-tai-po-10-21","class":"built_up","vegetationFraction":0.13,"pavedFraction":0.705,"waterFraction":0.05,"simulated":true},"geometry":{"type":"Polygon","coordinates":[[[114.18859999999992,22.453999999999997],[114.19019999999992,22.453999999999997],[114.19019999999992,22.455599999999997],[114.18859999999992,22.455599999999997],[114.18859999999992,22.453999999999997]]]}},{"type":"Feature","properties":{"id":"lu-nt-tai-po-11-00","class":"built_up","vegetationFraction":0.098,"pavedFraction":0.661,"waterFraction":0.001,"simulated":true},"geometry":{"type":"Polygon","coordinates":[[[114.155,22.455599999999997],[114.1566,22.455599999999997],[114.1566,22.457199999999997],[114.155,22.457199999999997],[114.155,22.455599999999997]]]}},{"type":"Feature","properties":{"id":"lu-nt-tai-po-11-01","class":"built_up","vegetationFraction":0.115,"pavedFraction":0.878,"waterFraction":0.042,"simulated":true},"geometry":{"type":"Polygon","coordinates":[[[114.1566,22.455599999999997],[114.1582,22.455599999999997],[114.1582,22.457199999999997],[114.1566,22.457199999999997],[114.1566,22.455599999999997]]]}},{"type":"Feature","properties":{"id":"lu-nt-tai-po-11-02","class":"built_up","vegetationFraction":0.075,"pavedFraction":0.784,"waterFraction":0.036,"simulated":true},"geometry":{"type":"Polygon","coordinates":[[[114.1582,22.455599999999997],[114.15979999999999,22.455599999999997],[114.15979999999999,22.457199999999997],[114.1582,22.457199999999997],[114.1582,22.455599999999997]]]}},{"type":"Feature","properties":{"id":"lu-nt-tai-po-11-03","class":"built_up","vegetationFraction":0.093,"pavedFraction":0.804,"waterFraction":0.045,"simulated":true},"geometry":{"type":"Polygon","coordinates":[[[114.15979999999999,22.455599999999997],[114.16139999999999,22.455599999999997],[114.16139999999999,22.457199999999997],[114.15979999999999,22.457199999999997],[114.15979999999999,22.455599999999997]]]}},{"type":"Feature","properties":{"id":"lu-nt-tai-po-11-04","class":"built_up","vegetationFraction":0.108,"pavedFraction":0.888,"waterFraction":0.049,"simulated":true},"geometry":{"type":"Polygon","coordinates":[[[114.16139999999999,22.455599999999997],[114.16299999999998,22.455599999999997],[114.16299999999998,22.457199999999997],[114.16139999999999,22.457199999999997],[114.16139999999999,22.455599999999997]]]}},{"type":"Feature","properties":{"id":"lu-nt-tai-po-11-05","class":"built_up","vegetationFraction":0.067,"pavedFraction":0.625,"waterFraction":0.053,"simulated":true},"geometry":{"type":"Polygon","coordinates":[[[114.16299999999998,22.455599999999997],[114.16459999999998,22.455599999999997],[114.16459999999998,22.457199999999997],[114.16299999999998,22.457199999999997],[114.16299999999998,22.455599999999997]]]}},{"type":"Feature","properties":{"id":"lu-nt-tai-po-11-06","class":"built_up","vegetationFraction":0.108,"pavedFraction":0.654,"waterFraction":0.016,"simulated":true},"geometry":{"type":"Polygon","coordinates":[[[114.16459999999998,22.455599999999997],[114.16619999999998,22.455599999999997],[114.16619999999998,22.457199999999997],[114.16459999999998,22.457199999999997],[114.16459999999998,22.455599999999997]]]}},{"type":"Feature","properties":{"id":"lu-nt-tai-po-11-07","class":"built_up","vegetationFraction":0.131,"pavedFraction":0.865,"waterFraction":0.055,"simulated":true},"geometry":{"type":"Polygon","coordinates":[[[114.16619999999998,22.455599999999997],[114.16779999999997,22.455599999999997],[114.16779999999997,22.457199999999997],[114.16619999999998,22.457199999999997],[114.16619999999998,22.455599999999997]]]}},{"type":"Feature","properties":{"id":"lu-nt-tai-po-11-08","class":"built_up","vegetationFraction":0.095,"pavedFraction":0.604,"waterFraction":0.001,"simulated":true},"geometry":{"type":"Polygon","coordinates":[[[114.16779999999997,22.455599999999997],[114.16939999999997,22.455599999999997],[114.16939999999997,22.457199999999997],[114.16779999999997,22.457199999999997],[114.16779999999997,22.455599999999997]]]}},{"type":"Feature","properties":{"id":"lu-nt-tai-po-11-09","class":"built_up","vegetationFraction":0.132,"pavedFraction":0.786,"waterFraction":0.005,"simulated":true},"geometry":{"type":"Polygon","coordinates":[[[114.16939999999997,22.455599999999997],[114.17099999999996,22.455599999999997],[114.17099999999996,22.457199999999997],[114.16939999999997,22.457199999999997],[114.16939999999997,22.455599999999997]]]}},{"type":"Feature","properties":{"id":"lu-nt-tai-po-11-10","class":"built_up","vegetationFraction":0.099,"pavedFraction":0.894,"waterFraction":0.03,"simulated":true},"geometry":{"type":"Polygon","coordinates":[[[114.17099999999996,22.455599999999997],[114.17259999999996,22.455599999999997],[114.17259999999996,22.457199999999997],[114.17099999999996,22.457199999999997],[114.17099999999996,22.455599999999997]]]}},{"type":"Feature","properties":{"id":"lu-nt-tai-po-11-11","class":"built_up","vegetationFraction":0.121,"pavedFraction":0.618,"waterFraction":0.0,"simulated":true},"geometry":{"type":"Polygon","coordinates":[[[114.17259999999996,22.455599999999997],[114.17419999999996,22.455599999999997],[114.17419999999996,22.457199999999997],[114.17259999999996,22.457199999999997],[114.17259999999996,22.455599999999997]]]}},{"type":"Feature","properties":{"id":"lu-nt-tai-po-11-12","class":"built_up","vegetationFraction":0.097,"pavedFraction":0.774,"waterFraction":0.036,"simulated":true},"geometry":{"type":"Polygon","coordinates":[[[114.17419999999996,22.455599999999997],[114.17579999999995,22.455599999999997],[114.17579999999995,22.457199999999997],[114.17419999999996,22.457199999999997],[114.17419999999996,22.455599999999997]]]}},{"type":"Feature","properties":{"id":"lu-nt-tai-po-11-13","class":"built_up","vegetationFraction":0.105,"pavedFraction":0.887,"waterFraction":0.027,"simulated":true},"geometry":{"type":"Polygon","coordinates":[[[114.17579999999995,22.455599999999997],[114.17739999999995,22.455599999999997],[114.17739999999995,22.457199999999997],[114.17579999999995,22.457199999999997],[114.17579999999995,22.455599999999997]]]}},{"type":"Feature","properties":{"id":"lu-nt-tai-po-11-14","class":"built_up","vegetationFraction":0.116,"pavedFraction":0.782,"waterFraction":0.003,"simulated":true},"geometry":{"type":"Polygon","coordinates":[[[114.17739999999995,22.455599999999997],[114.17899999999995,22.455599999999997],[114.17899999999995,22.457199999999997],[114.17739999999995,22.457199999999997],[114.17739999999995,22.455599999999997]]]}},{"type":"Feature","properties":{"id":"lu-nt-tai-po-11-15","class":"built_up","vegetationFraction":0.098,"pavedFraction":0.872,"waterFraction":0.035,"simulated":true},"geometry":{"type":"Polygon","coordinates":[[[114.17899999999995,22.455599999999997],[114.18059999999994,22.455599999999997],[114.18059999999994,22.457199999999997],[114.17899999999995,22.457199999999997],[114.17899999999995,22.455599999999997]]]}},{"type":"Feature","properties":{"id":"lu-nt-tai-po-11-16","class":"built_up","vegetationFraction":0.106,"pavedFraction":0.602,"waterFraction":0.048,"simulated":true},"geometry":{"type":"Polygon","coordinates":[[[114.18059999999994,22.455599999999997],[114.18219999999994,22.455599999999997],[114.18219999999994,22.457199999999997],[114.18059999999994,22.457199999999997],[114.18059999999994,22.455599999999997]]]}},{"type":"Feature","properties":{"id":"lu-nt-tai-po-11-17","class":"built_up","vegetationFraction":0.078,"pavedFraction":0.789,"waterFraction":0.055,"simulated":true},"geometry":{"type":"Polygon","coordinates":[[[114.18219999999994,22.455599999999997],[114.18379999999993,22.455599999999997],[114.18379999999993,22.457199999999997],[114.18219999999994,22.457199999999997],[114.18219999999994,22.455599999999997]]]}},{"type":"Feature","properties":{"id":"lu-nt-tai-po-11-18","class":"built_up","vegetationFraction":0.093,"pavedFraction":0.664,"waterFraction":0.043,"simulated":true},"geometry":{"type":"Polygon","coordinates":[[[114.18379999999993,22.455599999999997],[114.18539999999993,22.455599999999997],[114.18539999999993,22.457199999999997],[114.18379999999993,22.457199999999997],[114.18379999999993,22.455599999999997]]]}},{"type":"Feature","properties":{"id":"lu-nt-tai-po-11-19","class":"built_up","vegetationFraction":0.119,"pavedFraction":0.78,"waterFraction":0.023,"simulated":true},"geometry":{"type":"Polygon","coordinates":[[[114.18539999999993,22.455599999999997],[114.18699999999993,22.455599999999997],[114.18699999999993,22.457199999999997],[114.18539999999993,22.457199999999997],[114.18539999999993,22.455599999999997]]]}},{"type":"Feature","properties":{"id":"lu-nt-tai-po-11-20","class":"built_up","vegetationFraction":0.085,"pavedFraction":0.762,"waterFraction":0.0,"simulated":true},"geometry":{"type":"Polygon","coordinates":[[[114.18699999999993,22.455599999999997],[114.18859999999992,22.455599999999997],[114.18859999999992,22.457199999999997],[114.18699999999993,22.457199999999997],[114.18699999999993,22.455599999999997]]]}},{"type":"Feature","properties":{"id":"lu-nt-tai-po-11-21","class":"built_up","vegetationFraction":0.066,"pavedFraction":0.671,"waterFraction":0.056,"simulated":true},"geometry":{"type":"Polygon","coordinates":[[[114.18859999999992,22.455599999999997],[114.19019999999992,22.455599999999997],[114.19019999999992,22.457199999999997],[114.18859999999992,22.457199999999997],[114.18859999999992,22.455599999999997]]]}},{"type":"Feature","properties":{"id":"lu-nt-tai-po-12-00","class":"built_up","vegetationFraction":0.127,"pavedFraction":0.696,"waterFraction":0.029,"simulated":true},"geometry":{"type":"Polygon","coordinates":[[[114.155,22.457199999999997],[114.1566,22.457199999999997],[114.1566,22.458799999999997],[114.155,22.458799999999997],[114.155,22.457199999999997]]]}},{"type":"Feature","properties":{"id":"lu-nt-tai-po-12-01","class":"built_up","vegetationFraction":0.098,"pavedFraction":0.62,"waterFraction":0.02,"simulated":true},"geometry":{"type":"Polygon","coordinates":[[[114.1566,22.457199999999997],[114.1582,22.457199999999997],[114.1582,22.458799999999997],[114.1566,22.458799999999997],[114.1566,22.457199999999997]]]}},{"type":"Feature","properties":{"id":"lu-nt-tai-po-12-02","class":"built_up","vegetationFraction":0.091,"pavedFraction":0.78,"waterFraction":0.013,"simulated":true},"geometry":{"type":"Polygon","coordinates":[[[114.1582,22.457199999999997],[114.15979999999999,22.457199999999997],[114.15979999999999,22.458799999999997],[114.1582,22.458799999999997],[114.1582,22.457199999999997]]]}},{"type":"Feature","properties":{"id":"lu-nt-tai-po-12-03","class":"built_up","vegetationFraction":0.109,"pavedFraction":0.804,"waterFraction":0.048,"simulated":true},"geometry":{"type":"Polygon","coordinates":[[[114.15979999999999,22.457199999999997],[114.16139999999999,22.457199999999997],[114.16139999999999,22.458799999999997],[114.15979999999999,22.458799999999997],[114.15979999999999,22.457199999999997]]]}},{"type":"Feature","properties":{"id":"lu-nt-tai-po-12-04","class":"built_up","vegetationFraction":0.081,"pavedFraction":0.614,"waterFraction":0.057,"simulated":true},"geometry":{"type":"Polygon","coordinates":[[[114.16139999999999,22.457199999999997],[114.16299999999998,22.457199999999997],[114.16299999999998,22.458799999999997],[114.16139999999999,22.458799999999997],[114.16139999999999,22.457199999999997]]]}},{"type":"Feature","properties":{"id":"lu-nt-tai-po-12-05","class":"built_up","vegetationFraction":0.118,"pavedFraction":0.864,"waterFraction":0.035,"simulated":true},"geometry":{"type":"Polygon","coordinates":[[[114.16299999999998,22.457199999999997],[114.16459999999998,22.457199999999997],[114.16459999999998,22.458799999999997],[114.16299999999998,22.458799999999997],[114.16299999999998,22.457199999999997]]]}},{"type":"Feature","properties":{"id":"lu-nt-tai-po-12-06","class":"built_up","vegetationFraction":0.082,"pavedFraction":0.775,"waterFraction":0.033,"simulated":true},"geometry":{"type":"Polygon","coordinates":[[[114.16459999999998,22.457199999999997],[114.16619999999998,22.457199999999997],[114.16619999999998,22.458799999999997],[114.16459999999998,22.458799999999997],[114.16459999999998,22.457199999999997]]]}},{"type":"Feature","properties":{"id":"lu-nt-tai-po-12-07","class":"built_up","vegetationFraction":0.092,"pavedFraction":0.751,"waterFraction":0.027,"simulated":true},"geometry":{"type":"Polygon","coordinates":[[[114.16619999999998,22.457199999999997],[114.16779999999997,22.457199999999997],[114.16779999999997,22.458799999999997],[114.16619999999998,22.458799999999997],[114.16619999999998,22.457199999999997]]]}},{"type":"Feature","properties":{"id":"lu-nt-tai-po-12-08","class":"built_up","vegetationFraction":0.118,"pavedFraction":0.681,"waterFraction":0.04,"simulated":true},"geometry":{"type":"Polygon","coordinates":[[[114.16779999999997,22.457199999999997],[114.16939999999997,22.457199999999997],[114.16939999999997,22.458799999999997],[114.16779999999997,22.458799999999997],[114.16779999999997,22.457199999999997]]]}},{"type":"Feature","properties":{"id":"lu-nt-tai-po-12-09","class":"built_up","vegetationFraction":0.071,"pavedFraction":0.839,"waterFraction":0.022,"simulated":true},"geometry":{"type":"Polygon","coordinates":[[[114.16939999999997,22.457199999999997],[114.17099999999996,22.457199999999997],[114.17099999999996,22.458799999999997],[114.16939999999997,22.458799999999997],[114.16939999999997,22.457199999999997]]]}},{"type":"Feature","properties":{"id":"lu-nt-tai-po-12-10","class":"built_up","vegetationFraction":0.101,"pavedFraction":0.758,"waterFraction":0.026,"simulated":true},"geometry":{"type":"Polygon","coordinates":[[[114.17099999999996,22.457199999999997],[114.17259999999996,22.457199999999997],[114.17259999999996,22.458799999999997],[114.17099999999996,22.458799999999997],[114.17099999999996,22.457199999999997]]]}},{"type":"Feature","properties":{"id":"lu-nt-tai-po-12-11","class":"built_up","vegetationFraction":0.064,"pavedFraction":0.885,"waterFraction":0.048,"simulated":true},"geometry":{"type":"Polygon","coordinates":[[[114.17259999999996,22.457199999999997],[114.17419999999996,22.457199999999997],[114.17419999999996,22.458799999999997],[114.17259999999996,22.458799999999997],[114.17259999999996,22.457199999999997]]]}},{"type":"Feature","properties":{"id":"lu-nt-tai-po-12-12","class":"built_up","vegetationFraction":0.103,"pavedFraction":0.621,"waterFraction":0.041,"simulated":true},"geometry":{"type":"Polygon","coordinates":[[[114.17419999999996,22.457199999999997],[114.17579999999995,22.457199999999997],[114.17579999999995,22.458799999999997],[114.17419999999996,22.458799999999997],[114.17419999999996,22.457199999999997]]]}},{"type":"Feature","properties":{"id":"lu-nt-tai-po-12-13","class":"built_up","vegetationFraction":0.093,"pavedFraction":0.773,"waterFraction":0.021,"simulated":true},"geometry":{"type":"Polygon","coordinates":[[[114.17579999999995,22.457199999999997],[114.17739999999995,22.457199999999997],[114.17739999999995,22.458799999999997],[114.17579999999995,22.458799999999997],[114.17579999999995,22.457199999999997]]]}},{"type":"Feature","properties":{"id":"lu-nt-tai-po-12-14","class":"built_up","vegetationFraction":0.105,"pavedFraction":0.886,"waterFraction":0.033,"simulated":true},"geometry":{"type":"Polygon","coordinates":[[[114.17739999999995,22.457199999999997],[114.17899999999995,22.457199999999997],[114.17899999999995,22.458799999999997],[114.17739999999995,22.458799999999997],[114.17739999999995,22.457199999999997]]]}},{"type":"Feature","properties":{"id":"lu-nt-tai-po-12-15","class":"built_up","vegetationFraction":0.099,"pavedFraction":0.792,"waterFraction":0.013,"simulated":true},"geometry":{"type":"Polygon","coordinates":[[[114.17899999999995,22.457199999999997],[114.18059999999994,22.457199999999997],[114.18059999999994,22.458799999999997],[114.17899999999995,22.458799999999997],[114.17899999999995,22.457199999999997]]]}},{"type":"Feature","properties":{"id":"lu-nt-tai-po-12-16","class":"built_up","vegetationFraction":0.06,"pavedFraction":0.658,"waterFraction":0.037,"simulated":true},"geometry":{"type":"Polygon","coordinates":[[[114.18059999999994,22.457199999999997],[114.18219999999994,22.457199999999997],[114.18219999999994,22.458799999999997],[114.18059999999994,22.458799999999997],[114.18059999999994,22.457199999999997]]]}},{"type":"Feature","properties":{"id":"lu-nt-tai-po-12-17","class":"built_up","vegetationFraction":0.129,"pavedFraction":0.758,"waterFraction":0.045,"simulated":true},"geometry":{"type":"Polygon","coordinates":[[[114.18219999999994,22.457199999999997],[114.18379999999993,22.457199999999997],[114.18379999999993,22.458799999999997],[114.18219999999994,22.458799999999997],[114.18219999999994,22.457199999999997]]]}},{"type":"Feature","properties":{"id":"lu-nt-tai-po-12-18","class":"built_up","vegetationFraction":0.079,"pavedFraction":0.885,"waterFraction":0.034,"simulated":true},"geometry":{"type":"Polygon","coordinates":[[[114.18379999999993,22.457199999999997],[114.18539999999993,22.457199999999997],[114.18539999999993,22.458799999999997],[114.18379999999993,22.458799999999997],[114.18379999999993,22.457199999999997]]]}},{"type":"Feature","properties":{"id":"lu-nt-tai-po-12-19","class":"built_up","vegetationFraction":0.07,"pavedFraction":0.636,"waterFraction":0.016,"simulated":true},"geometry":{"type":"Polygon","coordinates":[[[114.18539999999993,22.457199999999997],[114.18699999999993,22.457199999999997],[114.18699999999993,22.458799999999997],[114.18539999999993,22.458799999999997],[114.18539999999993,22.457199999999997]]]}},{"type":"Feature","properties":{"id":"lu-nt-tai-po-12-20","class":"built_up","vegetationFraction":0.098,"pavedFraction":0.735,"waterFraction":0.047,"simulated":true},"geometry":{"type":"Polygon","coordinates":[[[114.18699999999993,22.457199999999997],[114.18859999999992,22.457199999999997],[114.18859999999992,22.458799999999997],[114.18699999999993,22.458799999999997],[114.18699999999993,22.457199999999997]]]}},{"type":"Feature","properties":{"id":"lu-nt-tai-po-12-21","class":"built_up","vegetationFraction":0.07,"pavedFraction":0.646,"waterFraction":0.027,"simulated":true},"geometry":{"type":"Polygon","coordinates":[[[114.18859999999992,22.457199999999997],[114.19019999999992,22.457199999999997],[114.19019999999992,22.458799999999997],[114.18859999999992,22.458799999999997],[114.18859999999992,22.457199999999997]]]}},{"type":"Feature","properties":{"id":"lu-nt-tai-po-13-00","class":"green_space","vegetationFraction":0.444,"pavedFraction":0.624,"waterFraction":0.024,"simulated":true},"geometry":{"type":"Polygon","coordinates":[[[114.155,22.458799999999997],[114.1566,22.458799999999997],[114.1566,22.460399999999996],[114.155,22.460399999999996],[114.155,22.458799999999997]]]}},{"type":"Feature","properties":{"id":"lu-nt-tai-po-13-01","class":"urban_open_space","vegetationFraction":0.303,"pavedFraction":0.556,"waterFraction":0.023,"simulated":true},"geometry":{"type":"Polygon","coordinates":[[[114.1566,22.458799999999997],[114.1582,22.458799999999997],[114.1582,22.460399999999996],[114.1566,22.460399999999996],[114.1566,22.458799999999997]]]}},{"type":"Feature","properties":{"id":"lu-nt-tai-po-13-02","class":"urban_open_space","vegetationFraction":0.333,"pavedFraction":0.501,"waterFraction":0.026,"simulated":true},"geometry":{"type":"Polygon","coordinates":[[[114.1582,22.458799999999997],[114.15979999999999,22.458799999999997],[114.15979999999999,22.460399999999996],[114.1582,22.460399999999996],[114.1582,22.458799999999997]]]}},{"type":"Feature","properties":{"id":"lu-nt-tai-po-13-03","class":"green_space","vegetationFraction":0.436,"pavedFraction":0.396,"waterFraction":0.049,"simulated":true},"geometry":{"type":"Polygon","coordinates":[[[114.15979999999999,22.458799999999997],[114.16139999999999,22.458799999999997],[114.16139999999999,22.460399999999996],[114.15979999999999,22.460399999999996],[114.15979999999999,22.458799999999997]]]}},{"type":"Feature","properties":{"id":"lu-nt-tai-po-13-04","class":"green_space","vegetationFraction":0.418,"pavedFraction":0.422,"waterFraction":0.008,"simulated":true},"geometry":{"type":"Polygon","coordinates":[[[114.16139999999999,22.458799999999997],[114.16299999999998,22.458799999999997],[114.16299999999998,22.460399999999996],[114.16139999999999,22.460399999999996],[114.16139999999999,22.458799999999997]]]}},{"type":"Feature","properties":{"id":"lu-nt-tai-po-13-05","class":"built_up","vegetationFraction":0.211,"pavedFraction":0.415,"waterFraction":0.044,"simulated":true},"geometry":{"type":"Polygon","coordinates":[[[114.16299999999998,22.458799999999997],[114.16459999999998,22.458799999999997],[114.16459999999998,22.460399999999996],[114.16299999999998,22.460399999999996],[114.16299999999998,22.458799999999997]]]}},{"type":"Feature","properties":{"id":"lu-nt-tai-po-13-06","class":"urban_open_space","vegetationFraction":0.35,"pavedFraction":0.466,"waterFraction":0.024,"simulated":true},"geometry":{"type":"Polygon","coordinates":[[[114.16459999999998,22.458799999999997],[114.16619999999998,22.458799999999997],[114.16619999999998,22.460399999999996],[114.16459999999998,22.460399999999996],[114.16459999999998,22.458799999999997]]]}},{"type":"Feature","properties":{"id":"lu-nt-tai-po-13-07","class":"built_up","vegetationFraction":0.214,"pavedFraction":0.575,"waterFraction":0.056,"simulated":true},"geometry":{"type":"Polygon","coordinates":[[[114.16619999999998,22.458799999999997],[114.16779999999997,22.458799999999997],[114.16779999999997,22.460399999999996],[114.16619999999998,22.460399999999996],[114.16619999999998,22.458799999999997]]]}},{"type":"Feature","properties":{"id":"lu-nt-tai-po-13-08","class":"urban_open_space","vegetationFraction":0.333,"pavedFraction":0.516,"waterFraction":0.057,"simulated":true},"geometry":{"type":"Polygon","coordinates":[[[114.16779999999997,22.458799999999997],[114.16939999999997,22.458799999999997],[114.16939999999997,22.460399999999996],[114.16779999999997,22.460399999999996],[114.16779999999997,22.458799999999997]]]}},{"type":"Feature","properties":{"id":"lu-nt-tai-po-13-09","class":"green_space","vegetationFraction":0.434,"pavedFraction":0.461,"waterFraction":0.044,"simulated":true},"geometry":{"type":"Polygon","coordinates":[[[114.16939999999997,22.458799999999997],[114.17099999999996,22.458799999999997],[114.17099999999996,22.460399999999996],[114.16939999999997,22.460399999999996],[114.16939999999997,22.458799999999997]]]}},{"type":"Feature","properties":{"id":"lu-nt-tai-po-13-10","class":"urban_open_space","vegetationFraction":0.341,"pavedFraction":0.492,"waterFraction":0.012,"simulated":true},"geometry":{"type":"Polygon","coordinates":[[[114.17099999999996,22.458799999999997],[114.17259999999996,22.458799999999997],[114.17259999999996,22.460399999999996],[114.17099999999996,22.460399999999996],[114.17099999999996,22.458799999999997]]]}},{"type":"Feature","properties":{"id":"lu-nt-tai-po-13-11","class":"urban_open_space","vegetationFraction":0.375,"pavedFraction":0.621,"waterFraction":0.051,"simulated":true},"geometry":{"type":"Polygon","coordinates":[[[114.17259999999996,22.458799999999997],[114.17419999999996,22.458799999999997],[114.17419999999996,22.460399999999996],[114.17259999999996,22.460399999999996],[114.17259999999996,22.458799999999997]]]}},{"type":"Feature","properties":{"id":"lu-nt-tai-po-13-12","class":"urban_open_space","vegetationFraction":0.368,"pavedFraction":0.352,"waterFraction":0.06,"simulated":true},"geometry":{"type":"Polygon","coordinates":[[[114.17419999999996,22.458799999999997],[114.17579999999995,22.458799999999997],[114.17579999999995,22.460399999999996],[114.17419999999996,22.460399999999996],[114.17419999999996,22.458799999999997]]]}},{"type":"Feature","properties":{"id":"lu-nt-tai-po-13-13","class":"urban_open_space","vegetationFraction":0.258,"pavedFraction":0.444,"waterFraction":0.016,"simulated":true},"geometry":{"type":"Polygon","coordinates":[[[114.17579999999995,22.458799999999997],[114.17739999999995,22.458799999999997],[114.17739999999995,22.460399999999996],[114.17579999999995,22.460399999999996],[114.17579999999995,22.458799999999997]]]}},{"type":"Feature","properties":{"id":"lu-nt-tai-po-13-14","class":"urban_open_space","vegetationFraction":0.397,"pavedFraction":0.632,"waterFraction":0.048,"simulated":true},"geometry":{"type":"Polygon","coordinates":[[[114.17739999999995,22.458799999999997],[114.17899999999995,22.458799999999997],[114.17899999999995,22.460399999999996],[114.17739999999995,22.460399999999996],[114.17739999999995,22.458799999999997]]]}},{"type":"Feature","properties":{"id":"lu-nt-tai-po-13-15","class":"green_space","vegetationFraction":0.404,"pavedFraction":0.604,"waterFraction":0.017,"simulated":true},"geometry":{"type":"Polygon","coordinates":[[[114.17899999999995,22.458799999999997],[114.18059999999994,22.458799999999997],[114.18059999999994,22.460399999999996],[114.17899999999995,22.460399999999996],[114.17899999999995,22.458799999999997]]]}},{"type":"Feature","properties":{"id":"lu-nt-tai-po-13-16","class":"urban_open_space","vegetationFraction":0.267,"pavedFraction":0.591,"waterFraction":0.004,"simulated":true},"geometry":{"type":"Polygon","coordinates":[[[114.18059999999994,22.458799999999997],[114.18219999999994,22.458799999999997],[114.18219999999994,22.460399999999996],[114.18059999999994,22.460399999999996],[114.18059999999994,22.458799999999997]]]}},{"type":"Feature","properties":{"id":"lu-nt-tai-po-13-17","class":"urban_open_space","vegetationFraction":0.396,"pavedFraction":0.471,"waterFraction":0.012,"simulated":true},"geometry":{"type":"Polygon","coordinates":[[[114.18219999999994,22.458799999999997],[114.18379999999993,22.458799999999997],[114.18379999999993,22.460399999999996],[114.18219999999994,22.460399999999996],[114.18219999999994,22.458799999999997]]]}},{"type":"Feature","properties":{"id":"lu-nt-tai-po-13-18","class":"built_up","vegetationFraction":0.206,"pavedFraction":0.611,"waterFraction":0.049,"simulated":true},"geometry":{"type":"Polygon","coordinates":[[[114.18379999999993,22.458799999999997],[114.18539999999993,22.458799999999997],[114.18539999999993,22.460399999999996],[114.18379999999993,22.460399999999996],[114.18379999999993,22.458799999999997]]]}},{"type":"Feature","properties":{"id":"lu-nt-tai-po-13-19","class":"urban_open_space","vegetationFraction":0.268,"pavedFraction":0.551,"waterFraction":0.058,"simulated":true},"geometry":{"type":"Polygon","coordinates":[[[114.18539999999993,22.458799999999997],[114.18699999999993,22.458799999999997],[114.18699999999993,22.460399999999996],[114.18539999999993,22.460399999999996],[114.18539999999993,22.458799999999997]]]}},{"type":"Feature","properties":{"id":"lu-nt-tai-po-13-20","class":"urban_open_space","vegetationFraction":0.279,"pavedFraction":0.47,"waterFraction":0.047,"simulated":true},"geometry":{"type":"Polygon","coordinates":[[[114.18699999999993,22.458799999999997],[114.18859999999992,22.458799999999997],[114.18859999999992,22.460399999999996],[114.18699999999993,22.460399999999996],[114.18699999999993,22.458799999999997]]]}},{"type":"Feature","properties":{"id":"lu-nt-tai-po-13-21","class":"urban_open_space","vegetationFraction":0.387,"pavedFraction":0.394,"waterFraction":0.031,"simulated":true},"geometry":{"type":"Polygon","coordinates":[[[114.18859999999992,22.458799999999997],[114.19019999999992,22.458799999999997],[114.19019999999992,22.460399999999996],[114.18859999999992,22.460399999999996],[114.18859999999992,22.458799999999997]]]}},{"type":"Feature","properties":{"id":"lu-nt-tai-po-14-00","class":"urban_open_space","vegetationFraction":0.324,"pavedFraction":0.469,"waterFraction":0.002,"simulated":true},"geometry":{"type":"Polygon","coordinates":[[[114.155,22.460399999999996],[114.1566,22.460399999999996],[114.1566,22.461999999999996],[114.155,22.461999999999996],[114.155,22.460399999999996]]]}},{"type":"Feature","properties":{"id":"lu-nt-tai-po-14-01","class":"urban_open_space","vegetationFraction":0.352,"pavedFraction":0.505,"waterFraction":0.014,"simulated":true},"geometry":{"type":"Polygon","coordinates":[[[114.1566,22.460399999999996],[114.1582,22.460399999999996],[114.1582,22.461999999999996],[114.1566,22.461999999999996],[114.1566,22.460399999999996]]]}},{"type":"Feature","properties":{"id":"lu-nt-tai-po-14-02","class":"urban_open_space","vegetationFraction":0.376,"pavedFraction":0.379,"waterFraction":0.042,"simulated":true},"geometry":{"type":"Polygon","coordinates":[[[114.1582,22.460399999999996],[114.15979999999999,22.460399999999996],[114.15979999999999,22.461999999999996],[114.1582,22.461999999999996],[114.1582,22.460399999999996]]]}},{"type":"Feature","properties":{"id":"lu-nt-tai-po-14-03","class":"built_up","vegetationFraction":0.233,"pavedFraction":0.618,"waterFraction":0.039,"simulated":true},"geometry":{"type":"Polygon","coordinates":[[[114.15979999999999,22.460399999999996],[114.16139999999999,22.460399999999996],[114.16139999999999,22.461999999999996],[114.15979999999999,22.461999999999996],[114.15979999999999,22.460399999999996]]]}},{"type":"Feature","properties":{"id":"lu-nt-tai-po-14-04","class":"urban_open_space","vegetationFraction":0.27,"pavedFraction":0.451,"waterFraction":0.017,"simulated":true},"geometry":{"type":"Polygon","coordinates":[[[114.16139999999999,22.460399999999996],[114.16299999999998,22.460399999999996],[114.16299999999998,22.461999999999996],[114.16139999999999,22.461999999999996],[114.16139999999999,22.460399999999996]]]}},{"type":"Feature","properties":{"id":"lu-nt-tai-po-14-05","class":"urban_open_space","vegetationFraction":0.268,"pavedFraction":0.512,"waterFraction":0.044,"simulated":true},"geometry":{"type":"Polygon","coordinates":[[[114.16299999999998,22.460399999999996],[114.16459999999998,22.460399999999996],[114.16459999999998,22.461999999999996],[114.16299999999998,22.461999999999996],[114.16299999999998,22.460399999999996]]]}},{"type":"Feature","properties":{"id":"lu-nt-tai-po-14-06","class":"built_up","vegetationFraction":0.204,"pavedFraction":0.615,"waterFraction":0.052,"simulated":true},"geometry":{"type":"Polygon","coordinates":[[[114.16459999999998,22.460399999999996],[114.16619999999998,22.460399999999996],[114.16619999999998,22.461999999999996],[114.16459999999998,22.461999999999996],[114.16459999999998,22.460399999999996]]]}},{"type":"Feature","properties":{"id":"lu-nt-tai-po-14-07","class":"urban_open_space","vegetationFraction":0.282,"pavedFraction":0.57,"waterFraction":0.005,"simulated":true},"geometry":{"type":"Polygon","coordinates":[[[114.16619999999998,22.460399999999996],[114.16779999999997,22.460399999999996],[114.16779999999997,22.461999999999996],[114.16619999999998,22.461999999999996],[114.16619999999998,22.460399999999996]]]}},{"type":"Feature","properties":{"id":"lu-nt-tai-po-14-08","class":"built_up","vegetationFraction":0.203,"pavedFraction":0.524,"waterFraction":0.013,"simulated":true},"geometry":{"type":"Polygon","coordinates":[[[114.16779999999997,22.460399999999996],[114.16939999999997,22.460399999999996],[114.16939999999997,22.461999999999996],[114.16779999999997,22.461999999999996],[114.16779999999997,22.460399999999996]]]}},{"type":"Feature","properties":{"id":"lu-nt-tai-po-14-09","class":"green_space","vegetationFraction":0.448,"pavedFraction":0.637,"waterFraction":0.02,"simulated":true},"geometry":{"type":"Polygon","coordinates":[[[114.16939999999997,22.460399999999996],[114.17099999999996,22.460399999999996],[114.17099999999996,22.461999999999996],[114.16939999999997,22.461999999999996],[114.16939999999997,22.460399999999996]]]}},{"type":"Feature","properties":{"id":"lu-nt-tai-po-14-10","class":"green_space","vegetationFraction":0.414,"pavedFraction":0.421,"waterFraction":0.031,"simulated":true},"geometry":{"type":"Polygon","coordinates":[[[114.17099999999996,22.460399999999996],[114.17259999999996,22.460399999999996],[114.17259999999996,22.461999999999996],[114.17099999999996,22.461999999999996],[114.17099999999996,22.460399999999996]]]}},{"type":"Feature","properties":{"id":"lu-nt-tai-po-14-11","class":"urban_open_space","vegetationFraction":0.345,"pavedFraction":0.47,"waterFraction":0.036,"simulated":true},"geometry":{"type":"Polygon","coordinates":[[[114.17259999999996,22.460399999999996],[114.17419999999996,22.460399999999996],[114.17419999999996,22.461999999999996],[114.17259999999996,22.461999999999996],[114.17259999999996,22.460399999999996]]]}},{"type":"Feature","properties":{"id":"lu-nt-tai-po-14-12","class":"built_up","vegetationFraction":0.222,"pavedFraction":0.649,"waterFraction":0.009,"simulated":true},"geometry":{"type":"Polygon","coordinates":[[[114.17419999999996,22.460399999999996],[114.17579999999995,22.460399999999996],[114.17579999999995,22.461999999999996],[114.17419999999996,22.461999999999996],[114.17419999999996,22.460399999999996]]]}},{"type":"Feature","properties":{"id":"lu-nt-tai-po-14-13","class":"urban_open_space","vegetationFraction":0.385,"pavedFraction":0.435,"waterFraction":0.015,"simulated":true},"geometry":{"type":"Polygon","coordinates":[[[114.17579999999995,22.460399999999996],[114.17739999999995,22.460399999999996],[114.17739999999995,22.461999999999996],[114.17579999999995,22.461999999999996],[114.17579999999995,22.460399999999996]]]}},{"type":"Feature","properties":{"id":"lu-nt-tai-po-14-14","class":"urban_open_space","vegetationFraction":0.386,"pavedFraction":0.581,"waterFraction":0.046,"simulated":true},"geometry":{"type":"Polygon","coordinates":[[[114.17739999999995,22.460399999999996],[114.17899999999995,22.460399999999996],[114.17899999999995,22.461999999999996],[114.17739999999995,22.461999999999996],[114.17739999999995,22.460399999999996]]]}},{"type":"Feature","properties":{"id":"lu-nt-tai-po-14-15","class":"green_space","vegetationFraction":0.433,"pavedFraction":0.462,"waterFraction":0.027,"simulated":true},"geometry":{"type":"Polygon","coordinates":[[[114.17899999999995,22.460399999999996],[114.18059999999994,22.460399999999996],[114.18059999999994,22.461999999999996],[114.17899999999995,22.461999999999996],[114.17899999999995,22.460399999999996]]]}},{"type":"Feature","properties":{"id":"lu-nt-tai-po-14-16","class":"urban_open_space","vegetationFraction":0.261,"pavedFraction":0.616,"waterFraction":0.024,"simulated":true},"geometry":{"type":"Polygon","coordinates":[[[114.18059999999994,22.460399999999996],[114.18219999999994,22.460399999999996],[114.18219999999994,22.461999999999996],[114.18059999999994,22.461999999999996],[114.18059999999994,22.460399999999996]]]}},{"type":"Feature","properties":{"id":"lu-nt-tai-po-14-17","class":"urban_open_space","vegetationFraction":0.305,"pavedFraction":0.442,"waterFraction":0.044,"simulated":true},"geometry":{"type":"Polygon","coordinates":[[[114.18219999999994,22.460399999999996],[114.18379999999993,22.460399999999996],[114.18379999999993,22.461999999999996],[114.18219999999994,22.461999999999996],[114.18219999999994,22.460399999999996]]]}},{"type":"Feature","properties":{"id":"lu-nt-tai-po-14-18","class":"urban_open_space","vegetationFraction":0.379,"pavedFraction":0.569,"waterFraction":0.02,"simulated":true},"geometry":{"type":"Polygon","coordinates":[[[114.18379999999993,22.460399999999996],[114.18539999999993,22.460399999999996],[114.18539999999993,22.461999999999996],[114.18379999999993,22.461999999999996],[114.18379999999993,22.460399999999996]]]}},{"type":"Feature","properties":{"id":"lu-nt-tai-po-14-19","class":"built_up","vegetationFraction":0.202,"pavedFraction":0.517,"waterFraction":0.04,"simulated":true},"geometry":{"type":"Polygon","coordinates":[[[114.18539999999993,22.460399999999996],[114.18699999999993,22.460399999999996],[114.18699999999993,22.461999999999996],[114.18539999999993,22.461999999999996],[114.18539999999993,22.460399999999996]]]}},{"type":"Feature","properties":{"id":"lu-nt-tai-po-14-20","class":"urban_open_space","vegetationFraction":0.331,"pavedFraction":0.537,"waterFraction":0.022,"simulated":true},"geometry":{"type":"Polygon","coordinates":[[[114.18699999999993,22.460399999999996],[114.18859999999992,22.460399999999996],[114.18859999999992,22.461999999999996],[114.18699999999993,22.461999999999996],[114.18699999999993,22.460399999999996]]]}},{"type":"Feature","properties":{"id":"lu-nt-tai-po-14-21","class":"urban_open_space","vegetationFraction":0.256,"pavedFraction":0.562,"waterFraction":0.059,"simulated":true},"geometry":{"type":"Polygon","coordinates":[[[114.18859999999992,22.460399999999996],[114.19019999999992,22.460399999999996],[114.19019999999992,22.461999999999996],[114.18859999999992,22.461999999999996],[114.18859999999992,22.460399999999996]]]}},{"type":"Feature","properties":{"id":"lu-nt-tai-po-15-00","class":"urban_open_space","vegetationFraction":0.379,"pavedFraction":0.441,"waterFraction":0.048,"simulated":true},"geometry":{"type":"Polygon","coordinates":[[[114.155,22.461999999999996],[114.1566,22.461999999999996],[114.1566,22.463599999999996],[114.155,22.463599999999996],[114.155,22.461999999999996]]]}},{"type":"Feature","properties":{"id":"lu-nt-tai-po-15-01","class":"built_up","vegetationFraction":0.225,"pavedFraction":0.559,"waterFraction":0.034,"simulated":true},"geometry":{"type":"Polygon","coordinates":[[[114.1566,22.461999999999996],[114.1582,22.461999999999996],[114.1582,22.463599999999996],[114.1566,22.463599999999996],[114.1566,22.461999999999996]]]}},{"type":"Feature","properties":{"id":"lu-nt-tai-po-15-02","class":"green_space","vegetationFraction":0.443,"pavedFraction":0.437,"waterFraction":0.032,"simulated":true},"geometry":{"type":"Polygon","coordinates":[[[114.1582,22.461999999999996],[114.15979999999999,22.461999999999996],[114.15979999999999,22.463599999999996],[114.1582,22.463599999999996],[114.1582,22.461999999999996]]]}},{"type":"Feature","properties":{"id":"lu-nt-tai-po-15-03","class":"built_up","vegetationFraction":0.218,"pavedFraction":0.561,"waterFraction":0.007,"simulated":true},"geometry":{"type":"Polygon","coordinates":[[[114.15979999999999,22.461999999999996],[114.16139999999999,22.461999999999996],[114.16139999999999,22.463599999999996],[114.15979999999999,22.463599999999996],[114.15979999999999,22.461999999999996]]]}},{"type":"Feature","properties":{"id":"lu-nt-tai-po-15-04","class":"urban_open_space","vegetationFraction":0.288,"pavedFraction":0.648,"waterFraction":0.046,"simulated":true},"geometry":{"type":"Polygon","coordinates":[[[114.16139999999999,22.461999999999996],[114.16299999999998,22.461999999999996],[114.16299999999998,22.463599999999996],[114.16139999999999,22.463599999999996],[114.16139999999999,22.461999999999996]]]}},{"type":"Feature","properties":{"id":"lu-nt-tai-po-15-05","class":"urban_open_space","vegetationFraction":0.307,"pavedFraction":0.472,"waterFraction":0.002,"simulated":true},"geometry":{"type":"Polygon","coordinates":[[[114.16299999999998,22.461999999999996],[114.16459999999998,22.461999999999996],[114.16459999999998,22.463599999999996],[114.16299999999998,22.463599999999996],[114.16299999999998,22.461999999999996]]]}},{"type":"Feature","properties":{"id":"lu-nt-tai-po-15-06","class":"urban_open_space","vegetationFraction":0.361,"pavedFraction":0.536,"waterFraction":0.022,"simulated":true},"geometry":{"type":"Polygon","coordinates":[[[114.16459999999998,22.461999999999996],[114.16619999999998,22.461999999999996],[114.16619999999998,22.463599999999996],[114.16459999999998,22.463599999999996],[114.16459999999998,22.461999999999996]]]}},{"type":"Feature","properties":{"id":"lu-nt-tai-po-15-07","class":"urban_open_space","vegetationFraction":0.356,"pavedFraction":0.469,"waterFraction":0.048,"simulated":true},"geometry":{"type":"Polygon","coordinates":[[[114.16619999999998,22.461999999999996],[114.16779999999997,22.461999999999996],[114.16779999999997,22.463599999999996],[114.16619999999998,22.463599999999996],[114.16619999999998,22.461999999999996]]]}},{"type":"Feature","properties":{"id":"lu-nt-tai-po-15-08","class":"urban_open_space","vegetationFraction":0.351,"pavedFraction":0.532,"waterFraction":0.036,"simulated":true},"geometry":{"type":"Polygon","coordinates":[[[114.16779999999997,22.461999999999996],[114.16939999999997,22.461999999999996],[114.16939999999997,22.463599999999996],[114.16779999999997,22.463599999999996],[114.16779999999997,22.461999999999996]]]}},{"type":"Feature","properties":{"id":"lu-nt-tai-po-15-09","class":"built_up","vegetationFraction":0.219,"pavedFraction":0.515,"waterFraction":0.041,"simulated":true},"geometry":{"type":"Polygon","coordinates":[[[114.16939999999997,22.461999999999996],[114.17099999999996,22.461999999999996],[114.17099999999996,22.463599999999996],[114.16939999999997,22.463599999999996],[114.16939999999997,22.461999999999996]]]}},{"type":"Feature","properties":{"id":"lu-nt-tai-po-15-10","class":"urban_open_space","vegetationFraction":0.254,"pavedFraction":0.609,"waterFraction":0.047,"simulated":true},"geometry":{"type":"Polygon","coordinates":[[[114.17099999999996,22.461999999999996],[114.17259999999996,22.461999999999996],[114.17259999999996,22.463599999999996],[114.17099999999996,22.463599999999996],[114.17099999999996,22.461999999999996]]]}},{"type":"Feature","properties":{"id":"lu-nt-tai-po-15-11","class":"urban_open_space","vegetationFraction":0.258,"pavedFraction":0.635,"waterFraction":0.043,"simulated":true},"geometry":{"type":"Polygon","coordinates":[[[114.17259999999996,22.461999999999996],[114.17419999999996,22.461999999999996],[114.17419999999996,22.463599999999996],[114.17259999999996,22.463599999999996],[114.17259999999996,22.461999999999996]]]}},{"type":"Feature","properties":{"id":"lu-nt-tai-po-15-12","class":"urban_open_space","vegetationFraction":0.319,"pavedFraction":0.418,"waterFraction":0.045,"simulated":true},"geometry":{"type":"Polygon","coordinates":[[[114.17419999999996,22.461999999999996],[114.17579999999995,22.461999999999996],[114.17579999999995,22.463599999999996],[114.17419999999996,22.463599999999996],[114.17419999999996,22.461999999999996]]]}},{"type":"Feature","properties":{"id":"lu-nt-tai-po-15-13","class":"urban_open_space","vegetationFraction":0.303,"pavedFraction":0.594,"waterFraction":0.025,"simulated":true},"geometry":{"type":"Polygon","coordinates":[[[114.17579999999995,22.461999999999996],[114.17739999999995,22.461999999999996],[114.17739999999995,22.463599999999996],[114.17579999999995,22.463599999999996],[114.17579999999995,22.461999999999996]]]}},{"type":"Feature","properties":{"id":"lu-nt-tai-po-15-14","class":"urban_open_space","vegetationFraction":0.362,"pavedFraction":0.455,"waterFraction":0.022,"simulated":true},"geometry":{"type":"Polygon","coordinates":[[[114.17739999999995,22.461999999999996],[114.17899999999995,22.461999999999996],[114.17899999999995,22.463599999999996],[114.17739999999995,22.463599999999996],[114.17739999999995,22.461999999999996]]]}},{"type":"Feature","properties":{"id":"lu-nt-tai-po-15-15","class":"urban_open_space","vegetationFraction":0.353,"pavedFraction":0.379,"waterFraction":0.017,"simulated":true},"geometry":{"type":"Polygon","coordinates":[[[114.17899999999995,22.461999999999996],[114.18059999999994,22.461999999999996],[114.18059999999994,22.463599999999996],[114.17899999999995,22.463599999999996],[114.17899999999995,22.461999999999996]]]}},{"type":"Feature","properties":{"id":"lu-nt-tai-po-15-16","class":"urban_open_space","vegetationFraction":0.368,"pavedFraction":0.448,"waterFraction":0.017,"simulated":true},"geometry":{"type":"Polygon","coordinates":[[[114.18059999999994,22.461999999999996],[114.18219999999994,22.461999999999996],[114.18219999999994,22.463599999999996],[114.18059999999994,22.463599999999996],[114.18059999999994,22.461999999999996]]]}},{"type":"Feature","properties":{"id":"lu-nt-tai-po-15-17","class":"green_space","vegetationFraction":0.417,"pavedFraction":0.548,"waterFraction":0.016,"simulated":true},"geometry":{"type":"Polygon","coordinates":[[[114.18219999999994,22.461999999999996],[114.18379999999993,22.461999999999996],[114.18379999999993,22.463599999999996],[114.18219999999994,22.463599999999996],[114.18219999999994,22.461999999999996]]]}},{"type":"Feature","properties":{"id":"lu-nt-tai-po-15-18","class":"urban_open_space","vegetationFraction":0.386,"pavedFraction":0.484,"waterFraction":0.056,"simulated":true},"geometry":{"type":"Polygon","coordinates":[[[114.18379999999993,22.461999999999996],[114.18539999999993,22.461999999999996],[114.18539999999993,22.463599999999996],[114.18379999999993,22.463599999999996],[114.18379999999993,22.461999999999996]]]}},{"type":"Feature","properties":{"id":"lu-nt-tai-po-15-19","class":"urban_open_space","vegetationFraction":0.292,"pavedFraction":0.416,"waterFraction":0.05,"simulated":true},"geometry":{"type":"Polygon","coordinates":[[[114.18539999999993,22.461999999999996],[114.18699999999993,22.461999999999996],[114.18699999999993,22.463599999999996],[114.18539999999993,22.463599999999996],[114.18539999999993,22.461999999999996]]]}},{"type":"Feature","properties":{"id":"lu-nt-tai-po-15-20","class":"urban_open_space","vegetationFraction":0.382,"pavedFraction":0.589,"waterFraction":0.046,"simulated":true},"geometry":{"type":"Polygon","coordinates":[[[114.18699999999993,22.461999999999996],[114.18859999999992,22.461999999999996],[114.18859999999992,22.463599999999996],[114.18699999999993,22.463599999999996],[114.18699999999993,22.461999999999996]]]}},{"type":"Feature","properties":{"id":"lu-nt-tai-po-15-21","class":"urban_open_space","vegetationFraction":0.309,"pavedFraction":0.358,"waterFraction":0.009,"simulated":true},"geometry":{"type":"Polygon","coordinates":[[[114.18859999999992,22.461999999999996],[114.19019999999992,22.461999999999996],[114.19019999999992,22.463599999999996],[114.18859999999992,22.463599999999996],[114.18859999999992,22.461999999999996]]]}}]}