{"type":"FeatureCollection","features":[{"type":"Feature","properties":{"id":"lu-nt-tuen-mun-00-00","class":"urban_open_space","vegetationFraction":0.395,"pavedFraction":0.488,"waterFraction":0.017,"simulated":true},"geometry":{"type":"Polygon","coordinates":[[[113.952,22.38],[113.9536,22.38],[113.9536,22.3816],[113.952,22.3816],[113.952,22.38]]]}},{"type":"Feature","properties":{"id":"lu-nt-tuen-mun-00-01","class":"urban_open_space","vegetationFraction":0.266,"pavedFraction":0.608,"waterFraction":0.04,"simulated":true},"geometry":{"type":"Polygon","coordinates":[[[113.9536,22.38],[113.95519999999999,22.38],[113.95519999999999,22.3816],[113.9536,22.3816],[113.9536,22.38]]]}},{"type":"Feature","properties":{"id":"lu-nt-tuen-mun-00-02","class":"urban_open_space","vegetationFraction":0.304,"pavedFraction":0.392,"waterFraction":0.047,"simulated":true},"geometry":{"type":"Polygon","coordinates":[[[113.95519999999999,22.38],[113.95679999999999,22.38],[113.95679999999999,22.3816],[113.95519999999999,22.3816],[113.95519999999999,22.38]]]}},{"type":"Feature","properties":{"id":"lu-nt-tuen-mun-00-03","class":"built_up","vegetationFraction":0.22,"pavedFraction":0.381,"waterFraction":0.047,"simulated":true},"geometry":{"type":"Polygon","coordinates":[[[113.95679999999999,22.38],[113.95839999999998,22.38],[113.95839999999998,22.3816],[113.95679999999999,22.3816],[113.95679999999999,22.38]]]}},{"type":"Feature","properties":{"id":"lu-nt-tuen-mun-00-04","class":"urban_open_space","vegetationFraction":0.259,"pavedFraction":0.541,"waterFraction":0.011,"simulated":true},"geometry":{"type":"Polygon","coordinates":[[[113.95839999999998,22.38],[113.95999999999998,22.38],[113.95999999999998,22.3816],[113.95839999999998,22.3816],[113.95839999999998,22.38]]]}},{"type":"Feature","properties":{"id":"lu-nt-tuen-mun-00-05","class":"urban_open_space","vegetationFraction":0.288,"pavedFraction":0.478,"waterFraction":0.0,"simulated":true},"geometry":{"type":"Polygon","coordinates":[[[113.95999999999998,22.38],[113.96159999999998,22.38],[113.96159999999998,22.3816],[113.95999999999998,22.3816],[113.95999999999998,22.38]]]}},{"type":"Feature","properties":{"id":"lu-nt-tuen-mun-00-06","class":"urban_open_space","vegetationFraction":0.369,"pavedFraction":0.389,"waterFraction":0.006,"simulated":true},"geometry":{"type":"Polygon","coordinates":[[[113.96159999999998,22.38],[113.96319999999997,22.38],[113.96319999999997,22.3816],[113.96159999999998,22.3816],[113.96159999999998,22.38]]]}},{"type":"Feature","properties":{"id":"lu-nt-tuen-mun-00-07","class":"urban_open_space","vegetationFraction":0.334,"pavedFraction":0.556,"waterFraction":0.052,"simulated":true},"geometry":{"type":"Polygon","coordinates":[[[113.96319999999997,22.38],[113.96479999999997,22.38],[113.96479999999997,22.3816],[113.96319999999997,22.3816],[113.96319999999997,22.38]]]}},{"type":"Feature","properties":{"id":"lu-nt-tuen-mun-00-08","class":"built_up","vegetationFraction":0.215,"pavedFraction":0.462,"waterFraction":0.013,"simulated":true},"geometry":{"type":"Polygon","coordinates":[[[113.96479999999997,22.38],[113.96639999999996,22.38],[113.96639999999996,22.3816],[113.96479999999997,22.3816],[113.96479999999997,22.38]]]}},{"type":"Feature","properties":{"id":"lu-nt-tuen-mun-00-09","class":"urban_open_space","vegetationFraction":0.358,"pavedFraction":0.395,"waterFraction":0.06,"simulated":true},"geometry":{"type":"Polygon","coordinates":[[[113.96639999999996,22.38],[113.96799999999996,22.38],[113.96799999999996,22.3816],[113.96639999999996,22.3816],[113.96639999999996,22.38]]]}},{"type":"Feature","properties":{"id":"lu-nt-tuen-mun-00-10","class":"urban_open_space","vegetationFraction":0.383,"pavedFraction":0.608,"waterFraction":0.039,"simulated":true},"geometry":{"type":"Polygon","coordinates":[[[113.96799999999996,22.38],[113.96959999999996,22.38],[113.96959999999996,22.3816],[113.96799999999996,22.3816],[113.96799999999996,22.38]]]}},{"type":"Feature","properties":{"id":"lu-nt-tuen-mun-00-11","class":"urban_open_space","vegetationFraction":0.253,"pavedFraction":0.588,"waterFraction":0.055,"simulated":true},"geometry":{"type":"Polygon","coordinates":[[[113.96959999999996,22.38],[113.97119999999995,22.38],[113.97119999999995,22.3816],[113.96959999999996,22.3816],[113.96959999999996,22.38]]]}},{"type":"Feature","properties":{"id":"lu-nt-tuen-mun-00-12","class":"built_up","vegetationFraction":0.234,"pavedFraction":0.35,"waterFraction":0.02,"simulated":true},"geometry":{"type":"Polygon","coordinates":[[[113.97119999999995,22.38],[113.97279999999995,22.38],[113.97279999999995,22.3816],[113.97119999999995,22.3816],[113.97119999999995,22.38]]]}},{"type":"Feature","properties":{"id":"lu-nt-tuen-mun-00-13","class":"built_up","vegetationFraction":0.24,"pavedFraction":0.612,"waterFraction":0.025,"simulated":true},"geometry":{"type":"Polygon","coordinates":[[[113.97279999999995,22.38],[113.97439999999995,22.38],[113.97439999999995,22.3816],[113.97279999999995,22.3816],[113.97279999999995,22.38]]]}},{"type":"Feature","properties":{"id":"lu-nt-tuen-mun-00-14","class":"urban_open_space","vegetationFraction":0.272,"pavedFraction":0.583,"waterFraction":0.038,"simulated":true},"geometry":{"type":"Polygon","coordinates":[[[113.97439999999995,22.38],[113.97599999999994,22.38],[113.97599999999994,22.3816],[113.97439999999995,22.3816],[113.97439999999995,22.38]]]}},{"type":"Feature","properties":{"id":"lu-nt-tuen-mun-00-15","class":"urban_open_space","vegetationFraction":0.314,"pavedFraction":0.539,"waterFraction":0.051,"simulated":true},"geometry":{"type":"Polygon","coordinates":[[[113.97599999999994,22.38],[113.97759999999994,22.38],[113.97759999999994,22.3816],[113.97599999999994,22.3816],[113.97599999999994,22.38]]]}},{"type":"Feature","properties":{"id":"lu-nt-tuen-mun-00-16","class":"green_space","vegetationFraction":0.416,"pavedFraction":0.558,"waterFraction":0.016,"simulated":true},"geometry":{"type":"Polygon","coordinates":[[[113.97759999999994,22.38],[113.97919999999993,22.38],[113.97919999999993,22.3816],[113.97759999999994,22.3816],[113.97759999999994,22.38]]]}},{"type":"Feature","properties":{"id":"lu-nt-tuen-mun-00-17","class":"urban_open_space","vegetationFraction":0.331,"pavedFraction":0.358,"waterFraction":0.0,"simulated":true},"geometry":{"type":"Polygon","coordinates":[[[113.97919999999993,22.38],[113.98079999999993,22.38],[113.98079999999993,22.3816],[113.97919999999993,22.3816],[113.97919999999993,22.38]]]}},{"type":"Feature","properties":{"id":"lu-nt-tuen-mun-00-18","class":"urban_open_space","vegetationFraction":0.318,"pavedFraction":0.516,"waterFraction":0.002,"simulated":true},"geometry":{"type":"Polygon","coordinates":[[[113.98079999999993,22.38],[113.98239999999993,22.38],[113.98239999999993,22.3816],[113.98079999999993,22.3816],[113.98079999999993,22.38]]]}},{"type":"Feature","properties":{"id":"lu-nt-tuen-mun-00-19","class":"built_up","vegetationFraction":0.248,"pavedFraction":0.372,"waterFraction":0.048,"simulated":true},"geometry":{"type":"Polygon","coordinates":[[[113.98239999999993,22.38],[113.98399999999992,22.38],[113.98399999999992,22.3816],[113.98239999999993,22.3816],[113.98239999999993,22.38]]]}},{"type":"Feature","properties":{"id":"lu-nt-tuen-mun-00-20","class":"urban_open_space","vegetationFraction":0.273,"pavedFraction":0.352,"waterFraction":0.034,"simulated":true},"geometry":{"type":"Polygon","coordinates":[[[113.98399999999992,22.38],[113.98559999999992,22.38],[113.98559999999992,22.3816],[113.98399999999992,22.3816],[113.98399999999992,22.38]]]}},{"type":"Feature","properties":{"id":"lu-nt-tuen-mun-00-21","class":"built_up","vegetationFraction":0.214,"pavedFraction":0.61,"waterFraction":0.011,"simulated":true},"geometry":{"type":"Polygon","coordinates":[[[113.98559999999992,22.38],[113.98719999999992,22.38],[113.98719999999992,22.3816],[113.98559999999992,22.3816],[113.98559999999992,22.38]]]}},{"type":"Feature","properties":{"id":"lu-nt-tuen-mun-00-22","class":"urban_open_space","vegetationFraction":0.389,"pavedFraction":0.359,"waterFraction":0.008,"simulated":true},"geometry":{"type":"Polygon","coordinates":[[[113.98719999999992,22.38],[113.98879999999991,22.38],[113.98879999999991,22.3816],[113.98719999999992,22.3816],[113.98719999999992,22.38]]]}},{"type":"Feature","properties":{"id":"lu-nt-tuen-mun-00-23","class":"urban_open_space","vegetationFraction":0.283,"pavedFraction":0.492,"waterFraction":0.052,"simulated":true},"geometry":{"type":"Polygon","coordinates":[[[113.98879999999991,22.38],[113.99039999999991,22.38],[113.99039999999991,22.3816],[113.98879999999991,22.3816],[113.98879999999991,22.38]]]}},{"type":"Feature","properties":{"id":"lu-nt-tuen-mun-01-00","class":"urban_open_space","vegetationFraction":0.38,"pavedFraction":0.517,"waterFraction":0.052,"simulated":true},"geometry":{"type":"Polygon","coordinates":[[[113.952,22.3816],[113.9536,22.3816],[113.9536,22.3832],[113.952,22.3832],[113.952,22.3816]]]}},{"type":"Feature","properties":{"id":"lu-nt-tuen-mun-01-01","class":"urban_open_space","vegetationFraction":0.356,"pavedFraction":0.588,"waterFraction":0.01,"simulated":true},"geometry":{"type":"Polygon","coordinates":[[[113.9536,22.3816],[113.95519999999999,22.3816],[113.95519999999999,22.3832],[113.9536,22.3832],[113.9536,22.3816]]]}},{"type":"Feature","properties":{"id":"lu-nt-tuen-mun-01-02","class":"urban_open_space","vegetationFraction":0.346,"pavedFraction":0.634,"waterFraction":0.03,"simulated":true},"geometry":{"type":"Polygon","coordinates":[[[113.95519999999999,22.3816],[113.95679999999999,22.3816],[113.95679999999999,22.3832],[113.95519999999999,22.3832],[113.95519999999999,22.3816]]]}},{"type":"Feature","properties":{"id":"lu-nt-tuen-mun-01-03","class":"urban_open_space","vegetationFraction":0.282,"pavedFraction":0.376,"waterFraction":0.045,"simulated":true},"geometry":{"type":"Polygon","coordinates":[[[113.95679999999999,22.3816],[113.95839999999998,22.3816],[113.95839999999998,22.3832],[113.95679999999999,22.3832],[113.95679999999999,22.3816]]]}},{"type":"Feature","properties":{"id":"lu-nt-tuen-mun-01-04","class":"urban_open_space","vegetationFraction":0.304,"pavedFraction":0.351,"waterFraction":0.012,"simulated":true},"geometry":{"type":"Polygon","coordinates":[[[113.95839999999998,22.3816],[113.95999999999998,22.3816],[113.95999999999998,22.3832],[113.95839999999998,22.3832],[113.95839999999998,22.3816]]]}},{"type":"Feature","properties":{"id":"lu-nt-tuen-mun-01-05","class":"urban_open_space","vegetationFraction":0.299,"pavedFraction":0.496,"waterFraction":0.05,"simulated":true},"geometry":{"type":"Polygon","coordinates":[[[113.95999999999998,22.3816],[113.96159999999998,22.3816],[113.96159999999998,22.3832],[113.95999999999998,22.3832],[113.95999999999998,22.3816]]]}},{"type":"Feature","properties":{"id":"lu-nt-tuen-mun-01-06","class":"urban_open_space","vegetationFraction":0.346,"pavedFraction":0.435,"waterFraction":0.056,"simulated":true},"geometry":{"type":"Polygon","coordinates":[[[113.96159999999998,22.3816],[113.96319999999997,22.3816],[113.96319999999997,22.3832],[113.96159999999998,22.3832],[113.96159999999998,22.3816]]]}},{"type":"Feature","properties":{"id":"lu-nt-tuen-mun-01-07","class":"urban_open_space","vegetationFraction":0.395,"pavedFraction":0.603,"waterFraction":0.053,"simulated":true},"geometry":{"type":"Polygon","coordinates":[[[113.96319999999997,22.3816],[113.96479999999997,22.3816],[113.96479999999997,22.3832],[113.96319999999997,22.3832],[113.96319999999997,22.3816]]]}},{"type":"Feature","properties":{"id":"lu-nt-tuen-mun-01-08","class":"urban_open_space","vegetationFraction":0.4,"pavedFraction":0.562,"waterFraction":0.001,"simulated":true},"geometry":{"type":"Polygon","coordinates":[[[113.96479999999997,22.3816],[113.96639999999996,22.3816],[113.96639999999996,22.3832],[113.96479999999997,22.3832],[113.96479999999997,22.3816]]]}},{"type":"Feature","properties":{"id":"lu-nt-tuen-mun-01-09","class":"green_space","vegetationFraction":0.412,"pavedFraction":0.418,"waterFraction":0.025,"simulated":true},"geometry":{"type":"Polygon","coordinates":[[[113.96639999999996,22.3816],[113.96799999999996,22.3816],[113.96799999999996,22.3832],[113.96639999999996,22.3832],[113.96639999999996,22.3816]]]}},{"type":"Feature","properties":{"id":"lu-nt-tuen-mun-01-10","class":"green_space","vegetationFraction":0.444,"pavedFraction":0.537,"waterFraction":0.012,"simulated":true},"geometry":{"type":"Polygon","coordinates":[[[113.96799999999996,22.3816],[113.96959999999996,22.3816],[113.96959999999996,22.3832],[113.96799999999996,22.3832],[113.96799999999996,22.3816]]]}},{"type":"Feature","properties":{"id":"lu-nt-tuen-mun-01-11","class":"urban_open_space","vegetationFraction":0.251,"pavedFraction":0.504,"waterFraction":0.057,"simulated":true},"geometry":{"type":"Polygon","coordinates":[[[113.96959999999996,22.3816],[113.97119999999995,22.3816],[113.97119999999995,22.3832],[113.96959999999996,22.3832],[113.96959999999996,22.3816]]]}},{"type":"Feature","properties":{"id":"lu-nt-tuen-mun-01-12","class":"urban_open_space","vegetationFraction":0.397,"pavedFraction":0.557,"waterFraction":0.049,"simulated":true},"geometry":{"type":"Polygon","coordinates":[[[113.97119999999995,22.3816],[113.97279999999995,22.3816],[113.97279999999995,22.3832],[113.97119999999995,22.3832],[113.97119999999995,22.3816]]]}},{"type":"Feature","properties":{"id":"lu-nt-tuen-mun-01-13","class":"green_space","vegetationFraction":0.406,"pavedFraction":0.402,"waterFraction":0.036,"simulated":true},"geometry":{"type":"Polygon","coordinates":[[[113.97279999999995,22.3816],[113.97439999999995,22.3816],[113.97439999999995,22.3832],[113.97279999999995,22.3832],[113.97279999999995,22.3816]]]}},{"type":"Feature","properties":{"id":"lu-nt-tuen-mun-01-14","class":"built_up","vegetationFraction":0.224,"pavedFraction":0.384,"waterFraction":0.032,"simulated":true},"geometry":{"type":"Polygon","coordinates":[[[113.97439999999995,22.3816],[113.97599999999994,22.3816],[113.97599999999994,22.3832],[113.97439999999995,22.3832],[113.97439999999995,22.3816]]]}},{"type":"Feature","properties":{"id":"lu-nt-tuen-mun-01-15","class":"urban_open_space","vegetationFraction":0.317,"pavedFraction":0.615,"waterFraction":0.004,"simulated":true},"geometry":{"type":"Polygon","coordinates":[[[113.97599999999994,22.3816],[113.97759999999994,22.3816],[113.97759999999994,22.3832],[113.97599999999994,22.3832],[113.97599999999994,22.3816]]]}},{"type":"Feature","properties":{"id":"lu-nt-tuen-mun-01-16","class":"urban_open_space","vegetationFraction":0.362,"pavedFraction":0.362,"waterFraction":0.013,"simulated":true},"geometry":{"type":"Polygon","coordinates":[[[113.97759999999994,22.3816],[113.97919999999993,22.3816],[113.97919999999993,22.3832],[113.97759999999994,22.3832],[113.97759999999994,22.3816]]]}},{"type":"Feature","properties":{"id":"lu-nt-tuen-mun-01-17","class":"urban_open_space","vegetationFraction":0.309,"pavedFraction":0.536,"waterFraction":0.022,"simulated":true},"geometry":{"type":"Polygon","coordinates":[[[113.97919999999993,22.3816],[113.98079999999993,22.3816],[113.98079999999993,22.3832],[113.97919999999993,22.3832],[113.97919999999993,22.3816]]]}},{"type":"Feature","properties":{"id":"lu-nt-tuen-mun-01-18","class":"urban_open_space","vegetationFraction":0.366,"pavedFraction":0.352,"waterFraction":0.056,"simulated":true},"geometry":{"type":"Polygon","coordinates":[[[113.98079999999993,22.3816],[113.98239999999993,22.3816],[113.98239999999993,22.3832],[113.98079999999993,22.3832],[113.98079999999993,22.3816]]]}},{"type":"Feature","properties":{"id":"lu-nt-tuen-mun-01-19","class":"urban_open_space","vegetationFraction":0.336,"pavedFraction":0.595,"waterFraction":0.024,"simulated":true},"geometry":{"type":"Polygon","coordinates":[[[113.98239999999993,22.3816],[113.98399999999992,22.3816],[113.98399999999992,22.3832],[113.98239999999993,22.3832],[113.98239999999993,22.3816]]]}},{"type":"Feature","properties":{"id":"lu-nt-tuen-mun-01-20","class":"built_up","vegetationFraction":0.245,"pavedFraction":0.609,"waterFraction":0.031,"simulated":true},"geometry":{"type":"Polygon","coordinates":[[[113.98399999999992,22.3816],[113.98559999999992,22.3816],[113.98559999999992,22.3832],[113.98399999999992,22.3832],[113.98399999999992,22.3816]]]}},{"type":"Feature","properties":{"id":"lu-nt-tuen-mun-01-21","class":"green_space","vegetationFraction":0.438,"pavedFraction":0.489,"waterFraction":0.006,"simulated":true},"geometry":{"type":"Polygon","coordinates":[[[113.98559999999992,22.3816],[113.98719999999992,22.3816],[113.98719999999992,22.3832],[113.98559999999992,22.3832],[113.98559999999992,22.3816]]]}},{"type":"Feature","properties":{"id":"lu-nt-tuen-mun-01-22","class":"built_up","vegetationFraction":0.205,"pavedFraction":0.519,"waterFraction":0.042,"simulated":true},"geometry":{"type":"Polygon","coordinates":[[[113.98719999999992,22.3816],[113.98879999999991,22.3816],[113.98879999999991,22.3832],[113.98719999999992,22.3832],[113.98719999999992,22.3816]]]}},{"type":"Feature","properties":{"id":"lu-nt-tuen-mun-01-23","class":"built_up","vegetationFraction":0.243,"pavedFraction":0.535,"waterFraction":0.026,"simulated":true},"geometry":{"type":"Polygon","coordinates":[[[113.98879999999991,22.3816],[113.99039999999991,22.3816],[113.99039999999991,22.3832],[113.98879999999991,22.3832],[113.98879999999991,22.3816]]]}},{"type":"Feature","properties":{"id":"lu-nt-tuen-mun-02-00","class":"green_space","vegetationFraction":0.427,"pavedFraction":0.455,"waterFraction":0.036,"simulated":true},"geometry":{"type":"Polygon","coordinates":[[[113.952,22.3832],[113.9536,22.3832],[113.9536,22.3848],[113.952,22.3848],[113.952,22.3832]]]}},{"type":"Feature","properties":{"id":"lu-nt-tuen-mun-02-01","class":"urban_open_space","vegetationFraction":0.399,"pavedFraction":0.525,"waterFraction":0.001,"simulated":true},"geometry":{"type":"Polygon","coordinates":[[[113.9536,22.3832],[113.95519999999999,22.3832],[113.95519999999999,22.3848],[113.9536,22.3848],[113.9536,22.3832]]]}},{"type":"Feature","properties":{"id":"lu-nt-tuen-mun-02-02","class":"urban_open_space","vegetationFraction":0.344,"pavedFraction":0.497,"waterFraction":0.029,"simulated":true},"geometry":{"type":"Polygon","coordinates":[[[113.95519999999999,22.3832],[113.95679999999999,22.3832],[113.95679999999999,22.3848],[113.95519999999999,22.3848],[113.95519999999999,22.3832]]]}},{"type":"Feature","properties":{"id":"lu-nt-tuen-mun-02-03","class":"green_space","vegetationFraction":0.438,"pavedFraction":0.47,"waterFraction":0.023,"simulated":true},"geometry":{"type":"Polygon","coordinates":[[[113.95679999999999,22.3832],[113.95839999999998,22.3832],[113.95839999999998,22.3848],[113.95679999999999,22.3848],[113.95679999999999,22.3832]]]}},{"type":"Feature","properties":{"id":"lu-nt-tuen-mun-02-04","class":"green_space","vegetationFraction":0.431,"pavedFraction":0.499,"waterFraction":0.036,"simulated":true},"geometry":{"type":"Polygon","coordinates":[[[113.95839999999998,22.3832],[113.95999999999998,22.3832],[113.95999999999998,22.3848],[113.95839999999998,22.3848],[113.95839999999998,22.3832]]]}},{"type":"Feature","properties":{"id":"lu-nt-tuen-mun-02-05","class":"urban_open_space","vegetationFraction":0.279,"pavedFraction":0.374,"waterFraction":0.023,"simulated":true},"geometry":{"type":"Polygon","coordinates":[[[113.95999999999998,22.3832],[113.96159999999998,22.3832],[113.96159999999998,22.3848],[113.95999999999998,22.3848],[113.95999999999998,22.3832]]]}},{"type":"Feature","properties":{"id":"lu-nt-tuen-mun-02-06","class":"urban_open_space","vegetationFraction":0.277,"pavedFraction":0.408,"waterFraction":0.033,"simulated":true},"geometry":{"type":"Polygon","coordinates":[[[113.96159999999998,22.3832],[113.96319999999997,22.3832],[113.96319999999997,22.3848],[113.96159999999998,22.3848],[113.96159999999998,22.3832]]]}},{"type":"Feature","properties":{"id":"lu-nt-tuen-mun-02-07","class":"urban_open_space","vegetationFraction":0.317,"pavedFraction":0.457,"waterFraction":0.055,"simulated":true},"geometry":{"type":"Polygon","coordinates":[[[113.96319999999997,22.3832],[113.96479999999997,22.3832],[113.96479999999997,22.3848],[113.96319999999997,22.3848],[113.96319999999997,22.3832]]]}},{"type":"Feature","properties":{"id":"lu-nt-tuen-mun-02-08","class":"green_space","vegetationFraction":0.416,"pavedFraction":0.516,"waterFraction":0.032,"simulated":true},"geometry":{"type":"Polygon","coordinates":[[[113.96479999999997,22.3832],[113.96639999999996,22.3832],[113.96639999999996,22.3848],[113.96479999999997,22.3848],[113.96479999999997,22.3832]]]}},{"type":"Feature","properties":{"id":"lu-nt-tuen-mun-02-09","class":"built_up","vegetationFraction":0.217,"pavedFraction":0.648,"waterFraction":0.038,"simulated":true},"geometry":{"type":"Polygon","coordinates":[[[113.96639999999996,22.3832],[113.96799999999996,22.3832],[113.96799999999996,22.3848],[113.96639999999996,22.3848],[113.96639999999996,22.3832]]]}},{"type":"Feature","properties":{"id":"lu-nt-tuen-mun-02-10","class":"built_up","vegetationFraction":0.237,"pavedFraction":0.43,"waterFraction":0.04,"simulated":true},"geometry":{"type":"Polygon","coordinates":[[[113.96799999999996,22.3832],[113.96959999999996,22.3832],[113.96959999999996,22.3848],[113.96799999999996,22.3848],[113.96799999999996,22.3832]]]}},{"type":"Feature","properties":{"id":"lu-nt-tuen-mun-02-11","class":"green_space","vegetationFraction":0.439,"pavedFraction":0.369,"waterFraction":0.052,"simulated":true},"geometry":{"type":"Polygon","coordinates":[[[113.96959999999996,22.3832],[113.97119999999995,22.3832],[113.97119999999995,22.3848],[113.96959999999996,22.3848],[113.96959999999996,22.3832]]]}},{"type":"Feature","properties":{"id":"lu-nt-tuen-mun-02-12","class":"urban_open_space","vegetationFraction":0.315,"pavedFraction":0.551,"waterFraction":0.048,"simulated":true},"geometry":{"type":"Polygon","coordinates":[[[113.97119999999995,22.3832],[113.97279999999995,22.3832],[113.97279999999995,22.3848],[113.97119999999995,22.3848],[113.97119999999995,22.3832]]]}},{"type":"Feature","properties":{"id":"lu-nt-tuen-mun-02-13","class":"urban_open_space","vegetationFraction":0.308,"pavedFraction":0.554,"waterFraction":0.017,"simulated":true},"geometry":{"type":"Polygon","coordinates":[[[113.97279999999995,22.3832],[113.97439999999995,22.3832],[113.97439999999995,22.3848],[113.97279999999995,22.3848],[113.97279999999995,22.3832]]]}},{"type":"Feature","properties":{"id":"lu-nt-tuen-mun-02-14","class":"urban_open_space","vegetationFraction":0.261,"pavedFraction":0.405,"waterFraction":0.013,"simulated":true},"geometry":{"type":"Polygon","coordinates":[[[113.97439999999995,22.3832],[113.97599999999994,22.3832],[113.97599999999994,22.3848],[113.97439999999995,22.3848],[113.97439999999995,22.3832]]]}},{"type":"Feature","properties":{"id":"lu-nt-tuen-mun-02-15","class":"green_space","vegetationFraction":0.418,"pavedFraction":0.516,"waterFraction":0.041,"simulated":true},"geometry":{"type":"Polygon","coordinates":[[[113.97599999999994,22.3832],[113.97759999999994,22.3832],[113.97759999999994,22.3848],[113.97599999999994,22.3848],[113.97599999999994,22.3832]]]}},{"type":"Feature","properties":{"id":"lu-nt-tuen-mun-02-16","class":"urban_open_space","vegetationFraction":0.267,"pavedFraction":0.481,"waterFraction":0.019,"simulated":true},"geometry":{"type":"Polygon","coordinates":[[[113.97759999999994,22.3832],[113.97919999999993,22.3832],[113.97919999999993,22.3848],[113.97759999999994,22.3848],[113.97759999999994,22.3832]]]}},{"type":"Feature","properties":{"id":"lu-nt-tuen-mun-02-17","class":"green_space","vegetationFraction":0.439,"pavedFraction":0.629,"waterFraction":0.055,"simulated":true},"geometry":{"type":"Polygon","coordinates":[[[113.97919999999993,22.3832],[113.98079999999993,22.3832],[113.98079999999993,22.3848],[113.97919999999993,22.3848],[113.97919999999993,22.3832]]]}},{"type":"Feature","properties":{"id":"lu-nt-tuen-mun-02-18","class":"urban_open_space","vegetationFraction":0.352,"pavedFraction":0.47,"waterFraction":0.048,"simulated":true},"geometry":{"type":"Polygon","coordinates":[[[113.98079999999993,22.3832],[113.98239999999993,22.3832],[113.98239999999993,22.3848],[113.98079999999993,22.3848],[113.98079999999993,22.3832]]]}},{"type":"Feature","properties":{"id":"lu-nt-tuen-mun-02-19","class":"built_up","vegetationFraction":0.221,"pavedFraction":0.446,"waterFraction":0.011,"simulated":true},"geometry":{"type":"Polygon","coordinates":[[[113.98239999999993,22.3832],[113.98399999999992,22.3832],[113.98399999999992,22.3848],[113.98239999999993,22.3848],[113.98239999999993,22.3832]]]}},{"type":"Feature","properties":{"id":"lu-nt-tuen-mun-02-20","class":"urban_open_space","vegetationFraction":0.323,"pavedFraction":0.572,"waterFraction":0.029,"simulated":true},"geometry":{"type":"Polygon","coordinates":[[[113.98399999999992,22.3832],[113.98559999999992,22.3832],[113.98559999999992,22.3848],[113.98399999999992,22.3848],[113.98399999999992,22.3832]]]}},{"type":"Feature","properties":{"id":"lu-nt-tuen-mun-02-21","class":"urban_open_space","vegetationFraction":0.358,"pavedFraction":0.35,"waterFraction":0.007,"simulated":true},"geometry":{"type":"Polygon","coordinates":[[[113.98559999999992,22.3832],[113.98719999999992,22.3832],[113.98719999999992,22.3848],[113.98559999999992,22.3848],[113.98559999999992,22.3832]]]}},{"type":"Feature","properties":{"id":"lu-nt-tuen-mun-02-22","class":"urban_open_space","vegetationFraction":0.352,"pavedFraction":0.571,"waterFraction":0.039,"simulated":true},"geometry":{"type":"Polygon","coordinates":[[[113.98719999999992,22.3832],[113.98879999999991,22.3832],[113.98879999999991,22.3848],[113.98719999999992,22.3848],[113.98719999999992,22.3832]]]}},{"type":"Feature","properties":{"id":"lu-nt-tuen-mun-02-23","class":"green_space","vegetationFraction":0.441,"pavedFraction":0.563,"waterFraction":0.004,"simulated":true},"geometry":{"type":"Polygon","coordinates":[[[113.98879999999991,22.3832],[113.99039999999991,22.3832],[113.99039999999991,22.3848],[113.98879999999991,22.3848],[113.98879999999991,22.3832]]]}},{"type":"Feature","properties":{"id":"lu-nt-tuen-mun-03-00","class":"built_up","vegetationFraction":0.242,"pavedFraction":0.531,"waterFraction":0.02,"simulated":true},"geometry":{"type":"Polygon","coordinates":[[[113.952,22.3848],[113.9536,22.3848],[113.9536,22.3864],[113.952,22.3864],[113.952,22.3848]]]}},{"type":"Feature","properties":{"id":"lu-nt-tuen-mun-03-01","class":"urban_open_space","vegetationFraction":0.343,"pavedFraction":0.395,"waterFraction":0.013,"simulated":true},"geometry":{"type":"Polygon","coordinates":[[[113.9536,22.3848],[113.95519999999999,22.3848],[113.95519999999999,22.3864],[113.9536,22.3864],[113.9536,22.3848]]]}},{"type":"Feature","properties":{"id":"lu-nt-tuen-mun-03-02","class":"green_space","vegetationFraction":0.435,"pavedFraction":0.456,"waterFraction":0.041,"simulated":true},"geometry":{"type":"Polygon","coordinates":[[[113.95519999999999,22.3848],[113.95679999999999,22.3848],[113.95679999999999,22.3864],[113.95519999999999,22.3864],[113.95519999999999,22.3848]]]}},{"type":"Feature","properties":{"id":"lu-nt-tuen-mun-03-03","class":"urban_open_space","vegetationFraction":0.292,"pavedFraction":0.612,"waterFraction":0.005,"simulated":true},"geometry":{"type":"Polygon","coordinates":[[[113.95679999999999,22.3848],[113.95839999999998,22.3848],[113.95839999999998,22.3864],[113.95679999999999,22.3864],[113.95679999999999,22.3848]]]}},{"type":"Feature","properties":{"id":"lu-nt-tuen-mun-03-04","class":"green_space","vegetationFraction":0.419,"pavedFraction":0.464,"waterFraction":0.002,"simulated":true},"geometry":{"type":"Polygon","coordinates":[[[113.95839999999998,22.3848],[113.95999999999998,22.3848],[113.95999999999998,22.3864],[113.95839999999998,22.3864],[113.95839999999998,22.3848]]]}},{"type":"Feature","properties":{"id":"lu-nt-tuen-mun-03-05","class":"urban_open_space","vegetationFraction":0.381,"pavedFraction":0.619,"waterFraction":0.0,"simulated":true},"geometry":{"type":"Polygon","coordinates":[[[113.95999999999998,22.3848],[113.96159999999998,22.3848],[113.96159999999998,22.3864],[113.95999999999998,22.3864],[113.95999999999998,22.3848]]]}},{"type":"Feature","properties":{"id":"lu-nt-tuen-mun-03-06","class":"urban_open_space","vegetationFraction":0.315,"pavedFraction":0.404,"waterFraction":0.03,"simulated":true},"geometry":{"type":"Polygon","coordinates":[[[113.96159999999998,22.3848],[113.96319999999997,22.3848],[113.96319999999997,22.3864],[113.96159999999998,22.3864],[113.96159999999998,22.3848]]]}},{"type":"Feature","properties":{"id":"lu-nt-tuen-mun-03-07","class":"built_up","vegetationFraction":0.222,"pavedFraction":0.483,"waterFraction":0.039,"simulated":true},"geometry":{"type":"Polygon","coordinates":[[[113.96319999999997,22.3848],[113.96479999999997,22.3848],[113.96479999999997,22.3864],[113.96319999999997,22.3864],[113.96319999999997,22.3848]]]}},{"type":"Feature","properties":{"id":"lu-nt-tuen-mun-03-08","class":"urban_open_space","vegetationFraction":0.275,"pavedFraction":0.605,"waterFraction":0.026,"simulated":true},"geometry":{"type":"Polygon","coordinates":[[[113.96479999999997,22.3848],[113.96639999999996,22.3848],[113.96639999999996,22.3864],[113.96479999999997,22.3864],[113.96479999999997,22.3848]]]}},{"type":"Feature","properties":{"id":"lu-nt-tuen-mun-03-09","class":"urban_open_space","vegetationFraction":0.342,"pavedFraction":0.634,"waterFraction":0.008,"simulated":true},"geometry":{"type":"Polygon","coordinates":[[[113.96639999999996,22.3848],[113.96799999999996,22.3848],[113.96799999999996,22.3864],[113.96639999999996,22.3864],[113.96639999999996,22.3848]]]}},{"type":"Feature","properties":{"id":"lu-nt-tuen-mun-03-10","class":"urban_open_space","vegetationFraction":0.321,"pavedFraction":0.383,"waterFraction":0.037,"simulated":true},"geometry":{"type":"Polygon","coordinates":[[[113.96799999999996,22.3848],[113.96959999999996,22.3848],[113.96959999999996,22.3864],[113.96799999999996,22.3864],[113.96799999999996,22.3848]]]}},{"type":"Feature","properties":{"id":"lu-nt-tuen-mun-03-11","class":"urban_open_space","vegetationFraction":0.273,"pavedFraction":0.552,"waterFraction":0.031,"simulated":true},"geometry":{"type":"Polygon","coordinates":[[[113.96959999999996,22.3848],[113.97119999999995,22.3848],[113.97119999999995,22.3864],[113.96959999999996,22.3864],[113.96959999999996,22.3848]]]}},{"type":"Feature","properties":{"id":"lu-nt-tuen-mun-03-12","class":"built_up","vegetationFraction":0.237,"pavedFraction":0.634,"waterFraction":0.052,"simulated":true},"geometry":{"type":"Polygon","coordinates":[[[113.97119999999995,22.3848],[113.97279999999995,22.3848],[113.97279999999995,22.3864],[113.97119999999995,22.3864],[113.97119999999995,22.3848]]]}},{"type":"Feature","properties":{"id":"lu-nt-tuen-mun-03-13","class":"green_space","vegetationFraction":0.432,"pavedFraction":0.437,"waterFraction":0.019,"simulated":true},"geometry":{"type":"Polygon","coordinates":[[[113.97279999999995,22.3848],[113.97439999999995,22.3848],[113.97439999999995,22.3864],[113.97279999999995,22.3864],[113.97279999999995,22.3848]]]}},{"type":"Feature","properties":{"id":"lu-nt-tuen-mun-03-14","class":"green_space","vegetationFraction":0.448,"pavedFraction":0.365,"waterFraction":0.054,"simulated":true},"geometry":{"type":"Polygon","coordinates":[[[113.97439999999995,22.3848],[113.97599999999994,22.3848],[113.97599999999994,22.3864],[113.97439999999995,22.3864],[113.97439999999995,22.3848]]]}},{"type":"Feature","properties":{"id":"lu-nt-tuen-mun-03-15","class":"urban_open_space","vegetationFraction":0.272,"pavedFraction":0.365,"waterFraction":0.007,"simulated":true},"geometry":{"type":"Polygon","coordinates":[[[113.97599999999994,22.3848],[113.97759999999994,22.3848],[113.97759999999994,22.3864],[113.97599999999994,22.3864],[113.97599999999994,22.3848]]]}},{"type":"Feature","properties":{"id":"lu-nt-tuen-mun-03-16","class":"green_space","vegetationFraction":0.438,"pavedFraction":0.376,"waterFraction":0.032,"simulated":true},"geometry":{"type":"Polygon","coordinates":[[[113.97759999999994,22.3848],[113.97919999999993,22.3848],[113.97919999999993,22.3864],[113.97759999999994,22.3864],[113.97759999999994,22.3848]]]}},{"type":"Feature","properties":{"id":"lu-nt-tuen-mun-03-17","class":"urban_open_space","vegetationFraction":0.357,"pavedFraction":0.524,"waterFraction":0.035,"simulated":true},"geometry":{"type":"Polygon","coordinates":[[[113.97919999999993,22.3848],[113.98079999999993,22.3848],[113.98079999999993,22.3864],[113.97919999999993,22.3864],[113.97919999999993,22.3848]]]}},{"type":"Feature","properties":{"id":"lu-nt-tuen-mun-03-18","class":"urban_open_space","vegetationFraction":0.268,"pavedFraction":0.632,"waterFraction":0.027,"simulated":true},"geometry":{"type":"Polygon","coordinates":[[[113.98079999999993,22.3848],[113.98239999999993,22.3848],[113.98239999999993,22.3864],[113.98079999999993,22.3864],[113.98079999999993,22.3848]]]}},{"type":"Feature","properties":{"id":"lu-nt-tuen-mun-03-19","class":"built_up","vegetationFraction":0.203,"pavedFraction":0.508,"waterFraction":0.048,"simulated":true},"geometry":{"type":"Polygon","coordinates":[[[113.98239999999993,22.3848],[113.98399999999992,22.3848],[113.98399999999992,22.3864],[113.98239999999993,22.3864],[113.98239999999993,22.3848]]]}},{"type":"Feature","properties":{"id":"lu-nt-tuen-mun-03-20","class":"urban_open_space","vegetationFraction":0.286,"pavedFraction":0.376,"waterFraction":0.046,"simulated":true},"geometry":{"type":"Polygon","coordinates":[[[113.98399999999992,22.3848],[113.98559999999992,22.3848],[113.98559999999992,22.3864],[113.98399999999992,22.3864],[113.98399999999992,22.3848]]]}},{"type":"Feature","properties":{"id":"lu-nt-tuen-mun-03-21","class":"urban_open_space","vegetationFraction":0.391,"pavedFraction":0.365,"waterFraction":0.02,"simulated":true},"geometry":{"type":"Polygon","coordinates":[[[113.98559999999992,22.3848],[113.98719999999992,22.3848],[113.98719999999992,22.3864],[113.98559999999992,22.3864],[113.98559999999992,22.3848]]]}},{"type":"Feature","properties":{"id":"lu-nt-tuen-mun-03-22","class":"urban_open_space","vegetationFraction":0.253,"pavedFraction":0.351,"waterFraction":0.013,"simulated":true},"geometry":{"type":"Polygon","coordinates":[[[113.98719999999992,22.3848],[113.98879999999991,22.3848],[113.98879999999991,22.3864],[113.98719999999992,22.3864],[113.98719999999992,22.3848]]]}},{"type":"Feature","properties":{"id":"lu-nt-tuen-mun-03-23","class":"urban_open_space","vegetationFraction":0.348,"pavedFraction":0.51,"waterFraction":0.016,"simulated":true},"geometry":{"type":"Polygon","coordinates":[[[113.98879999999991,22.3848],[113.99039999999991,22.3848],[113.99039999999991,22.3864],[113.98879999999991,22.3864],[113.98879999999991,22.3848]]]}},{"type":"Feature","properties":{"id":"lu-nt-tuen-mun-04-00","class":"green_space","vegetationFraction":0.447,"pavedFraction":0.448,"waterFraction":0.01,"simulated":true},"geometry":{"type":"Polygon","coordinates":[[[113.952,22.3864],[113.9536,22.3864],[113.9536,22.387999999999998],[113.952,22.387999999999998],[113.952,22.3864]]]}},{"type":"Feature","properties":{"id":"lu-nt-tuen-mun-04-01","class":"green_space","vegetationFraction":0.402,"pavedFraction":0.484,"waterFraction":0.042,"simulated":true},"geometry":{"type":"Polygon","coordinates":[[[113.9536,22.3864],[113.95519999999999,22.3864],[113.95519999999999,22.387999999999998],[113.9536,22.387999999999998],[113.9536,22.3864]]]}},{"type":"Feature","properties":{"id":"lu-nt-tuen-mun-04-02","class":"urban_open_space","vegetationFraction":0.286,"pavedFraction":0.575,"waterFraction":0.006,"simulated":true},"geometry":{"type":"Polygon","coordinates":[[[113.95519999999999,22.3864],[113.95679999999999,22.3864],[113.95679999999999,22.387999999999998],[113.95519999999999,22.387999999999998],[113.95519999999999,22.3864]]]}},{"type":"Feature","properties":{"id":"lu-nt-tuen-mun-04-03","class":"built_up","vegetationFraction":0.211,"pavedFraction":0.41,"waterFraction":0.021,"simulated":true},"geometry":{"type":"Polygon","coordinates":[[[113.95679999999999,22.3864],[113.95839999999998,22.3864],[113.95839999999998,22.387999999999998],[113.95679999999999,22.387999999999998],[113.95679999999999,22.3864]]]}},{"type":"Feature","properties":{"id":"lu-nt-tuen-mun-04-04","class":"green_space","vegetationFraction":0.435,"pavedFraction":0.511,"waterFraction":0.038,"simulated":true},"geometry":{"type":"Polygon","coordinates":[[[113.95839999999998,22.3864],[113.95999999999998,22.3864],[113.95999999999998,22.387999999999998],[113.95839999999998,22.387999999999998],[113.95839999999998,22.3864]]]}},{"type":"Feature","properties":{"id":"lu-nt-tuen-mun-04-05","class":"urban_open_space","vegetationFraction":0.32,"pavedFraction":0.514,"waterFraction":0.008,"simulated":true},"geometry":{"type":"Polygon","coordinates":[[[113.95999999999998,22.3864],[113.96159999999998,22.3864],[113.96159999999998,22.387999999999998],[113.95999999999998,22.387999999999998],[113.95999999999998,22.3864]]]}},{"type":"Feature","properties":{"id":"lu-nt-tuen-mun-04-06","class":"green_space","vegetationFraction":0.438,"pavedFraction":0.551,"waterFraction":0.055,"simulated":true},"geometry":{"type":"Polygon","coordinates":[[[113.96159999999998,22.3864],[113.96319999999997,22.3864],[113.96319999999997,22.387999999999998],[113.96159999999998,22.387999999999998],[113.96159999999998,22.3864]]]}},{"type":"Feature","properties":{"id":"lu-nt-tuen-mun-04-07","class":"urban_open_space","vegetationFraction":0.4,"pavedFraction":0.472,"waterFraction":0.032,"simulated":true},"geometry":{"type":"Polygon","coordinates":[[[113.96319999999997,22.3864],[113.96479999999997,22.3864],[113.96479999999997,22.387999999999998],[113.96319999999997,22.387999999999998],[113.96319999999997,22.3864]]]}},{"type":"Feature","properties":{"id":"lu-nt-tuen-mun-04-08","class":"built_up","vegetationFraction":0.234,"pavedFraction":0.519,"waterFraction":0.001,"simulated":true},"geometry":{"type":"Polygon","coordinates":[[[113.96479999999997,22.3864],[113.96639999999996,22.3864],[113.96639999999996,22.387999999999998],[113.96479999999997,22.387999999999998],[113.96479999999997,22.3864]]]}},{"type":"Feature","properties":{"id":"lu-nt-tuen-mun-04-09","class":"urban_open_space","vegetationFraction":0.366,"pavedFraction":0.542,"waterFraction":0.044,"simulated":true},"geometry":{"type":"Polygon","coordinates":[[[113.96639999999996,22.3864],[113.96799999999996,22.3864],[113.96799999999996,22.387999999999998],[113.96639999999996,22.387999999999998],[113.96639999999996,22.3864]]]}},{"type":"Feature","properties":{"id":"lu-nt-tuen-mun-04-10","class":"urban_open_space","vegetationFraction":0.335,"pavedFraction":0.383,"waterFraction":0.024,"simulated":true},"geometry":{"type":"Polygon","coordinates":[[[113.96799999999996,22.3864],[113.96959999999996,22.3864],[113.96959999999996,22.387999999999998],[113.96799999999996,22.387999999999998],[113.96799999999996,22.3864]]]}},{"type":"Feature","properties":{"id":"lu-nt-tuen-mun-04-11","class":"urban_open_space","vegetationFraction":0.261,"pavedFraction":0.628,"waterFraction":0.002,"simulated":true},"geometry":{"type":"Polygon","coordinates":[[[113.96959999999996,22.3864],[113.97119999999995,22.3864],[113.97119999999995,22.387999999999998],[113.96959999999996,22.387999999999998],[113.96959999999996,22.3864]]]}},{"type":"Feature","properties":{"id":"lu-nt-tuen-mun-04-12","class":"urban_open_space","vegetationFraction":0.365,"pavedFraction":0.449,"waterFraction":0.052,"simulated":true},"geometry":{"type":"Polygon","coordinates":[[[113.97119999999995,22.3864],[113.97279999999995,22.3864],[113.97279999999995,22.387999999999998],[113.97119999999995,22.387999999999998],[113.97119999999995,22.3864]]]}},{"type":"Feature","properties":{"id":"lu-nt-tuen-mun-04-13","class":"green_space","vegetationFraction":0.405,"pavedFraction":0.536,"waterFraction":0.024,"simulated":true},"geometry":{"type":"Polygon","coordinates":[[[113.97279999999995,22.3864],[113.97439999999995,22.3864],[113.97439999999995,22.387999999999998],[113.97279999999995,22.387999999999998],[113.97279999999995,22.3864]]]}},{"type":"Feature","properties":{"id":"lu-nt-tuen-mun-04-14","class":"urban_open_space","vegetationFraction":0.342,"pavedFraction":0.445,"waterFraction":0.038,"simulated":true},"geometry":{"type":"Polygon","coordinates":[[[113.97439999999995,22.3864],[113.97599999999994,22.3864],[113.97599999999994,22.387999999999998],[113.97439999999995,22.387999999999998],[113.97439999999995,22.3864]]]}},{"type":"Feature","properties":{"id":"lu-nt-tuen-mun-04-15","class":"built_up","vegetationFraction":0.208,"pavedFraction":0.564,"waterFraction":0.008,"simulated":true},"geometry":{"type":"Polygon","coordinates":[[[113.97599999999994,22.3864],[113.97759999999994,22.3864],[113.97759999999994,22.387999999999998],[113.97599999999994,22.387999999999998],[113.97599999999994,22.3864]]]}},{"type":"Feature","properties":{"id":"lu-nt-tuen-mun-04-16","class":"green_space","vegetationFraction":0.404,"pavedFraction":0.585,"waterFraction":0.003,"simulated":true},"geometry":{"type":"Polygon","coordinates":[[[113.97759999999994,22.3864],[113.97919999999993,22.3864],[113.97919999999993,22.387999999999998],[113.97759999999994,22.387999999999998],[113.97759999999994,22.3864]]]}},{"type":"Feature","properties":{"id":"lu-nt-tuen-mun-04-17","class":"urban_open_space","vegetationFraction":0.295,"pavedFraction":0.629,"waterFraction":0.026,"simulated":true},"geometry":{"type":"Polygon","coordinates":[[[113.97919999999993,22.3864],[113.98079999999993,22.3864],[113.98079999999993,22.387999999999998],[113.97919999999993,22.387999999999998],[113.97919999999993,22.3864]]]}},{"type":"Feature","properties":{"id":"lu-nt-tuen-mun-04-18","class":"urban_open_space","vegetationFraction":0.275,"pavedFraction":0.463,"waterFraction":0.007,"simulated":true},"geometry":{"type":"Polygon","coordinates":[[[113.98079999999993,22.3864],[113.98239999999993,22.3864],[113.98239999999993,22.387999999999998],[113.98079999999993,22.387999999999998],[113.98079999999993,22.3864]]]}},{"type":"Feature","properties":{"id":"lu-nt-tuen-mun-04-19","class":"green_space","vegetationFraction":0.408,"pavedFraction":0.378,"waterFraction":0.014,"simulated":true},"geometry":{"type":"Polygon","coordinates":[[[113.98239999999993,22.3864],[113.98399999999992,22.3864],[113.98399999999992,22.387999999999998],[113.98239999999993,22.387999999999998],[113.98239999999993,22.3864]]]}},{"type":"Feature","properties":{"id":"lu-nt-tuen-mun-04-20","class":"built_up","vegetationFraction":0.243,"pavedFraction":0.528,"waterFraction":0.046,"simulated":true},"geometry":{"type":"Polygon","coordinates":[[[113.98399999999992,22.3864],[113.98559999999992,22.3864],[113.98559999999992,22.387999999999998],[113.98399999999992,22.387999999999998],[113.98399999999992,22.3864]]]}},{"type":"Feature","properties":{"id":"lu-nt-tuen-mun-04-21","class":"urban_open_space","vegetationFraction":0.288,"pavedFraction":0.386,"waterFraction":0.038,"simulated":true},"geometry":{"type":"Polygon","coordinates":[[[113.98559999999992,22.3864],[113.98719999999992,22.3864],[113.98719999999992,22.387999999999998],[113.98559999999992,22.387999999999998],[113.98559999999992,22.3864]]]}},{"type":"Feature","properties":{"id":"lu-nt-tuen-mun-04-22","class":"urban_open_space","vegetationFraction":0.282,"pavedFraction":0.47,"waterFraction":0.021,"simulated":true},"geometry":{"type":"Polygon","coordinates":[[[113.98719999999992,22.3864],[113.98879999999991,22.3864],[113.98879999999991,22.387999999999998],[113.98719999999992,22.387999999999998],[113.98719999999992,22.3864]]]}},{"type":"Feature","properties":{"id":"lu-nt-tuen-mun-04-23","class":"urban_open_space","vegetationFraction":0.393,"pavedFraction":0.616,"waterFraction":0.04,"simulated":true},"geometry":{"type":"Polygon","coordinates":[[[113.98879999999991,22.3864],[113.99039999999991,22.3864],[113.99039999999991,22.387999999999998],[113.98879999999991,22.387999999999998],[113.98879999999991,22.3864]]]}},{"type":"Feature","properties":{"id":"lu-nt-tuen-mun-05-00","class":"urban_open_space","vegetationFraction":0.347,"pavedFraction":0.577,"waterFraction":0.04,"simulated":true},"geometry":{"type":"Polygon","coordinates":[[[113.952,22.387999999999998],[113.9536,22.387999999999998],[113.9536,22.389599999999998],[113.952,22.389599999999998],[113.952,22.387999999999998]]]}},{"type":"Feature","properties":{"id":"lu-nt-tuen-mun-05-01","class":"built_up","vegetationFraction":0.23,"pavedFraction":0.509,"waterFraction":0.057,"simulated":true},"geometry":{"type":"Polygon","coordinates":[[[113.9536,22.387999999999998],[113.95519999999999,22.387999999999998],[113.95519999999999,22.389599999999998],[113.9536,22.389599999999998],[113.9536,22.387999999999998]]]}},{"type":"Feature","properties":{"id":"lu-nt-tuen-mun-05-02","class":"urban_open_space","vegetationFraction":0.31,"pavedFraction":0.535,"waterFraction":0.001,"simulated":true},"geometry":{"type":"Polygon","coordinates":[[[113.95519999999999,22.387999999999998],[113.95679999999999,22.387999999999998],[113.95679999999999,22.389599999999998],[113.95519999999999,22.389599999999998],[113.95519999999999,22.387999999999998]]]}},{"type":"Feature","properties":{"id":"lu-nt-tuen-mun-05-03","class":"urban_open_space","vegetationFraction":0.327,"pavedFraction":0.534,"waterFraction":0.007,"simulated":true},"geometry":{"type":"Polygon","coordinates":[[[113.95679999999999,22.387999999999998],[113.95839999999998,22.387999999999998],[113.95839999999998,22.389599999999998],[113.95679999999999,22.389599999999998],[113.95679999999999,22.387999999999998]]]}},{"type":"Feature","properties":{"id":"lu-nt-tuen-mun-05-04","class":"urban_open_space","vegetationFraction":0.372,"pavedFraction":0.572,"waterFraction":0.034,"simulated":true},"geometry":{"type":"Polygon","coordinates":[[[113.95839999999998,22.387999999999998],[113.95999999999998,22.387999999999998],[113.95999999999998,22.389599999999998],[113.95839999999998,22.389599999999998],[113.95839999999998,22.387999999999998]]]}},{"type":"Feature","properties":{"id":"lu-nt-tuen-mun-05-05","class":"green_space","vegetationFraction":0.429,"pavedFraction":0.585,"waterFraction":0.02,"simulated":true},"geometry":{"type":"Polygon","coordinates":[[[113.95999999999998,22.387999999999998],[113.96159999999998,22.387999999999998],[113.96159999999998,22.389599999999998],[113.95999999999998,22.389599999999998],[113.95999999999998,22.387999999999998]]]}},{"type":"Feature","properties":{"id":"lu-nt-tuen-mun-05-06","class":"built_up","vegetationFraction":0.247,"pavedFraction":0.57,"waterFraction":0.044,"simulated":true},"geometry":{"type":"Polygon","coordinates":[[[113.96159999999998,22.387999999999998],[113.96319999999997,22.387999999999998],[113.96319999999997,22.389599999999998],[113.96159999999998,22.389599999999998],[113.96159999999998,22.387999999999998]]]}},{"type":"Feature","properties":{"id":"lu-nt-tuen-mun-05-07","class":"green_space","vegetationFraction":0.448,"pavedFraction":0.483,"waterFraction":0.052,"simulated":true},"geometry":{"type":"Polygon","coordinates":[[[113.96319999999997,22.387999999999998],[113.96479999999997,22.387999999999998],[113.96479999999997,22.389599999999998],[113.96319999999997,22.389599999999998],[113.96319999999997,22.387999999999998]]]}},{"type":"Feature","properties":{"id":"lu-nt-tuen-mun-05-08","class":"urban_open_space","vegetationFraction":0.31,"pavedFraction":0.516,"waterFraction":0.017,"simulated":true},"geometry":{"type":"Polygon","coordinates":[[[113.96479999999997,22.387999999999998],[113.96639999999996,22.387999999999998],[113.96639999999996,22.389599999999998],[113.96479999999997,22.389599999999998],[113.96479999999997,22.387999999999998]]]}},{"type":"Feature","properties":{"id":"lu-nt-tuen-mun-05-09","class":"urban_open_space","vegetationFraction":0.278,"pavedFraction":0.417,"waterFraction":0.037,"simulated":true},"geometry":{"type":"Polygon","coordinates":[[[113.96639999999996,22.387999999999998],[113.96799999999996,22.387999999999998],[113.96799999999996,22.389599999999998],[113.96639999999996,22.389599999999998],[113.96639999999996,22.387999999999998]]]}},{"type":"Feature","properties":{"id":"lu-nt-tuen-mun-05-10","class":"urban_open_space","vegetationFraction":0.344,"pavedFraction":0.626,"waterFraction":0.029,"simulated":true},"geometry":{"type":"Polygon","coordinates":[[[113.96799999999996,22.387999999999998],[113.96959999999996,22.387999999999998],[113.96959999999996,22.389599999999998],[113.96799999999996,22.389599999999998],[113.96799999999996,22.387999999999998]]]}},{"type":"Feature","properties":{"id":"lu-nt-tuen-mun-05-11","class":"urban_open_space","vegetationFraction":0.392,"pavedFraction":0.65,"waterFraction":0.058,"simulated":true},"geometry":{"type":"Polygon","coordinates":[[[113.96959999999996,22.387999999999998],[113.97119999999995,22.387999999999998],[113.97119999999995,22.389599999999998],[113.96959999999996,22.389599999999998],[113.96959999999996,22.387999999999998]]]}},{"type":"Feature","properties":{"id":"lu-nt-tuen-mun-05-12","class":"green_space","vegetationFraction":0.403,"pavedFraction":0.356,"waterFraction":0.004,"simulated":true},"geometry":{"type":"Polygon","coordinates":[[[113.97119999999995,22.387999999999998],[113.97279999999995,22.387999999999998],[113.97279999999995,22.389599999999998],[113.97119999999995,22.389599999999998],[113.97119999999995,22.387999999999998]]]}},{"type":"Feature","properties":{"id":"lu-nt-tuen-mun-05-13","class":"urban_open_space","vegetationFraction":0.341,"pavedFraction":0.559,"waterFraction":0.008,"simulated":true},"geometry":{"type":"Polygon","coordinates":[[[113.97279999999995,22.387999999999998],[113.97439999999995,22.387999999999998],[113.97439999999995,22.389599999999998],[113.97279999999995,22.389599999999998],[113.97279999999995,22.387999999999998]]]}},{"type":"Feature","properties":{"id":"lu-nt-tuen-mun-05-14","class":"urban_open_space","vegetationFraction":0.351,"pavedFraction":0.464,"waterFraction":0.024,"simulated":true},"geometry":{"type":"Polygon","coordinates":[[[113.97439999999995,22.387999999999998],[113.97599999999994,22.387999999999998],[113.97599999999994,22.389599999999998],[113.97439999999995,22.389599999999998],[113.97439999999995,22.387999999999998]]]}},{"type":"Feature","properties":{"id":"lu-nt-tuen-mun-05-15","class":"urban_open_space","vegetationFraction":0.302,"pavedFraction":0.519,"waterFraction":0.04,"simulated":true},"geometry":{"type":"Polygon","coordinates":[[[113.97599999999994,22.387999999999998],[113.97759999999994,22.387999999999998],[113.97759999999994,22.389599999999998],[113.97599999999994,22.389599999999998],[113.97599999999994,22.387999999999998]]]}},{"type":"Feature","properties":{"id":"lu-nt-tuen-mun-05-16","class":"urban_open_space","vegetationFraction":0.391,"pavedFraction":0.462,"waterFraction":0.024,"simulated":true},"geometry":{"type":"Polygon","coordinates":[[[113.97759999999994,22.387999999999998],[113.97919999999993,22.387999999999998],[113.97919999999993,22.389599999999998],[113.97759999999994,22.389599999999998],[113.97759999999994,22.387999999999998]]]}},{"type":"Feature","properties":{"id":"lu-nt-tuen-mun-05-17","class":"urban_open_space","vegetationFraction":0.306,"pavedFraction":0.496,"waterFraction":0.0,"simulated":true},"geometry":{"type":"Polygon","coordinates":[[[113.97919999999993,22.387999999999998],[113.98079999999993,22.387999999999998],[113.98079999999993,22.389599999999998],[113.97919999999993,22.389599999999998],[113.97919999999993,22.387999999999998]]]}},{"type":"Feature","properties":{"id":"lu-nt-tuen-mun-05-18","class":"built_up","vegetationFraction":0.219,"pavedFraction":0.559,"waterFraction":0.011,"simulated":true},"geometry":{"type":"Polygon","coordinates":[[[113.98079999999993,22.387999999999998],[113.98239999999993,22.387999999999998],[113.98239999999993,22.389599999999998],[113.98079999999993,22.389599999999998],[113.98079999999993,22.387999999999998]]]}},{"type":"Feature","properties":{"id":"lu-nt-tuen-mun-05-19","class":"green_space","vegetationFraction":0.446,"pavedFraction":0.583,"waterFraction":0.021,"simulated":true},"geometry":{"type":"Polygon","coordinates":[[[113.98239999999993,22.387999999999998],[113.98399999999992,22.387999999999998],[113.98399999999992,22.389599999999998],[113.98239999999993,22.389599999999998],[113.98239999999993,22.387999999999998]]]}},{"type":"Feature","properties":{"id":"lu-nt-tuen-mun-05-20","class":"urban_open_space","vegetationFraction":0.252,"pavedFraction":0.65,"waterFraction":0.051,"simulated":true},"geometry":{"type":"Polygon","coordinates":[[[113.98399999999992,22.387999999999998],[113.98559999999992,22.387999999999998],[113.98559999999992,22.389599999999998],[113.98399999999992,22.389599999999998],[113.98399999999992,22.387999999999998]]]}},{"type":"Feature","properties":{"id":"lu-nt-tuen-mun-05-21","class":"green_space","vegetationFraction":0.411,"pavedFraction":0.354,"waterFraction":0.032,"simulated":true},"geometry":{"type":"Polygon","coordinates":[[[113.98559999999992,22.387999999999998],[113.98719999999992,22.387999999999998],[113.98719999999992,22.389599999999998],[113.98559999999992,22.389599999999998],[113.98559999999992,22.387999999999998]]]}},{"type":"Feature","properties":{"id":"lu-nt-tuen-mun-05-22","class":"urban_open_space","vegetationFraction":0.301,"pavedFraction":0.425,"waterFraction":0.017,"simulated":true},"geometry":{"type":"Polygon","coordinates":[[[113.98719999999992,22.387999999999998],[113.98879999999991,22.387999999999998],[113.98879999999991,22.389599999999998],[113.98719999999992,22.389599999999998],[113.98719999999992,22.387999999999998]]]}},{"type":"Feature","properties":{"id":"lu-nt-tuen-mun-05-23","class":"urban_open_space","vegetationFraction":0.269,"pavedFraction":0.497,"waterFraction":0.024,"simulated":true},"geometry":{"type":"Polygon","coordinates":[[[113.98879999999991,22.387999999999998],[113.99039999999991,22.387999999999998],[113.99039999999991,22.389599999999998],[113.98879999999991,22.389599999999998],[113.98879999999991,22.387999999999998]]]}},{"type":"Feature","properties":{"id":"lu-nt-tuen-mun-06-00","class":"urban_open_space","vegetationFraction":0.335,"pavedFraction":0.595,"waterFraction":0.032,"simulated":true},"geometry":{"type":"Polygon","coordinates":[[[113.952,22.389599999999998],[113.9536,22.389599999999998],[113.9536,22.391199999999998],[113.952,22.391199999999998],[113.952,22.389599999999998]]]}},{"type":"Feature","properties":{"id":"lu-nt-tuen-mun-06-01","class":"urban_open_space","vegetationFraction":0.344,"pavedFraction":0.386,"waterFraction":0.048,"simulated":true},"geometry":{"type":"Polygon","coordinates":[[[113.9536,22.389599999999998],[113.95519999999999,22.389599999999998],[113.95519999999999,22.391199999999998],[113.9536,22.391199999999998],[113.9536,22.389599999999998]]]}},{"type":"Feature","properties":{"id":"lu-nt-tuen-mun-06-02","class":"urban_open_space","vegetationFraction":0.301,"pavedFraction":0.411,"waterFraction":0.015,"simulated":true},"geometry":{"type":"Polygon","coordinates":[[[113.95519999999999,22.389599999999998],[113.95679999999999,22.389599999999998],[113.95679999999999,22.391199999999998],[113.95519999999999,22.391199999999998],[113.95519999999999,22.389599999999998]]]}},{"type":"Feature","properties":{"id":"lu-nt-tuen-mun-06-03","class":"urban_open_space","vegetationFraction":0.381,"pavedFraction":0.615,"waterFraction":0.05,"simulated":true},"geometry":{"type":"Polygon","coordinates":[[[113.95679999999999,22.389599999999998],[113.95839999999998,22.389599999999998],[113.95839999999998,22.391199999999998],[113.95679999999999,22.391199999999998],[113.95679999999999,22.389599999999998]]]}},{"type":"Feature","properties":{"id":"lu-nt-tuen-mun-06-04","class":"urban_open_space","vegetationFraction":0.267,"pavedFraction":0.444,"waterFraction":0.056,"simulated":true},"geometry":{"type":"Polygon","coordinates":[[[113.95839999999998,22.389599999999998],[113.95999999999998,22.389599999999998],[113.95999999999998,22.391199999999998],[113.95839999999998,22.391199999999998],[113.95839999999998,22.389599999999998]]]}},{"type":"Feature","properties":{"id":"lu-nt-tuen-mun-06-05","class":"green_space","vegetationFraction":0.412,"pavedFraction":0.645,"waterFraction":0.031,"simulated":true},"geometry":{"type":"Polygon","coordinates":[[[113.95999999999998,22.389599999999998],[113.96159999999998,22.389599999999998],[113.96159999999998,22.391199999999998],[113.95999999999998,22.391199999999998],[113.95999999999998,22.389599999999998]]]}},{"type":"Feature","properties":{"id":"lu-nt-tuen-mun-06-06","class":"urban_open_space","vegetationFraction":0.319,"pavedFraction":0.502,"waterFraction":0.009,"simulated":true},"geometry":{"type":"Polygon","coordinates":[[[113.96159999999998,22.389599999999998],[113.96319999999997,22.389599999999998],[113.96319999999997,22.391199999999998],[113.96159999999998,22.391199999999998],[113.96159999999998,22.389599999999998]]]}},{"type":"Feature","properties":{"id":"lu-nt-tuen-mun-06-07","class":"urban_open_space","vegetationFraction":0.318,"pavedFraction":0.481,"waterFraction":0.02,"simulated":true},"geometry":{"type":"Polygon","coordinates":[[[113.96319999999997,22.389599999999998],[113.96479999999997,22.389599999999998],[113.96479999999997,22.391199999999998],[113.96319999999997,22.391199999999998],[113.96319999999997,22.389599999999998]]]}},{"type":"Feature","properties":{"id":"lu-nt-tuen-mun-06-08","class":"urban_open_space","vegetationFraction":0.262,"pavedFraction":0.422,"waterFraction":0.009,"simulated":true},"geometry":{"type":"Polygon","coordinates":[[[113.96479999999997,22.389599999999998],[113.96639999999996,22.389599999999998],[113.96639999999996,22.391199999999998],[113.96479999999997,22.391199999999998],[113.96479999999997,22.389599999999998]]]}},{"type":"Feature","properties":{"id":"lu-nt-tuen-mun-06-09","class":"built_up","vegetationFraction":0.216,"pavedFraction":0.638,"waterFraction":0.034,"simulated":true},"geometry":{"type":"Polygon","coordinates":[[[113.96639999999996,22.389599999999998],[113.96799999999996,22.389599999999998],[113.96799999999996,22.391199999999998],[113.96639999999996,22.391199999999998],[113.96639999999996,22.389599999999998]]]}},{"type":"Feature","properties":{"id":"lu-nt-tuen-mun-06-10","class":"urban_open_space","vegetationFraction":0.308,"pavedFraction":0.471,"waterFraction":0.028,"simulated":true},"geometry":{"type":"Polygon","coordinates":[[[113.96799999999996,22.389599999999998],[113.96959999999996,22.389599999999998],[113.96959999999996,22.391199999999998],[113.96799999999996,22.391199999999998],[113.96799999999996,22.389599999999998]]]}},{"type":"Feature","properties":{"id":"lu-nt-tuen-mun-06-11","class":"green_space","vegetationFraction":0.44,"pavedFraction":0.515,"waterFraction":0.008,"simulated":true},"geometry":{"type":"Polygon","coordinates":[[[113.96959999999996,22.389599999999998],[113.97119999999995,22.389599999999998],[113.97119999999995,22.391199999999998],[113.96959999999996,22.391199999999998],[113.96959999999996,22.389599999999998]]]}},{"type":"Feature","properties":{"id":"lu-nt-tuen-mun-06-12","class":"green_space","vegetationFraction":0.405,"pavedFraction":0.523,"waterFraction":0.056,"simulated":true},"geometry":{"type":"Polygon","coordinates":[[[113.97119999999995,22.389599999999998],[113.97279999999995,22.389599999999998],[113.97279999999995,22.391199999999998],[113.97119999999995,22.391199999999998],[113.97119999999995,22.389599999999998]]]}},{"type":"Feature","properties":{"id":"lu-nt-tuen-mun-06-13","class":"urban_open_space","vegetationFraction":0.391,"pavedFraction":0.528,"waterFraction":0.027,"simulated":true},"geometry":{"type":"Polygon","coordinates":[[[113.97279999999995,22.389599999999998],[113.97439999999995,22.389599999999998],[113.97439999999995,22.391199999999998],[113.97279999999995,22.391199999999998],[113.97279999999995,22.389599999999998]]]}},{"type":"Feature","properties":{"id":"lu-nt-tuen-mun-06-14","class":"urban_open_space","vegetationFraction":0.331,"pavedFraction":0.536,"waterFraction":0.01,"simulated":true},"geometry":{"type":"Polygon","coordinates":[[[113.97439999999995,22.389599999999998],[113.97599999999994,22.389599999999998],[113.97599999999994,22.391199999999998],[113.97439999999995,22.391199999999998],[113.97439999999995,22.389599999999998]]]}},{"type":"Feature","properties":{"id":"lu-nt-tuen-mun-06-15","class":"green_space","vegetationFraction":0.41,"pavedFraction":0.43,"waterFraction":0.055,"simulated":true},"geometry":{"type":"Polygon","coordinates":[[[113.97599999999994,22.389599999999998],[113.97759999999994,22.389599999999998],[113.97759999999994,22.391199999999998],[113.97599999999994,22.391199999999998],[113.97599999999994,22.389599999999998]]]}},{"type":"Feature","properties":{"id":"lu-nt-tuen-mun-06-16","class":"urban_open_space","vegetationFraction":0.275,"pavedFraction":0.605,"waterFraction":0.026,"simulated":true},"geometry":{"type":"Polygon","coordinates":[[[113.97759999999994,22.389599999999998],[113.97919999999993,22.389599999999998],[113.97919999999993,22.391199999999998],[113.97759999999994,22.391199999999998],[113.97759999999994,22.389599999999998]]]}},{"type":"Feature","properties":{"id":"lu-nt-tuen-mun-06-17","class":"urban_open_space","vegetationFraction":0.339,"pavedFraction":0.643,"waterFraction":0.058,"simulated":true},"geometry":{"type":"Polygon","coordinates":[[[113.97919999999993,22.389599999999998],[113.98079999999993,22.389599999999998],[113.98079999999993,22.391199999999998],[113.97919999999993,22.391199999999998],[113.97919999999993,22.389599999999998]]]}},{"type":"Feature","properties":{"id":"lu-nt-tuen-mun-06-18","class":"built_up","vegetationFraction":0.225,"pavedFraction":0.482,"waterFraction":0.035,"simulated":true},"geometry":{"type":"Polygon","coordinates":[[[113.98079999999993,22.389599999999998],[113.98239999999993,22.389599999999998],[113.98239999999993,22.391199999999998],[113.98079999999993,22.391199999999998],[113.98079999999993,22.389599999999998]]]}},{"type":"Feature","properties":{"id":"lu-nt-tuen-mun-06-19","class":"urban_open_space","vegetationFraction":0.289,"pavedFraction":0.646,"waterFraction":0.019,"simulated":true},"geometry":{"type":"Polygon","coordinates":[[[113.98239999999993,22.389599999999998],[113.98399999999992,22.389599999999998],[113.98399999999992,22.391199999999998],[113.98239999999993,22.391199999999998],[113.98239999999993,22.389599999999998]]]}},{"type":"Feature","properties":{"id":"lu-nt-tuen-mun-06-20","class":"green_space","vegetationFraction":0.447,"pavedFraction":0.471,"waterFraction":0.044,"simulated":true},"geometry":{"type":"Polygon","coordinates":[[[113.98399999999992,22.389599999999998],[113.98559999999992,22.389599999999998],[113.98559999999992,22.391199999999998],[113.98399999999992,22.391199999999998],[113.98399999999992,22.389599999999998]]]}},{"type":"Feature","properties":{"id":"lu-nt-tuen-mun-06-21","class":"urban_open_space","vegetationFraction":0.364,"pavedFraction":0.63,"waterFraction":0.045,"simulated":true},"geometry":{"type":"Polygon","coordinates":[[[113.98559999999992,22.389599999999998],[113.98719999999992,22.389599999999998],[113.98719999999992,22.391199999999998],[113.98559999999992,22.391199999999998],[113.98559999999992,22.389599999999998]]]}},{"type":"Feature","properties":{"id":"lu-nt-tuen-mun-06-22","class":"urban_open_space","vegetationFraction":0.323,"pavedFraction":0.355,"waterFraction":0.01,"simulated":true},"geometry":{"type":"Polygon","coordinates":[[[113.98719999999992,22.389599999999998],[113.98879999999991,22.389599999999998],[113.98879999999991,22.391199999999998],[113.98719999999992,22.391199999999998],[113.98719999999992,22.389599999999998]]]}},{"type":"Feature","properties":{"id":"lu-nt-tuen-mun-06-23","class":"urban_open_space","vegetationFraction":0.32,"pavedFraction":0.543,"waterFraction":0.031,"simulated":true},"geometry":{"type":"Polygon","coordinates":[[[113.98879999999991,22.389599999999998],[113.99039999999991,22.389599999999998],[113.99039999999991,22.391199999999998],[113.98879999999991,22.391199999999998],[113.98879999999991,22.389599999999998]]]}},{"type":"Feature","properties":{"id":"lu-nt-tuen-mun-07-00","class":"green_space","vegetationFraction":0.429,"pavedFraction":0.509,"waterFraction":0.056,"simulated":true},"geometry":{"type":"Polygon","coordinates":[[[113.952,22.391199999999998],[113.9536,22.391199999999998],[113.9536,22.392799999999998],[113.952,22.392799999999998],[113.952,22.391199999999998]]]}},{"type":"Feature","properties":{"id":"lu-nt-tuen-mun-07-01","class":"built_up","vegetationFraction":0.248,"pavedFraction":0.615,"waterFraction":0.03,"simulated":true},"geometry":{"type":"Polygon","coordinates":[[[113.9536,22.391199999999998],[113.95519999999999,22.391199999999998],[113.95519999999999,22.392799999999998],[113.9536,22.392799999999998],[113.9536,22.391199999999998]]]}},{"type":"Feature","properties":{"id":"lu-nt-tuen-mun-07-02","class":"urban_open_space","vegetationFraction":0.347,"pavedFraction":0.411,"waterFraction":0.049,"simulated":true},"geometry":{"type":"Polygon","coordinates":[[[113.95519999999999,22.391199999999998],[113.95679999999999,22.391199999999998],[113.95679999999999,22.392799999999998],[113.95519999999999,22.392799999999998],[113.95519999999999,22.391199999999998]]]}},{"type":"Feature","properties":{"id":"lu-nt-tuen-mun-07-03","class":"urban_open_space","vegetationFraction":0.341,"pavedFraction":0.494,"waterFraction":0.032,"simulated":true},"geometry":{"type":"Polygon","coordinates":[[[113.95679999999999,22.391199999999998],[113.95839999999998,22.391199999999998],[113.95839999999998,22.392799999999998],[113.95679999999999,22.392799999999998],[113.95679999999999,22.391199999999998]]]}},{"type":"Feature","properties":{"id":"lu-nt-tuen-mun-07-04","class":"green_space","vegetationFraction":0.416,"pavedFraction":0.392,"waterFraction":0.026,"simulated":true},"geometry":{"type":"Polygon","coordinates":[[[113.95839999999998,22.391199999999998],[113.95999999999998,22.391199999999998],[113.95999999999998,22.392799999999998],[113.95839999999998,22.392799999999998],[113.95839999999998,22.391199999999998]]]}},{"type":"Feature","properties":{"id":"lu-nt-tuen-mun-07-05","class":"urban_open_space","vegetationFraction":0.264,"pavedFraction":0.495,"waterFraction":0.059,"simulated":true},"geometry":{"type":"Polygon","coordinates":[[[113.95999999999998,22.391199999999998],[113.96159999999998,22.391199999999998],[113.96159999999998,22.392799999999998],[113.95999999999998,22.392799999999998],[113.95999999999998,22.391199999999998]]]}},{"type":"Feature","properties":{"id":"lu-nt-tuen-mun-07-06","class":"built_up","vegetationFraction":0.248,"pavedFraction":0.376,"waterFraction":0.015,"simulated":true},"geometry":{"type":"Polygon","coordinates":[[[113.96159999999998,22.391199999999998],[113.96319999999997,22.391199999999998],[113.96319999999997,22.392799999999998],[113.96159999999998,22.392799999999998],[113.96159999999998,22.391199999999998]]]}},{"type":"Feature","properties":{"id":"lu-nt-tuen-mun-07-07","class":"urban_open_space","vegetationFraction":0.398,"pavedFraction":0.423,"waterFraction":0.016,"simulated":true},"geometry":{"type":"Polygon","coordinates":[[[113.96319999999997,22.391199999999998],[113.96479999999997,22.391199999999998],[113.96479999999997,22.392799999999998],[113.96319999999997,22.392799999999998],[113.96319999999997,22.391199999999998]]]}},{"type":"Feature","properties":{"id":"lu-nt-tuen-mun-07-08","class":"built_up","vegetationFraction":0.205,"pavedFraction":0.637,"waterFraction":0.03,"simulated":true},"geometry":{"type":"Polygon","coordinates":[[[113.96479999999997,22.391199999999998],[113.96639999999996,22.391199999999998],[113.96639999999996,22.392799999999998],[113.96479999999997,22.392799999999998],[113.96479999999997,22.391199999999998]]]}},{"type":"Feature","properties":{"id":"lu-nt-tuen-mun-07-09","class":"urban_open_space","vegetationFraction":0.348,"pavedFraction":0.37,"waterFraction":0.058,"simulated":true},"geometry":{"type":"Polygon","coordinates":[[[113.96639999999996,22.391199999999998],[113.96799999999996,22.391199999999998],[113.96799999999996,22.392799999999998],[113.96639999999996,22.392799999999998],[113.96639999999996,22.391199999999998]]]}},{"type":"Feature","properties":{"id":"lu-nt-tuen-mun-07-10","class":"urban_open_space","vegetationFraction":0.353,"pavedFraction":0.434,"waterFraction":0.009,"simulated":true},"geometry":{"type":"Polygon","coordinates":[[[113.96799999999996,22.391199999999998],[113.96959999999996,22.391199999999998],[113.96959999999996,22.392799999999998],[113.96799999999996,22.392799999999998],[113.96799999999996,22.391199999999998]]]}},{"type":"Feature","properties":{"id":"lu-nt-tuen-mun-07-11","class":"built_up","vegetationFraction":0.21,"pavedFraction":0.517,"waterFraction":0.03,"simulated":true},"geometry":{"type":"Polygon","coordinates":[[[113.96959999999996,22.391199999999998],[113.97119999999995,22.391199999999998],[113.97119999999995,22.392799999999998],[113.96959999999996,22.392799999999998],[113.96959999999996,22.391199999999998]]]}},{"type":"Feature","properties":{"id":"lu-nt-tuen-mun-07-12","class":"green_space","vegetationFraction":0.423,"pavedFraction":0.451,"waterFraction":0.045,"simulated":true},"geometry":{"type":"Polygon","coordinates":[[[113.97119999999995,22.391199999999998],[113.97279999999995,22.391199999999998],[113.97279999999995,22.392799999999998],[113.97119999999995,22.392799999999998],[113.97119999999995,22.391199999999998]]]}},{"type":"Feature","properties":{"id":"lu-nt-tuen-mun-07-13","class":"urban_open_space","vegetationFraction":0.276,"pavedFraction":0.478,"waterFraction":0.059,"simulated":true},"geometry":{"type":"Polygon","coordinates":[[[113.97279999999995,22.391199999999998],[113.97439999999995,22.391199999999998],[113.97439999999995,22.392799999999998],[113.97279999999995,22.392799999999998],[113.97279999999995,22.391199999999998]]]}},{"type":"Feature","properties":{"id":"lu-nt-tuen-mun-07-14","class":"urban_open_space","vegetationFraction":0.34,"pavedFraction":0.497,"waterFraction":0.052,"simulated":true},"geometry":{"type":"Polygon","coordinates":[[[113.97439999999995,22.391199999999998],[113.97599999999994,22.391199999999998],[113.97599999999994,22.392799999999998],[113.97439999999995,22.392799999999998],[113.97439999999995,22.391199999999998]]]}},{"type":"Feature","properties":{"id":"lu-nt-tuen-mun-07-15","class":"urban_open_space","vegetationFraction":0.347,"pavedFraction":0.364,"waterFraction":0.01,"simulated":true},"geometry":{"type":"Polygon","coordinates":[[[113.97599999999994,22.391199999999998],[113.97759999999994,22.391199999999998],[113.97759999999994,22.392799999999998],[113.97599999999994,22.392799999999998],[113.97599999999994,22.391199999999998]]]}},{"type":"Feature","properties":{"id":"lu-nt-tuen-mun-07-16","class":"green_space","vegetationFraction":0.434,"pavedFraction":0.548,"waterFraction":0.033,"simulated":true},"geometry":{"type":"Polygon","coordinates":[[[113.97759999999994,22.391199999999998],[113.97919999999993,22.391199999999998],[113.97919999999993,22.392799999999998],[113.97759999999994,22.392799999999998],[113.97759999999994,22.391199999999998]]]}},{"type":"Feature","properties":{"id":"lu-nt-tuen-mun-07-17","class":"urban_open_space","vegetationFraction":0.319,"pavedFraction":0.469,"waterFraction":0.047,"simulated":true},"geometry":{"type":"Polygon","coordinates":[[[113.97919999999993,22.391199999999998],[113.98079999999993,22.391199999999998],[113.98079999999993,22.392799999999998],[113.97919999999993,22.392799999999998],[113.97919999999993,22.391199999999998]]]}},{"type":"Feature","properties":{"id":"lu-nt-tuen-mun-07-18","class":"urban_open_space","vegetationFraction":0.284,"pavedFraction":0.643,"waterFraction":0.026,"simulated":true},"geometry":{"type":"Polygon","coordinates":[[[113.98079999999993,22.391199999999998],[113.98239999999993,22.391199999999998],[113.98239999999993,22.392799999999998],[113.98079999999993,22.392799999999998],[113.98079999999993,22.391199999999998]]]}},{"type":"Feature","properties":{"id":"lu-nt-tuen-mun-07-19","class":"urban_open_space","vegetationFraction":0.293,"pavedFraction":0.522,"waterFraction":0.056,"simulated":true},"geometry":{"type":"Polygon","coordinates":[[[113.98239999999993,22.391199999999998],[113.98399999999992,22.391199999999998],[113.98399999999992,22.392799999999998],[113.98239999999993,22.392799999999998],[113.98239999999993,22.391199999999998]]]}},{"type":"Feature","properties":{"id":"lu-nt-tuen-mun-07-20","class":"built_up","vegetationFraction":0.24,"pavedFraction":0.474,"waterFraction":0.045,"simulated":true},"geometry":{"type":"Polygon","coordinates":[[[113.98399999999992,22.391199999999998],[113.98559999999992,22.391199999999998],[113.98559999999992,22.392799999999998],[113.98399999999992,22.392799999999998],[113.98399999999992,22.391199999999998]]]}},{"type":"Feature","properties":{"id":"lu-nt-tuen-mun-07-21","class":"urban_open_space","vegetationFraction":0.265,"pavedFraction":0.611,"waterFraction":0.03,"simulated":true},"geometry":{"type":"Polygon","coordinates":[[[113.98559999999992,22.391199999999998],[113.98719999999992,22.391199999999998],[113.98719999999992,22.392799999999998],[113.98559999999992,22.392799999999998],[113.98559999999992,22.391199999999998]]]}},{"type":"Feature","properties":{"id":"lu-nt-tuen-mun-07-22","class":"built_up","vegetationFraction":0.204,"pavedFraction":0.584,"waterFraction":0.059,"simulated":true},"geometry":{"type":"Polygon","coordinates":[[[113.98719999999992,22.391199999999998],[113.98879999999991,22.391199999999998],[113.98879999999991,22.392799999999998],[113.98719999999992,22.392799999999998],[113.98719999999992,22.391199999999998]]]}},{"type":"Feature","properties":{"id":"lu-nt-tuen-mun-07-23","class":"urban_open_space","vegetationFraction":0.321,"pavedFraction":0.616,"waterFraction":0.014,"simulated":true},"geometry":{"type":"Polygon","coordinates":[[[113.98879999999991,22.391199999999998],[113.99039999999991,22.391199999999998],[113.99039999999991,22.392799999999998],[113.98879999999991,22.392799999999998],[113.98879999999991,22.391199999999998]]]}},{"type":"Feature","properties":{"id":"lu-nt-tuen-mun-08-00","class":"green_space","vegetationFraction":0.419,"pavedFraction":0.362,"waterFraction":0.02,"simulated":true},"geometry":{"type":"Polygon","coordinates":[[[113.952,22.392799999999998],[113.9536,22.392799999999998],[113.9536,22.394399999999997],[113.952,22.394399999999997],[113.952,22.392799999999998]]]}},{"type":"Feature","properties":{"id":"lu-nt-tuen-mun-08-01","class":"urban_open_space","vegetationFraction":0.35,"pavedFraction":0.615,"waterFraction":0.039,"simulated":true},"geometry":{"type":"Polygon","coordinates":[[[113.9536,22.392799999999998],[113.95519999999999,22.392799999999998],[113.95519999999999,22.394399999999997],[113.9536,22.394399999999997],[113.9536,22.392799999999998]]]}},{"type":"Feature","properties":{"id":"lu-nt-tuen-mun-08-02","class":"urban_open_space","vegetationFraction":0.374,"pavedFraction":0.634,"waterFraction":0.044,"simulated":true},"geometry":{"type":"Polygon","coordinates":[[[113.95519999999999,22.392799999999998],[113.95679999999999,22.392799999999998],[113.95679999999999,22.394399999999997],[113.95519999999999,22.394399999999997],[113.95519999999999,22.392799999999998]]]}},{"type":"Feature","properties":{"id":"lu-nt-tuen-mun-08-03","class":"urban_open_space","vegetationFraction":0.318,"pavedFraction":0.43,"waterFraction":0.024,"simulated":true},"geometry":{"type":"Polygon","coordinates":[[[113.95679999999999,22.392799999999998],[113.95839999999998,22.392799999999998],[113.95839999999998,22.394399999999997],[113.95679999999999,22.394399999999997],[113.95679999999999,22.392799999999998]]]}},{"type":"Feature","properties":{"id":"lu-nt-tuen-mun-08-04","class":"built_up","vegetationFraction":0.206,"pavedFraction":0.494,"waterFraction":0.028,"simulated":true},"geometry":{"type":"Polygon","coordinates":[[[113.95839999999998,22.392799999999998],[113.95999999999998,22.392799999999998],[113.95999999999998,22.394399999999997],[113.95839999999998,22.394399999999997],[113.95839999999998,22.392799999999998]]]}},{"type":"Feature","properties":{"id":"lu-nt-tuen-mun-08-05","class":"urban_open_space","vegetationFraction":0.266,"pavedFraction":0.365,"waterFraction":0.051,"simulated":true},"geometry":{"type":"Polygon","coordinates":[[[113.95999999999998,22.392799999999998],[113.96159999999998,22.392799999999998],[113.96159999999998,22.394399999999997],[113.95999999999998,22.394399999999997],[113.95999999999998,22.392799999999998]]]}},{"type":"Feature","properties":{"id":"lu-nt-tuen-mun-08-06","class":"urban_open_space","vegetationFraction":0.378,"pavedFraction":0.463,"waterFraction":0.005,"simulated":true},"geometry":{"type":"Polygon","coordinates":[[[113.96159999999998,22.392799999999998],[113.96319999999997,22.392799999999998],[113.96319999999997,22.394399999999997],[113.96159999999998,22.394399999999997],[113.96159999999998,22.392799999999998]]]}},{"type":"Feature","properties":{"id":"lu-nt-tuen-mun-08-07","class":"built_up","vegetationFraction":0.201,"pavedFraction":0.394,"waterFraction":0.051,"simulated":true},"geometry":{"type":"Polygon","coordinates":[[[113.96319999999997,22.392799999999998],[113.96479999999997,22.392799999999998],[113.96479999999997,22.394399999999997],[113.96319999999997,22.394399999999997],[113.96319999999997,22.392799999999998]]]}},{"type":"Feature","properties":{"id":"lu-nt-tuen-mun-08-08","class":"urban_open_space","vegetationFraction":0.297,"pavedFraction":0.617,"waterFraction":0.031,"simulated":true},"geometry":{"type":"Polygon","coordinates":[[[113.96479999999997,22.392799999999998],[113.96639999999996,22.392799999999998],[113.96639999999996,22.394399999999997],[113.96479999999997,22.394399999999997],[113.96479999999997,22.392799999999998]]]}},{"type":"Feature","properties":{"id":"lu-nt-tuen-mun-08-09","class":"green_space","vegetationFraction":0.78,"pavedFraction":0.1,"waterFraction":0.007,"simulated":true},"geometry":{"type":"Polygon","coordinates":[[[113.96639999999996,22.392799999999998],[113.96799999999996,22.392799999999998],[113.96799999999996,22.394399999999997],[113.96639999999996,22.394399999999997],[113.96639999999996,22.392799999999998]]]}},{"type":"Feature","properties":{"id":"lu-nt-tuen-mun-08-10","class":"green_space","vegetationFraction":0.78,"pavedFraction":0.1,"waterFraction":0.012,"simulated":true},"geometry":{"type":"Polygon","coordinates":[[[113.96799999999996,22.392799999999998],[113.96959999999996,22.392799999999998],[113.96959999999996,22.394399999999997],[113.96799999999996,22.394399999999997],[113.96799999999996,22.392799999999998]]]}},{"type":"Feature","properties":{"id":"lu-nt-tuen-mun-08-11","class":"green_space","vegetationFraction":0.78,"pavedFraction":0.1,"waterFraction":0.031,"simulated":true},"geometry":{"type":"Polygon","coordinates":[[[113.96959999999996,22.392799999999998],[113.97119999999995,22.392799999999998],[113.97119999999995,22.394399999999997],[113.96959999999996,22.394399999999997],[113.96959999999996,22.392799999999998]]]}},{"type":"Feature","properties":{"id":"lu-nt-tuen-mun-08-12","class":"green_space","vegetationFraction":0.78,"pavedFraction":0.1,"waterFraction":0.01,"simulated":true},"geometry":{"type":"Polygon","coordinates":[[[113.97119999999995,22.392799999999998],[113.97279999999995,22.392799999999998],[113.97279999999995,22.394399999999997],[113.97119999999995,22.394399999999997],[113.97119999999995,22.392799999999998]]]}},{"type":"Feature","properties":{"id":"lu-nt-tuen-mun-08-13","class":"green_space","vegetationFraction":0.78,"pavedFraction":0.1,"waterFraction":0.042,"simulated":true},"geometry":{"type":"Polygon","coordinates":[[[113.97279999999995,22.392799999999998],[113.97439999999995,22.392799999999998],[113.97439999999995,22.394399999999997],[113.97279999999995,22.394399999999997],[113.97279999999995,22.392799999999998]]]}},{"type":"Feature","properties":{"id":"lu-nt-tuen-mun-08-14","class":"green_space","vegetationFraction":0.78,"pavedFraction":0.1,"waterFraction":0.051,"simulated":true},"geometry":{"type":"Polygon","coordinates":[[[113.97439999999995,22.392799999999998],[113.97599999999994,22.392799999999998],[113.97599999999994,22.394399999999997],[113.97439999999995,22.394399999999997],[113.97439999999995,22.392799999999998]]]}},{"type":"Feature","properties":{"id":"lu-nt-tuen-mun-08-15","class":"green_space","vegetationFraction":0.78,"pavedFraction":0.1,"waterFraction":0.0,"simulated":true},"geometry":{"type":"Polygon","coordinates":[[[113.97599999999994,22.392799999999998],[113.97759999999994,22.392799999999998],[113.97759999999994,22.394399999999997],[113.97599999999994,22.394399999999997],[113.97599999999994,22.392799999999998]]]}},{"type":"Feature","properties":{"id":"lu-nt-tuen-mun-08-16","class":"urban_open_space","vegetationFraction":0.371,"pavedFraction":0.595,"waterFraction":0.02,"simulated":true},"geometry":{"type":"Polygon","coordinates":[[[113.97759999999994,22.392799999999998],[113.97919999999993,22.392799999999998],[113.97919999999993,22.394399999999997],[113.97759999999994,22.394399999999997],[113.97759999999994,22.392799999999998]]]}},{"type":"Feature","properties":{"id":"lu-nt-tuen-mun-08-17","class":"urban_open_space","vegetationFraction":0.26,"pavedFraction":0.444,"waterFraction":0.049,"simulated":true},"geometry":{"type":"Polygon","coordinates":[[[113.97919999999993,22.392799999999998],[113.98079999999993,22.392799999999998],[113.98079999999993,22.394399999999997],[113.97919999999993,22.394399999999997],[113.97919999999993,22.392799999999998]]]}},{"type":"Feature","properties":{"id":"lu-nt-tuen-mun-08-18","class":"urban_open_space","vegetationFraction":0.348,"pavedFraction":0.375,"waterFraction":0.058,"simulated":true},"geometry":{"type":"Polygon","coordinates":[[[113.98079999999993,22.392799999999998],[113.98239999999993,22.392799999999998],[113.98239999999993,22.394399999999997],[113.98079999999993,22.394399999999997],[113.98079999999993,22.392799999999998]]]}},{"type":"Feature","properties":{"id":"lu-nt-tuen-mun-08-19","class":"urban_open_space","vegetationFraction":0.303,"pavedFraction":0.524,"waterFraction":0.003,"simulated":true},"geometry":{"type":"Polygon","coordinates":[[[113.98239999999993,22.392799999999998],[113.98399999999992,22.392799999999998],[113.98399999999992,22.394399999999997],[113.98239999999993,22.394399999999997],[113.98239999999993,22.392799999999998]]]}},{"type":"Feature","properties":{"id":"lu-nt-tuen-mun-08-20","class":"urban_open_space","vegetationFraction":0.355,"pavedFraction":0.643,"waterFraction":0.034,"simulated":true},"geometry":{"type":"Polygon","coordinates":[[[113.98399999999992,22.392799999999998],[113.98559999999992,22.392799999999998],[113.98559999999992,22.394399999999997],[113.98399999999992,22.394399999999997],[113.98399999999992,22.392799999999998]]]}},{"type":"Feature","properties":{"id":"lu-nt-tuen-mun-08-21","class":"urban_open_space","vegetationFraction":0.289,"pavedFraction":0.622,"waterFraction":0.052,"simulated":true},"geometry":{"type":"Polygon","coordinates":[[[113.98559999999992,22.392799999999998],[113.98719999999992,22.392799999999998],[113.98719999999992,22.394399999999997],[113.98559999999992,22.394399999999997],[113.98559999999992,22.392799999999998]]]}},{"type":"Feature","properties":{"id":"lu-nt-tuen-mun-08-22","class":"urban_open_space","vegetationFraction":0.367,"pavedFraction":0.426,"waterFraction":0.004,"simulated":true},"geometry":{"type":"Polygon","coordinates":[[[113.98719999999992,22.392799999999998],[113.98879999999991,22.392799999999998],[113.98879999999991,22.394399999999997],[113.98719999999992,22.394399999999997],[113.98719999999992,22.392799999999998]]]}},{"type":"Feature","properties":{"id":"lu-nt-tuen-mun-08-23","class":"urban_open_space","vegetationFraction":0.292,"pavedFraction":0.641,"waterFraction":0.024,"simulated":true},"geometry":{"type":"Polygon","coordinates":[[[113.98879999999991,22.392799999999998],[113.99039999999991,22.392799999999998],[113.99039999999991,22.394399999999997],[113.98879999999991,22.394399999999997],[113.98879999999991,22.392799999999998]]]}},{"type":"Feature","properties":{"id":"lu-nt-tuen-mun-09-00","class":"urban_open_space","vegetationFraction":0.262,"pavedFraction":0.511,"waterFraction":0.049,"simulated":true},"geometry":{"type":"Polygon","coordinates":[[[113.952,22.394399999999997],[113.9536,22.394399999999997],[113.9536,22.395999999999997],[113.952,22.395999999999997],[113.952,22.394399999999997]]]}},{"type":"Feature","properties":{"id":"lu-nt-tuen-mun-09-01","class":"built_up","vegetationFraction":0.203,"pavedFraction":0.637,"waterFraction":0.045,"simulated":true},"geometry":{"type":"Polygon","coordinates":[[[113.9536,22.394399999999997],[113.95519999999999,22.394399999999997],[113.95519999999999,22.395999999999997],[113.9536,22.395999999999997],[113.9536,22.394399999999997]]]}},{"type":"Feature","properties":{"id":"lu-nt-tuen-mun-09-02","class":"urban_open_space","vegetationFraction":0.359,"pavedFraction":0.596,"waterFraction":0.04,"simulated":true},"geometry":{"type":"Polygon","coordinates":[[[113.95519999999999,22.394399999999997],[113.95679999999999,22.394399999999997],[113.95679999999999,22.395999999999997],[113.95519999999999,22.395999999999997],[113.95519999999999,22.394399999999997]]]}},{"type":"Feature","properties":{"id":"lu-nt-tuen-mun-09-03","class":"urban_open_space","vegetationFraction":0.326,"pavedFraction":0.597,"waterFraction":0.058,"simulated":true},"geometry":{"type":"Polygon","coordinates":[[[113.95679999999999,22.394399999999997],[113.95839999999998,22.394399999999997],[113.95839999999998,22.395999999999997],[113.95679999999999,22.395999999999997],[113.95679999999999,22.394399999999997]]]}},{"type":"Feature","properties":{"id":"lu-nt-tuen-mun-09-04","class":"urban_open_space","vegetationFraction":0.279,"pavedFraction":0.449,"waterFraction":0.011,"simulated":true},"geometry":{"type":"Polygon","coordinates":[[[113.95839999999998,22.394399999999997],[113.95999999999998,22.394399999999997],[113.95999999999998,22.395999999999997],[113.95839999999998,22.395999999999997],[113.95839999999998,22.394399999999997]]]}},{"type":"Feature","properties":{"id":"lu-nt-tuen-mun-09-05","class":"green_space","vegetationFraction":0.431,"pavedFraction":0.405,"waterFraction":0.057,"simulated":true},"geometry":{"type":"Polygon","coordinates":[[[113.95999999999998,22.394399999999997],[113.96159999999998,22.394399999999997],[113.96159999999998,22.395999999999997],[113.95999999999998,22.395999999999997],[113.95999999999998,22.394399999999997]]]}},{"type":"Feature","properties":{"id":"lu-nt-tuen-mun-09-06","class":"urban_open_space","vegetationFraction":0.329,"pavedFraction":0.569,"waterFraction":0.015,"simulated":true},"geometry":{"type":"Polygon","coordinates":[[[113.96159999999998,22.394399999999997],[113.96319999999997,22.394399999999997],[113.96319999999997,22.395999999999997],[113.96159999999998,22.395999999999997],[113.96159999999998,22.394399999999997]]]}},{"type":"Feature","properties":{"id":"lu-nt-tuen-mun-09-07","class":"green_space","vegetationFraction":0.406,"pavedFraction":0.375,"waterFraction":0.023,"simulated":true},"geometry":{"type":"Polygon","coordinates":[[[113.96319999999997,22.394399999999997],[113.96479999999997,22.394399999999997],[113.96479999999997,22.395999999999997],[113.96319999999997,22.395999999999997],[113.96319999999997,22.394399999999997]]]}},{"type":"Feature","properties":{"id":"lu-nt-tuen-mun-09-08","class":"urban_open_space","vegetationFraction":0.293,"pavedFraction":0.649,"waterFraction":0.019,"simulated":true},"geometry":{"type":"Polygon","coordinates":[[[113.96479999999997,22.394399999999997],[113.96639999999996,22.394399999999997],[113.96639999999996,22.395999999999997],[113.96479999999997,22.395999999999997],[113.96479999999997,22.394399999999997]]]}},{"type":"Feature","properties":{"id":"lu-nt-tuen-mun-09-09","class":"green_space","vegetationFraction":0.78,"pavedFraction":0.1,"waterFraction":0.049,"simulated":true},"geometry":{"type":"Polygon","coordinates":[[[113.96639999999996,22.394399999999997],[113.96799999999996,22.394399999999997],[113.96799999999996,22.395999999999997],[113.96639999999996,22.395999999999997],[113.96639999999996,22.394399999999997]]]}},{"type":"Feature","properties":{"id":"lu-nt-tuen-mun-09-10","class":"green_space","vegetationFraction":0.78,"pavedFraction":0.1,"waterFraction":0.027,"simulated":true},"geometry":{"type":"Polygon","coordinates":[[[113.96799999999996,22.394399999999997],[113.96959999999996,22.394399999999997],[113.96959999999996,22.395999999999997],[113.96799999999996,22.395999999999997],[113.96799999999996,22.394399999999997]]]}},{"type":"Feature","properties":{"id":"lu-nt-tuen-mun-09-11","class":"green_space","vegetationFraction":0.78,"pavedFraction":0.1,"waterFraction":0.016,"simulated":true},"geometry":{"type":"Polygon","coordinates":[[[113.96959999999996,22.394399999999997],[113.97119999999995,22.394399999999997],[113.97119999999995,22.395999999999997],[113.96959999999996,22.395999999999997],[113.96959999999996,22.394399999999997]]]}},{"type":"Feature","properties":{"id":"lu-nt-tuen-mun-09-12","class":"green_space","vegetationFraction":0.78,"pavedFraction":0.1,"waterFraction":0.058,"simulated":true},"geometry":{"type":"Polygon","coordinates":[[[113.97119999999995,22.394399999999997],[113.97279999999995,22.394399999999997],[113.97279999999995,22.395999999999997],[113.97119999999995,22.395999999999997],[113.97119999999995,22.394399999999997]]]}},{"type":"Feature","properties":{"id":"lu-nt-tuen-mun-09-13","class":"green_space","vegetationFraction":0.78,"pavedFraction":0.1,"waterFraction":0.013,"simulated":true},"geometry":{"type":"Polygon","coordinates":[[[113.97279999999995,22.394399999999997],[113.97439999999995,22.394399999999997],[113.97439999999995,22.395999999999997],[113.97279999999995,22.395999999999997],[113.97279999999995,22.394399999999997]]]}},{"type":"Feature","properties":{"id":"lu-nt-tuen-mun-09-14","class":"green_space","vegetationFraction":0.78,"pavedFraction":0.1,"waterFraction":0.047,"simulated":true},"geometry":{"type":"Polygon","coordinates":[[[113.97439999999995,22.394399999999997],[113.97599999999994,22.394399999999997],[113.97599999999994,22.395999999999997],[113.97439999999995,22.395999999999997],[113.97439999999995,22.394399999999997]]]}},{"type":"Feature","properties":{"id":"lu-nt-tuen-mun-09-15","class":"green_space","vegetationFraction":0.78,"pavedFraction":0.1,"waterFraction":0.055,"simulated":true},"geometry":{"type":"Polygon","coordinates":[[[113.97599999999994,22.394399999999997],[113.97759999999994,22.394399999999997],[113.97759999999994,22.395999999999997],[113.97599999999994,22.395999999999997],[113.97599999999994,22.394399999999997]]]}},{"type":"Feature","properties":{"id":"lu-nt-tuen-mun-09-16","class":"green_space","vegetationFraction":0.44,"pavedFraction":0.645,"waterFraction":0.054,"simulated":true},"geometry":{"type":"Polygon","coordinates":[[[113.97759999999994,22.394399999999997],[113.97919999999993,22.394399999999997],[113.97919999999993,22.395999999999997],[113.97759999999994,22.395999999999997],[113.97759999999994,22.394399999999997]]]}},{"type":"Feature","properties":{"id":"lu-nt-tuen-mun-09-17","class":"green_space","vegetationFraction":0.425,"pavedFraction":0.634,"waterFraction":0.004,"simulated":true},"geometry":{"type":"Polygon","coordinates":[[[113.97919999999993,22.394399999999997],[113.98079999999993,22.394399999999997],[113.98079999999993,22.395999999999997],[113.97919999999993,22.395999999999997],[113.97919999999993,22.394399999999997]]]}},{"type":"Feature","properties":{"id":"lu-nt-tuen-mun-09-18","class":"green_space","vegetationFraction":0.428,"pavedFraction":0.51,"waterFraction":0.032,"simulated":true},"geometry":{"type":"Polygon","coordinates":[[[113.98079999999993,22.394399999999997],[113.98239999999993,22.394399999999997],[113.98239999999993,22.395999999999997],[113.98079999999993,22.395999999999997],[113.98079999999993,22.394399999999997]]]}},{"type":"Feature","properties":{"id":"lu-nt-tuen-mun-09-19","class":"green_space","vegetationFraction":0.404,"pavedFraction":0.476,"waterFraction":0.024,"simulated":true},"geometry":{"type":"Polygon","coordinates":[[[113.98239999999993,22.394399999999997],[113.98399999999992,22.394399999999997],[113.98399999999992,22.395999999999997],[113.98239999999993,22.395999999999997],[113.98239999999993,22.394399999999997]]]}},{"type":"Feature","properties":{"id":"lu-nt-tuen-mun-09-20","class":"green_space","vegetationFraction":0.445,"pavedFraction":0.383,"waterFraction":0.046,"simulated":true},"geometry":{"type":"Polygon","coordinates":[[[113.98399999999992,22.394399999999997],[113.98559999999992,22.394399999999997],[113.98559999999992,22.395999999999997],[113.98399999999992,22.395999999999997],[113.98399999999992,22.394399999999997]]]}},{"type":"Feature","properties":{"id":"lu-nt-tuen-mun-09-21","class":"green_space","vegetationFraction":0.429,"pavedFraction":0.362,"waterFraction":0.007,"simulated":true},"geometry":{"type":"Polygon","coordinates":[[[113.98559999999992,22.394399999999997],[113.98719999999992,22.394399999999997],[113.98719999999992,22.395999999999997],[113.98559999999992,22.395999999999997],[113.98559999999992,22.394399999999997]]]}},{"type":"Feature","properties":{"id":"lu-nt-tuen-mun-09-22","class":"urban_open_space","vegetationFraction":0.334,"pavedFraction":0.379,"waterFraction":0.037,"simulated":true},"geometry":{"type":"Polygon","coordinates":[[[113.98719999999992,22.394399999999997],[113.98879999999991,22.394399999999997],[113.98879999999991,22.395999999999997],[113.98719999999992,22.395999999999997],[113.98719999999992,22.394399999999997]]]}},{"type":"Feature","properties":{"id":"lu-nt-tuen-mun-09-23","class":"urban_open_space","vegetationFraction":0.321,"pavedFraction":0.392,"waterFraction":0.03,"simulated":true},"geometry":{"type":"Polygon","coordinates":[[[113.98879999999991,22.394399999999997],[113.99039999999991,22.394399999999997],[113.99039999999991,22.395999999999997],[113.98879999999991,22.395999999999997],[113.98879999999991,22.394399999999997]]]}},{"type":"Feature","properties":{"id":"lu-nt-tuen-mun-10-00","class":"built_up","vegetationFraction":0.249,"pavedFraction":0.631,"waterFraction":0.023,"simulated":true},"geometry":{"type":"Polygon","coordinates":[[[113.952,22.395999999999997],[113.9536,22.395999999999997],[113.9536,22.397599999999997],[113.952,22.397599999999997],[113.952,22.395999999999997]]]}},{"type":"Feature","properties":{"id":"lu-nt-tuen-mun-10-01","class":"urban_open_space","vegetationFraction":0.314,"pavedFraction":0.437,"waterFraction":0.024,"simulated":true},"geometry":{"type":"Polygon","coordinates":[[[113.9536,22.395999999999997],[113.95519999999999,22.395999999999997],[113.95519999999999,22.397599999999997],[113.9536,22.397599999999997],[113.9536,22.395999999999997]]]}},{"type":"Feature","properties":{"id":"lu-nt-tuen-mun-10-02","class":"urban_open_space","vegetationFraction":0.254,"pavedFraction":0.622,"waterFraction":0.046,"simulated":true},"geometry":{"type":"Polygon","coordinates":[[[113.95519999999999,22.395999999999997],[113.95679999999999,22.395999999999997],[113.95679999999999,22.397599999999997],[113.95519999999999,22.397599999999997],[113.95519999999999,22.395999999999997]]]}},{"type":"Feature","properties":{"id":"lu-nt-tuen-mun-10-03","class":"green_space","vegetationFraction":0.418,"pavedFraction":0.537,"waterFraction":0.026,"simulated":true},"geometry":{"type":"Polygon","coordinates":[[[113.95679999999999,22.395999999999997],[113.95839999999998,22.395999999999997],[113.95839999999998,22.397599999999997],[113.95679999999999,22.397599999999997],[113.95679999999999,22.395999999999997]]]}},{"type":"Feature","properties":{"id":"lu-nt-tuen-mun-10-04","class":"urban_open_space","vegetationFraction":0.339,"pavedFraction":0.409,"waterFraction":0.004,"simulated":true},"geometry":{"type":"Polygon","coordinates":[[[113.95839999999998,22.395999999999997],[113.95999999999998,22.395999999999997],[113.95999999999998,22.397599999999997],[113.95839999999998,22.397599999999997],[113.95839999999998,22.395999999999997]]]}},{"type":"Feature","properties":{"id":"lu-nt-tuen-mun-10-05","class":"green_space","vegetationFraction":0.44,"pavedFraction":0.509,"waterFraction":0.048,"simulated":true},"geometry":{"type":"Polygon","coordinates":[[[113.95999999999998,22.395999999999997],[113.96159999999998,22.395999999999997],[113.96159999999998,22.397599999999997],[113.95999999999998,22.397599999999997],[113.95999999999998,22.395999999999997]]]}},{"type":"Feature","properties":{"id":"lu-nt-tuen-mun-10-06","class":"green_space","vegetationFraction":0.445,"pavedFraction":0.649,"waterFraction":0.023,"simulated":true},"geometry":{"type":"Polygon","coordinates":[[[113.96159999999998,22.395999999999997],[113.96319999999997,22.395999999999997],[113.96319999999997,22.397599999999997],[113.96159999999998,22.397599999999997],[113.96159999999998,22.395999999999997]]]}},{"type":"Feature","properties":{"id":"lu-nt-tuen-mun-10-07","class":"urban_open_space","vegetationFraction":0.259,"pavedFraction":0.617,"waterFraction":0.023,"simulated":true},"geometry":{"type":"Polygon","coordinates":[[[113.96319999999997,22.395999999999997],[113.96479999999997,22.395999999999997],[113.96479999999997,22.397599999999997],[113.96319999999997,22.397599999999997],[113.96319999999997,22.395999999999997]]]}},{"type":"Feature","properties":{"id":"lu-nt-tuen-mun-10-08","class":"built_up","vegetationFraction":0.21,"pavedFraction":0.51,"waterFraction":0.034,"simulated":true},"geometry":{"type":"Polygon","coordinates":[[[113.96479999999997,22.395999999999997],[113.96639999999996,22.395999999999997],[113.96639999999996,22.397599999999997],[113.96479999999997,22.397599999999997],[113.96479999999997,22.395999999999997]]]}},{"type":"Feature","properties":{"id":"lu-nt-tuen-mun-10-09","class":"green_space","vegetationFraction":0.78,"pavedFraction":0.1,"waterFraction":0.048,"simulated":true},"geometry":{"type":"Polygon","coordinates":[[[113.96639999999996,22.395999999999997],[113.96799999999996,22.395999999999997],[113.96799999999996,22.397599999999997],[113.96639999999996,22.397599999999997],[113.96639999999996,22.395999999999997]]]}},{"type":"Feature","properties":{"id":"lu-nt-tuen-mun-10-10","class":"green_space","vegetationFraction":0.78,"pavedFraction":0.1,"waterFraction":0.054,"simulated":true},"geometry":{"type":"Polygon","coordinates":[[[113.96799999999996,22.395999999999997],[113.96959999999996,22.395999999999997],[113.96959999999996,22.397599999999997],[113.96799999999996,22.397599999999997],[113.96799999999996,22.395999999999997]]]}},{"type":"Feature","properties":{"id":"lu-nt-tuen-mun-10-11","class":"green_space","vegetationFraction":0.78,"pavedFraction":0.1,"waterFraction":0.003,"simulated":true},"geometry":{"type":"Polygon","coordinates":[[[113.96959999999996,22.395999999999997],[113.97119999999995,22.395999999999997],[113.97119999999995,22.397599999999997],[113.96959999999996,22.397599999999997],[113.96959999999996,22.395999999999997]]]}},{"type":"Feature","properties":{"id":"lu-nt-tuen-mun-10-12","class":"green_space","vegetationFraction":0.78,"pavedFraction":0.1,"waterFraction":0.033,"simulated":true},"geometry":{"type":"Polygon","coordinates":[[[113.97119999999995,22.395999999999997],[113.97279999999995,22.395999999999997],[113.97279999999995,22.397599999999997],[113.97119999999995,22.397599999999997],[113.97119999999995,22.395999999999997]]]}},{"type":"Feature","properties":{"id":"lu-nt-tuen-mun-10-13","class":"green_space","vegetationFraction":0.78,"pavedFraction":0.1,"waterFraction":0.004,"simulated":true},"geometry":{"type":"Polygon","coordinates":[[[113.97279999999995,22.395999999999997],[113.97439999999995,22.395999999999997],[113.97439999999995,22.397599999999997],[113.97279999999995,22.397599999999997],[113.97279999999995,22.395999999999997]]]}},{"type":"Feature","properties":{"id":"lu-nt-tuen-mun-10-14","class":"green_space","vegetationFraction":0.78,"pavedFraction":0.1,"waterFraction":0.03,"simulated":true},"geometry":{"type":"Polygon","coordinates":[[[113.97439999999995,22.395999999999997],[113.97599999999994,22.395999999999997],[113.97599999999994,22.397599999999997],[113.97439999999995,22.397599999999997],[113.97439999999995,22.395999999999997]]]}},{"type":"Feature","properties":{"id":"lu-nt-tuen-mun-10-15","class":"green_space","vegetationFraction":0.78,"pavedFraction":0.1,"waterFraction":0.058,"simulated":true},"geometry":{"type":"Polygon","coordinates":[[[113.97599999999994,22.395999999999997],[113.97759999999994,22.395999999999997],[113.97759999999994,22.397599999999997],[113.97599999999994,22.397599999999997],[113.97599999999994,22.395999999999997]]]}},{"type":"Feature","properties":{"id":"lu-nt-tuen-mun-10-16","class":"green_space","vegetationFraction":0.425,"pavedFraction":0.462,"waterFraction":0.027,"simulated":true},"geometry":{"type":"Polygon","coordinates":[[[113.97759999999994,22.395999999999997],[113.97919999999993,22.395999999999997],[113.97919999999993,22.397599999999997],[113.97759999999994,22.397599999999997],[113.97759999999994,22.395999999999997]]]}},{"type":"Feature","properties":{"id":"lu-nt-tuen-mun-10-17","class":"green_space","vegetationFraction":0.427,"pavedFraction":0.391,"waterFraction":0.048,"simulated":true},"geometry":{"type":"Polygon","coordinates":[[[113.97919999999993,22.395999999999997],[113.98079999999993,22.395999999999997],[113.98079999999993,22.397599999999997],[113.97919999999993,22.397599999999997],[113.97919999999993,22.395999999999997]]]}},{"type":"Feature","properties":{"id":"lu-nt-tuen-mun-10-18","class":"green_space","vegetationFraction":0.408,"pavedFraction":0.484,"waterFraction":0.053,"simulated":true},"geometry":{"type":"Polygon","coordinates":[[[113.98079999999993,22.395999999999997],[113.98239999999993,22.395999999999997],[113.98239999999993,22.397599999999997],[113.98079999999993,22.397599999999997],[113.98079999999993,22.395999999999997]]]}},{"type":"Feature","properties":{"id":"lu-nt-tuen-mun-10-19","class":"urban_open_space","vegetationFraction":0.31,"pavedFraction":0.545,"waterFraction":0.009,"simulated":true},"geometry":{"type":"Polygon","coordinates":[[[113.98239999999993,22.395999999999997],[113.98399999999992,22.395999999999997],[113.98399999999992,22.397599999999997],[113.98239999999993,22.397599999999997],[113.98239999999993,22.395999999999997]]]}},{"type":"Feature","properties":{"id":"lu-nt-tuen-mun-10-20","class":"green_space","vegetationFraction":0.449,"pavedFraction":0.608,"waterFraction":0.032,"simulated":true},"geometry":{"type":"Polygon","coordinates":[[[113.98399999999992,22.395999999999997],[113.98559999999992,22.395999999999997],[113.98559999999992,22.397599999999997],[113.98399999999992,22.397599999999997],[113.98399999999992,22.395999999999997]]]}},{"type":"Feature","properties":{"id":"lu-nt-tuen-mun-10-21","class":"built_up","vegetationFraction":0.244,"pavedFraction":0.592,"waterFraction":0.037,"simulated":true},"geometry":{"type":"Polygon","coordinates":[[[113.98559999999992,22.395999999999997],[113.98719999999992,22.395999999999997],[113.98719999999992,22.397599999999997],[113.98559999999992,22.397599999999997],[113.98559999999992,22.395999999999997]]]}},{"type":"Feature","properties":{"id":"lu-nt-tuen-mun-10-22","class":"urban_open_space","vegetationFraction":0.348,"pavedFraction":0.359,"waterFraction":0.003,"simulated":true},"geometry":{"type":"Polygon","coordinates":[[[113.98719999999992,22.395999999999997],[113.98879999999991,22.395999999999997],[113.98879999999991,22.397599999999997],[113.98719999999992,22.397599999999997],[113.98719999999992,22.395999999999997]]]}},{"type":"Feature","properties":{"id":"lu-nt-tuen-mun-10-23","class":"urban_open_space","vegetationFraction":0.34,"pavedFraction":0.356,"waterFraction":0.031,"simulated":true},"geometry":{"type":"Polygon","coordinates":[[[113.98879999999991,22.395999999999997],[113.99039999999991,22.395999999999997],[113.99039999999991,22.397599999999997],[113.98879999999991,22.397599999999997],[113.98879999999991,22.395999999999997]]]}},{"type":"Feature","properties":{"id":"lu-nt-tuen-mun-11-00","class":"urban_open_space","vegetationFraction":0.254,"pavedFraction":0.536,"waterFraction":0.003,"simulated":true},"geometry":{"type":"Polygon","coordinates":[[[113.952,22.397599999999997],[113.9536,22.397599999999997],[113.9536,22.399199999999997],[113.952,22.399199999999997],[113.952,22.397599999999997]]]}},{"type":"Feature","properties":{"id":"lu-nt-tuen-mun-11-01","class":"green_space","vegetationFraction":0.437,"pavedFraction":0.368,"waterFraction":0.018,"simulated":true},"geometry":{"type":"Polygon","coordinates":[[[113.9536,22.397599999999997],[113.95519999999999,22.397599999999997],[113.95519999999999,22.399199999999997],[113.9536,22.399199999999997],[113.9536,22.397599999999997]]]}},{"type":"Feature","properties":{"id":"lu-nt-tuen-mun-11-02","class":"urban_open_space","vegetationFraction":0.272,"pavedFraction":0.586,"waterFraction":0.002,"simulated":true},"geometry":{"type":"Polygon","coordinates":[[[113.95519999999999,22.397599999999997],[113.95679999999999,22.397599999999997],[113.95679999999999,22.399199999999997],[113.95519999999999,22.399199999999997],[113.95519999999999,22.397599999999997]]]}},{"type":"Feature","properties":{"id":"lu-nt-tuen-mun-11-03","class":"urban_open_space","vegetationFraction":0.343,"pavedFraction":0.566,"waterFraction":0.06,"simulated":true},"geometry":{"type":"Polygon","coordinates":[[[113.95679999999999,22.397599999999997],[113.95839999999998,22.397599999999997],[113.95839999999998,22.399199999999997],[113.95679999999999,22.399199999999997],[113.95679999999999,22.397599999999997]]]}},{"type":"Feature","properties":{"id":"lu-nt-tuen-mun-11-04","class":"built_up","vegetationFraction":0.213,"pavedFraction":0.491,"waterFraction":0.045,"simulated":true},"geometry":{"type":"Polygon","coordinates":[[[113.95839999999998,22.397599999999997],[113.95999999999998,22.397599999999997],[113.95999999999998,22.399199999999997],[113.95839999999998,22.399199999999997],[113.95839999999998,22.397599999999997]]]}},{"type":"Feature","properties":{"id":"lu-nt-tuen-mun-11-05","class":"urban_open_space","vegetationFraction":0.349,"pavedFraction":0.491,"waterFraction":0.038,"simulated":true},"geometry":{"type":"Polygon","coordinates":[[[113.95999999999998,22.397599999999997],[113.96159999999998,22.397599999999997],[113.96159999999998,22.399199999999997],[113.95999999999998,22.399199999999997],[113.95999999999998,22.397599999999997]]]}},{"type":"Feature","properties":{"id":"lu-nt-tuen-mun-11-06","class":"green_space","vegetationFraction":0.444,"pavedFraction":0.637,"waterFraction":0.014,"simulated":true},"geometry":{"type":"Polygon","coordinates":[[[113.96159999999998,22.397599999999997],[113.96319999999997,22.397599999999997],[113.96319999999997,22.399199999999997],[113.96159999999998,22.399199999999997],[113.96159999999998,22.397599999999997]]]}},{"type":"Feature","properties":{"id":"lu-nt-tuen-mun-11-07","class":"built_up","vegetationFraction":0.203,"pavedFraction":0.426,"waterFraction":0.056,"simulated":true},"geometry":{"type":"Polygon","coordinates":[[[113.96319999999997,22.397599999999997],[113.96479999999997,22.397599999999997],[113.96479999999997,22.399199999999997],[113.96319999999997,22.399199999999997],[113.96319999999997,22.397599999999997]]]}},{"type":"Feature","properties":{"id":"lu-nt-tuen-mun-11-08","class":"built_up","vegetationFraction":0.204,"pavedFraction":0.461,"waterFraction":0.032,"simulated":true},"geometry":{"type":"Polygon","coordinates":[[[113.96479999999997,22.397599999999997],[113.96639999999996,22.397599999999997],[113.96639999999996,22.399199999999997],[113.96479999999997,22.399199999999997],[113.96479999999997,22.397599999999997]]]}},{"type":"Feature","properties":{"id":"lu-nt-tuen-mun-11-09","class":"green_space","vegetationFraction":0.78,"pavedFraction":0.1,"waterFraction":0.034,"simulated":true},"geometry":{"type":"Polygon","coordinates":[[[113.96639999999996,22.397599999999997],[113.96799999999996,22.397599999999997],[113.96799999999996,22.399199999999997],[113.96639999999996,22.399199999999997],[113.96639999999996,22.397599999999997]]]}},{"type":"Feature","properties":{"id":"lu-nt-tuen-mun-11-10","class":"green_space","vegetationFraction":0.78,"pavedFraction":0.1,"waterFraction":0.032,"simulated":true},"geometry":{"type":"Polygon","coordinates":[[[113.96799999999996,22.397599999999997],[113.96959999999996,22.397599999999997],[113.96959999999996,22.399199999999997],[113.96799999999996,22.399199999999997],[113.96799999999996,22.397599999999997]]]}},{"type":"Feature","properties":{"id":"lu-nt-tuen-mun-11-11","class":"green_space","vegetationFraction":0.78,"pavedFraction":0.1,"waterFraction":0.052,"simulated":true},"geometry":{"type":"Polygon","coordinates":[[[113.96959999999996,22.397599999999997],[113.97119999999995,22.397599999999997],[113.97119999999995,22.399199999999997],[113.96959999999996,22.399199999999997],[113.96959999999996,22.397599999999997]]]}},{"type":"Feature","properties":{"id":"lu-nt-tuen-mun-11-12","class":"green_space","vegetationFraction":0.78,"pavedFraction":0.1,"waterFraction":0.004,"simulated":true},"geometry":{"type":"Polygon","coordinates":[[[113.97119999999995,22.397599999999997],[113.97279999999995,22.397599999999997],[113.97279999999995,22.399199999999997],[113.97119999999995,22.399199999999997],[113.97119999999995,22.397599999999997]]]}},{"type":"Feature","properties":{"id":"lu-nt-tuen-mun-11-13","class":"green_space","vegetationFraction":0.78,"pavedFraction":0.1,"waterFraction":0.022,"simulated":true},"geometry":{"type":"Polygon","coordinates":[[[113.97279999999995,22.397599999999997],[113.97439999999995,22.397599999999997],[113.97439999999995,22.399199999999997],[113.97279999999995,22.399199999999997],[113.97279999999995,22.397599999999997]]]}},{"type":"Feature","properties":{"id":"lu-nt-tuen-mun-11-14","class":"green_space","vegetationFraction":0.78,"pavedFraction":0.1,"waterFraction":0.047,"simulated":true},"geometry":{"type":"Polygon","coordinates":[[[113.97439999999995,22.397599999999997],[113.97599999999994,22.397599999999997],[113.97599999999994,22.399199999999997],[113.97439999999995,22.399199999999997],[113.97439999999995,22.397599999999997]]]}},{"type":"Feature","properties":{"id":"lu-nt-tuen-mun-11-15","class":"green_space","vegetationFraction":0.78,"pavedFraction":0.1,"waterFraction":0.027,"simulated":true},"geometry":{"type":"Polygon","coordinates":[[[113.97599999999994,22.397599999999997],[113.97759999999994,22.397599999999997],[113.97759999999994,22.399199999999997],[113.97599999999994,22.399199999999997],[113.97599999999994,22.397599999999997]]]}},{"type":"Feature","properties":{"id":"lu-nt-tuen-mun-11-16","class":"urban_open_space","vegetationFraction":0.316,"pavedFraction":0.648,"waterFraction":0.008,"simulated":true},"geometry":{"type":"Polygon","coordinates":[[[113.97759999999994,22.397599999999997],[113.97919999999993,22.397599999999997],[113.97919999999993,22.399199999999997],[113.97759999999994,22.399199999999997],[113.97759999999994,22.397599999999997]]]}},{"type":"Feature","properties":{"id":"lu-nt-tuen-mun-11-17","class":"green_space","vegetationFraction":0.441,"pavedFraction":0.372,"waterFraction":0.01,"simulated":true},"geometry":{"type":"Polygon","coordinates":[[[113.97919999999993,22.397599999999997],[113.98079999999993,22.397599999999997],[113.98079999999993,22.399199999999997],[113.97919999999993,22.399199999999997],[113.97919999999993,22.397599999999997]]]}},{"type":"Feature","properties":{"id":"lu-nt-tuen-mun-11-18","class":"urban_open_space","vegetationFraction":0.305,"pavedFraction":0.509,"waterFraction":0.001,"simulated":true},"geometry":{"type":"Polygon","coordinates":[[[113.98079999999993,22.397599999999997],[113.98239999999993,22.397599999999997],[113.98239999999993,22.399199999999997],[113.98079999999993,22.399199999999997],[113.98079999999993,22.397599999999997]]]}},{"type":"Feature","properties":{"id":"lu-nt-tuen-mun-11-19","class":"built_up","vegetationFraction":0.215,"pavedFraction":0.515,"waterFraction":0.032,"simulated":true},"geometry":{"type":"Polygon","coordinates":[[[113.98239999999993,22.397599999999997],[113.98399999999992,22.397599999999997],[113.98399999999992,22.399199999999997],[113.98239999999993,22.399199999999997],[113.98239999999993,22.397599999999997]]]}},{"type":"Feature","properties":{"id":"lu-nt-tuen-mun-11-20","class":"urban_open_space","vegetationFraction":0.325,"pavedFraction":0.643,"waterFraction":0.003,"simulated":true},"geometry":{"type":"Polygon","coordinates":[[[113.98399999999992,22.397599999999997],[113.98559999999992,22.397599999999997],[113.98559999999992,22.399199999999997],[113.98399999999992,22.399199999999997],[113.98399999999992,22.397599999999997]]]}},{"type":"Feature","properties":{"id":"lu-nt-tuen-mun-11-21","class":"urban_open_space","vegetationFraction":0.368,"pavedFraction":0.454,"waterFraction":0.021,"simulated":true},"geometry":{"type":"Polygon","coordinates":[[[113.98559999999992,22.397599999999997],[113.98719999999992,22.397599999999997],[113.98719999999992,22.399199999999997],[113.98559999999992,22.399199999999997],[113.98559999999992,22.397599999999997]]]}},{"type":"Feature","properties":{"id":"lu-nt-tuen-mun-11-22","class":"green_space","vegetationFraction":0.419,"pavedFraction":0.477,"waterFraction":0.044,"simulated":true},"geometry":{"type":"Polygon","coordinates":[[[113.98719999999992,22.397599999999997],[113.98879999999991,22.397599999999997],[113.98879999999991,22.399199999999997],[113.98719999999992,22.399199999999997],[113.98719999999992,22.397599999999997]]]}},{"type":"Feature","properties":{"id":"lu-nt-tuen-mun-11-23","class":"urban_open_space","vegetationFraction":0.356,"pavedFraction":0.525,"waterFraction":0.012,"simulated":true},"geometry":{"type":"Polygon","coordinates":[[[113.98879999999991,22.397599999999997],[113.99039999999991,22.397599999999997],[113.99039999999991,22.399199999999997],[113.98879999999991,22.399199999999997],[113.98879999999991,22.397599999999997]]]}},{"type":"Feature","properties":{"id":"lu-nt-tuen-mun-12-00","class":"built_up","vegetationFraction":0.228,"pavedFraction":0.582,"waterFraction":0.012,"simulated":true},"geometry":{"type":"Polygon","coordinates":[[[113.952,22.399199999999997],[113.9536,22.399199999999997],[113.9536,22.400799999999997],[113.952,22.400799999999997],[113.952,22.399199999999997]]]}},{"type":"Feature","properties":{"id":"lu-nt-tuen-mun-12-01","class":"green_space","vegetationFraction":0.418,"pavedFraction":0.525,"waterFraction":0.053,"simulated":true},"geometry":{"type":"Polygon","coordinates":[[[113.9536,22.399199999999997],[113.95519999999999,22.399199999999997],[113.95519999999999,22.400799999999997],[113.9536,22.400799999999997],[113.9536,22.399199999999997]]]}},{"type":"Feature","properties":{"id":"lu-nt-tuen-mun-12-02","class":"green_space","vegetationFraction":0.425,"pavedFraction":0.362,"waterFraction":0.022,"simulated":true},"geometry":{"type":"Polygon","coordinates":[[[113.95519999999999,22.399199999999997],[113.95679999999999,22.399199999999997],[113.95679999999999,22.400799999999997],[113.95519999999999,22.400799999999997],[113.95519999999999,22.399199999999997]]]}},{"type":"Feature","properties":{"id":"lu-nt-tuen-mun-12-03","class":"urban_open_space","vegetationFraction":0.324,"pavedFraction":0.596,"waterFraction":0.036,"simulated":true},"geometry":{"type":"Polygon","coordinates":[[[113.95679999999999,22.399199999999997],[113.95839999999998,22.399199999999997],[113.95839999999998,22.400799999999997],[113.95679999999999,22.400799999999997],[113.95679999999999,22.399199999999997]]]}},{"type":"Feature","properties":{"id":"lu-nt-tuen-mun-12-04","class":"urban_open_space","vegetationFraction":0.32,"pavedFraction":0.479,"waterFraction":0.013,"simulated":true},"geometry":{"type":"Polygon","coordinates":[[[113.95839999999998,22.399199999999997],[113.95999999999998,22.399199999999997],[113.95999999999998,22.400799999999997],[113.95839999999998,22.400799999999997],[113.95839999999998,22.399199999999997]]]}},{"type":"Feature","properties":{"id":"lu-nt-tuen-mun-12-05","class":"urban_open_space","vegetationFraction":0.39,"pavedFraction":0.41,"waterFraction":0.016,"simulated":true},"geometry":{"type":"Polygon","coordinates":[[[113.95999999999998,22.399199999999997],[113.96159999999998,22.399199999999997],[113.96159999999998,22.400799999999997],[113.95999999999998,22.400799999999997],[113.95999999999998,22.399199999999997]]]}},{"type":"Feature","properties":{"id":"lu-nt-tuen-mun-12-06","class":"green_space","vegetationFraction":0.435,"pavedFraction":0.526,"waterFraction":0.054,"simulated":true},"geometry":{"type":"Polygon","coordinates":[[[113.96159999999998,22.399199999999997],[113.96319999999997,22.399199999999997],[113.96319999999997,22.400799999999997],[113.96159999999998,22.400799999999997],[113.96159999999998,22.399199999999997]]]}},{"type":"Feature","properties":{"id":"lu-nt-tuen-mun-12-07","class":"built_up","vegetationFraction":0.214,"pavedFraction":0.39,"waterFraction":0.043,"simulated":true},"geometry":{"type":"Polygon","coordinates":[[[113.96319999999997,22.399199999999997],[113.96479999999997,22.399199999999997],[113.96479999999997,22.400799999999997],[113.96319999999997,22.400799999999997],[113.96319999999997,22.399199999999997]]]}},{"type":"Feature","properties":{"id":"lu-nt-tuen-mun-12-08","class":"green_space","vegetationFraction":0.419,"pavedFraction":0.419,"waterFraction":0.036,"simulated":true},"geometry":{"type":"Polygon","coordinates":[[[113.96479999999997,22.399199999999997],[113.96639999999996,22.399199999999997],[113.96639999999996,22.400799999999997],[113.96479999999997,22.400799999999997],[113.96479999999997,22.399199999999997]]]}},{"type":"Feature","properties":{"id":"lu-nt-tuen-mun-12-09","class":"green_space","vegetationFraction":0.78,"pavedFraction":0.1,"waterFraction":0.002,"simulated":true},"geometry":{"type":"Polygon","coordinates":[[[113.96639999999996,22.399199999999997],[113.96799999999996,22.399199999999997],[113.96799999999996,22.400799999999997],[113.96639999999996,22.400799999999997],[113.96639999999996,22.399199999999997]]]}},{"type":"Feature","properties":{"id":"lu-nt-tuen-mun-12-10","class":"green_space","vegetationFraction":0.78,"pavedFraction":0.1,"waterFraction":0.056,"simulated":true},"geometry":{"type":"Polygon","coordinates":[[[113.96799999999996,22.399199999999997],[113.96959999999996,22.399199999999997],[113.96959999999996,22.400799999999997],[113.96799999999996,22.400799999999997],[113.96799999999996,22.399199999999997]]]}},{"type":"Feature","properties":{"id":"lu-nt-tuen-mun-12-11","class":"green_space","vegetationFraction":0.78,"pavedFraction":0.1,"waterFraction":0.007,"simulated":true},"geometry":{"type":"Polygon","coordinates":[[[113.96959999999996,22.399199999999997],[113.97119999999995,22.399199999999997],[113.97119999999995,22.400799999999997],[113.96959999999996,22.400799999999997],[113.96959999999996,22.399199999999997]]]}},{"type":"Feature","properties":{"id":"lu-nt-tuen-mun-12-12","class":"green_space","vegetationFraction":0.78,"pavedFraction":0.1,"waterFraction":0.023,"simulated":true},"geometry":{"type":"Polygon","coordinates":[[[113.97119999999995,22.399199999999997],[113.97279999999995,22.399199999999997],[113.97279999999995,22.400799999999997],[113.97119999999995,22.400799999999997],[113.97119999999995,22.399199999999997]]]}},{"type":"Feature","properties":{"id":"lu-nt-tuen-mun-12-13","class":"green_space","vegetationFraction":0.78,"pavedFraction":0.1,"waterFraction":0.056,"simulated":true},"geometry":{"type":"Polygon","coordinates":[[[113.97279999999995,22.399199999999997],[113.97439999999995,22.399199999999997],[113.97439999999995,22.400799999999997],[113.97279999999995,22.400799999999997],[113.97279999999995,22.399199999999997]]]}},{"type":"Feature","properties":{"id":"lu-nt-tuen-mun-12-14","class":"green_space","vegetationFraction":0.78,"pavedFraction":0.1,"waterFraction":0.036,"simulated":true},"geometry":{"type":"Polygon","coordinates":[[[113.97439999999995,22.399199999999997],[113.97599999999994,22.399199999999997],[113.97599999999994,22.400799999999997],[113.97439999999995,22.400799999999997],[113.97439999999995,22.399199999999997]]]}},{"type":"Feature","properties":{"id":"lu-nt-tuen-mun-12-15","class":"green_space","vegetationFraction":0.78,"pavedFraction":0.1,"waterFraction":0.019,"simulated":true},"geometry":{"type":"Polygon","coordinates":[[[113.97599999999994,22.399199999999997],[113.97759999999994,22.399199999999997],[113.97759999999994,22.400799999999997],[113.97599999999994,22.400799999999997],[113.97599999999994,22.399199999999997]]]}},{"type":"Feature","properties":{"id":"lu-nt-tuen-mun-12-16","class":"built_up","vegetationFraction":0.205,"pavedFraction":0.448,"waterFraction":0.03,"simulated":true},"geometry":{"type":"Polygon","coordinates":[[[113.97759999999994,22.399199999999997],[113.97919999999993,22.399199999999997],[113.97919999999993,22.400799999999997],[113.97759999999994,22.400799999999997],[113.97759999999994,22.399199999999997]]]}},{"type":"Feature","properties":{"id":"lu-nt-tuen-mun-12-17","class":"green_space","vegetationFraction":0.442,"pavedFraction":0.517,"waterFraction":0.016,"simulated":true},"geometry":{"type":"Polygon","coordinates":[[[113.97919999999993,22.399199999999997],[113.98079999999993,22.399199999999997],[113.98079999999993,22.400799999999997],[113.97919999999993,22.400799999999997],[113.97919999999993,22.399199999999997]]]}},{"type":"Feature","properties":{"id":"lu-nt-tuen-mun-12-18","class":"urban_open_space","vegetationFraction":0.337,"pavedFraction":0.592,"waterFraction":0.014,"simulated":true},"geometry":{"type":"Polygon","coordinates":[[[113.98079999999993,22.399199999999997],[113.98239999999993,22.399199999999997],[113.98239999999993,22.400799999999997],[113.98079999999993,22.400799999999997],[113.98079999999993,22.399199999999997]]]}},{"type":"Feature","properties":{"id":"lu-nt-tuen-mun-12-19","class":"urban_open_space","vegetationFraction":0.278,"pavedFraction":0.35,"waterFraction":0.037,"simulated":true},"geometry":{"type":"Polygon","coordinates":[[[113.98239999999993,22.399199999999997],[113.98399999999992,22.399199999999997],[113.98399999999992,22.400799999999997],[113.98239999999993,22.400799999999997],[113.98239999999993,22.399199999999997]]]}},{"type":"Feature","properties":{"id":"lu-nt-tuen-mun-12-20","class":"green_space","vegetationFraction":0.436,"pavedFraction":0.358,"waterFraction":0.033,"simulated":true},"geometry":{"type":"Polygon","coordinates":[[[113.98399999999992,22.399199999999997],[113.98559999999992,22.399199999999997],[113.98559999999992,22.400799999999997],[113.98399999999992,22.400799999999997],[113.98399999999992,22.399199999999997]]]}},{"type":"Feature","properties":{"id":"lu-nt-tuen-mun-12-21","class":"urban_open_space","vegetationFraction":0.275,"pavedFraction":0.438,"waterFraction":0.051,"simulated":true},"geometry":{"type":"Polygon","coordinates":[[[113.98559999999992,22.399199999999997],[113.98719999999992,22.399199999999997],[113.98719999999992,22.400799999999997],[113.98559999999992,22.400799999999997],[113.98559999999992,22.399199999999997]]]}},{"type":"Feature","properties":{"id":"lu-nt-tuen-mun-12-22","class":"urban_open_space","vegetationFraction":0.29,"pavedFraction":0.49,"waterFraction":0.01,"simulated":true},"geometry":{"type":"Polygon","coordinates":[[[113.98719999999992,22.399199999999997],[113.98879999999991,22.399199999999997],[113.98879999999991,22.400799999999997],[113.98719999999992,22.400799999999997],[113.98719999999992,22.399199999999997]]]}},{"type":"Feature","properties":{"id":"lu-nt-tuen-mun-12-23","class":"urban_open_space","vegetationFraction":0.263,"pavedFraction":0.446,"waterFraction":0.027,"simulated":true},"geometry":{"type":"Polygon","coordinates":[[[113.98879999999991,22.399199999999997],[113.99039999999991,22.399199999999997],[113.99039999999991,22.400799999999997],[113.98879999999991,22.400799999999997],[113.98879999999991,22.399199999999997]]]}},{"type":"Feature","properties":{"id":"lu-nt-tuen-mun-13-00","class":"built_up","vegetationFraction":0.084,"pavedFraction":0.632,"waterFraction":0.032,"simulated":true},"geometry":{"type":"Polygon","coordinates":[[[113.952,22.400799999999997],[113.9536,22.400799999999997],[113.9536,22.402399999999997],[113.952,22.402399999999997],[113.952,22.400799999999997]]]}},{"type":"Feature","properties":{"id":"lu-nt-tuen-mun-13-01","class":"built_up","vegetationFraction":0.117,"pavedFraction":0.699,"waterFraction":0.04,"simulated":true},"geometry":{"type":"Polygon","coordinates":[[[113.9536,22.400799999999997],[113.95519999999999,22.400799999999997],[113.95519999999999,22.402399999999997],[113.9536,22.402399999999997],[113.9536,22.400799999999997]]]}},{"type":"Feature","properties":{"id":"lu-nt-tuen-mun-13-02","class":"built_up","vegetationFraction":0.09,"pavedFraction":0.721,"waterFraction":0.053,"simulated":true},"geometry":{"type":"Polygon","coordinates":[[[113.95519999999999,22.400799999999997],[113.95679999999999,22.400799999999997],[113.95679999999999,22.402399999999997],[113.95519999999999,22.402399999999997],[113.95519999999999,22.400799999999997]]]}},{"type":"Feature","properties":{"id":"lu-nt-tuen-mun-13-03","class":"built_up","vegetationFraction":0.066,"pavedFraction":0.729,"waterFraction":0.037,"simulated":true},"geometry":{"type":"Polygon","coordinates":[[[113.95679999999999,22.400799999999997],[113.95839999999998,22.400799999999997],[113.95839999999998,22.402399999999997],[113.95679999999999,22.402399999999997],[113.95679999999999,22.400799999999997]]]}},{"type":"Feature","properties":{"id":"lu-nt-tuen-mun-13-04","class":"built_up","vegetationFraction":0.089,"pavedFraction":0.666,"waterFraction":0.033,"simulated":true},"geometry":{"type":"Polygon","coordinates":[[[113.95839999999998,22.400799999999997],[113.95999999999998,22.400799999999997],[113.95999999999998,22.402399999999997],[113.95839999999998,22.402399999999997],[113.95839999999998,22.400799999999997]]]}},{"type":"Feature","properties":{"id":"lu-nt-tuen-mun-13-05","class":"built_up","vegetationFraction":0.088,"pavedFraction":0.855,"waterFraction":0.044,"simulated":true},"geometry":{"type":"Polygon","coordinates":[[[113.95999999999998,22.400799999999997],[113.96159999999998,22.400799999999997],[113.96159999999998,22.402399999999997],[113.95999999999998,22.402399999999997],[113.95999999999998,22.400799999999997]]]}},{"type":"Feature","properties":{"id":"lu-nt-tuen-mun-13-06","class":"built_up","vegetationFraction":0.081,"pavedFraction":0.601,"waterFraction":0.008,"simulated":true},"geometry":{"type":"Polygon","coordinates":[[[113.96159999999998,22.400799999999997],[113.96319999999997,22.400799999999997],[113.96319999999997,22.402399999999997],[113.96159999999998,22.402399999999997],[113.96159999999998,22.400799999999997]]]}},{"type":"Feature","properties":{"id":"lu-nt-tuen-mun-13-07","class":"built_up","vegetationFraction":0.112,"pavedFraction":0.738,"waterFraction":0.037,"simulated":true},"geometry":{"type":"Polygon","coordinates":[[[113.96319999999997,22.400799999999997],[113.96479999999997,22.400799999999997],[113.96479999999997,22.402399999999997],[113.96319999999997,22.402399999999997],[113.96319999999997,22.400799999999997]]]}},{"type":"Feature","properties":{"id":"lu-nt-tuen-mun-13-08","class":"built_up","vegetationFraction":0.072,"pavedFraction":0.847,"waterFraction":0.002,"simulated":true},"geometry":{"type":"Polygon","coordinates":[[[113.96479999999997,22.400799999999997],[113.96639999999996,22.400799999999997],[113.96639999999996,22.402399999999997],[113.96479999999997,22.402399999999997],[113.96479999999997,22.400799999999997]]]}},{"type":"Feature","properties":{"id":"lu-nt-tuen-mun-13-09","class":"green_space","vegetationFraction":0.78,"pavedFraction":0.1,"waterFraction":0.013,"simulated":true},"geometry":{"type":"Polygon","coordinates":[[[113.96639999999996,22.400799999999997],[113.96799999999996,22.400799999999997],[113.96799999999996,22.402399999999997],[113.96639999999996,22.402399999999997],[113.96639999999996,22.400799999999997]]]}},{"type":"Feature","properties":{"id":"lu-nt-tuen-mun-13-10","class":"green_space","vegetationFraction":0.78,"pavedFraction":0.1,"waterFraction":0.038,"simulated":true},"geometry":{"type":"Polygon","coordinates":[[[113.96799999999996,22.400799999999997],[113.96959999999996,22.400799999999997],[113.96959999999996,22.402399999999997],[113.96799999999996,22.402399999999997],[113.96799999999996,22.400799999999997]]]}},{"type":"Feature","properties":{"id":"lu-nt-tuen-mun-13-11","class":"green_space","vegetationFraction":0.78,"pavedFraction":0.1,"waterFraction":0.046,"simulated":true},"geometry":{"type":"Polygon","coordinates":[[[113.96959999999996,22.400799999999997],[113.97119999999995,22.400799999999997],[113.97119999999995,22.402399999999997],[113.96959999999996,22.402399999999997],[113.96959999999996,22.400799999999997]]]}},{"type":"Feature","properties":{"id":"lu-nt-tuen-mun-13-12","class":"green_space","vegetationFraction":0.78,"pavedFraction":0.1,"waterFraction":0.046,"simulated":true},"geometry":{"type":"Polygon","coordinates":[[[113.97119999999995,22.400799999999997],[113.97279999999995,22.400799999999997],[113.97279999999995,22.402399999999997],[113.97119999999995,22.402399999999997],[113.97119999999995,22.400799999999997]]]}},{"type":"Feature","properties":{"id":"lu-nt-tuen-mun-13-13","class":"green_space","vegetationFraction":0.78,"pavedFraction":0.1,"waterFraction":0.052,"simulated":true},"geometry":{"type":"Polygon","coordinates":[[[113.97279999999995,22.400799999999997],[113.97439999999995,22.400799999999997],[113.97439999999995,22.402399999999997],[113.97279999999995,22.402399999999997],[113.97279999999995,22.400799999999997]]]}},{"type":"Feature","properties":{"id":"lu-nt-tuen-mun-13-14","class":"green_space","vegetationFraction":0.78,"pavedFraction":0.1,"waterFraction":0.001,"simulated":true},"geometry":{"type":"Polygon","coordinates":[[[113.97439999999995,22.400799999999997],[113.97599999999994,22.400799999999997],[113.97599999999994,22.402399999999997],[113.97439999999995,22.402399999999997],[113.97439999999995,22.400799999999997]]]}},{"type":"Feature","properties":{"id":"lu-nt-tuen-mun-13-15","class":"green_space","vegetationFraction":0.78,"pavedFraction":0.1,"waterFraction":0.024,"simulated":true},"geometry":{"type":"Polygon","coordinates":[[[113.97599999999994,22.400799999999997],[113.97759999999994,22.400799999999997],[113.97759999999994,22.402399999999997],[113.97599999999994,22.402399999999997],[113.97599999999994,22.400799999999997]]]}},{"type":"Feature","properties":{"id":"lu-nt-tuen-mun-13-16","class":"built_up","vegetationFraction":0.131,"pavedFraction":0.751,"waterFraction":0.043,"simulated":true},"geometry":{"type":"Polygon","coordinates":[[[113.97759999999994,22.400799999999997],[113.97919999999993,22.400799999999997],[113.97919999999993,22.402399999999997],[113.97759999999994,22.402399999999997],[113.97759999999994,22.400799999999997]]]}},{"type":"Feature","properties":{"id":"lu-nt-tuen-mun-13-17","class":"built_up","vegetationFraction":0.105,"pavedFraction":0.875,"waterFraction":0.0,"simulated":true},"geometry":{"type":"Polygon","coordinates":[[[113.97919999999993,22.400799999999997],[113.98079999999993,22.400799999999997],[113.98079999999993,22.402399999999997],[113.97919999999993,22.402399999999997],[113.97919999999993,22.400799999999997]]]}},{"type":"Feature","properties":{"id":"lu-nt-tuen-mun-13-18","class":"built_up","vegetationFraction":0.083,"pavedFraction":0.813,"waterFraction":0.009,"simulated":true},"geometry":{"type":"Polygon","coordinates":[[[113.98079999999993,22.400799999999997],[113.98239999999993,22.400799999999997],[113.98239999999993,22.402399999999997],[113.98079999999993,22.402399999999997],[113.98079999999993,22.400799999999997]]]}},{"type":"Feature","properties":{"id":"lu-nt-tuen-mun-13-19","class":"built_up","vegetationFraction":0.118,"pavedFraction":0.66,"waterFraction":0.013,"simulated":true},"geometry":{"type":"Polygon","coordinates":[[[113.98239999999993,22.400799999999997],[113.98399999999992,22.400799999999997],[113.98399999999992,22.402399999999997],[113.98239999999993,22.402399999999997],[113.98239999999993,22.400799999999997]]]}},{"type":"Feature","properties":{"id":"lu-nt-tuen-mun-13-20","class":"built_up","vegetationFraction":0.133,"pavedFraction":0.705,"waterFraction":0.019,"simulated":true},"geometry":{"type":"Polygon","coordinates":[[[113.98399999999992,22.400799999999997],[113.98559999999992,22.400799999999997],[113.98559999999992,22.402399999999997],[113.98399999999992,22.402399999999997],[113.98399999999992,22.400799999999997]]]}},{"type":"Feature","properties":{"id":"lu-nt-tuen-mun-13-21","class":"built_up","vegetationFraction":0.111,"pavedFraction":0.674,"waterFraction":0.056,"simulated":true},"geometry":{"type":"Polygon","coordinates":[[[113.98559999999992,22.400799999999997],[113.98719999999992,22.400799999999997],[113.98719999999992,22.402399999999997],[113.98559999999992,22.402399999999997],[113.98559999999992,22.400799999999997]]]}},{"type":"Feature","properties":{"id":"lu-nt-tuen-mun-13-22","class":"built_up","vegetationFraction":0.124,"pavedFraction":0.641,"waterFraction":0.047,"simulated":true},"geometry":{"type":"Polygon","coordinates":[[[113.98719999999992,22.400799999999997],[113.98879999999991,22.400799999999997],[113.98879999999991,22.402399999999997],[113.98719999999992,22.402399999999997],[113.98719999999992,22.400799999999997]]]}},{"type":"Feature","properties":{"id":"lu-nt-tuen-mun-13-23","class":"built_up","vegetationFraction":0.061,"pavedFraction":0.633,"waterFraction":0.055,"simulated":true},"geometry":{"type":"Polygon","coordinates":[[[113.98879999999991,22.400799999999997],[113.99039999999991,22.400799999999997],[113.99039999999991,22.402399999999997],[113.98879999999991,22.402399999999997],[113.98879999999991,22.400799999999997]]]}},{"type":"Feature","properties":{"id":"lu-nt-tuen-mun-14-00","class":"built_up","vegetationFraction":0.121,"pavedFraction":0.831,"waterFraction":0.04,"simulated":true},"geometry":{"type":"Polygon","coordinates":[[[113.952,22.402399999999997],[113.9536,22.402399999999997],[113.9536,22.403999999999996],[113.952,22.403999999999996],[113.952,22.402399999999997]]]}},{"type":"Feature","properties":{"id":"lu-nt-tuen-mun-14-01","class":"built_up","vegetationFraction":0.117,"pavedFraction":0.621,"waterFraction":0.006,"simulated":true},"geometry":{"type":"Polygon","coordinates":[[[113.9536,22.402399999999997],[113.95519999999999,22.402399999999997],[113.95519999999999,22.403999999999996],[113.9536,22.403999999999996],[113.9536,22.402399999999997]]]}},{"type":"Feature","properties":{"id":"lu-nt-tuen-mun-14-02","class":"built_up","vegetationFraction":0.135,"pavedFraction":0.656,"waterFraction":0.046,"simulated":true},"geometry":{"type":"Polygon","coordinates":[[[113.95519999999999,22.402399999999997],[113.95679999999999,22.402399999999997],[113.95679999999999,22.403999999999996],[113.95519999999999,22.403999999999996],[113.95519999999999,22.402399999999997]]]}},{"type":"Feature","properties":{"id":"lu-nt-tuen-mun-14-03","class":"built_up","vegetationFraction":0.116,"pavedFraction":0.676,"waterFraction":0.031,"simulated":true},"geometry":{"type":"Polygon","coordinates":[[[113.95679999999999,22.402399999999997],[113.95839999999998,22.402399999999997],[113.95839999999998,22.403999999999996],[113.95679999999999,22.403999999999996],[113.95679999999999,22.402399999999997]]]}},{"type":"Feature","properties":{"id":"lu-nt-tuen-mun-14-04","class":"built_up","vegetationFraction":0.125,"pavedFraction":0.722,"waterFraction":0.019,"simulated":true},"geometry":{"type":"Polygon","coordinates":[[[113.95839999999998,22.402399999999997],[113.95999999999998,22.402399999999997],[113.95999999999998,22.403999999999996],[113.95839999999998,22.403999999999996],[113.95839999999998,22.402399999999997]]]}},{"type":"Feature","properties":{"id":"lu-nt-tuen-mun-14-05","class":"built_up","vegetationFraction":0.068,"pavedFraction":0.841,"waterFraction":0.053,"simulated":true},"geometry":{"type":"Polygon","coordinates":[[[113.95999999999998,22.402399999999997],[113.96159999999998,22.402399999999997],[113.96159999999998,22.403999999999996],[113.95999999999998,22.403999999999996],[113.95999999999998,22.402399999999997]]]}},{"type":"Feature","properties":{"id":"lu-nt-tuen-mun-14-06","class":"built_up","vegetationFraction":0.119,"pavedFraction":0.861,"waterFraction":0.007,"simulated":true},"geometry":{"type":"Polygon","coordinates":[[[113.96159999999998,22.402399999999997],[113.96319999999997,22.402399999999997],[113.96319999999997,22.403999999999996],[113.96159999999998,22.403999999999996],[113.96159999999998,22.402399999999997]]]}},{"type":"Feature","properties":{"id":"lu-nt-tuen-mun-14-07","class":"built_up","vegetationFraction":0.095,"pavedFraction":0.834,"waterFraction":0.002,"simulated":true},"geometry":{"type":"Polygon","coordinates":[[[113.96319999999997,22.402399999999997],[113.96479999999997,22.402399999999997],[113.96479999999997,22.403999999999996],[113.96319999999997,22.403999999999996],[113.96319999999997,22.402399999999997]]]}},{"type":"Feature","properties":{"id":"lu-nt-tuen-mun-14-08","class":"built_up","vegetationFraction":0.086,"pavedFraction":0.669,"waterFraction":0.028,"simulated":true},"geometry":{"type":"Polygon","coordinates":[[[113.96479999999997,22.402399999999997],[113.96639999999996,22.402399999999997],[113.96639999999996,22.403999999999996],[113.96479999999997,22.403999999999996],[113.96479999999997,22.402399999999997]]]}},{"type":"Feature","properties":{"id":"lu-nt-tuen-mun-14-09","class":"built_up","vegetationFraction":0.069,"pavedFraction":0.859,"waterFraction":0.028,"simulated":true},"geometry":{"type":"Polygon","coordinates":[[[113.96639999999996,22.402399999999997],[113.96799999999996,22.402399999999997],[113.96799999999996,22.403999999999996],[113.96639999999996,22.403999999999996],[113.96639999999996,22.402399999999997]]]}},{"type":"Feature","properties":{"id":"lu-nt-tuen-mun-14-10","class":"built_up","vegetationFraction":0.101,"pavedFraction":0.815,"waterFraction":0.048,"simulated":true},"geometry":{"type":"Polygon","coordinates":[[[113.96799999999996,22.402399999999997],[113.96959999999996,22.402399999999997],[113.96959999999996,22.403999999999996],[113.96799999999996,22.403999999999996],[113.96799999999996,22.402399999999997]]]}},{"type":"Feature","properties":{"id":"lu-nt-tuen-mun-14-11","class":"built_up","vegetationFraction":0.095,"pavedFraction":0.615,"waterFraction":0.011,"simulated":true},"geometry":{"type":"Polygon","coordinates":[[[113.96959999999996,22.402399999999997],[113.97119999999995,22.402399999999997],[113.97119999999995,22.403999999999996],[113.96959999999996,22.403999999999996],[113.96959999999996,22.402399999999997]]]}},{"type":"Feature","properties":{"id":"lu-nt-tuen-mun-14-12","class":"built_up","vegetationFraction":0.081,"pavedFraction":0.832,"waterFraction":0.02,"simulated":true},"geometry":{"type":"Polygon","coordinates":[[[113.97119999999995,22.402399999999997],[113.97279999999995,22.402399999999997],[113.97279999999995,22.403999999999996],[113.97119999999995,22.403999999999996],[113.97119999999995,22.402399999999997]]]}},{"type":"Feature","properties":{"id":"lu-nt-tuen-mun-14-13","class":"built_up","vegetationFraction":0.07,"pavedFraction":0.784,"waterFraction":0.055,"simulated":true},"geometry":{"type":"Polygon","coordinates":[[[113.97279999999995,22.402399999999997],[113.97439999999995,22.402399999999997],[113.97439999999995,22.403999999999996],[113.97279999999995,22.403999999999996],[113.97279999999995,22.402399999999997]]]}},{"type":"Feature","properties":{"id":"lu-nt-tuen-mun-14-14","class":"built_up","vegetationFraction":0.09,"pavedFraction":0.893,"waterFraction":0.039,"simulated":true},"geometry":{"type":"Polygon","coordinates":[[[113.97439999999995,22.402399999999997],[113.97599999999994,22.402399999999997],[113.97599999999994,22.403999999999996],[113.97439999999995,22.403999999999996],[113.97439999999995,22.402399999999997]]]}},{"type":"Feature","properties":{"id":"lu-nt-tuen-mun-14-15","class":"built_up","vegetationFraction":0.07,"pavedFraction":0.636,"waterFraction":0.001,"simulated":true},"geometry":{"type":"Polygon","coordinates":[[[113.97599999999994,22.402399999999997],[113.97759999999994,22.402399999999997],[113.97759999999994,22.403999999999996],[113.97599999999994,22.403999999999996],[113.97599999999994,22.402399999999997]]]}},{"type":"Feature","properties":{"id":"lu-nt-tuen-mun-14-16","class":"built_up","vegetationFraction":0.129,"pavedFraction":0.761,"waterFraction":0.046,"simulated":true},"geometry":{"type":"Polygon","coordinates":[[[113.97759999999994,22.402399999999997],[113.97919999999993,22.402399999999997],[113.97919999999993,22.403999999999996],[113.97759999999994,22.403999999999996],[113.97759999999994,22.402399999999997]]]}},{"type":"Feature","properties":{"id":"lu-nt-tuen-mun-14-17","class":"built_up","vegetationFraction":0.077,"pavedFraction":0.635,"waterFraction":0.01,"simulated":true},"geometry":{"type":"Polygon","coordinates":[[[113.97919999999993,22.402399999999997],[113.98079999999993,22.402399999999997],[113.98079999999993,22.403999999999996],[113.97919999999993,22.403999999999996],[113.97919999999993,22.402399999999997]]]}},{"type":"Feature","properties":{"id":"lu-nt-tuen-mun-14-18","class":"built_up","vegetationFraction":0.079,"pavedFraction":0.636,"waterFraction":0.058,"simulated":true},"geometry":{"type":"Polygon","coordinates":[[[113.98079999999993,22.402399999999997],[113.98239999999993,22.402399999999997],[113.98239999999993,22.403999999999996],[113.98079999999993,22.403999999999996],[113.98079999999993,22.402399999999997]]]}},{"type":"Feature","properties":{"id":"lu-nt-tuen-mun-14-19","class":"built_up","vegetationFraction":0.119,"pavedFraction":0.728,"waterFraction":0.049,"simulated":true},"geometry":{"type":"Polygon","coordinates":[[[113.98239999999993,22.402399999999997],[113.98399999999992,22.402399999999997],[113.98399999999992,22.403999999999996],[113.98239999999993,22.403999999999996],[113.98239999999993,22.402399999999997]]]}},{"type":"Feature","properties":{"id":"lu-nt-tuen-mun-14-20","class":"built_up","vegetationFraction":0.068,"pavedFraction":0.742,"waterFraction":0.024,"simulated":true},"geometry":{"type":"Polygon","coordinates":[[[113.98399999999992,22.402399999999997],[113.98559999999992,22.402399999999997],[113.98559999999992,22.403999999999996],[113.98399999999992,22.403999999999996],[113.98399999999992,22.402399999999997]]]}},{"type":"Feature","properties":{"id":"lu-nt-tuen-mun-14-21","class":"built_up","vegetationFraction":0.086,"pavedFraction":0.758,"waterFraction":0.056,"simulated":true},"geometry":{"type":"Polygon","coordinates":[[[113.98559999999992,22.402399999999997],[113.98719999999992,22.402399999999997],[113.98719999999992,22.403999999999996],[113.98559999999992,22.403999999999996],[113.98559999999992,22.402399999999997]]]}},{"type":"Feature","properties":{"id":"lu-nt-tuen-mun-14-22","class":"built_up","vegetationFraction":0.101,"pavedFraction":0.601,"waterFraction":0.013,"simulated":true},"geometry":{"type":"Polygon","coordinates":[[[113.98719999999992,22.402399999999997],[113.98879999999991,22.402399999999997],[113.98879999999991,22.403999999999996],[113.98719999999992,22.403999999999996],[113.98719999999992,22.402399999999997]]]}},{"type":"Feature","properties":{"id":"lu-nt-tuen-mun-14-23","class":"built_up","vegetationFraction":0.135,"pavedFraction":0.676,"waterFraction":0.005,"simulated":true},"geometry":{"type":"Polygon","coordinates":[[[113.98879999999991,22.402399999999997],[113.99039999999991,22.402399999999997],[113.99039999999991,22.403999999999996],[113.98879999999991,22.403999999999996],[113.98879999999991,22.402399999999997]]]}},{"type":"Feature","properties":{"id":"lu-nt-tuen-mun-15-00","class":"built_up","vegetationFraction":0.089,"pavedFraction":0.656,"waterFraction":0.032,"simulated":true},"geometry":{"type":"Polygon","coordinates":[[[113.952,22.403999999999996],[113.9536,22.403999999999996],[113.9536,22.405599999999996],[113.952,22.405599999999996],[113.952,22.403999999999996]]]}},{"type":"Feature","properties":{"id":"lu-nt-tuen-mun-15-01","class":"built_up","vegetationFraction":0.086,"pavedFraction":0.707,"waterFraction":0.044,"simulated":true},"geometry":{"type":"Polygon","coordinates":[[[113.9536,22.403999999999996],[113.95519999999999,22.403999999999996],[113.95519999999999,22.405599999999996],[113.9536,22.405599999999996],[113.9536,22.403999999999996]]]}},{"type":"Feature","properties":{"id":"lu-nt-tuen-mun-15-02","class":"built_up","vegetationFraction":0.105,"pavedFraction":0.838,"waterFraction":0.015,"simulated":true},"geometry":{"type":"Polygon","coordinates":[[[113.95519999999999,22.403999999999996],[113.95679999999999,22.403999999999996],[113.95679999999999,22.405599999999996],[113.95519999999999,22.405599999999996],[113.95519999999999,22.403999999999996]]]}},{"type":"Feature","properties":{"id":"lu-nt-tuen-mun-15-03","class":"built_up","vegetationFraction":0.088,"pavedFraction":0.879,"waterFraction":0.052,"simulated":true},"geometry":{"type":"Polygon","coordinates":[[[113.95679999999999,22.403999999999996],[113.95839999999998,22.403999999999996],[113.95839999999998,22.405599999999996],[113.95679999999999,22.405599999999996],[113.95679999999999,22.403999999999996]]]}},{"type":"Feature","properties":{"id":"lu-nt-tuen-mun-15-04","class":"built_up","vegetationFraction":0.12,"pavedFraction":0.842,"waterFraction":0.024,"simulated":true},"geometry":{"type":"Polygon","coordinates":[[[113.95839999999998,22.403999999999996],[113.95999999999998,22.403999999999996],[113.95999999999998,22.405599999999996],[113.95839999999998,22.405599999999996],[113.95839999999998,22.403999999999996]]]}},{"type":"Feature","properties":{"id":"lu-nt-tuen-mun-15-05","class":"built_up","vegetationFraction":0.096,"pavedFraction":0.806,"waterFraction":0.006,"simulated":true},"geometry":{"type":"Polygon","coordinates":[[[113.95999999999998,22.403999999999996],[113.96159999999998,22.403999999999996],[113.96159999999998,22.405599999999996],[113.95999999999998,22.405599999999996],[113.95999999999998,22.403999999999996]]]}},{"type":"Feature","properties":{"id":"lu-nt-tuen-mun-15-06","class":"built_up","vegetationFraction":0.115,"pavedFraction":0.748,"waterFraction":0.016,"simulated":true},"geometry":{"type":"Polygon","coordinates":[[[113.96159999999998,22.403999999999996],[113.96319999999997,22.403999999999996],[113.96319999999997,22.405599999999996],[113.96159999999998,22.405599999999996],[113.96159999999998,22.403999999999996]]]}},{"type":"Feature","properties":{"id":"lu-nt-tuen-mun-15-07","class":"built_up","vegetationFraction":0.102,"pavedFraction":0.626,"waterFraction":0.04,"simulated":true},"geometry":{"type":"Polygon","coordinates":[[[113.96319999999997,22.403999999999996],[113.96479999999997,22.403999999999996],[113.96479999999997,22.405599999999996],[113.96319999999997,22.405599999999996],[113.96319999999997,22.403999999999996]]]}},{"type":"Feature","properties":{"id":"lu-nt-tuen-mun-15-08","class":"built_up","vegetationFraction":0.084,"pavedFraction":0.627,"waterFraction":0.034,"simulated":true},"geometry":{"type":"Polygon","coordinates":[[[113.96479999999997,22.403999999999996],[113.96639999999996,22.403999999999996],[113.96639999999996,22.405599999999996],[113.96479999999997,22.405599999999996],[113.96479999999997,22.403999999999996]]]}},{"type":"Feature","properties":{"id":"lu-nt-tuen-mun-15-09","class":"built_up","vegetationFraction":0.064,"pavedFraction":0.628,"waterFraction":0.038,"simulated":true},"geometry":{"type":"Polygon","coordinates":[[[113.96639999999996,22.403999999999996],[113.96799999999996,22.403999999999996],[113.96799999999996,22.405599999999996],[113.96639999999996,22.405599999999996],[113.96639999999996,22.403999999999996]]]}},{"type":"Feature","properties":{"id":"lu-nt-tuen-mun-15-10","class":"built_up","vegetationFraction":0.092,"pavedFraction":0.828,"waterFraction":0.038,"simulated":true},"geometry":{"type":"Polygon","coordinates":[[[113.96799999999996,22.403999999999996],[113.96959999999996,22.403999999999996],[113.96959999999996,22.405599999999996],[113.96799999999996,22.405599999999996],[113.96799999999996,22.403999999999996]]]}},{"type":"Feature","properties":{"id":"lu-nt-tuen-mun-15-11","class":"built_up","vegetationFraction":0.076,"pavedFraction":0.698,"waterFraction":0.047,"simulated":true},"geometry":{"type":"Polygon","coordinates":[[[113.96959999999996,22.403999999999996],[113.97119999999995,22.403999999999996],[113.97119999999995,22.405599999999996],[113.96959999999996,22.405599999999996],[113.96959999999996,22.403999999999996]]]}},{"type":"Feature","properties":{"id":"lu-nt-tuen-mun-15-12","class":"built_up","vegetationFraction":0.09,"pavedFraction":0.756,"waterFraction":0.038,"simulated":true},"geometry":{"type":"Polygon","coordinates":[[[113.97119999999995,22.403999999999996],[113.97279999999995,22.403999999999996],[113.97279999999995,22.405599999999996],[113.97119999999995,22.405599999999996],[113.97119999999995,22.403999999999996]]]}},{"type":"Feature","properties":{"id":"lu-nt-tuen-mun-15-13","class":"built_up","vegetationFraction":0.085,"pavedFraction":0.853,"waterFraction":0.014,"simulated":true},"geometry":{"type":"Polygon","coordinates":[[[113.97279999999995,22.403999999999996],[113.97439999999995,22.403999999999996],[113.97439999999995,22.405599999999996],[113.97279999999995,22.405599999999996],[113.97279999999995,22.403999999999996]]]}},{"type":"Feature","properties":{"id":"lu-nt-tuen-mun-15-14","class":"built_up","vegetationFraction":0.122,"pavedFraction":0.627,"waterFraction":0.048,"simulated":true},"geometry":{"type":"Polygon","coordinates":[[[113.97439999999995,22.403999999999996],[113.97599999999994,22.403999999999996],[113.97599999999994,22.405599999999996],[113.97439999999995,22.405599999999996],[113.97439999999995,22.403999999999996]]]}},{"type":"Feature","properties":{"id":"lu-nt-tuen-mun-15-15","class":"built_up","vegetationFraction":0.087,"pavedFraction":0.706,"waterFraction":0.044,"simulated":true},"geometry":{"type":"Polygon","coordinates":[[[113.97599999999994,22.403999999999996],[113.97759999999994,22.403999999999996],[113.97759999999994,22.405599999999996],[113.97599999999994,22.405599999999996],[113.97599999999994,22.403999999999996]]]}},{"type":"Feature","properties":{"id":"lu-nt-tuen-mun-15-16","class":"built_up","vegetationFraction":0.132,"pavedFraction":0.651,"waterFraction":0.036,"simulated":true},"geometry":{"type":"Polygon","coordinates":[[[113.97759999999994,22.403999999999996],[113.97919999999993,22.403999999999996],[113.97919999999993,22.405599999999996],[113.97759999999994,22.405599999999996],[113.97759999999994,22.403999999999996]]]}},{"type":"Feature","properties":{"id":"lu-nt-tuen-mun-15-17","class":"built_up","vegetationFraction":0.089,"pavedFraction":0.833,"waterFraction":0.052,"simulated":true},"geometry":{"type":"Polygon","coordinates":[[[113.97919999999993,22.403999999999996],[113.98079999999993,22.403999999999996],[113.98079999999993,22.405599999999996],[113.97919999999993,22.405599999999996],[113.97919999999993,22.403999999999996]]]}},{"type":"Feature","properties":{"id":"lu-nt-tuen-mun-15-18","class":"built_up","vegetationFraction":0.128,"pavedFraction":0.704,"waterFraction":0.012,"simulated":true},"geometry":{"type":"Polygon","coordinates":[[[113.98079999999993,22.403999999999996],[113.98239999999993,22.403999999999996],[113.98239999999993,22.405599999999996],[113.98079999999993,22.405599999999996],[113.98079999999993,22.403999999999996]]]}},{"type":"Feature","properties":{"id":"lu-nt-tuen-mun-15-19","class":"built_up","vegetationFraction":0.112,"pavedFraction":0.848,"waterFraction":0.043,"simulated":true},"geometry":{"type":"Polygon","coordinates":[[[113.98239999999993,22.403999999999996],[113.98399999999992,22.403999999999996],[113.98399999999992,22.405599999999996],[113.98239999999993,22.405599999999996],[113.98239999999993,22.403999999999996]]]}},{"type":"Feature","properties":{"id":"lu-nt-tuen-mun-15-20","class":"built_up","vegetationFraction":0.066,"pavedFraction":0.873,"waterFraction":0.032,"simulated":true},"geometry":{"type":"Polygon","coordinates":[[[113.98399999999992,22.403999999999996],[113.98559999999992,22.403999999999996],[113.98559999999992,22.405599999999996],[113.98399999999992,22.405599999999996],[113.98399999999992,22.403999999999996]]]}},{"type":"Feature","properties":{"id":"lu-nt-tuen-mun-15-21","class":"built_up","vegetationFraction":0.083,"pavedFraction":0.762,"waterFraction":0.032,"simulated":true},"geometry":{"type":"Polygon","coordinates":[[[113.98559999999992,22.403999999999996],[113.98719999999992,22.403999999999996],[113.98719999999992,22.405599999999996],[113.98559999999992,22.405599999999996],[113.98559999999992,22.403999999999996]]]}},{"type":"Feature","properties":{"id":"lu-nt-tuen-mun-15-22","class":"built_up","vegetationFraction":0.062,"pavedFraction":0.793,"waterFraction":0.031,"simulated":true},"geometry":{"type":"Polygon","coordinates":[[[113.98719999999992,22.403999999999996],[113.98879999999991,22.403999999999996],[113.98879999999991,22.405599999999996],[113.98719999999992,22.405599999999996],[113.98719999999992,22.403999999999996]]]}},{"type":"Feature","properties":{"id":"lu-nt-tuen-mun-15-23","class":"built_up","vegetationFraction":0.069,"pavedFraction":0.799,"waterFraction":0.004,"simulated":true},"geometry":{"type":"Polygon","coordinates":[[[113.98879999999991,22.403999999999996],[113.99039999999991,22.403999999999996],[113.99039999999991,22.405599999999996],[113.98879999999991,22.405599999999996],[113.98879999999991,22.403999999999996]]]}},{"type":"Feature","properties":{"id":"lu-nt-tuen-mun-16-00","class":"built_up","vegetationFraction":0.129,"pavedFraction":0.846,"waterFraction":0.017,"simulated":true},"geometry":{"type":"Polygon","coordinates":[[[113.952,22.405599999999996],[113.9536,22.405599999999996],[113.9536,22.407199999999996],[113.952,22.407199999999996],[113.952,22.405599999999996]]]}},{"type":"Feature","properties":{"id":"lu-nt-tuen-mun-16-01","class":"built_up","vegetationFraction":0.073,"pavedFraction":0.774,"waterFraction":0.057,"simulated":true},"geometry":{"type":"Polygon","coordinates":[[[113.9536,22.405599999999996],[113.95519999999999,22.405599999999996],[113.95519999999999,22.407199999999996],[113.9536,22.407199999999996],[113.9536,22.405599999999996]]]}},{"type":"Feature","properties":{"id":"lu-nt-tuen-mun-16-02","class":"built_up","vegetationFraction":0.062,"pavedFraction":0.673,"waterFraction":0.028,"simulated":true},"geometry":{"type":"Polygon","coordinates":[[[113.95519999999999,22.405599999999996],[113.95679999999999,22.405599999999996],[113.95679999999999,22.407199999999996],[113.95519999999999,22.407199999999996],[113.95519999999999,22.405599999999996]]]}},{"type":"Feature","properties":{"id":"lu-nt-tuen-mun-16-03","class":"built_up","vegetationFraction":0.135,"pavedFraction":0.813,"waterFraction":0.056,"simulated":true},"geometry":{"type":"Polygon","coordinates":[[[113.95679999999999,22.405599999999996],[113.95839999999998,22.405599999999996],[113.95839999999998,22.407199999999996],[113.95679999999999,22.407199999999996],[113.95679999999999,22.405599999999996]]]}},{"type":"Feature","properties":{"id":"lu-nt-tuen-mun-16-04","class":"built_up","vegetationFraction":0.094,"pavedFraction":0.728,"waterFraction":0.031,"simulated":true},"geometry":{"type":"Polygon","coordinates":[[[113.95839999999998,22.405599999999996],[113.95999999999998,22.405599999999996],[113.95999999999998,22.407199999999996],[113.95839999999998,22.407199999999996],[113.95839999999998,22.405599999999996]]]}},{"type":"Feature","properties":{"id":"lu-nt-tuen-mun-16-05","class":"built_up","vegetationFraction":0.127,"pavedFraction":0.804,"waterFraction":0.037,"simulated":true},"geometry":{"type":"Polygon","coordinates":[[[113.95999999999998,22.405599999999996],[113.96159999999998,22.405599999999996],[113.96159999999998,22.407199999999996],[113.95999999999998,22.407199999999996],[113.95999999999998,22.405599999999996]]]}},{"type":"Feature","properties":{"id":"lu-nt-tuen-mun-16-06","class":"built_up","vegetationFraction":0.096,"pavedFraction":0.732,"waterFraction":0.002,"simulated":true},"geometry":{"type":"Polygon","coordinates":[[[113.96159999999998,22.405599999999996],[113.96319999999997,22.405599999999996],[113.96319999999997,22.407199999999996],[113.96159999999998,22.407199999999996],[113.96159999999998,22.405599999999996]]]}},{"type":"Feature","properties":{"id":"lu-nt-tuen-mun-16-07","class":"built_up","vegetationFraction":0.123,"pavedFraction":0.685,"waterFraction":0.006,"simulated":true},"geometry":{"type":"Polygon","coordinates":[[[113.96319999999997,22.405599999999996],[113.96479999999997,22.405599999999996],[113.96479999999997,22.407199999999996],[113.96319999999997,22.407199999999996],[113.96319999999997,22.405599999999996]]]}},{"type":"Feature","properties":{"id":"lu-nt-tuen-mun-16-08","class":"built_up","vegetationFraction":0.08,"pavedFraction":0.78,"waterFraction":0.038,"simulated":true},"geometry":{"type":"Polygon","coordinates":[[[113.96479999999997,22.405599999999996],[113.96639999999996,22.405599999999996],[113.96639999999996,22.407199999999996],[113.96479999999997,22.407199999999996],[113.96479999999997,22.405599999999996]]]}},{"type":"Feature","properties":{"id":"lu-nt-tuen-mun-16-09","class":"built_up","vegetationFraction":0.13,"pavedFraction":0.72,"waterFraction":0.021,"simulated":true},"geometry":{"type":"Polygon","coordinates":[[[113.96639999999996,22.405599999999996],[113.96799999999996,22.405599999999996],[113.96799999999996,22.407199999999996],[113.96639999999996,22.407199999999996],[113.96639999999996,22.405599999999996]]]}},{"type":"Feature","properties":{"id":"lu-nt-tuen-mun-16-10","class":"built_up","vegetationFraction":0.079,"pavedFraction":0.776,"waterFraction":0.002,"simulated":true},"geometry":{"type":"Polygon","coordinates":[[[113.96799999999996,22.405599999999996],[113.96959999999996,22.405599999999996],[113.96959999999996,22.407199999999996],[113.96799999999996,22.407199999999996],[113.96799999999996,22.405599999999996]]]}},{"type":"Feature","properties":{"id":"lu-nt-tuen-mun-16-11","class":"built_up","vegetationFraction":0.093,"pavedFraction":0.632,"waterFraction":0.023,"simulated":true},"geometry":{"type":"Polygon","coordinates":[[[113.96959999999996,22.405599999999996],[113.97119999999995,22.405599999999996],[113.97119999999995,22.407199999999996],[113.96959999999996,22.407199999999996],[113.96959999999996,22.405599999999996]]]}},{"type":"Feature","properties":{"id":"lu-nt-tuen-mun-16-12","class":"built_up","vegetationFraction":0.104,"pavedFraction":0.672,"waterFraction":0.003,"simulated":true},"geometry":{"type":"Polygon","coordinates":[[[113.97119999999995,22.405599999999996],[113.97279999999995,22.405599999999996],[113.97279999999995,22.407199999999996],[113.97119999999995,22.407199999999996],[113.97119999999995,22.405599999999996]]]}},{"type":"Feature","properties":{"id":"lu-nt-tuen-mun-16-13","class":"built_up","vegetationFraction":0.106,"pavedFraction":0.788,"waterFraction":0.056,"simulated":true},"geometry":{"type":"Polygon","coordinates":[[[113.97279999999995,22.405599999999996],[113.97439999999995,22.405599999999996],[113.97439999999995,22.407199999999996],[113.97279999999995,22.407199999999996],[113.97279999999995,22.405599999999996]]]}},{"type":"Feature","properties":{"id":"lu-nt-tuen-mun-16-14","class":"built_up","vegetationFraction":0.126,"pavedFraction":0.78,"waterFraction":0.046,"simulated":true},"geometry":{"type":"Polygon","coordinates":[[[113.97439999999995,22.405599999999996],[113.97599999999994,22.405599999999996],[113.97599999999994,22.407199999999996],[113.97439999999995,22.407199999999996],[113.97439999999995,22.405599999999996]]]}},{"type":"Feature","properties":{"id":"lu-nt-tuen-mun-16-15","class":"built_up","vegetationFraction":0.101,"pavedFraction":0.887,"waterFraction":0.041,"simulated":true},"geometry":{"type":"Polygon","coordinates":[[[113.97599999999994,22.405599999999996],[113.97759999999994,22.405599999999996],[113.97759999999994,22.407199999999996],[113.97599999999994,22.407199999999996],[113.97599999999994,22.405599999999996]]]}},{"type":"Feature","properties":{"id":"lu-nt-tuen-mun-16-16","class":"built_up","vegetationFraction":0.121,"pavedFraction":0.86,"waterFraction":0.044,"simulated":true},"geometry":{"type":"Polygon","coordinates":[[[113.97759999999994,22.405599999999996],[113.97919999999993,22.405599999999996],[113.97919999999993,22.407199999999996],[113.97759999999994,22.407199999999996],[113.97759999999994,22.405599999999996]]]}},{"type":"Feature","properties":{"id":"lu-nt-tuen-mun-16-17","class":"built_up","vegetationFraction":0.067,"pavedFraction":0.625,"waterFraction":0.032,"simulated":true},"geometry":{"type":"Polygon","coordinates":[[[113.97919999999993,22.405599999999996],[113.98079999999993,22.405599999999996],[113.98079999999993,22.407199999999996],[113.97919999999993,22.407199999999996],[113.97919999999993,22.405599999999996]]]}},{"type":"Feature","properties":{"id":"lu-nt-tuen-mun-16-18","class":"built_up","vegetationFraction":0.132,"pavedFraction":0.619,"waterFraction":0.042,"simulated":true},"geometry":{"type":"Polygon","coordinates":[[[113.98079999999993,22.405599999999996],[113.98239999999993,22.405599999999996],[113.98239999999993,22.407199999999996],[113.98079999999993,22.407199999999996],[113.98079999999993,22.405599999999996]]]}},{"type":"Feature","properties":{"id":"lu-nt-tuen-mun-16-19","class":"built_up","vegetationFraction":0.128,"pavedFraction":0.702,"waterFraction":0.053,"simulated":true},"geometry":{"type":"Polygon","coordinates":[[[113.98239999999993,22.405599999999996],[113.98399999999992,22.405599999999996],[113.98399999999992,22.407199999999996],[113.98239999999993,22.407199999999996],[113.98239999999993,22.405599999999996]]]}},{"type":"Feature","properties":{"id":"lu-nt-tuen-mun-16-20","class":"built_up","vegetationFraction":0.094,"pavedFraction":0.893,"waterFraction":0.0,"simulated":true},"geometry":{"type":"Polygon","coordinates":[[[113.98399999999992,22.405599999999996],[113.98559999999992,22.405599999999996],[113.98559999999992,22.407199999999996],[113.98399999999992,22.407199999999996],[113.98399999999992,22.405599999999996]]]}},{"type":"Feature","properties":{"id":"lu-nt-tuen-mun-16-21","class":"built_up","vegetationFraction":0.076,"pavedFraction":0.752,"waterFraction":0.052,"simulated":true},"geometry":{"type":"Polygon","coordinates":[[[113.98559999999992,22.405599999999996],[113.98719999999992,22.405599999999996],[113.98719999999992,22.407199999999996],[113.98559999999992,22.407199999999996],[113.98559999999992,22.405599999999996]]]}},{"type":"Feature","properties":{"id":"lu-nt-tuen-mun-16-22","class":"built_up","vegetationFraction":0.092,"pavedFraction":0.744,"waterFraction":0.038,"simulated":true},"geometry":{"type":"Polygon","coordinates":[[[113.98719999999992,22.405599999999996],[113.98879999999991,22.405599999999996],[113.98879999999991,22.407199999999996],[113.98719999999992,22.407199999999996],[113.98719999999992,22.405599999999996]]]}},{"type":"Feature","properties":{"id":"lu-nt-tuen-mun-16-23","class":"built_up","vegetationFraction":0.091,"pavedFraction":0.867,"waterFraction":0.054,"simulated":true},"geometry":{"type":"Polygon","coordinates":[[[113.98879999999991,22.405599999999996],[113.99039999999991,22.405599999999996],[113.99039999999991,22.407199999999996],[113.98879999999991,22.407199999999996],[113.98879999999991,22.405599999999996]]]}},{"type":"Feature","properties":{"id":"lu-nt-tuen-mun-17-00","class":"built_up","vegetationFraction":0.128,"pavedFraction":0.786,"waterFraction":0.037,"simulated":true},"geometry":{"type":"Polygon","coordinates":[[[113.952,22.407199999999996],[113.9536,22.407199999999996],[113.9536,22.408799999999996],[113.952,22.408799999999996],[113.952,22.407199999999996]]]}},{"type":"Feature","properties":{"id":"lu-nt-tuen-mun-17-01","class":"built_up","vegetationFraction":0.106,"pavedFraction":0.813,"waterFraction":0.001,"simulated":true},"geometry":{"type":"Polygon","coordinates":[[[113.9536,22.407199999999996],[113.95519999999999,22.407199999999996],[113.95519999999999,22.408799999999996],[113.9536,22.408799999999996],[113.9536,22.407199999999996]]]}},{"type":"Feature","properties":{"id":"lu-nt-tuen-mun-17-02","class":"built_up","vegetationFraction":0.074,"pavedFraction":0.731,"waterFraction":0.026,"simulated":true},"geometry":{"type":"Polygon","coordinates":[[[113.95519999999999,22.407199999999996],[113.95679999999999,22.407199999999996],[113.95679999999999,22.408799999999996],[113.95519999999999,22.408799999999996],[113.95519999999999,22.407199999999996]]]}},{"type":"Feature","properties":{"id":"lu-nt-tuen-mun-17-03","class":"built_up","vegetationFraction":0.127,"pavedFraction":0.862,"waterFraction":0.019,"simulated":true},"geometry":{"type":"Polygon","coordinates":[[[113.95679999999999,22.407199999999996],[113.95839999999998,22.407199999999996],[113.95839999999998,22.408799999999996],[113.95679999999999,22.408799999999996],[113.95679999999999,22.407199999999996]]]}},{"type":"Feature","properties":{"id":"lu-nt-tuen-mun-17-04","class":"built_up","vegetationFraction":0.084,"pavedFraction":0.721,"waterFraction":0.053,"simulated":true},"geometry":{"type":"Polygon","coordinates":[[[113.95839999999998,22.407199999999996],[113.95999999999998,22.407199999999996],[113.95999999999998,22.408799999999996],[113.95839999999998,22.408799999999996],[113.95839999999998,22.407199999999996]]]}},{"type":"Feature","properties":{"id":"lu-nt-tuen-mun-17-05","class":"built_up","vegetationFraction":0.121,"pavedFraction":0.629,"waterFraction":0.021,"simulated":true},"geometry":{"type":"Polygon","coordinates":[[[113.95999999999998,22.407199999999996],[113.96159999999998,22.407199999999996],[113.96159999999998,22.408799999999996],[113.95999999999998,22.408799999999996],[113.95999999999998,22.407199999999996]]]}},{"type":"Feature","properties":{"id":"lu-nt-tuen-mun-17-06","class":"built_up","vegetationFraction":0.088,"pavedFraction":0.891,"waterFraction":0.038,"simulated":true},"geometry":{"type":"Polygon","coordinates":[[[113.96159999999998,22.407199999999996],[113.96319999999997,22.407199999999996],[113.96319999999997,22.408799999999996],[113.96159999999998,22.408799999999996],[113.96159999999998,22.407199999999996]]]}},{"type":"Feature","properties":{"id":"lu-nt-tuen-mun-17-07","class":"built_up","vegetationFraction":0.118,"pavedFraction":0.602,"waterFraction":0.038,"simulated":true},"geometry":{"type":"Polygon","coordinates":[[[113.96319999999997,22.407199999999996],[113.96479999999997,22.407199999999996],[113.96479999999997,22.408799999999996],[113.96319999999997,22.408799999999996],[113.96319999999997,22.407199999999996]]]}},{"type":"Feature","properties":{"id":"lu-nt-tuen-mun-17-08","class":"built_up","vegetationFraction":0.062,"pavedFraction":0.616,"waterFraction":0.027,"simulated":true},"geometry":{"type":"Polygon","coordinates":[[[113.96479999999997,22.407199999999996],[113.96639999999996,22.407199999999996],[113.96639999999996,22.408799999999996],[113.96479999999997,22.408799999999996],[113.96479999999997,22.407199999999996]]]}},{"type":"Feature","properties":{"id":"lu-nt-tuen-mun-17-09","class":"built_up","vegetationFraction":0.126,"pavedFraction":0.66,"waterFraction":0.003,"simulated":true},"geometry":{"type":"Polygon","coordinates":[[[113.96639999999996,22.407199999999996],[113.96799999999996,22.407199999999996],[113.96799999999996,22.408799999999996],[113.96639999999996,22.408799999999996],[113.96639999999996,22.407199999999996]]]}},{"type":"Feature","properties":{"id":"lu-nt-tuen-mun-17-10","class":"built_up","vegetationFraction":0.07,"pavedFraction":0.751,"waterFraction":0.033,"simulated":true},"geometry":{"type":"Polygon","coordinates":[[[113.96799999999996,22.407199999999996],[113.96959999999996,22.407199999999996],[113.96959999999996,22.408799999999996],[113.96799999999996,22.408799999999996],[113.96799999999996,22.407199999999996]]]}},{"type":"Feature","properties":{"id":"lu-nt-tuen-mun-17-11","class":"built_up","vegetationFraction":0.063,"pavedFraction":0.784,"waterFraction":0.036,"simulated":true},"geometry":{"type":"Polygon","coordinates":[[[113.96959999999996,22.407199999999996],[113.97119999999995,22.407199999999996],[113.97119999999995,22.408799999999996],[113.96959999999996,22.408799999999996],[113.96959999999996,22.407199999999996]]]}},{"type":"Feature","properties":{"id":"lu-nt-tuen-mun-17-12","class":"built_up","vegetationFraction":0.096,"pavedFraction":0.792,"waterFraction":0.055,"simulated":true},"geometry":{"type":"Polygon","coordinates":[[[113.97119999999995,22.407199999999996],[113.97279999999995,22.407199999999996],[113.97279999999995,22.408799999999996],[113.97119999999995,22.408799999999996],[113.97119999999995,22.407199999999996]]]}},{"type":"Feature","properties":{"id":"lu-nt-tuen-mun-17-13","class":"built_up","vegetationFraction":0.08,"pavedFraction":0.776,"waterFraction":0.027,"simulated":true},"geometry":{"type":"Polygon","coordinates":[[[113.97279999999995,22.407199999999996],[113.97439999999995,22.407199999999996],[113.97439999999995,22.408799999999996],[113.97279999999995,22.408799999999996],[113.97279999999995,22.407199999999996]]]}},{"type":"Feature","properties":{"id":"lu-nt-tuen-mun-17-14","class":"built_up","vegetationFraction":0.132,"pavedFraction":0.636,"waterFraction":0.026,"simulated":true},"geometry":{"type":"Polygon","coordinates":[[[113.97439999999995,22.407199999999996],[113.97599999999994,22.407199999999996],[113.97599999999994,22.408799999999996],[113.97439999999995,22.408799999999996],[113.97439999999995,22.407199999999996]]]}},{"type":"Feature","properties":{"id":"lu-nt-tuen-mun-17-15","class":"built_up","vegetationFraction":0.088,"pavedFraction":0.682,"waterFraction":0.053,"simulated":true},"geometry":{"type":"Polygon","coordinates":[[[113.97599999999994,22.407199999999996],[113.97759999999994,22.407199999999996],[113.97759999999994,22.408799999999996],[113.97599999999994,22.408799999999996],[113.97599999999994,22.407199999999996]]]}},{"type":"Feature","properties":{"id":"lu-nt-tuen-mun-17-16","class":"built_up","vegetationFraction":0.116,"pavedFraction":0.754,"waterFraction":0.033,"simulated":true},"geometry":{"type":"Polygon","coordinates":[[[113.97759999999994,22.407199999999996],[113.97919999999993,22.407199999999996],[113.97919999999993,22.408799999999996],[113.97759999999994,22.408799999999996],[113.97759999999994,22.407199999999996]]]}},{"type":"Feature","properties":{"id":"lu-nt-tuen-mun-17-17","class":"built_up","vegetationFraction":0.126,"pavedFraction":0.818,"waterFraction":0.038,"simulated":true},"geometry":{"type":"Polygon","coordinates":[[[113.97919999999993,22.407199999999996],[113.98079999999993,22.407199999999996],[113.98079999999993,22.408799999999996],[113.97919999999993,22.408799999999996],[113.97919999999993,22.407199999999996]]]}},{"type":"Feature","properties":{"id":"lu-nt-tuen-mun-17-18","class":"built_up","vegetationFraction":0.091,"pavedFraction":0.701,"waterFraction":0.006,"simulated":true},"geometry":{"type":"Polygon","coordinates":[[[113.98079999999993,22.407199999999996],[113.98239999999993,22.407199999999996],[113.98239999999993,22.408799999999996],[113.98079999999993,22.408799999999996],[113.98079999999993,22.407199999999996]]]}},{"type":"Feature","properties":{"id":"lu-nt-tuen-mun-17-19","class":"built_up","vegetationFraction":0.083,"pavedFraction":0.679,"waterFraction":0.025,"simulated":true},"geometry":{"type":"Polygon","coordinates":[[[113.98239999999993,22.407199999999996],[113.98399999999992,22.407199999999996],[113.98399999999992,22.408799999999996],[113.98239999999993,22.408799999999996],[113.98239999999993,22.407199999999996]]]}},{"type":"Feature","properties":{"id":"lu-nt-tuen-mun-17-20","class":"built_up","vegetationFraction":0.123,"pavedFraction":0.8,"waterFraction":0.037,"simulated":true},"geometry":{"type":"Polygon","coordinates":[[[113.98399999999992,22.407199999999996],[113.98559999999992,22.407199999999996],[113.98559999999992,22.408799999999996],[113.98399999999992,22.408799999999996],[113.98399999999992,22.407199999999996]]]}},{"type":"Feature","properties":{"id":"lu-nt-tuen-mun-17-21","class":"built_up","vegetationFraction":0.077,"pavedFraction":0.606,"waterFraction":0.004,"simulated":true},"geometry":{"type":"Polygon","coordinates":[[[113.98559999999992,22.407199999999996],[113.98719999999992,22.407199999999996],[113.98719999999992,22.408799999999996],[113.98559999999992,22.408799999999996],[113.98559999999992,22.407199999999996]]]}},{"type":"Feature","properties":{"id":"lu-nt-tuen-mun-17-22","class":"built_up","vegetationFraction":0.096,"pavedFraction":0.749,"waterFraction":0.017,"simulated":true},"geometry":{"type":"Polygon","coordinates":[[[113.98719999999992,22.407199999999996],[113.98879999999991,22.407199999999996],[113.98879999999991,22.408799999999996],[113.98719999999992,22.408799999999996],[113.98719999999992,22.407199999999996]]]}},{"type":"Feature","properties":{"id":"lu-nt-tuen-mun-17-23","class":"built_up","vegetationFraction":0.096,"pavedFraction":0.685,"waterFraction":0.03,"simulated":true},"geometry":{"type":"Polygon","coordinates":[[[113.98879999999991,22.407199999999996],[113.99039999999991,22.407199999999996],[113.99039999999991,22.408799999999996],[113.98879999999991,22.408799999999996],[113.98879999999991,22.407199999999996]]]}},{"type":"Feature","properties":{"id":"lu-nt-tuen-mun-18-00","class":"built_up","vegetationFraction":0.21,"pavedFraction":0.422,"waterFraction":0.034,"simulated":true},"geometry":{"type":"Polygon","coordinates":[[[113.952,22.408799999999996],[113.9536,22.408799999999996],[113.9536,22.410399999999996],[113.952,22.410399999999996],[113.952,22.408799999999996]]]}},{"type":"Feature","properties":{"id":"lu-nt-tuen-mun-18-01","class":"green_space","vegetationFraction":0.427,"pavedFraction":0.57,"waterFraction":0.01,"simulated":true},"geometry":{"type":"Polygon","coordinates":[[[113.9536,22.408799999999996],[113.95519999999999,22.408799999999996],[113.95519999999999,22.410399999999996],[113.9536,22.410399999999996],[113.9536,22.408799999999996]]]}},{"type":"Feature","properties":{"id":"lu-nt-tuen-mun-18-02","class":"built_up","vegetationFraction":0.205,"pavedFraction":0.622,"waterFraction":0.018,"simulated":true},"geometry":{"type":"Polygon","coordinates":[[[113.95519999999999,22.408799999999996],[113.95679999999999,22.408799999999996],[113.95679999999999,22.410399999999996],[113.95519999999999,22.410399999999996],[113.95519999999999,22.408799999999996]]]}},{"type":"Feature","properties":{"id":"lu-nt-tuen-mun-18-03","class":"green_space","vegetationFraction":0.446,"pavedFraction":0.643,"waterFraction":0.015,"simulated":true},"geometry":{"type":"Polygon","coordinates":[[[113.95679999999999,22.408799999999996],[113.95839999999998,22.408799999999996],[113.95839999999998,22.410399999999996],[113.95679999999999,22.410399999999996],[113.95679999999999,22.408799999999996]]]}},{"type":"Feature","properties":{"id":"lu-nt-tuen-mun-18-04","class":"urban_open_space","vegetationFraction":0.399,"pavedFraction":0.396,"waterFraction":0.014,"simulated":true},"geometry":{"type":"Polygon","coordinates":[[[113.95839999999998,22.408799999999996],[113.95999999999998,22.408799999999996],[113.95999999999998,22.410399999999996],[113.95839999999998,22.410399999999996],[113.95839999999998,22.408799999999996]]]}},{"type":"Feature","properties":{"id":"lu-nt-tuen-mun-18-05","class":"green_space","vegetationFraction":0.406,"pavedFraction":0.369,"waterFraction":0.027,"simulated":true},"geometry":{"type":"Polygon","coordinates":[[[113.95999999999998,22.408799999999996],[113.96159999999998,22.408799999999996],[113.96159999999998,22.410399999999996],[113.95999999999998,22.410399999999996],[113.95999999999998,22.408799999999996]]]}},{"type":"Feature","properties":{"id":"lu-nt-tuen-mun-18-06","class":"green_space","vegetationFraction":0.442,"pavedFraction":0.456,"waterFraction":0.017,"simulated":true},"geometry":{"type":"Polygon","coordinates":[[[113.96159999999998,22.408799999999996],[113.96319999999997,22.408799999999996],[113.96319999999997,22.410399999999996],[113.96159999999998,22.410399999999996],[113.96159999999998,22.408799999999996]]]}},{"type":"Feature","properties":{"id":"lu-nt-tuen-mun-18-07","class":"urban_open_space","vegetationFraction":0.256,"pavedFraction":0.614,"waterFraction":0.038,"simulated":true},"geometry":{"type":"Polygon","coordinates":[[[113.96319999999997,22.408799999999996],[113.96479999999997,22.408799999999996],[113.96479999999997,22.410399999999996],[113.96319999999997,22.410399999999996],[113.96319999999997,22.408799999999996]]]}},{"type":"Feature","properties":{"id":"lu-nt-tuen-mun-18-08","class":"urban_open_space","vegetationFraction":0.276,"pavedFraction":0.516,"waterFraction":0.045,"simulated":true},"geometry":{"type":"Polygon","coordinates":[[[113.96479999999997,22.408799999999996],[113.96639999999996,22.408799999999996],[113.96639999999996,22.410399999999996],[113.96479999999997,22.410399999999996],[113.96479999999997,22.408799999999996]]]}},{"type":"Feature","properties":{"id":"lu-nt-tuen-mun-18-09","class":"urban_open_space","vegetationFraction":0.333,"pavedFraction":0.643,"waterFraction":0.047,"simulated":true},"geometry":{"type":"Polygon","coordinates":[[[113.96639999999996,22.408799999999996],[113.96799999999996,22.408799999999996],[113.96799999999996,22.410399999999996],[113.96639999999996,22.410399999999996],[113.96639999999996,22.408799999999996]]]}},{"type":"Feature","properties":{"id":"lu-nt-tuen-mun-18-10","class":"urban_open_space","vegetationFraction":0.336,"pavedFraction":0.384,"waterFraction":0.047,"simulated":true},"geometry":{"type":"Polygon","coordinates":[[[113.96799999999996,22.408799999999996],[113.96959999999996,22.408799999999996],[113.96959999999996,22.410399999999996],[113.96799999999996,22.410399999999996],[113.96799999999996,22.408799999999996]]]}},{"type":"Feature","properties":{"id":"lu-nt-tuen-mun-18-11","class":"built_up","vegetationFraction":0.24,"pavedFraction":0.456,"waterFraction":0.026,"simulated":true},"geometry":{"type":"Polygon","coordinates":[[[113.96959999999996,22.408799999999996],[113.97119999999995,22.408799999999996],[113.97119999999995,22.410399999999996],[113.96959999999996,22.410399999999996],[113.96959999999996,22.408799999999996]]]}},{"type":"Feature","properties":{"id":"lu-nt-tuen-mun-18-12","class":"green_space","vegetationFraction":0.44,"pavedFraction":0.436,"waterFraction":0.009,"simulated":true},"geometry":{"type":"Polygon","coordinates":[[[113.97119999999995,22.408799999999996],[113.97279999999995,22.408799999999996],[113.97279999999995,22.410399999999996],[113.97119999999995,22.410399999999996],[113.97119999999995,22.408799999999996]]]}},{"type":"Feature","properties":{"id":"lu-nt-tuen-mun-18-13","class":"green_space","vegetationFraction":0.425,"pavedFraction":0.508,"waterFraction":0.037,"simulated":true},"geometry":{"type":"Polygon","coordinates":[[[113.97279999999995,22.408799999999996],[113.97439999999995,22.408799999999996],[113.97439999999995,22.410399999999996],[113.97279999999995,22.410399999999996],[113.97279999999995,22.408799999999996]]]}},{"type":"Feature","properties":{"id":"lu-nt-tuen-mun-18-14","class":"built_up","vegetationFraction":0.211,"pavedFraction":0.566,"waterFraction":0.005,"simulated":true},"geometry":{"type":"Polygon","coordinates":[[[113.97439999999995,22.408799999999996],[113.97599999999994,22.408799999999996],[113.97599999999994,22.410399999999996],[113.97439999999995,22.410399999999996],[113.97439999999995,22.408799999999996]]]}},{"type":"Feature","properties":{"id":"lu-nt-tuen-mun-18-15","class":"urban_open_space","vegetationFraction":0.375,"pavedFraction":0.417,"waterFraction":0.057,"simulated":true},"geometry":{"type":"Polygon","coordinates":[[[113.97599999999994,22.408799999999996],[113.97759999999994,22.408799999999996],[113.97759999999994,22.410399999999996],[113.97599999999994,22.410399999999996],[113.97599999999994,22.408799999999996]]]}},{"type":"Feature","properties":{"id":"lu-nt-tuen-mun-18-16","class":"urban_open_space","vegetationFraction":0.286,"pavedFraction":0.408,"waterFraction":0.0,"simulated":true},"geometry":{"type":"Polygon","coordinates":[[[113.97759999999994,22.408799999999996],[113.97919999999993,22.408799999999996],[113.97919999999993,22.410399999999996],[113.97759999999994,22.410399999999996],[113.97759999999994,22.408799999999996]]]}},{"type":"Feature","properties":{"id":"lu-nt-tuen-mun-18-17","class":"urban_open_space","vegetationFraction":0.351,"pavedFraction":0.477,"waterFraction":0.011,"simulated":true},"geometry":{"type":"Polygon","coordinates":[[[113.97919999999993,22.408799999999996],[113.98079999999993,22.408799999999996],[113.98079999999993,22.410399999999996],[113.97919999999993,22.410399999999996],[113.97919999999993,22.408799999999996]]]}},{"type":"Feature","properties":{"id":"lu-nt-tuen-mun-18-18","class":"urban_open_space","vegetationFraction":0.355,"pavedFraction":0.499,"waterFraction":0.054,"simulated":true},"geometry":{"type":"Polygon","coordinates":[[[113.98079999999993,22.408799999999996],[113.98239999999993,22.408799999999996],[113.98239999999993,22.410399999999996],[113.98079999999993,22.410399999999996],[113.98079999999993,22.408799999999996]]]}},{"type":"Feature","properties":{"id":"lu-nt-tuen-mun-18-19","class":"built_up","vegetationFraction":0.241,"pavedFraction":0.494,"waterFraction":0.049,"simulated":true},"geometry":{"type":"Polygon","coordinates":[[[113.98239999999993,22.408799999999996],[113.98399999999992,22.408799999999996],[113.98399999999992,22.410399999999996],[113.98239999999993,22.410399999999996],[113.98239999999993,22.408799999999996]]]}},{"type":"Feature","properties":{"id":"lu-nt-tuen-mun-18-20","class":"green_space","vegetationFraction":0.403,"pavedFraction":0.462,"waterFraction":0.046,"simulated":true},"geometry":{"type":"Polygon","coordinates":[[[113.98399999999992,22.408799999999996],[113.98559999999992,22.408799999999996],[113.98559999999992,22.410399999999996],[113.98399999999992,22.410399999999996],[113.98399999999992,22.408799999999996]]]}},{"type":"Feature","properties":{"id":"lu-nt-tuen-mun-18-21","class":"green_space","vegetationFraction":0.407,"pavedFraction":0.635,"waterFraction":0.029,"simulated":true},"geometry":{"type":"Polygon","coordinates":[[[113.98559999999992,22.408799999999996],[113.98719999999992,22.408799999999996],[113.98719999999992,22.410399999999996],[113.98559999999992,22.410399999999996],[113.98559999999992,22.408799999999996]]]}},{"type":"Feature","properties":{"id":"lu-nt-tuen-mun-18-22","class":"green_space","vegetationFraction":0.404,"pavedFraction":0.604,"waterFraction":0.036,"simulated":true},"geometry":{"type":"Polygon","coordinates":[[[113.98719999999992,22.408799999999996],[113.98879999999991,22.408799999999996],[113.98879999999991,22.410399999999996],[113.98719999999992,22.410399999999996],[113.98719999999992,22.408799999999996]]]}},{"type":"Feature","properties":{"id":"lu-nt-tuen-mun-18-23","class":"urban_open_space","vegetationFraction":0.318,"pavedFraction":0.398,"waterFraction":0.008,"simulated":true},"geometry":{"type":"Polygon","coordinates":[[[113.98879999999991,22.408799999999996],[113.99039999999991,22.408799999999996],[113.99039999999991,22.410399999999996],[113.98879999999991,22.410399999999996],[113.98879999999991,22.408799999999996]]]}},{"type":"Feature","properties":{"id":"lu-nt-tuen-mun-19-00","class":"urban_open_space","vegetationFraction":0.398,"pavedFraction":0.372,"waterFraction":0.017,"simulated":true},"geometry":{"type":"Polygon","coordinates":[[[113.952,22.410399999999996],[113.9536,22.410399999999996],[113.9536,22.411999999999995],[113.952,22.411999999999995],[113.952,22.410399999999996]]]}},{"type":"Feature","properties":{"id":"lu-nt-tuen-mun-19-01","class":"built_up","vegetationFraction":0.201,"pavedFraction":0.378,"waterFraction":0.028,"simulated":true},"geometry":{"type":"Polygon","coordinates":[[[113.9536,22.410399999999996],[113.95519999999999,22.410399999999996],[113.95519999999999,22.411999999999995],[113.9536,22.411999999999995],[113.9536,22.410399999999996]]]}},{"type":"Feature","properties":{"id":"lu-nt-tuen-mun-19-02","class":"urban_open_space","vegetationFraction":0.348,"pavedFraction":0.403,"waterFraction":0.036,"simulated":true},"geometry":{"type":"Polygon","coordinates":[[[113.95519999999999,22.410399999999996],[113.95679999999999,22.410399999999996],[113.95679999999999,22.411999999999995],[113.95519999999999,22.411999999999995],[113.95519999999999,22.410399999999996]]]}},{"type":"Feature","properties":{"id":"lu-nt-tuen-mun-19-03","class":"green_space","vegetationFraction":0.429,"pavedFraction":0.374,"waterFraction":0.045,"simulated":true},"geometry":{"type":"Polygon","coordinates":[[[113.95679999999999,22.410399999999996],[113.95839999999998,22.410399999999996],[113.95839999999998,22.411999999999995],[113.95679999999999,22.411999999999995],[113.95679999999999,22.410399999999996]]]}},{"type":"Feature","properties":{"id":"lu-nt-tuen-mun-19-04","class":"urban_open_space","vegetationFraction":0.383,"pavedFraction":0.617,"waterFraction":0.058,"simulated":true},"geometry":{"type":"Polygon","coordinates":[[[113.95839999999998,22.410399999999996],[113.95999999999998,22.410399999999996],[113.95999999999998,22.411999999999995],[113.95839999999998,22.411999999999995],[113.95839999999998,22.410399999999996]]]}},{"type":"Feature","properties":{"id":"lu-nt-tuen-mun-19-05","class":"built_up","vegetationFraction":0.215,"pavedFraction":0.57,"waterFraction":0.016,"simulated":true},"geometry":{"type":"Polygon","coordinates":[[[113.95999999999998,22.410399999999996],[113.96159999999998,22.410399999999996],[113.96159999999998,22.411999999999995],[113.95999999999998,22.411999999999995],[113.95999999999998,22.410399999999996]]]}},{"type":"Feature","properties":{"id":"lu-nt-tuen-mun-19-06","class":"urban_open_space","vegetationFraction":0.329,"pavedFraction":0.354,"waterFraction":0.021,"simulated":true},"geometry":{"type":"Polygon","coordinates":[[[113.96159999999998,22.410399999999996],[113.96319999999997,22.410399999999996],[113.96319999999997,22.411999999999995],[113.96159999999998,22.411999999999995],[113.96159999999998,22.410399999999996]]]}},{"type":"Feature","properties":{"id":"lu-nt-tuen-mun-19-07","class":"urban_open_space","vegetationFraction":0.273,"pavedFraction":0.425,"waterFraction":0.015,"simulated":true},"geometry":{"type":"Polygon","coordinates":[[[113.96319999999997,22.410399999999996],[113.96479999999997,22.410399999999996],[113.96479999999997,22.411999999999995],[113.96319999999997,22.411999999999995],[113.96319999999997,22.410399999999996]]]}},{"type":"Feature","properties":{"id":"lu-nt-tuen-mun-19-08","class":"built_up","vegetationFraction":0.24,"pavedFraction":0.644,"waterFraction":0.046,"simulated":true},"geometry":{"type":"Polygon","coordinates":[[[113.96479999999997,22.410399999999996],[113.96639999999996,22.410399999999996],[113.96639999999996,22.411999999999995],[113.96479999999997,22.411999999999995],[113.96479999999997,22.410399999999996]]]}},{"type":"Feature","properties":{"id":"lu-nt-tuen-mun-19-09","class":"urban_open_space","vegetationFraction":0.265,"pavedFraction":0.438,"waterFraction":0.014,"simulated":true},"geometry":{"type":"Polygon","coordinates":[[[113.96639999999996,22.410399999999996],[113.96799999999996,22.410399999999996],[113.96799999999996,22.411999999999995],[113.96639999999996,22.411999999999995],[113.96639999999996,22.410399999999996]]]}},{"type":"Feature","properties":{"id":"lu-nt-tuen-mun-19-10","class":"urban_open_space","vegetationFraction":0.284,"pavedFraction":0.506,"waterFraction":0.036,"simulated":true},"geometry":{"type":"Polygon","coordinates":[[[113.96799999999996,22.410399999999996],[113.96959999999996,22.410399999999996],[113.96959999999996,22.411999999999995],[113.96799999999996,22.411999999999995],[113.96799999999996,22.410399999999996]]]}},{"type":"Feature","properties":{"id":"lu-nt-tuen-mun-19-11","class":"urban_open_space","vegetationFraction":0.265,"pavedFraction":0.494,"waterFraction":0.014,"simulated":true},"geometry":{"type":"Polygon","coordinates":[[[113.96959999999996,22.410399999999996],[113.97119999999995,22.410399999999996],[113.97119999999995,22.411999999999995],[113.96959999999996,22.411999999999995],[113.96959999999996,22.410399999999996]]]}},{"type":"Feature","properties":{"id":"lu-nt-tuen-mun-19-12","class":"urban_open_space","vegetationFraction":0.366,"pavedFraction":0.441,"waterFraction":0.01,"simulated":true},"geometry":{"type":"Polygon","coordinates":[[[113.97119999999995,22.410399999999996],[113.97279999999995,22.410399999999996],[113.97279999999995,22.411999999999995],[113.97119999999995,22.411999999999995],[113.97119999999995,22.410399999999996]]]}},{"type":"Feature","properties":{"id":"lu-nt-tuen-mun-19-13","class":"urban_open_space","vegetationFraction":0.388,"pavedFraction":0.61,"waterFraction":0.047,"simulated":true},"geometry":{"type":"Polygon","coordinates":[[[113.97279999999995,22.410399999999996],[113.97439999999995,22.410399999999996],[113.97439999999995,22.411999999999995],[113.97279999999995,22.411999999999995],[113.97279999999995,22.410399999999996]]]}},{"type":"Feature","properties":{"id":"lu-nt-tuen-mun-19-14","class":"urban_open_space","vegetationFraction":0.275,"pavedFraction":0.372,"waterFraction":0.013,"simulated":true},"geometry":{"type":"Polygon","coordinates":[[[113.97439999999995,22.410399999999996],[113.97599999999994,22.410399999999996],[113.97599999999994,22.411999999999995],[113.97439999999995,22.411999999999995],[113.97439999999995,22.410399999999996]]]}},{"type":"Feature","properties":{"id":"lu-nt-tuen-mun-19-15","class":"green_space","vegetationFraction":0.435,"pavedFraction":0.574,"waterFraction":0.043,"simulated":true},"geometry":{"type":"Polygon","coordinates":[[[113.97599999999994,22.410399999999996],[113.97759999999994,22.410399999999996],[113.97759999999994,22.411999999999995],[113.97599999999994,22.411999999999995],[113.97599999999994,22.410399999999996]]]}},{"type":"Feature","properties":{"id":"lu-nt-tuen-mun-19-16","class":"built_up","vegetationFraction":0.248,"pavedFraction":0.491,"waterFraction":0.018,"simulated":true},"geometry":{"type":"Polygon","coordinates":[[[113.97759999999994,22.410399999999996],[113.97919999999993,22.410399999999996],[113.97919999999993,22.411999999999995],[113.97759999999994,22.411999999999995],[113.97759999999994,22.410399999999996]]]}},{"type":"Feature","properties":{"id":"lu-nt-tuen-mun-19-17","class":"urban_open_space","vegetationFraction":0.376,"pavedFraction":0.524,"waterFraction":0.03,"simulated":true},"geometry":{"type":"Polygon","coordinates":[[[113.97919999999993,22.410399999999996],[113.98079999999993,22.410399999999996],[113.98079999999993,22.411999999999995],[113.97919999999993,22.411999999999995],[113.97919999999993,22.410399999999996]]]}},{"type":"Feature","properties":{"id":"lu-nt-tuen-mun-19-18","class":"green_space","vegetationFraction":0.444,"pavedFraction":0.588,"waterFraction":0.035,"simulated":true},"geometry":{"type":"Polygon","coordinates":[[[113.98079999999993,22.410399999999996],[113.98239999999993,22.410399999999996],[113.98239999999993,22.411999999999995],[113.98079999999993,22.411999999999995],[113.98079999999993,22.410399999999996]]]}},{"type":"Feature","properties":{"id":"lu-nt-tuen-mun-19-19","class":"built_up","vegetationFraction":0.225,"pavedFraction":0.439,"waterFraction":0.008,"simulated":true},"geometry":{"type":"Polygon","coordinates":[[[113.98239999999993,22.410399999999996],[113.98399999999992,22.410399999999996],[113.98399999999992,22.411999999999995],[113.98239999999993,22.411999999999995],[113.98239999999993,22.410399999999996]]]}},{"type":"Feature","properties":{"id":"lu-nt-tuen-mun-19-20","class":"green_space","vegetationFraction":0.425,"pavedFraction":0.479,"waterFraction":0.049,"simulated":true},"geometry":{"type":"Polygon","coordinates":[[[113.98399999999992,22.410399999999996],[113.98559999999992,22.410399999999996],[113.98559999999992,22.411999999999995],[113.98399999999992,22.411999999999995],[113.98399999999992,22.410399999999996]]]}},{"type":"Feature","properties":{"id":"lu-nt-tuen-mun-19-21","class":"built_up","vegetationFraction":0.209,"pavedFraction":0.564,"waterFraction":0.011,"simulated":true},"geometry":{"type":"Polygon","coordinates":[[[113.98559999999992,22.410399999999996],[113.98719999999992,22.410399999999996],[113.98719999999992,22.411999999999995],[113.98559999999992,22.411999999999995],[113.98559999999992,22.410399999999996]]]}},{"type":"Feature","properties":{"id":"lu-nt-tuen-mun-19-22","class":"urban_open_space","vegetationFraction":0.253,"pavedFraction":0.457,"waterFraction":0.023,"simulated":true},"geometry":{"type":"Polygon","coordinates":[[[113.98719999999992,22.410399999999996],[113.98879999999991,22.410399999999996],[113.98879999999991,22.411999999999995],[113.98719999999992,22.411999999999995],[113.98719999999992,22.410399999999996]]]}},{"type":"Feature","properties":{"id":"lu-nt-tuen-mun-19-23","class":"urban_open_space","vegetationFraction":0.369,"pavedFraction":0.549,"waterFraction":0.002,"simulated":true},"geometry":{"type":"Polygon","coordinates":[[[113.98879999999991,22.410399999999996],[113.99039999999991,22.410399999999996],[113.99039999999991,22.411999999999995],[113.98879999999991,22.411999999999995],[113.98879999999991,22.410399999999996]]]}},{"type":"Feature","properties":{"id":"lu-nt-tuen-mun-20-00","class":"urban_open_space","vegetationFraction":0.302,"pavedFraction":0.446,"waterFraction":0.052,"simulated":true},"geometry":{"type":"Polygon","coordinates":[[[113.952,22.411999999999995],[113.9536,22.411999999999995],[113.9536,22.413599999999995],[113.952,22.413599999999995],[113.952,22.411999999999995]]]}},{"type":"Feature","properties":{"id":"lu-nt-tuen-mun-20-01","class":"urban_open_space","vegetationFraction":0.344,"pavedFraction":0.417,"waterFraction":0.059,"simulated":true},"geometry":{"type":"Polygon","coordinates":[[[113.9536,22.411999999999995],[113.95519999999999,22.411999999999995],[113.95519999999999,22.413599999999995],[113.9536,22.413599999999995],[113.9536,22.411999999999995]]]}},{"type":"Feature","properties":{"id":"lu-nt-tuen-mun-20-02","class":"urban_open_space","vegetationFraction":0.359,"pavedFraction":0.374,"waterFraction":0.014,"simulated":true},"geometry":{"type":"Polygon","coordinates":[[[113.95519999999999,22.411999999999995],[113.95679999999999,22.411999999999995],[113.95679999999999,22.413599999999995],[113.95519999999999,22.413599999999995],[113.95519999999999,22.411999999999995]]]}},{"type":"Feature","properties":{"id":"lu-nt-tuen-mun-20-03","class":"built_up","vegetationFraction":0.218,"pavedFraction":0.579,"waterFraction":0.029,"simulated":true},"geometry":{"type":"Polygon","coordinates":[[[113.95679999999999,22.411999999999995],[113.95839999999998,22.411999999999995],[113.95839999999998,22.413599999999995],[113.95679999999999,22.413599999999995],[113.95679999999999,22.411999999999995]]]}},{"type":"Feature","properties":{"id":"lu-nt-tuen-mun-20-04","class":"urban_open_space","vegetationFraction":0.276,"pavedFraction":0.424,"waterFraction":0.036,"simulated":true},"geometry":{"type":"Polygon","coordinates":[[[113.95839999999998,22.411999999999995],[113.95999999999998,22.411999999999995],[113.95999999999998,22.413599999999995],[113.95839999999998,22.413599999999995],[113.95839999999998,22.411999999999995]]]}},{"type":"Feature","properties":{"id":"lu-nt-tuen-mun-20-05","class":"urban_open_space","vegetationFraction":0.367,"pavedFraction":0.495,"waterFraction":0.004,"simulated":true},"geometry":{"type":"Polygon","coordinates":[[[113.95999999999998,22.411999999999995],[113.96159999999998,22.411999999999995],[113.96159999999998,22.413599999999995],[113.95999999999998,22.413599999999995],[113.95999999999998,22.411999999999995]]]}},{"type":"Feature","properties":{"id":"lu-nt-tuen-mun-20-06","class":"green_space","vegetationFraction":0.415,"pavedFraction":0.435,"waterFraction":0.021,"simulated":true},"geometry":{"type":"Polygon","coordinates":[[[113.96159999999998,22.411999999999995],[113.96319999999997,22.411999999999995],[113.96319999999997,22.413599999999995],[113.96159999999998,22.413599999999995],[113.96159999999998,22.411999999999995]]]}},{"type":"Feature","properties":{"id":"lu-nt-tuen-mun-20-07","class":"urban_open_space","vegetationFraction":0.292,"pavedFraction":0.382,"waterFraction":0.024,"simulated":true},"geometry":{"type":"Polygon","coordinates":[[[113.96319999999997,22.411999999999995],[113.96479999999997,22.411999999999995],[113.96479999999997,22.413599999999995],[113.96319999999997,22.413599999999995],[113.96319999999997,22.411999999999995]]]}},{"type":"Feature","properties":{"id":"lu-nt-tuen-mun-20-08","class":"urban_open_space","vegetationFraction":0.386,"pavedFraction":0.446,"waterFraction":0.016,"simulated":true},"geometry":{"type":"Polygon","coordinates":[[[113.96479999999997,22.411999999999995],[113.96639999999996,22.411999999999995],[113.96639999999996,22.413599999999995],[113.96479999999997,22.413599999999995],[113.96479999999997,22.411999999999995]]]}},{"type":"Feature","properties":{"id":"lu-nt-tuen-mun-20-09","class":"urban_open_space","vegetationFraction":0.395,"pavedFraction":0.615,"waterFraction":0.021,"simulated":true},"geometry":{"type":"Polygon","coordinates":[[[113.96639999999996,22.411999999999995],[113.96799999999996,22.411999999999995],[113.96799999999996,22.413599999999995],[113.96639999999996,22.413599999999995],[113.96639999999996,22.411999999999995]]]}},{"type":"Feature","properties":{"id":"lu-nt-tuen-mun-20-10","class":"built_up","vegetationFraction":0.234,"pavedFraction":0.591,"waterFraction":0.016,"simulated":true},"geometry":{"type":"Polygon","coordinates":[[[113.96799999999996,22.411999999999995],[113.96959999999996,22.411999999999995],[113.96959999999996,22.413599999999995],[113.96799999999996,22.413599999999995],[113.96799999999996,22.411999999999995]]]}},{"type":"Feature","properties":{"id":"lu-nt-tuen-mun-20-11","class":"urban_open_space","vegetationFraction":0.325,"pavedFraction":0.562,"waterFraction":0.045,"simulated":true},"geometry":{"type":"Polygon","coordinates":[[[113.96959999999996,22.411999999999995],[113.97119999999995,22.411999999999995],[113.97119999999995,22.413599999999995],[113.96959999999996,22.413599999999995],[113.96959999999996,22.411999999999995]]]}},{"type":"Feature","properties":{"id":"lu-nt-tuen-mun-20-12","class":"built_up","vegetationFraction":0.237,"pavedFraction":0.555,"waterFraction":0.053,"simulated":true},"geometry":{"type":"Polygon","coordinates":[[[113.97119999999995,22.411999999999995],[113.97279999999995,22.411999999999995],[113.97279999999995,22.413599999999995],[113.97119999999995,22.413599999999995],[113.97119999999995,22.411999999999995]]]}},{"type":"Feature","properties":{"id":"lu-nt-tuen-mun-20-13","class":"green_space","vegetationFraction":0.449,"pavedFraction":0.622,"waterFraction":0.033,"simulated":true},"geometry":{"type":"Polygon","coordinates":[[[113.97279999999995,22.411999999999995],[113.97439999999995,22.411999999999995],[113.97439999999995,22.413599999999995],[113.97279999999995,22.413599999999995],[113.97279999999995,22.411999999999995]]]}},{"type":"Feature","properties":{"id":"lu-nt-tuen-mun-20-14","class":"urban_open_space","vegetationFraction":0.391,"pavedFraction":0.534,"waterFraction":0.041,"simulated":true},"geometry":{"type":"Polygon","coordinates":[[[113.97439999999995,22.411999999999995],[113.97599999999994,22.411999999999995],[113.97599999999994,22.413599999999995],[113.97439999999995,22.413599999999995],[113.97439999999995,22.411999999999995]]]}},{"type":"Feature","properties":{"id":"lu-nt-tuen-mun-20-15","class":"urban_open_space","vegetationFraction":0.258,"pavedFraction":0.362,"waterFraction":0.029,"simulated":true},"geometry":{"type":"Polygon","coordinates":[[[113.97599999999994,22.411999999999995],[113.97759999999994,22.411999999999995],[113.97759999999994,22.413599999999995],[113.97599999999994,22.413599999999995],[113.97599999999994,22.411999999999995]]]}},{"type":"Feature","properties":{"id":"lu-nt-tuen-mun-20-16","class":"built_up","vegetationFraction":0.209,"pavedFraction":0.443,"waterFraction":0.042,"simulated":true},"geometry":{"type":"Polygon","coordinates":[[[113.97759999999994,22.411999999999995],[113.97919999999993,22.411999999999995],[113.97919999999993,22.413599999999995],[113.97759999999994,22.413599999999995],[113.97759999999994,22.411999999999995]]]}},{"type":"Feature","properties":{"id":"lu-nt-tuen-mun-20-17","class":"urban_open_space","vegetationFraction":0.375,"pavedFraction":0.45,"waterFraction":0.004,"simulated":true},"geometry":{"type":"Polygon","coordinates":[[[113.97919999999993,22.411999999999995],[113.98079999999993,22.411999999999995],[113.98079999999993,22.413599999999995],[113.97919999999993,22.413599999999995],[113.97919999999993,22.411999999999995]]]}},{"type":"Feature","properties":{"id":"lu-nt-tuen-mun-20-18","class":"built_up","vegetationFraction":0.223,"pavedFraction":0.444,"waterFraction":0.04,"simulated":true},"geometry":{"type":"Polygon","coordinates":[[[113.98079999999993,22.411999999999995],[113.98239999999993,22.411999999999995],[113.98239999999993,22.413599999999995],[113.98079999999993,22.413599999999995],[113.98079999999993,22.411999999999995]]]}},{"type":"Feature","properties":{"id":"lu-nt-tuen-mun-20-19","class":"green_space","vegetationFraction":0.41,"pavedFraction":0.488,"waterFraction":0.031,"simulated":true},"geometry":{"type":"Polygon","coordinates":[[[113.98239999999993,22.411999999999995],[113.98399999999992,22.411999999999995],[113.98399999999992,22.413599999999995],[113.98239999999993,22.413599999999995],[113.98239999999993,22.411999999999995]]]}},{"type":"Feature","properties":{"id":"lu-nt-tuen-mun-20-20","class":"built_up","vegetationFraction":0.209,"pavedFraction":0.39,"waterFraction":0.023,"simulated":true},"geometry":{"type":"Polygon","coordinates":[[[113.98399999999992,22.411999999999995],[113.98559999999992,22.411999999999995],[113.98559999999992,22.413599999999995],[113.98399999999992,22.413599999999995],[113.98399999999992,22.411999999999995]]]}},{"type":"Feature","properties":{"id":"lu-nt-tuen-mun-20-21","class":"built_up","vegetationFraction":0.237,"pavedFraction":0.624,"waterFraction":0.025,"simulated":true},"geometry":{"type":"Polygon","coordinates":[[[113.98559999999992,22.411999999999995],[113.98719999999992,22.411999999999995],[113.98719999999992,22.413599999999995],[113.98559999999992,22.413599999999995],[113.98559999999992,22.411999999999995]]]}},{"type":"Feature","properties":{"id":"lu-nt-tuen-mun-20-22","class":"urban_open_space","vegetationFraction":0.269,"pavedFraction":0.55,"waterFraction":0.041,"simulated":true},"geometry":{"type":"Polygon","coordinates":[[[113.98719999999992,22.411999999999995],[113.98879999999991,22.411999999999995],[113.98879999999991,22.413599999999995],[113.98719999999992,22.413599999999995],[113.98719999999992,22.411999999999995]]]}},{"type":"Feature","properties":{"id":"lu-nt-tuen-mun-20-23","class":"urban_open_space","vegetationFraction":0.252,"pavedFraction":0.552,"waterFraction":0.016,"simulated":true},"geometry":{"type":"Polygon","coordinates":[[[113.98879999999991,22.411999999999995],[113.99039999999991,22.411999999999995],[113.99039999999991,22.413599999999995],[113.98879999999991,22.413599999999995],[113.98879999999991,22.411999999999995]]]}},{"type":"Feature","properties":{"id":"lu-nt-tuen-mun-21-00","class":"green_space","vegetationFraction":0.418,"pavedFraction":0.448,"waterFraction":0.06,"simulated":true},"geometry":{"type":"Polygon","coordinates":[[[113.952,22.413599999999995],[113.9536,22.413599999999995],[113.9536,22.415199999999995],[113.952,22.415199999999995],[113.952,22.413599999999995]]]}},{"type":"Feature","properties":{"id":"lu-nt-tuen-mun-21-01","class":"urban_open_space","vegetationFraction":0.298,"pavedFraction":0.472,"waterFraction":0.024,"simulated":true},"geometry":{"type":"Polygon","coordinates":[[[113.9536,22.413599999999995],[113.95519999999999,22.413599999999995],[113.95519999999999,22.415199999999995],[113.9536,22.415199999999995],[113.9536,22.413599999999995]]]}},{"type":"Feature","properties":{"id":"lu-nt-tuen-mun-21-02","class":"urban_open_space","vegetationFraction":0.325,"pavedFraction":0.399,"waterFraction":0.041,"simulated":true},"geometry":{"type":"Polygon","coordinates":[[[113.95519999999999,22.413599999999995],[113.95679999999999,22.413599999999995],[113.95679999999999,22.415199999999995],[113.95519999999999,22.415199999999995],[113.95519999999999,22.413599999999995]]]}},{"type":"Feature","properties":{"id":"lu-nt-tuen-mun-21-03","class":"green_space","vegetationFraction":0.41,"pavedFraction":0.563,"waterFraction":0.051,"simulated":true},"geometry":{"type":"Polygon","coordinates":[[[113.95679999999999,22.413599999999995],[113.95839999999998,22.413599999999995],[113.95839999999998,22.415199999999995],[113.95679999999999,22.415199999999995],[113.95679999999999,22.413599999999995]]]}},{"type":"Feature","properties":{"id":"lu-nt-tuen-mun-21-04","class":"urban_open_space","vegetationFraction":0.265,"pavedFraction":0.605,"waterFraction":0.021,"simulated":true},"geometry":{"type":"Polygon","coordinates":[[[113.95839999999998,22.413599999999995],[113.95999999999998,22.413599999999995],[113.95999999999998,22.415199999999995],[113.95839999999998,22.415199999999995],[113.95839999999998,22.413599999999995]]]}},{"type":"Feature","properties":{"id":"lu-nt-tuen-mun-21-05","class":"built_up","vegetationFraction":0.202,"pavedFraction":0.495,"waterFraction":0.038,"simulated":true},"geometry":{"type":"Polygon","coordinates":[[[113.95999999999998,22.413599999999995],[113.96159999999998,22.413599999999995],[113.96159999999998,22.415199999999995],[113.95999999999998,22.415199999999995],[113.95999999999998,22.413599999999995]]]}},{"type":"Feature","properties":{"id":"lu-nt-tuen-mun-21-06","class":"built_up","vegetationFraction":0.233,"pavedFraction":0.488,"waterFraction":0.026,"simulated":true},"geometry":{"type":"Polygon","coordinates":[[[113.96159999999998,22.413599999999995],[113.96319999999997,22.413599999999995],[113.96319999999997,22.415199999999995],[113.96159999999998,22.415199999999995],[113.96159999999998,22.413599999999995]]]}},{"type":"Feature","properties":{"id":"lu-nt-tuen-mun-21-07","class":"urban_open_space","vegetationFraction":0.264,"pavedFraction":0.53,"waterFraction":0.02,"simulated":true},"geometry":{"type":"Polygon","coordinates":[[[113.96319999999997,22.413599999999995],[113.96479999999997,22.413599999999995],[113.96479999999997,22.415199999999995],[113.96319999999997,22.415199999999995],[113.96319999999997,22.413599999999995]]]}},{"type":"Feature","properties":{"id":"lu-nt-tuen-mun-21-08","class":"built_up","vegetationFraction":0.246,"pavedFraction":0.391,"waterFraction":0.018,"simulated":true},"geometry":{"type":"Polygon","coordinates":[[[113.96479999999997,22.413599999999995],[113.96639999999996,22.413599999999995],[113.96639999999996,22.415199999999995],[113.96479999999997,22.415199999999995],[113.96479999999997,22.413599999999995]]]}},{"type":"Feature","properties":{"id":"lu-nt-tuen-mun-21-09","class":"urban_open_space","vegetationFraction":0.336,"pavedFraction":0.511,"waterFraction":0.024,"simulated":true},"geometry":{"type":"Polygon","coordinates":[[[113.96639999999996,22.413599999999995],[113.96799999999996,22.413599999999995],[113.96799999999996,22.415199999999995],[113.96639999999996,22.415199999999995],[113.96639999999996,22.413599999999995]]]}},{"type":"Feature","properties":{"id":"lu-nt-tuen-mun-21-10","class":"green_space","vegetationFraction":0.449,"pavedFraction":0.605,"waterFraction":0.025,"simulated":true},"geometry":{"type":"Polygon","coordinates":[[[113.96799999999996,22.413599999999995],[113.96959999999996,22.413599999999995],[113.96959999999996,22.415199999999995],[113.96799999999996,22.415199999999995],[113.96799999999996,22.413599999999995]]]}},{"type":"Feature","properties":{"id":"lu-nt-tuen-mun-21-11","class":"urban_open_space","vegetationFraction":0.283,"pavedFraction":0.637,"waterFraction":0.017,"simulated":true},"geometry":{"type":"Polygon","coordinates":[[[113.96959999999996,22.413599999999995],[113.97119999999995,22.413599999999995],[113.97119999999995,22.415199999999995],[113.96959999999996,22.415199999999995],[113.96959999999996,22.413599999999995]]]}},{"type":"Feature","properties":{"id":"lu-nt-tuen-mun-21-12","class":"urban_open_space","vegetationFraction":0.363,"pavedFraction":0.369,"waterFraction":0.04,"simulated":true},"geometry":{"type":"Polygon","coordinates":[[[113.97119999999995,22.413599999999995],[113.97279999999995,22.413599999999995],[113.97279999999995,22.415199999999995],[113.97119999999995,22.415199999999995],[113.97119999999995,22.413599999999995]]]}},{"type":"Feature","properties":{"id":"lu-nt-tuen-mun-21-13","class":"urban_open_space","vegetationFraction":0.266,"pavedFraction":0.388,"waterFraction":0.02,"simulated":true},"geometry":{"type":"Polygon","coordinates":[[[113.97279999999995,22.413599999999995],[113.97439999999995,22.413599999999995],[113.97439999999995,22.415199999999995],[113.97279999999995,22.415199999999995],[113.97279999999995,22.413599999999995]]]}},{"type":"Feature","properties":{"id":"lu-nt-tuen-mun-21-14","class":"urban_open_space","vegetationFraction":0.305,"pavedFraction":0.478,"waterFraction":0.055,"simulated":true},"geometry":{"type":"Polygon","coordinates":[[[113.97439999999995,22.413599999999995],[113.97599999999994,22.413599999999995],[113.97599999999994,22.415199999999995],[113.97439999999995,22.415199999999995],[113.97439999999995,22.413599999999995]]]}},{"type":"Feature","properties":{"id":"lu-nt-tuen-mun-21-15","class":"urban_open_space","vegetationFraction":0.287,"pavedFraction":0.428,"waterFraction":0.014,"simulated":true},"geometry":{"type":"Polygon","coordinates":[[[113.97599999999994,22.413599999999995],[113.97759999999994,22.413599999999995],[113.97759999999994,22.415199999999995],[113.97599999999994,22.415199999999995],[113.97599999999994,22.413599999999995]]]}},{"type":"Feature","properties":{"id":"lu-nt-tuen-mun-21-16","class":"urban_open_space","vegetationFraction":0.275,"pavedFraction":0.511,"waterFraction":0.032,"simulated":true},"geometry":{"type":"Polygon","coordinates":[[[113.97759999999994,22.413599999999995],[113.97919999999993,22.413599999999995],[113.97919999999993,22.415199999999995],[113.97759999999994,22.415199999999995],[113.97759999999994,22.413599999999995]]]}},{"type":"Feature","properties":{"id":"lu-nt-tuen-mun-21-17","class":"green_space","vegetationFraction":0.406,"pavedFraction":0.599,"waterFraction":0.033,"simulated":true},"geometry":{"type":"Polygon","coordinates":[[[113.97919999999993,22.413599999999995],[113.98079999999993,22.413599999999995],[113.98079999999993,22.415199999999995],[113.97919999999993,22.415199999999995],[113.97919999999993,22.413599999999995]]]}},{"type":"Feature","properties":{"id":"lu-nt-tuen-mun-21-18","class":"green_space","vegetationFraction":0.425,"pavedFraction":0.521,"waterFraction":0.004,"simulated":true},"geometry":{"type":"Polygon","coordinates":[[[113.98079999999993,22.413599999999995],[113.98239999999993,22.413599999999995],[113.98239999999993,22.415199999999995],[113.98079999999993,22.415199999999995],[113.98079999999993,22.413599999999995]]]}},{"type":"Feature","properties":{"id":"lu-nt-tuen-mun-21-19","class":"urban_open_space","vegetationFraction":0.37,"pavedFraction":0.646,"waterFraction":0.028,"simulated":true},"geometry":{"type":"Polygon","coordinates":[[[113.98239999999993,22.413599999999995],[113.98399999999992,22.413599999999995],[113.98399999999992,22.415199999999995],[113.98239999999993,22.415199999999995],[113.98239999999993,22.413599999999995]]]}},{"type":"Feature","properties":{"id":"lu-nt-tuen-mun-21-20","class":"urban_open_space","vegetationFraction":0.308,"pavedFraction":0.505,"waterFraction":0.045,"simulated":true},"geometry":{"type":"Polygon","coordinates":[[[113.98399999999992,22.413599999999995],[113.98559999999992,22.413599999999995],[113.98559999999992,22.415199999999995],[113.98399999999992,22.415199999999995],[113.98399999999992,22.413599999999995]]]}},{"type":"Feature","properties":{"id":"lu-nt-tuen-mun-21-21","class":"urban_open_space","vegetationFraction":0.266,"pavedFraction":0.489,"waterFraction":0.031,"simulated":true},"geometry":{"type":"Polygon","coordinates":[[[113.98559999999992,22.413599999999995],[113.98719999999992,22.413599999999995],[113.98719999999992,22.415199999999995],[113.98559999999992,22.415199999999995],[113.98559999999992,22.413599999999995]]]}},{"type":"Feature","properties":{"id":"lu-nt-tuen-mun-21-22","class":"built_up","vegetationFraction":0.234,"pavedFraction":0.557,"waterFraction":0.048,"simulated":true},"geometry":{"type":"Polygon","coordinates":[[[113.98719999999992,22.413599999999995],[113.98879999999991,22.413599999999995],[113.98879999999991,22.415199999999995],[113.98719999999992,22.415199999999995],[113.98719999999992,22.413599999999995]]]}},{"type":"Feature","properties":{"id":"lu-nt-tuen-mun-21-23","class":"urban_open_space","vegetationFraction":0.256,"pavedFraction":0.43,"waterFraction":0.052,"simulated":true},"geometry":{"type":"Polygon","coordinates":[[[113.98879999999991,22.413599999999995],[113.99039999999991,22.413599999999995],[113.99039999999991,22.415199999999995],[113.98879999999991,22.415199999999995],[113.98879999999991,22.413599999999995]]]}}]}