{"type":"FeatureCollection","features":[{"type":"Feature","properties":{"id":"lu-nt-north-00-00","class":"urban_open_space","vegetationFraction":0.317,"pavedFraction":0.351,"waterFraction":0.023,"simulated":true},"geometry":{"type":"Polygon","coordinates":[[[114.128,22.49],[114.1296,22.49],[114.1296,22.4916],[114.128,22.4916],[114.128,22.49]]]}},{"type":"Feature","properties":{"id":"lu-nt-north-00-01","class":"urban_open_space","vegetationFraction":0.325,"pavedFraction":0.624,"waterFraction":0.022,"simulated":true},"geometry":{"type":"Polygon","coordinates":[[[114.1296,22.49],[114.13119999999999,22.49],[114.13119999999999,22.4916],[114.1296,22.4916],[114.1296,22.49]]]}},{"type":"Feature","properties":{"id":"lu-nt-north-00-02","class":"urban_open_space","vegetationFraction":0.394,"pavedFraction":0.386,"waterFraction":0.019,"simulated":true},"geometry":{"type":"Polygon","coordinates":[[[114.13119999999999,22.49],[114.13279999999999,22.49],[114.13279999999999,22.4916],[114.13119999999999,22.4916],[114.13119999999999,22.49]]]}},{"type":"Feature","properties":{"id":"lu-nt-north-00-03","class":"green_space","vegetationFraction":0.45,"pavedFraction":0.596,"waterFraction":0.049,"simulated":true},"geometry":{"type":"Polygon","coordinates":[[[114.13279999999999,22.49],[114.13439999999999,22.49],[114.13439999999999,22.4916],[114.13279999999999,22.4916],[114.13279999999999,22.49]]]}},{"type":"Feature","properties":{"id":"lu-nt-north-00-04","class":"urban_open_space","vegetationFraction":0.253,"pavedFraction":0.358,"waterFraction":0.023,"simulated":true},"geometry":{"type":"Polygon","coordinates":[[[114.13439999999999,22.49],[114.13599999999998,22.49],[114.13599999999998,22.4916],[114.13439999999999,22.4916],[114.13439999999999,22.49]]]}},{"type":"Feature","properties":{"id":"lu-nt-north-00-05","class":"urban_open_space","vegetationFraction":0.345,"pavedFraction":0.616,"waterFraction":0.007,"simulated":true},"geometry":{"type":"Polygon","coordinates":[[[114.13599999999998,22.49],[114.13759999999998,22.49],[114.13759999999998,22.4916],[114.13599999999998,22.4916],[114.13599999999998,22.49]]]}},{"type":"Feature","properties":{"id":"lu-nt-north-00-06","class":"urban_open_space","vegetationFraction":0.328,"pavedFraction":0.394,"waterFraction":0.047,"simulated":true},"geometry":{"type":"Polygon","coordinates":[[[114.13759999999998,22.49],[114.13919999999997,22.49],[114.13919999999997,22.4916],[114.13759999999998,22.4916],[114.13759999999998,22.49]]]}},{"type":"Feature","properties":{"id":"lu-nt-north-00-07","class":"urban_open_space","vegetationFraction":0.338,"pavedFraction":0.581,"waterFraction":0.051,"simulated":true},"geometry":{"type":"Polygon","coordinates":[[[114.13919999999997,22.49],[114.14079999999997,22.49],[114.14079999999997,22.4916],[114.13919999999997,22.4916],[114.13919999999997,22.49]]]}},{"type":"Feature","properties":{"id":"lu-nt-north-00-08","class":"urban_open_space","vegetationFraction":0.311,"pavedFraction":0.514,"waterFraction":0.051,"simulated":true},"geometry":{"type":"Polygon","coordinates":[[[114.14079999999997,22.49],[114.14239999999997,22.49],[114.14239999999997,22.4916],[114.14079999999997,22.4916],[114.14079999999997,22.49]]]}},{"type":"Feature","properties":{"id":"lu-nt-north-00-09","class":"urban_open_space","vegetationFraction":0.285,"pavedFraction":0.359,"waterFraction":0.049,"simulated":true},"geometry":{"type":"Polygon","coordinates":[[[114.14239999999997,22.49],[114.14399999999996,22.49],[114.14399999999996,22.4916],[114.14239999999997,22.4916],[114.14239999999997,22.49]]]}},{"type":"Feature","properties":{"id":"lu-nt-north-00-10","class":"built_up","vegetationFraction":0.248,"pavedFraction":0.536,"waterFraction":0.032,"simulated":true},"geometry":{"type":"Polygon","coordinates":[[[114.14399999999996,22.49],[114.14559999999996,22.49],[114.14559999999996,22.4916],[114.14399999999996,22.4916],[114.14399999999996,22.49]]]}},{"type":"Feature","properties":{"id":"lu-nt-north-00-11","class":"urban_open_space","vegetationFraction":0.285,"pavedFraction":0.411,"waterFraction":0.004,"simulated":true},"geometry":{"type":"Polygon","coordinates":[[[114.14559999999996,22.49],[114.14719999999996,22.49],[114.14719999999996,22.4916],[114.14559999999996,22.4916],[114.14559999999996,22.49]]]}},{"type":"Feature","properties":{"id":"lu-nt-north-00-12","class":"urban_open_space","vegetationFraction":0.327,"pavedFraction":0.481,"waterFraction":0.051,"simulated":true},"geometry":{"type":"Polygon","coordinates":[[[114.14719999999996,22.49],[114.14879999999995,22.49],[114.14879999999995,22.4916],[114.14719999999996,22.4916],[114.14719999999996,22.49]]]}},{"type":"Feature","properties":{"id":"lu-nt-north-00-13","class":"urban_open_space","vegetationFraction":0.367,"pavedFraction":0.522,"waterFraction":0.05,"simulated":true},"geometry":{"type":"Polygon","coordinates":[[[114.14879999999995,22.49],[114.15039999999995,22.49],[114.15039999999995,22.4916],[114.14879999999995,22.4916],[114.14879999999995,22.49]]]}},{"type":"Feature","properties":{"id":"lu-nt-north-00-14","class":"urban_open_space","vegetationFraction":0.301,"pavedFraction":0.552,"waterFraction":0.032,"simulated":true},"geometry":{"type":"Polygon","coordinates":[[[114.15039999999995,22.49],[114.15199999999994,22.49],[114.15199999999994,22.4916],[114.15039999999995,22.4916],[114.15039999999995,22.49]]]}},{"type":"Feature","properties":{"id":"lu-nt-north-00-15","class":"urban_open_space","vegetationFraction":0.388,"pavedFraction":0.404,"waterFraction":0.006,"simulated":true},"geometry":{"type":"Polygon","coordinates":[[[114.15199999999994,22.49],[114.15359999999994,22.49],[114.15359999999994,22.4916],[114.15199999999994,22.4916],[114.15199999999994,22.49]]]}},{"type":"Feature","properties":{"id":"lu-nt-north-00-16","class":"urban_open_space","vegetationFraction":0.389,"pavedFraction":0.477,"waterFraction":0.008,"simulated":true},"geometry":{"type":"Polygon","coordinates":[[[114.15359999999994,22.49],[114.15519999999994,22.49],[114.15519999999994,22.4916],[114.15359999999994,22.4916],[114.15359999999994,22.49]]]}},{"type":"Feature","properties":{"id":"lu-nt-north-00-17","class":"green_space","vegetationFraction":0.438,"pavedFraction":0.519,"waterFraction":0.036,"simulated":true},"geometry":{"type":"Polygon","coordinates":[[[114.15519999999994,22.49],[114.15679999999993,22.49],[114.15679999999993,22.4916],[114.15519999999994,22.4916],[114.15519999999994,22.49]]]}},{"type":"Feature","properties":{"id":"lu-nt-north-00-18","class":"built_up","vegetationFraction":0.21,"pavedFraction":0.398,"waterFraction":0.015,"simulated":true},"geometry":{"type":"Polygon","coordinates":[[[114.15679999999993,22.49],[114.15839999999993,22.49],[114.15839999999993,22.4916],[114.15679999999993,22.4916],[114.15679999999993,22.49]]]}},{"type":"Feature","properties":{"id":"lu-nt-north-00-19","class":"green_space","vegetationFraction":0.448,"pavedFraction":0.468,"waterFraction":0.048,"simulated":true},"geometry":{"type":"Polygon","coordinates":[[[114.15839999999993,22.49],[114.15999999999993,22.49],[114.15999999999993,22.4916],[114.15839999999993,22.4916],[114.15839999999993,22.49]]]}},{"type":"Feature","properties":{"id":"lu-nt-north-00-20","class":"urban_open_space","vegetationFraction":0.31,"pavedFraction":0.468,"waterFraction":0.041,"simulated":true},"geometry":{"type":"Polygon","coordinates":[[[114.15999999999993,22.49],[114.16159999999992,22.49],[114.16159999999992,22.4916],[114.15999999999993,22.4916],[114.15999999999993,22.49]]]}},{"type":"Feature","properties":{"id":"lu-nt-north-00-21","class":"urban_open_space","vegetationFraction":0.26,"pavedFraction":0.548,"waterFraction":0.016,"simulated":true},"geometry":{"type":"Polygon","coordinates":[[[114.16159999999992,22.49],[114.16319999999992,22.49],[114.16319999999992,22.4916],[114.16159999999992,22.4916],[114.16159999999992,22.49]]]}},{"type":"Feature","properties":{"id":"lu-nt-north-00-22","class":"urban_open_space","vegetationFraction":0.284,"pavedFraction":0.632,"waterFraction":0.04,"simulated":true},"geometry":{"type":"Polygon","coordinates":[[[114.16319999999992,22.49],[114.16479999999991,22.49],[114.16479999999991,22.4916],[114.16319999999992,22.4916],[114.16319999999992,22.49]]]}},{"type":"Feature","properties":{"id":"lu-nt-north-00-23","class":"built_up","vegetationFraction":0.222,"pavedFraction":0.43,"waterFraction":0.028,"simulated":true},"geometry":{"type":"Polygon","coordinates":[[[114.16479999999991,22.49],[114.16639999999991,22.49],[114.16639999999991,22.4916],[114.16479999999991,22.4916],[114.16479999999991,22.49]]]}},{"type":"Feature","properties":{"id":"lu-nt-north-00-24","class":"built_up","vegetationFraction":0.24,"pavedFraction":0.378,"waterFraction":0.023,"simulated":true},"geometry":{"type":"Polygon","coordinates":[[[114.16639999999991,22.49],[114.1679999999999,22.49],[114.1679999999999,22.4916],[114.16639999999991,22.4916],[114.16639999999991,22.49]]]}},{"type":"Feature","properties":{"id":"lu-nt-north-00-25","class":"urban_open_space","vegetationFraction":0.251,"pavedFraction":0.608,"waterFraction":0.032,"simulated":true},"geometry":{"type":"Polygon","coordinates":[[[114.1679999999999,22.49],[114.1695999999999,22.49],[114.1695999999999,22.4916],[114.1679999999999,22.4916],[114.1679999999999,22.49]]]}},{"type":"Feature","properties":{"id":"lu-nt-north-01-00","class":"urban_open_space","vegetationFraction":0.323,"pavedFraction":0.525,"waterFraction":0.005,"simulated":true},"geometry":{"type":"Polygon","coordinates":[[[114.128,22.4916],[114.1296,22.4916],[114.1296,22.493199999999998],[114.128,22.493199999999998],[114.128,22.4916]]]}},{"type":"Feature","properties":{"id":"lu-nt-north-01-01","class":"urban_open_space","vegetationFraction":0.399,"pavedFraction":0.466,"waterFraction":0.021,"simulated":true},"geometry":{"type":"Polygon","coordinates":[[[114.1296,22.4916],[114.13119999999999,22.4916],[114.13119999999999,22.493199999999998],[114.1296,22.493199999999998],[114.1296,22.4916]]]}},{"type":"Feature","properties":{"id":"lu-nt-north-01-02","class":"built_up","vegetationFraction":0.21,"pavedFraction":0.368,"waterFraction":0.012,"simulated":true},"geometry":{"type":"Polygon","coordinates":[[[114.13119999999999,22.4916],[114.13279999999999,22.4916],[114.13279999999999,22.493199999999998],[114.13119999999999,22.493199999999998],[114.13119999999999,22.4916]]]}},{"type":"Feature","properties":{"id":"lu-nt-north-01-03","class":"green_space","vegetationFraction":0.416,"pavedFraction":0.479,"waterFraction":0.022,"simulated":true},"geometry":{"type":"Polygon","coordinates":[[[114.13279999999999,22.4916],[114.13439999999999,22.4916],[114.13439999999999,22.493199999999998],[114.13279999999999,22.493199999999998],[114.13279999999999,22.4916]]]}},{"type":"Feature","properties":{"id":"lu-nt-north-01-04","class":"built_up","vegetationFraction":0.2,"pavedFraction":0.552,"waterFraction":0.001,"simulated":true},"geometry":{"type":"Polygon","coordinates":[[[114.13439999999999,22.4916],[114.13599999999998,22.4916],[114.13599999999998,22.493199999999998],[114.13439999999999,22.493199999999998],[114.13439999999999,22.4916]]]}},{"type":"Feature","properties":{"id":"lu-nt-north-01-05","class":"built_up","vegetationFraction":0.208,"pavedFraction":0.464,"waterFraction":0.004,"simulated":true},"geometry":{"type":"Polygon","coordinates":[[[114.13599999999998,22.4916],[114.13759999999998,22.4916],[114.13759999999998,22.493199999999998],[114.13599999999998,22.493199999999998],[114.13599999999998,22.4916]]]}},{"type":"Feature","properties":{"id":"lu-nt-north-01-06","class":"green_space","vegetationFraction":0.402,"pavedFraction":0.644,"waterFraction":0.053,"simulated":true},"geometry":{"type":"Polygon","coordinates":[[[114.13759999999998,22.4916],[114.13919999999997,22.4916],[114.13919999999997,22.493199999999998],[114.13759999999998,22.493199999999998],[114.13759999999998,22.4916]]]}},{"type":"Feature","properties":{"id":"lu-nt-north-01-07","class":"built_up","vegetationFraction":0.225,"pavedFraction":0.548,"waterFraction":0.04,"simulated":true},"geometry":{"type":"Polygon","coordinates":[[[114.13919999999997,22.4916],[114.14079999999997,22.4916],[114.14079999999997,22.493199999999998],[114.13919999999997,22.493199999999998],[114.13919999999997,22.4916]]]}},{"type":"Feature","properties":{"id":"lu-nt-north-01-08","class":"green_space","vegetationFraction":0.411,"pavedFraction":0.582,"waterFraction":0.043,"simulated":true},"geometry":{"type":"Polygon","coordinates":[[[114.14079999999997,22.4916],[114.14239999999997,22.4916],[114.14239999999997,22.493199999999998],[114.14079999999997,22.493199999999998],[114.14079999999997,22.4916]]]}},{"type":"Feature","properties":{"id":"lu-nt-north-01-09","class":"built_up","vegetationFraction":0.21,"pavedFraction":0.562,"waterFraction":0.012,"simulated":true},"geometry":{"type":"Polygon","coordinates":[[[114.14239999999997,22.4916],[114.14399999999996,22.4916],[114.14399999999996,22.493199999999998],[114.14239999999997,22.493199999999998],[114.14239999999997,22.4916]]]}},{"type":"Feature","properties":{"id":"lu-nt-north-01-10","class":"urban_open_space","vegetationFraction":0.326,"pavedFraction":0.465,"waterFraction":0.002,"simulated":true},"geometry":{"type":"Polygon","coordinates":[[[114.14399999999996,22.4916],[114.14559999999996,22.4916],[114.14559999999996,22.493199999999998],[114.14399999999996,22.493199999999998],[114.14399999999996,22.4916]]]}},{"type":"Feature","properties":{"id":"lu-nt-north-01-11","class":"urban_open_space","vegetationFraction":0.253,"pavedFraction":0.584,"waterFraction":0.014,"simulated":true},"geometry":{"type":"Polygon","coordinates":[[[114.14559999999996,22.4916],[114.14719999999996,22.4916],[114.14719999999996,22.493199999999998],[114.14559999999996,22.493199999999998],[114.14559999999996,22.4916]]]}},{"type":"Feature","properties":{"id":"lu-nt-north-01-12","class":"built_up","vegetationFraction":0.208,"pavedFraction":0.416,"waterFraction":0.0,"simulated":true},"geometry":{"type":"Polygon","coordinates":[[[114.14719999999996,22.4916],[114.14879999999995,22.4916],[114.14879999999995,22.493199999999998],[114.14719999999996,22.493199999999998],[114.14719999999996,22.4916]]]}},{"type":"Feature","properties":{"id":"lu-nt-north-01-13","class":"urban_open_space","vegetationFraction":0.306,"pavedFraction":0.519,"waterFraction":0.01,"simulated":true},"geometry":{"type":"Polygon","coordinates":[[[114.14879999999995,22.4916],[114.15039999999995,22.4916],[114.15039999999995,22.493199999999998],[114.14879999999995,22.493199999999998],[114.14879999999995,22.4916]]]}},{"type":"Feature","properties":{"id":"lu-nt-north-01-14","class":"urban_open_space","vegetationFraction":0.35,"pavedFraction":0.504,"waterFraction":0.044,"simulated":true},"geometry":{"type":"Polygon","coordinates":[[[114.15039999999995,22.4916],[114.15199999999994,22.4916],[114.15199999999994,22.493199999999998],[114.15039999999995,22.493199999999998],[114.15039999999995,22.4916]]]}},{"type":"Feature","properties":{"id":"lu-nt-north-01-15","class":"urban_open_space","vegetationFraction":0.364,"pavedFraction":0.397,"waterFraction":0.035,"simulated":true},"geometry":{"type":"Polygon","coordinates":[[[114.15199999999994,22.4916],[114.15359999999994,22.4916],[114.15359999999994,22.493199999999998],[114.15199999999994,22.493199999999998],[114.15199999999994,22.4916]]]}},{"type":"Feature","properties":{"id":"lu-nt-north-01-16","class":"green_space","vegetationFraction":0.426,"pavedFraction":0.481,"waterFraction":0.003,"simulated":true},"geometry":{"type":"Polygon","coordinates":[[[114.15359999999994,22.4916],[114.15519999999994,22.4916],[114.15519999999994,22.493199999999998],[114.15359999999994,22.493199999999998],[114.15359999999994,22.4916]]]}},{"type":"Feature","properties":{"id":"lu-nt-north-01-17","class":"built_up","vegetationFraction":0.215,"pavedFraction":0.558,"waterFraction":0.046,"simulated":true},"geometry":{"type":"Polygon","coordinates":[[[114.15519999999994,22.4916],[114.15679999999993,22.4916],[114.15679999999993,22.493199999999998],[114.15519999999994,22.493199999999998],[114.15519999999994,22.4916]]]}},{"type":"Feature","properties":{"id":"lu-nt-north-01-18","class":"green_space","vegetationFraction":0.433,"pavedFraction":0.401,"waterFraction":0.01,"simulated":true},"geometry":{"type":"Polygon","coordinates":[[[114.15679999999993,22.4916],[114.15839999999993,22.4916],[114.15839999999993,22.493199999999998],[114.15679999999993,22.493199999999998],[114.15679999999993,22.4916]]]}},{"type":"Feature","properties":{"id":"lu-nt-north-01-19","class":"green_space","vegetationFraction":0.444,"pavedFraction":0.644,"waterFraction":0.023,"simulated":true},"geometry":{"type":"Polygon","coordinates":[[[114.15839999999993,22.4916],[114.15999999999993,22.4916],[114.15999999999993,22.493199999999998],[114.15839999999993,22.493199999999998],[114.15839999999993,22.4916]]]}},{"type":"Feature","properties":{"id":"lu-nt-north-01-20","class":"green_space","vegetationFraction":0.405,"pavedFraction":0.469,"waterFraction":0.004,"simulated":true},"geometry":{"type":"Polygon","coordinates":[[[114.15999999999993,22.4916],[114.16159999999992,22.4916],[114.16159999999992,22.493199999999998],[114.15999999999993,22.493199999999998],[114.15999999999993,22.4916]]]}},{"type":"Feature","properties":{"id":"lu-nt-north-01-21","class":"built_up","vegetationFraction":0.215,"pavedFraction":0.605,"waterFraction":0.012,"simulated":true},"geometry":{"type":"Polygon","coordinates":[[[114.16159999999992,22.4916],[114.16319999999992,22.4916],[114.16319999999992,22.493199999999998],[114.16159999999992,22.493199999999998],[114.16159999999992,22.4916]]]}},{"type":"Feature","properties":{"id":"lu-nt-north-01-22","class":"urban_open_space","vegetationFraction":0.338,"pavedFraction":0.574,"waterFraction":0.018,"simulated":true},"geometry":{"type":"Polygon","coordinates":[[[114.16319999999992,22.4916],[114.16479999999991,22.4916],[114.16479999999991,22.493199999999998],[114.16319999999992,22.493199999999998],[114.16319999999992,22.4916]]]}},{"type":"Feature","properties":{"id":"lu-nt-north-01-23","class":"built_up","vegetationFraction":0.224,"pavedFraction":0.634,"waterFraction":0.06,"simulated":true},"geometry":{"type":"Polygon","coordinates":[[[114.16479999999991,22.4916],[114.16639999999991,22.4916],[114.16639999999991,22.493199999999998],[114.16479999999991,22.493199999999998],[114.16479999999991,22.4916]]]}},{"type":"Feature","properties":{"id":"lu-nt-north-01-24","class":"built_up","vegetationFraction":0.213,"pavedFraction":0.459,"waterFraction":0.012,"simulated":true},"geometry":{"type":"Polygon","coordinates":[[[114.16639999999991,22.4916],[114.1679999999999,22.4916],[114.1679999999999,22.493199999999998],[114.16639999999991,22.493199999999998],[114.16639999999991,22.4916]]]}},{"type":"Feature","properties":{"id":"lu-nt-north-01-25","class":"green_space","vegetationFraction":0.447,"pavedFraction":0.484,"waterFraction":0.003,"simulated":true},"geometry":{"type":"Polygon","coordinates":[[[114.1679999999999,22.4916],[114.1695999999999,22.4916],[114.1695999999999,22.493199999999998],[114.1679999999999,22.493199999999998],[114.1679999999999,22.4916]]]}},{"type":"Feature","properties":{"id":"lu-nt-north-02-00","class":"urban_open_space","vegetationFraction":0.32,"pavedFraction":0.508,"waterFraction":0.026,"simulated":true},"geometry":{"type":"Polygon","coordinates":[[[114.128,22.493199999999998],[114.1296,22.493199999999998],[114.1296,22.494799999999998],[114.128,22.494799999999998],[114.128,22.493199999999998]]]}},{"type":"Feature","properties":{"id":"lu-nt-north-02-01","class":"built_up","vegetationFraction":0.206,"pavedFraction":0.606,"waterFraction":0.03,"simulated":true},"geometry":{"type":"Polygon","coordinates":[[[114.1296,22.493199999999998],[114.13119999999999,22.493199999999998],[114.13119999999999,22.494799999999998],[114.1296,22.494799999999998],[114.1296,22.493199999999998]]]}},{"type":"Feature","properties":{"id":"lu-nt-north-02-02","class":"urban_open_space","vegetationFraction":0.351,"pavedFraction":0.357,"waterFraction":0.007,"simulated":true},"geometry":{"type":"Polygon","coordinates":[[[114.13119999999999,22.493199999999998],[114.13279999999999,22.493199999999998],[114.13279999999999,22.494799999999998],[114.13119999999999,22.494799999999998],[114.13119999999999,22.493199999999998]]]}},{"type":"Feature","properties":{"id":"lu-nt-north-02-03","class":"urban_open_space","vegetationFraction":0.369,"pavedFraction":0.415,"waterFraction":0.049,"simulated":true},"geometry":{"type":"Polygon","coordinates":[[[114.13279999999999,22.493199999999998],[114.13439999999999,22.493199999999998],[114.13439999999999,22.494799999999998],[114.13279999999999,22.494799999999998],[114.13279999999999,22.493199999999998]]]}},{"type":"Feature","properties":{"id":"lu-nt-north-02-04","class":"urban_open_space","vegetationFraction":0.34,"pavedFraction":0.536,"waterFraction":0.041,"simulated":true},"geometry":{"type":"Polygon","coordinates":[[[114.13439999999999,22.493199999999998],[114.13599999999998,22.493199999999998],[114.13599999999998,22.494799999999998],[114.13439999999999,22.494799999999998],[114.13439999999999,22.493199999999998]]]}},{"type":"Feature","properties":{"id":"lu-nt-north-02-05","class":"built_up","vegetationFraction":0.236,"pavedFraction":0.559,"waterFraction":0.038,"simulated":true},"geometry":{"type":"Polygon","coordinates":[[[114.13599999999998,22.493199999999998],[114.13759999999998,22.493199999999998],[114.13759999999998,22.494799999999998],[114.13599999999998,22.494799999999998],[114.13599999999998,22.493199999999998]]]}},{"type":"Feature","properties":{"id":"lu-nt-north-02-06","class":"urban_open_space","vegetationFraction":0.272,"pavedFraction":0.381,"waterFraction":0.044,"simulated":true},"geometry":{"type":"Polygon","coordinates":[[[114.13759999999998,22.493199999999998],[114.13919999999997,22.493199999999998],[114.13919999999997,22.494799999999998],[114.13759999999998,22.494799999999998],[114.13759999999998,22.493199999999998]]]}},{"type":"Feature","properties":{"id":"lu-nt-north-02-07","class":"urban_open_space","vegetationFraction":0.397,"pavedFraction":0.489,"waterFraction":0.055,"simulated":true},"geometry":{"type":"Polygon","coordinates":[[[114.13919999999997,22.493199999999998],[114.14079999999997,22.493199999999998],[114.14079999999997,22.494799999999998],[114.13919999999997,22.494799999999998],[114.13919999999997,22.493199999999998]]]}},{"type":"Feature","properties":{"id":"lu-nt-north-02-08","class":"built_up","vegetationFraction":0.232,"pavedFraction":0.544,"waterFraction":0.007,"simulated":true},"geometry":{"type":"Polygon","coordinates":[[[114.14079999999997,22.493199999999998],[114.14239999999997,22.493199999999998],[114.14239999999997,22.494799999999998],[114.14079999999997,22.494799999999998],[114.14079999999997,22.493199999999998]]]}},{"type":"Feature","properties":{"id":"lu-nt-north-02-09","class":"urban_open_space","vegetationFraction":0.276,"pavedFraction":0.505,"waterFraction":0.051,"simulated":true},"geometry":{"type":"Polygon","coordinates":[[[114.14239999999997,22.493199999999998],[114.14399999999996,22.493199999999998],[114.14399999999996,22.494799999999998],[114.14239999999997,22.494799999999998],[114.14239999999997,22.493199999999998]]]}},{"type":"Feature","properties":{"id":"lu-nt-north-02-10","class":"urban_open_space","vegetationFraction":0.371,"pavedFraction":0.501,"waterFraction":0.02,"simulated":true},"geometry":{"type":"Polygon","coordinates":[[[114.14399999999996,22.493199999999998],[114.14559999999996,22.493199999999998],[114.14559999999996,22.494799999999998],[114.14399999999996,22.494799999999998],[114.14399999999996,22.493199999999998]]]}},{"type":"Feature","properties":{"id":"lu-nt-north-02-11","class":"urban_open_space","vegetationFraction":0.36,"pavedFraction":0.371,"waterFraction":0.057,"simulated":true},"geometry":{"type":"Polygon","coordinates":[[[114.14559999999996,22.493199999999998],[114.14719999999996,22.493199999999998],[114.14719999999996,22.494799999999998],[114.14559999999996,22.494799999999998],[114.14559999999996,22.493199999999998]]]}},{"type":"Feature","properties":{"id":"lu-nt-north-02-12","class":"built_up","vegetationFraction":0.211,"pavedFraction":0.625,"waterFraction":0.046,"simulated":true},"geometry":{"type":"Polygon","coordinates":[[[114.14719999999996,22.493199999999998],[114.14879999999995,22.493199999999998],[114.14879999999995,22.494799999999998],[114.14719999999996,22.494799999999998],[114.14719999999996,22.493199999999998]]]}},{"type":"Feature","properties":{"id":"lu-nt-north-02-13","class":"green_space","vegetationFraction":0.408,"pavedFraction":0.588,"waterFraction":0.05,"simulated":true},"geometry":{"type":"Polygon","coordinates":[[[114.14879999999995,22.493199999999998],[114.15039999999995,22.493199999999998],[114.15039999999995,22.494799999999998],[114.14879999999995,22.494799999999998],[114.14879999999995,22.493199999999998]]]}},{"type":"Feature","properties":{"id":"lu-nt-north-02-14","class":"urban_open_space","vegetationFraction":0.301,"pavedFraction":0.514,"waterFraction":0.018,"simulated":true},"geometry":{"type":"Polygon","coordinates":[[[114.15039999999995,22.493199999999998],[114.15199999999994,22.493199999999998],[114.15199999999994,22.494799999999998],[114.15039999999995,22.494799999999998],[114.15039999999995,22.493199999999998]]]}},{"type":"Feature","properties":{"id":"lu-nt-north-02-15","class":"green_space","vegetationFraction":0.437,"pavedFraction":0.401,"waterFraction":0.042,"simulated":true},"geometry":{"type":"Polygon","coordinates":[[[114.15199999999994,22.493199999999998],[114.15359999999994,22.493199999999998],[114.15359999999994,22.494799999999998],[114.15199999999994,22.494799999999998],[114.15199999999994,22.493199999999998]]]}},{"type":"Feature","properties":{"id":"lu-nt-north-02-16","class":"urban_open_space","vegetationFraction":0.302,"pavedFraction":0.365,"waterFraction":0.022,"simulated":true},"geometry":{"type":"Polygon","coordinates":[[[114.15359999999994,22.493199999999998],[114.15519999999994,22.493199999999998],[114.15519999999994,22.494799999999998],[114.15359999999994,22.494799999999998],[114.15359999999994,22.493199999999998]]]}},{"type":"Feature","properties":{"id":"lu-nt-north-02-17","class":"urban_open_space","vegetationFraction":0.358,"pavedFraction":0.617,"waterFraction":0.056,"simulated":true},"geometry":{"type":"Polygon","coordinates":[[[114.15519999999994,22.493199999999998],[114.15679999999993,22.493199999999998],[114.15679999999993,22.494799999999998],[114.15519999999994,22.494799999999998],[114.15519999999994,22.493199999999998]]]}},{"type":"Feature","properties":{"id":"lu-nt-north-02-18","class":"urban_open_space","vegetationFraction":0.321,"pavedFraction":0.629,"waterFraction":0.01,"simulated":true},"geometry":{"type":"Polygon","coordinates":[[[114.15679999999993,22.493199999999998],[114.15839999999993,22.493199999999998],[114.15839999999993,22.494799999999998],[114.15679999999993,22.494799999999998],[114.15679999999993,22.493199999999998]]]}},{"type":"Feature","properties":{"id":"lu-nt-north-02-19","class":"green_space","vegetationFraction":0.447,"pavedFraction":0.417,"waterFraction":0.027,"simulated":true},"geometry":{"type":"Polygon","coordinates":[[[114.15839999999993,22.493199999999998],[114.15999999999993,22.493199999999998],[114.15999999999993,22.494799999999998],[114.15839999999993,22.494799999999998],[114.15839999999993,22.493199999999998]]]}},{"type":"Feature","properties":{"id":"lu-nt-north-02-20","class":"built_up","vegetationFraction":0.239,"pavedFraction":0.394,"waterFraction":0.051,"simulated":true},"geometry":{"type":"Polygon","coordinates":[[[114.15999999999993,22.493199999999998],[114.16159999999992,22.493199999999998],[114.16159999999992,22.494799999999998],[114.15999999999993,22.494799999999998],[114.15999999999993,22.493199999999998]]]}},{"type":"Feature","properties":{"id":"lu-nt-north-02-21","class":"built_up","vegetationFraction":0.204,"pavedFraction":0.395,"waterFraction":0.009,"simulated":true},"geometry":{"type":"Polygon","coordinates":[[[114.16159999999992,22.493199999999998],[114.16319999999992,22.493199999999998],[114.16319999999992,22.494799999999998],[114.16159999999992,22.494799999999998],[114.16159999999992,22.493199999999998]]]}},{"type":"Feature","properties":{"id":"lu-nt-north-02-22","class":"urban_open_space","vegetationFraction":0.277,"pavedFraction":0.65,"waterFraction":0.026,"simulated":true},"geometry":{"type":"Polygon","coordinates":[[[114.16319999999992,22.493199999999998],[114.16479999999991,22.493199999999998],[114.16479999999991,22.494799999999998],[114.16319999999992,22.494799999999998],[114.16319999999992,22.493199999999998]]]}},{"type":"Feature","properties":{"id":"lu-nt-north-02-23","class":"urban_open_space","vegetationFraction":0.384,"pavedFraction":0.486,"waterFraction":0.045,"simulated":true},"geometry":{"type":"Polygon","coordinates":[[[114.16479999999991,22.493199999999998],[114.16639999999991,22.493199999999998],[114.16639999999991,22.494799999999998],[114.16479999999991,22.494799999999998],[114.16479999999991,22.493199999999998]]]}},{"type":"Feature","properties":{"id":"lu-nt-north-02-24","class":"urban_open_space","vegetationFraction":0.265,"pavedFraction":0.645,"waterFraction":0.021,"simulated":true},"geometry":{"type":"Polygon","coordinates":[[[114.16639999999991,22.493199999999998],[114.1679999999999,22.493199999999998],[114.1679999999999,22.494799999999998],[114.16639999999991,22.494799999999998],[114.16639999999991,22.493199999999998]]]}},{"type":"Feature","properties":{"id":"lu-nt-north-02-25","class":"built_up","vegetationFraction":0.236,"pavedFraction":0.444,"waterFraction":0.02,"simulated":true},"geometry":{"type":"Polygon","coordinates":[[[114.1679999999999,22.493199999999998],[114.1695999999999,22.493199999999998],[114.1695999999999,22.494799999999998],[114.1679999999999,22.494799999999998],[114.1679999999999,22.493199999999998]]]}},{"type":"Feature","properties":{"id":"lu-nt-north-03-00","class":"urban_open_space","vegetationFraction":0.271,"pavedFraction":0.534,"waterFraction":0.038,"simulated":true},"geometry":{"type":"Polygon","coordinates":[[[114.128,22.494799999999998],[114.1296,22.494799999999998],[114.1296,22.496399999999998],[114.128,22.496399999999998],[114.128,22.494799999999998]]]}},{"type":"Feature","properties":{"id":"lu-nt-north-03-01","class":"built_up","vegetationFraction":0.228,"pavedFraction":0.491,"waterFraction":0.023,"simulated":true},"geometry":{"type":"Polygon","coordinates":[[[114.1296,22.494799999999998],[114.13119999999999,22.494799999999998],[114.13119999999999,22.496399999999998],[114.1296,22.496399999999998],[114.1296,22.494799999999998]]]}},{"type":"Feature","properties":{"id":"lu-nt-north-03-02","class":"urban_open_space","vegetationFraction":0.391,"pavedFraction":0.525,"waterFraction":0.053,"simulated":true},"geometry":{"type":"Polygon","coordinates":[[[114.13119999999999,22.494799999999998],[114.13279999999999,22.494799999999998],[114.13279999999999,22.496399999999998],[114.13119999999999,22.496399999999998],[114.13119999999999,22.494799999999998]]]}},{"type":"Feature","properties":{"id":"lu-nt-north-03-03","class":"urban_open_space","vegetationFraction":0.273,"pavedFraction":0.442,"waterFraction":0.05,"simulated":true},"geometry":{"type":"Polygon","coordinates":[[[114.13279999999999,22.494799999999998],[114.13439999999999,22.494799999999998],[114.13439999999999,22.496399999999998],[114.13279999999999,22.496399999999998],[114.13279999999999,22.494799999999998]]]}},{"type":"Feature","properties":{"id":"lu-nt-north-03-04","class":"urban_open_space","vegetationFraction":0.309,"pavedFraction":0.598,"waterFraction":0.009,"simulated":true},"geometry":{"type":"Polygon","coordinates":[[[114.13439999999999,22.494799999999998],[114.13599999999998,22.494799999999998],[114.13599999999998,22.496399999999998],[114.13439999999999,22.496399999999998],[114.13439999999999,22.494799999999998]]]}},{"type":"Feature","properties":{"id":"lu-nt-north-03-05","class":"built_up","vegetationFraction":0.204,"pavedFraction":0.477,"waterFraction":0.015,"simulated":true},"geometry":{"type":"Polygon","coordinates":[[[114.13599999999998,22.494799999999998],[114.13759999999998,22.494799999999998],[114.13759999999998,22.496399999999998],[114.13599999999998,22.496399999999998],[114.13599999999998,22.494799999999998]]]}},{"type":"Feature","properties":{"id":"lu-nt-north-03-06","class":"green_space","vegetationFraction":0.44,"pavedFraction":0.39,"waterFraction":0.004,"simulated":true},"geometry":{"type":"Polygon","coordinates":[[[114.13759999999998,22.494799999999998],[114.13919999999997,22.494799999999998],[114.13919999999997,22.496399999999998],[114.13759999999998,22.496399999999998],[114.13759999999998,22.494799999999998]]]}},{"type":"Feature","properties":{"id":"lu-nt-north-03-07","class":"urban_open_space","vegetationFraction":0.378,"pavedFraction":0.383,"waterFraction":0.007,"simulated":true},"geometry":{"type":"Polygon","coordinates":[[[114.13919999999997,22.494799999999998],[114.14079999999997,22.494799999999998],[114.14079999999997,22.496399999999998],[114.13919999999997,22.496399999999998],[114.13919999999997,22.494799999999998]]]}},{"type":"Feature","properties":{"id":"lu-nt-north-03-08","class":"urban_open_space","vegetationFraction":0.371,"pavedFraction":0.496,"waterFraction":0.035,"simulated":true},"geometry":{"type":"Polygon","coordinates":[[[114.14079999999997,22.494799999999998],[114.14239999999997,22.494799999999998],[114.14239999999997,22.496399999999998],[114.14079999999997,22.496399999999998],[114.14079999999997,22.494799999999998]]]}},{"type":"Feature","properties":{"id":"lu-nt-north-03-09","class":"urban_open_space","vegetationFraction":0.311,"pavedFraction":0.646,"waterFraction":0.044,"simulated":true},"geometry":{"type":"Polygon","coordinates":[[[114.14239999999997,22.494799999999998],[114.14399999999996,22.494799999999998],[114.14399999999996,22.496399999999998],[114.14239999999997,22.496399999999998],[114.14239999999997,22.494799999999998]]]}},{"type":"Feature","properties":{"id":"lu-nt-north-03-10","class":"green_space","vegetationFraction":0.445,"pavedFraction":0.383,"waterFraction":0.029,"simulated":true},"geometry":{"type":"Polygon","coordinates":[[[114.14399999999996,22.494799999999998],[114.14559999999996,22.494799999999998],[114.14559999999996,22.496399999999998],[114.14399999999996,22.496399999999998],[114.14399999999996,22.494799999999998]]]}},{"type":"Feature","properties":{"id":"lu-nt-north-03-11","class":"urban_open_space","vegetationFraction":0.366,"pavedFraction":0.508,"waterFraction":0.038,"simulated":true},"geometry":{"type":"Polygon","coordinates":[[[114.14559999999996,22.494799999999998],[114.14719999999996,22.494799999999998],[114.14719999999996,22.496399999999998],[114.14559999999996,22.496399999999998],[114.14559999999996,22.494799999999998]]]}},{"type":"Feature","properties":{"id":"lu-nt-north-03-12","class":"built_up","vegetationFraction":0.205,"pavedFraction":0.35,"waterFraction":0.026,"simulated":true},"geometry":{"type":"Polygon","coordinates":[[[114.14719999999996,22.494799999999998],[114.14879999999995,22.494799999999998],[114.14879999999995,22.496399999999998],[114.14719999999996,22.496399999999998],[114.14719999999996,22.494799999999998]]]}},{"type":"Feature","properties":{"id":"lu-nt-north-03-13","class":"urban_open_space","vegetationFraction":0.328,"pavedFraction":0.599,"waterFraction":0.018,"simulated":true},"geometry":{"type":"Polygon","coordinates":[[[114.14879999999995,22.494799999999998],[114.15039999999995,22.494799999999998],[114.15039999999995,22.496399999999998],[114.14879999999995,22.496399999999998],[114.14879999999995,22.494799999999998]]]}},{"type":"Feature","properties":{"id":"lu-nt-north-03-14","class":"green_space","vegetationFraction":0.429,"pavedFraction":0.625,"waterFraction":0.052,"simulated":true},"geometry":{"type":"Polygon","coordinates":[[[114.15039999999995,22.494799999999998],[114.15199999999994,22.494799999999998],[114.15199999999994,22.496399999999998],[114.15039999999995,22.496399999999998],[114.15039999999995,22.494799999999998]]]}},{"type":"Feature","properties":{"id":"lu-nt-north-03-15","class":"urban_open_space","vegetationFraction":0.369,"pavedFraction":0.361,"waterFraction":0.04,"simulated":true},"geometry":{"type":"Polygon","coordinates":[[[114.15199999999994,22.494799999999998],[114.15359999999994,22.494799999999998],[114.15359999999994,22.496399999999998],[114.15199999999994,22.496399999999998],[114.15199999999994,22.494799999999998]]]}},{"type":"Feature","properties":{"id":"lu-nt-north-03-16","class":"urban_open_space","vegetationFraction":0.276,"pavedFraction":0.408,"waterFraction":0.003,"simulated":true},"geometry":{"type":"Polygon","coordinates":[[[114.15359999999994,22.494799999999998],[114.15519999999994,22.494799999999998],[114.15519999999994,22.496399999999998],[114.15359999999994,22.496399999999998],[114.15359999999994,22.494799999999998]]]}},{"type":"Feature","properties":{"id":"lu-nt-north-03-17","class":"green_space","vegetationFraction":0.442,"pavedFraction":0.441,"waterFraction":0.048,"simulated":true},"geometry":{"type":"Polygon","coordinates":[[[114.15519999999994,22.494799999999998],[114.15679999999993,22.494799999999998],[114.15679999999993,22.496399999999998],[114.15519999999994,22.496399999999998],[114.15519999999994,22.494799999999998]]]}},{"type":"Feature","properties":{"id":"lu-nt-north-03-18","class":"built_up","vegetationFraction":0.232,"pavedFraction":0.571,"waterFraction":0.036,"simulated":true},"geometry":{"type":"Polygon","coordinates":[[[114.15679999999993,22.494799999999998],[114.15839999999993,22.494799999999998],[114.15839999999993,22.496399999999998],[114.15679999999993,22.496399999999998],[114.15679999999993,22.494799999999998]]]}},{"type":"Feature","properties":{"id":"lu-nt-north-03-19","class":"green_space","vegetationFraction":0.424,"pavedFraction":0.396,"waterFraction":0.06,"simulated":true},"geometry":{"type":"Polygon","coordinates":[[[114.15839999999993,22.494799999999998],[114.15999999999993,22.494799999999998],[114.15999999999993,22.496399999999998],[114.15839999999993,22.496399999999998],[114.15839999999993,22.494799999999998]]]}},{"type":"Feature","properties":{"id":"lu-nt-north-03-20","class":"green_space","vegetationFraction":0.409,"pavedFraction":0.572,"waterFraction":0.008,"simulated":true},"geometry":{"type":"Polygon","coordinates":[[[114.15999999999993,22.494799999999998],[114.16159999999992,22.494799999999998],[114.16159999999992,22.496399999999998],[114.15999999999993,22.496399999999998],[114.15999999999993,22.494799999999998]]]}},{"type":"Feature","properties":{"id":"lu-nt-north-03-21","class":"urban_open_space","vegetationFraction":0.338,"pavedFraction":0.485,"waterFraction":0.007,"simulated":true},"geometry":{"type":"Polygon","coordinates":[[[114.16159999999992,22.494799999999998],[114.16319999999992,22.494799999999998],[114.16319999999992,22.496399999999998],[114.16159999999992,22.496399999999998],[114.16159999999992,22.494799999999998]]]}},{"type":"Feature","properties":{"id":"lu-nt-north-03-22","class":"urban_open_space","vegetationFraction":0.31,"pavedFraction":0.55,"waterFraction":0.021,"simulated":true},"geometry":{"type":"Polygon","coordinates":[[[114.16319999999992,22.494799999999998],[114.16479999999991,22.494799999999998],[114.16479999999991,22.496399999999998],[114.16319999999992,22.496399999999998],[114.16319999999992,22.494799999999998]]]}},{"type":"Feature","properties":{"id":"lu-nt-north-03-23","class":"built_up","vegetationFraction":0.218,"pavedFraction":0.446,"waterFraction":0.035,"simulated":true},"geometry":{"type":"Polygon","coordinates":[[[114.16479999999991,22.494799999999998],[114.16639999999991,22.494799999999998],[114.16639999999991,22.496399999999998],[114.16479999999991,22.496399999999998],[114.16479999999991,22.494799999999998]]]}},{"type":"Feature","properties":{"id":"lu-nt-north-03-24","class":"urban_open_space","vegetationFraction":0.344,"pavedFraction":0.516,"waterFraction":0.044,"simulated":true},"geometry":{"type":"Polygon","coordinates":[[[114.16639999999991,22.494799999999998],[114.1679999999999,22.494799999999998],[114.1679999999999,22.496399999999998],[114.16639999999991,22.496399999999998],[114.16639999999991,22.494799999999998]]]}},{"type":"Feature","properties":{"id":"lu-nt-north-03-25","class":"built_up","vegetationFraction":0.217,"pavedFraction":0.401,"waterFraction":0.047,"simulated":true},"geometry":{"type":"Polygon","coordinates":[[[114.1679999999999,22.494799999999998],[114.1695999999999,22.494799999999998],[114.1695999999999,22.496399999999998],[114.1679999999999,22.496399999999998],[114.1679999999999,22.494799999999998]]]}},{"type":"Feature","properties":{"id":"lu-nt-north-04-00","class":"urban_open_space","vegetationFraction":0.273,"pavedFraction":0.562,"waterFraction":0.049,"simulated":true},"geometry":{"type":"Polygon","coordinates":[[[114.128,22.496399999999998],[114.1296,22.496399999999998],[114.1296,22.497999999999998],[114.128,22.497999999999998],[114.128,22.496399999999998]]]}},{"type":"Feature","properties":{"id":"lu-nt-north-04-01","class":"built_up","vegetationFraction":0.25,"pavedFraction":0.395,"waterFraction":0.007,"simulated":true},"geometry":{"type":"Polygon","coordinates":[[[114.1296,22.496399999999998],[114.13119999999999,22.496399999999998],[114.13119999999999,22.497999999999998],[114.1296,22.497999999999998],[114.1296,22.496399999999998]]]}},{"type":"Feature","properties":{"id":"lu-nt-north-04-02","class":"urban_open_space","vegetationFraction":0.27,"pavedFraction":0.585,"waterFraction":0.013,"simulated":true},"geometry":{"type":"Polygon","coordinates":[[[114.13119999999999,22.496399999999998],[114.13279999999999,22.496399999999998],[114.13279999999999,22.497999999999998],[114.13119999999999,22.497999999999998],[114.13119999999999,22.496399999999998]]]}},{"type":"Feature","properties":{"id":"lu-nt-north-04-03","class":"built_up","vegetationFraction":0.214,"pavedFraction":0.644,"waterFraction":0.0,"simulated":true},"geometry":{"type":"Polygon","coordinates":[[[114.13279999999999,22.496399999999998],[114.13439999999999,22.496399999999998],[114.13439999999999,22.497999999999998],[114.13279999999999,22.497999999999998],[114.13279999999999,22.496399999999998]]]}},{"type":"Feature","properties":{"id":"lu-nt-north-04-04","class":"built_up","vegetationFraction":0.217,"pavedFraction":0.404,"waterFraction":0.041,"simulated":true},"geometry":{"type":"Polygon","coordinates":[[[114.13439999999999,22.496399999999998],[114.13599999999998,22.496399999999998],[114.13599999999998,22.497999999999998],[114.13439999999999,22.497999999999998],[114.13439999999999,22.496399999999998]]]}},{"type":"Feature","properties":{"id":"lu-nt-north-04-05","class":"green_space","vegetationFraction":0.422,"pavedFraction":0.505,"waterFraction":0.041,"simulated":true},"geometry":{"type":"Polygon","coordinates":[[[114.13599999999998,22.496399999999998],[114.13759999999998,22.496399999999998],[114.13759999999998,22.497999999999998],[114.13599999999998,22.497999999999998],[114.13599999999998,22.496399999999998]]]}},{"type":"Feature","properties":{"id":"lu-nt-north-04-06","class":"urban_open_space","vegetationFraction":0.325,"pavedFraction":0.47,"waterFraction":0.049,"simulated":true},"geometry":{"type":"Polygon","coordinates":[[[114.13759999999998,22.496399999999998],[114.13919999999997,22.496399999999998],[114.13919999999997,22.497999999999998],[114.13759999999998,22.497999999999998],[114.13759999999998,22.496399999999998]]]}},{"type":"Feature","properties":{"id":"lu-nt-north-04-07","class":"built_up","vegetationFraction":0.226,"pavedFraction":0.374,"waterFraction":0.011,"simulated":true},"geometry":{"type":"Polygon","coordinates":[[[114.13919999999997,22.496399999999998],[114.14079999999997,22.496399999999998],[114.14079999999997,22.497999999999998],[114.13919999999997,22.497999999999998],[114.13919999999997,22.496399999999998]]]}},{"type":"Feature","properties":{"id":"lu-nt-north-04-08","class":"built_up","vegetationFraction":0.248,"pavedFraction":0.432,"waterFraction":0.03,"simulated":true},"geometry":{"type":"Polygon","coordinates":[[[114.14079999999997,22.496399999999998],[114.14239999999997,22.496399999999998],[114.14239999999997,22.497999999999998],[114.14079999999997,22.497999999999998],[114.14079999999997,22.496399999999998]]]}},{"type":"Feature","properties":{"id":"lu-nt-north-04-09","class":"urban_open_space","vegetationFraction":0.259,"pavedFraction":0.57,"waterFraction":0.056,"simulated":true},"geometry":{"type":"Polygon","coordinates":[[[114.14239999999997,22.496399999999998],[114.14399999999996,22.496399999999998],[114.14399999999996,22.497999999999998],[114.14239999999997,22.497999999999998],[114.14239999999997,22.496399999999998]]]}},{"type":"Feature","properties":{"id":"lu-nt-north-04-10","class":"urban_open_space","vegetationFraction":0.309,"pavedFraction":0.462,"waterFraction":0.05,"simulated":true},"geometry":{"type":"Polygon","coordinates":[[[114.14399999999996,22.496399999999998],[114.14559999999996,22.496399999999998],[114.14559999999996,22.497999999999998],[114.14399999999996,22.497999999999998],[114.14399999999996,22.496399999999998]]]}},{"type":"Feature","properties":{"id":"lu-nt-north-04-11","class":"urban_open_space","vegetationFraction":0.369,"pavedFraction":0.401,"waterFraction":0.02,"simulated":true},"geometry":{"type":"Polygon","coordinates":[[[114.14559999999996,22.496399999999998],[114.14719999999996,22.496399999999998],[114.14719999999996,22.497999999999998],[114.14559999999996,22.497999999999998],[114.14559999999996,22.496399999999998]]]}},{"type":"Feature","properties":{"id":"lu-nt-north-04-12","class":"urban_open_space","vegetationFraction":0.347,"pavedFraction":0.472,"waterFraction":0.038,"simulated":true},"geometry":{"type":"Polygon","coordinates":[[[114.14719999999996,22.496399999999998],[114.14879999999995,22.496399999999998],[114.14879999999995,22.497999999999998],[114.14719999999996,22.497999999999998],[114.14719999999996,22.496399999999998]]]}},{"type":"Feature","properties":{"id":"lu-nt-north-04-13","class":"urban_open_space","vegetationFraction":0.316,"pavedFraction":0.434,"waterFraction":0.034,"simulated":true},"geometry":{"type":"Polygon","coordinates":[[[114.14879999999995,22.496399999999998],[114.15039999999995,22.496399999999998],[114.15039999999995,22.497999999999998],[114.14879999999995,22.497999999999998],[114.14879999999995,22.496399999999998]]]}},{"type":"Feature","properties":{"id":"lu-nt-north-04-14","class":"urban_open_space","vegetationFraction":0.35,"pavedFraction":0.483,"waterFraction":0.006,"simulated":true},"geometry":{"type":"Polygon","coordinates":[[[114.15039999999995,22.496399999999998],[114.15199999999994,22.496399999999998],[114.15199999999994,22.497999999999998],[114.15039999999995,22.497999999999998],[114.15039999999995,22.496399999999998]]]}},{"type":"Feature","properties":{"id":"lu-nt-north-04-15","class":"urban_open_space","vegetationFraction":0.392,"pavedFraction":0.556,"waterFraction":0.044,"simulated":true},"geometry":{"type":"Polygon","coordinates":[[[114.15199999999994,22.496399999999998],[114.15359999999994,22.496399999999998],[114.15359999999994,22.497999999999998],[114.15199999999994,22.497999999999998],[114.15199999999994,22.496399999999998]]]}},{"type":"Feature","properties":{"id":"lu-nt-north-04-16","class":"urban_open_space","vegetationFraction":0.281,"pavedFraction":0.449,"waterFraction":0.014,"simulated":true},"geometry":{"type":"Polygon","coordinates":[[[114.15359999999994,22.496399999999998],[114.15519999999994,22.496399999999998],[114.15519999999994,22.497999999999998],[114.15359999999994,22.497999999999998],[114.15359999999994,22.496399999999998]]]}},{"type":"Feature","properties":{"id":"lu-nt-north-04-17","class":"green_space","vegetationFraction":0.439,"pavedFraction":0.551,"waterFraction":0.018,"simulated":true},"geometry":{"type":"Polygon","coordinates":[[[114.15519999999994,22.496399999999998],[114.15679999999993,22.496399999999998],[114.15679999999993,22.497999999999998],[114.15519999999994,22.497999999999998],[114.15519999999994,22.496399999999998]]]}},{"type":"Feature","properties":{"id":"lu-nt-north-04-18","class":"built_up","vegetationFraction":0.249,"pavedFraction":0.574,"waterFraction":0.026,"simulated":true},"geometry":{"type":"Polygon","coordinates":[[[114.15679999999993,22.496399999999998],[114.15839999999993,22.496399999999998],[114.15839999999993,22.497999999999998],[114.15679999999993,22.497999999999998],[114.15679999999993,22.496399999999998]]]}},{"type":"Feature","properties":{"id":"lu-nt-north-04-19","class":"built_up","vegetationFraction":0.248,"pavedFraction":0.529,"waterFraction":0.034,"simulated":true},"geometry":{"type":"Polygon","coordinates":[[[114.15839999999993,22.496399999999998],[114.15999999999993,22.496399999999998],[114.15999999999993,22.497999999999998],[114.15839999999993,22.497999999999998],[114.15839999999993,22.496399999999998]]]}},{"type":"Feature","properties":{"id":"lu-nt-north-04-20","class":"green_space","vegetationFraction":0.448,"pavedFraction":0.463,"waterFraction":0.053,"simulated":true},"geometry":{"type":"Polygon","coordinates":[[[114.15999999999993,22.496399999999998],[114.16159999999992,22.496399999999998],[114.16159999999992,22.497999999999998],[114.15999999999993,22.497999999999998],[114.15999999999993,22.496399999999998]]]}},{"type":"Feature","properties":{"id":"lu-nt-north-04-21","class":"urban_open_space","vegetationFraction":0.348,"pavedFraction":0.558,"waterFraction":0.056,"simulated":true},"geometry":{"type":"Polygon","coordinates":[[[114.16159999999992,22.496399999999998],[114.16319999999992,22.496399999999998],[114.16319999999992,22.497999999999998],[114.16159999999992,22.497999999999998],[114.16159999999992,22.496399999999998]]]}},{"type":"Feature","properties":{"id":"lu-nt-north-04-22","class":"urban_open_space","vegetationFraction":0.264,"pavedFraction":0.471,"waterFraction":0.038,"simulated":true},"geometry":{"type":"Polygon","coordinates":[[[114.16319999999992,22.496399999999998],[114.16479999999991,22.496399999999998],[114.16479999999991,22.497999999999998],[114.16319999999992,22.497999999999998],[114.16319999999992,22.496399999999998]]]}},{"type":"Feature","properties":{"id":"lu-nt-north-04-23","class":"green_space","vegetationFraction":0.446,"pavedFraction":0.611,"waterFraction":0.033,"simulated":true},"geometry":{"type":"Polygon","coordinates":[[[114.16479999999991,22.496399999999998],[114.16639999999991,22.496399999999998],[114.16639999999991,22.497999999999998],[114.16479999999991,22.497999999999998],[114.16479999999991,22.496399999999998]]]}},{"type":"Feature","properties":{"id":"lu-nt-north-04-24","class":"urban_open_space","vegetationFraction":0.359,"pavedFraction":0.645,"waterFraction":0.026,"simulated":true},"geometry":{"type":"Polygon","coordinates":[[[114.16639999999991,22.496399999999998],[114.1679999999999,22.496399999999998],[114.1679999999999,22.497999999999998],[114.16639999999991,22.497999999999998],[114.16639999999991,22.496399999999998]]]}},{"type":"Feature","properties":{"id":"lu-nt-north-04-25","class":"urban_open_space","vegetationFraction":0.267,"pavedFraction":0.425,"waterFraction":0.024,"simulated":true},"geometry":{"type":"Polygon","coordinates":[[[114.1679999999999,22.496399999999998],[114.1695999999999,22.496399999999998],[114.1695999999999,22.497999999999998],[114.1679999999999,22.497999999999998],[114.1679999999999,22.496399999999998]]]}},{"type":"Feature","properties":{"id":"lu-nt-north-05-00","class":"green_space","vegetationFraction":0.428,"pavedFraction":0.394,"waterFraction":0.056,"simulated":true},"geometry":{"type":"Polygon","coordinates":[[[114.128,22.497999999999998],[114.1296,22.497999999999998],[114.1296,22.499599999999997],[114.128,22.499599999999997],[114.128,22.497999999999998]]]}},{"type":"Feature","properties":{"id":"lu-nt-north-05-01","class":"urban_open_space","vegetationFraction":0.28,"pavedFraction":0.388,"waterFraction":0.008,"simulated":true},"geometry":{"type":"Polygon","coordinates":[[[114.1296,22.497999999999998],[114.13119999999999,22.497999999999998],[114.13119999999999,22.499599999999997],[114.1296,22.499599999999997],[114.1296,22.497999999999998]]]}},{"type":"Feature","properties":{"id":"lu-nt-north-05-02","class":"green_space","vegetationFraction":0.405,"pavedFraction":0.424,"waterFraction":0.017,"simulated":true},"geometry":{"type":"Polygon","coordinates":[[[114.13119999999999,22.497999999999998],[114.13279999999999,22.497999999999998],[114.13279999999999,22.499599999999997],[114.13119999999999,22.499599999999997],[114.13119999999999,22.497999999999998]]]}},{"type":"Feature","properties":{"id":"lu-nt-north-05-03","class":"urban_open_space","vegetationFraction":0.305,"pavedFraction":0.602,"waterFraction":0.024,"simulated":true},"geometry":{"type":"Polygon","coordinates":[[[114.13279999999999,22.497999999999998],[114.13439999999999,22.497999999999998],[114.13439999999999,22.499599999999997],[114.13279999999999,22.499599999999997],[114.13279999999999,22.497999999999998]]]}},{"type":"Feature","properties":{"id":"lu-nt-north-05-04","class":"urban_open_space","vegetationFraction":0.27,"pavedFraction":0.506,"waterFraction":0.011,"simulated":true},"geometry":{"type":"Polygon","coordinates":[[[114.13439999999999,22.497999999999998],[114.13599999999998,22.497999999999998],[114.13599999999998,22.499599999999997],[114.13439999999999,22.499599999999997],[114.13439999999999,22.497999999999998]]]}},{"type":"Feature","properties":{"id":"lu-nt-north-05-05","class":"urban_open_space","vegetationFraction":0.369,"pavedFraction":0.641,"waterFraction":0.004,"simulated":true},"geometry":{"type":"Polygon","coordinates":[[[114.13599999999998,22.497999999999998],[114.13759999999998,22.497999999999998],[114.13759999999998,22.499599999999997],[114.13599999999998,22.499599999999997],[114.13599999999998,22.497999999999998]]]}},{"type":"Feature","properties":{"id":"lu-nt-north-05-06","class":"built_up","vegetationFraction":0.224,"pavedFraction":0.423,"waterFraction":0.024,"simulated":true},"geometry":{"type":"Polygon","coordinates":[[[114.13759999999998,22.497999999999998],[114.13919999999997,22.497999999999998],[114.13919999999997,22.499599999999997],[114.13759999999998,22.499599999999997],[114.13759999999998,22.497999999999998]]]}},{"type":"Feature","properties":{"id":"lu-nt-north-05-07","class":"urban_open_space","vegetationFraction":0.336,"pavedFraction":0.497,"waterFraction":0.017,"simulated":true},"geometry":{"type":"Polygon","coordinates":[[[114.13919999999997,22.497999999999998],[114.14079999999997,22.497999999999998],[114.14079999999997,22.499599999999997],[114.13919999999997,22.499599999999997],[114.13919999999997,22.497999999999998]]]}},{"type":"Feature","properties":{"id":"lu-nt-north-05-08","class":"green_space","vegetationFraction":0.402,"pavedFraction":0.412,"waterFraction":0.037,"simulated":true},"geometry":{"type":"Polygon","coordinates":[[[114.14079999999997,22.497999999999998],[114.14239999999997,22.497999999999998],[114.14239999999997,22.499599999999997],[114.14079999999997,22.499599999999997],[114.14079999999997,22.497999999999998]]]}},{"type":"Feature","properties":{"id":"lu-nt-north-05-09","class":"built_up","vegetationFraction":0.209,"pavedFraction":0.597,"waterFraction":0.033,"simulated":true},"geometry":{"type":"Polygon","coordinates":[[[114.14239999999997,22.497999999999998],[114.14399999999996,22.497999999999998],[114.14399999999996,22.499599999999997],[114.14239999999997,22.499599999999997],[114.14239999999997,22.497999999999998]]]}},{"type":"Feature","properties":{"id":"lu-nt-north-05-10","class":"built_up","vegetationFraction":0.245,"pavedFraction":0.482,"waterFraction":0.05,"simulated":true},"geometry":{"type":"Polygon","coordinates":[[[114.14399999999996,22.497999999999998],[114.14559999999996,22.497999999999998],[114.14559999999996,22.499599999999997],[114.14399999999996,22.499599999999997],[114.14399999999996,22.497999999999998]]]}},{"type":"Feature","properties":{"id":"lu-nt-north-05-11","class":"urban_open_space","vegetationFraction":0.321,"pavedFraction":0.468,"waterFraction":0.007,"simulated":true},"geometry":{"type":"Polygon","coordinates":[[[114.14559999999996,22.497999999999998],[114.14719999999996,22.497999999999998],[114.14719999999996,22.499599999999997],[114.14559999999996,22.499599999999997],[114.14559999999996,22.497999999999998]]]}},{"type":"Feature","properties":{"id":"lu-nt-north-05-12","class":"green_space","vegetationFraction":0.405,"pavedFraction":0.441,"waterFraction":0.058,"simulated":true},"geometry":{"type":"Polygon","coordinates":[[[114.14719999999996,22.497999999999998],[114.14879999999995,22.497999999999998],[114.14879999999995,22.499599999999997],[114.14719999999996,22.499599999999997],[114.14719999999996,22.497999999999998]]]}},{"type":"Feature","properties":{"id":"lu-nt-north-05-13","class":"urban_open_space","vegetationFraction":0.385,"pavedFraction":0.632,"waterFraction":0.01,"simulated":true},"geometry":{"type":"Polygon","coordinates":[[[114.14879999999995,22.497999999999998],[114.15039999999995,22.497999999999998],[114.15039999999995,22.499599999999997],[114.14879999999995,22.499599999999997],[114.14879999999995,22.497999999999998]]]}},{"type":"Feature","properties":{"id":"lu-nt-north-05-14","class":"green_space","vegetationFraction":0.44,"pavedFraction":0.574,"waterFraction":0.007,"simulated":true},"geometry":{"type":"Polygon","coordinates":[[[114.15039999999995,22.497999999999998],[114.15199999999994,22.497999999999998],[114.15199999999994,22.499599999999997],[114.15039999999995,22.499599999999997],[114.15039999999995,22.497999999999998]]]}},{"type":"Feature","properties":{"id":"lu-nt-north-05-15","class":"urban_open_space","vegetationFraction":0.283,"pavedFraction":0.457,"waterFraction":0.015,"simulated":true},"geometry":{"type":"Polygon","coordinates":[[[114.15199999999994,22.497999999999998],[114.15359999999994,22.497999999999998],[114.15359999999994,22.499599999999997],[114.15199999999994,22.499599999999997],[114.15199999999994,22.497999999999998]]]}},{"type":"Feature","properties":{"id":"lu-nt-north-05-16","class":"urban_open_space","vegetationFraction":0.37,"pavedFraction":0.478,"waterFraction":0.045,"simulated":true},"geometry":{"type":"Polygon","coordinates":[[[114.15359999999994,22.497999999999998],[114.15519999999994,22.497999999999998],[114.15519999999994,22.499599999999997],[114.15359999999994,22.499599999999997],[114.15359999999994,22.497999999999998]]]}},{"type":"Feature","properties":{"id":"lu-nt-north-05-17","class":"built_up","vegetationFraction":0.233,"pavedFraction":0.642,"waterFraction":0.02,"simulated":true},"geometry":{"type":"Polygon","coordinates":[[[114.15519999999994,22.497999999999998],[114.15679999999993,22.497999999999998],[114.15679999999993,22.499599999999997],[114.15519999999994,22.499599999999997],[114.15519999999994,22.497999999999998]]]}},{"type":"Feature","properties":{"id":"lu-nt-north-05-18","class":"urban_open_space","vegetationFraction":0.393,"pavedFraction":0.499,"waterFraction":0.052,"simulated":true},"geometry":{"type":"Polygon","coordinates":[[[114.15679999999993,22.497999999999998],[114.15839999999993,22.497999999999998],[114.15839999999993,22.499599999999997],[114.15679999999993,22.499599999999997],[114.15679999999993,22.497999999999998]]]}},{"type":"Feature","properties":{"id":"lu-nt-north-05-19","class":"urban_open_space","vegetationFraction":0.39,"pavedFraction":0.442,"waterFraction":0.045,"simulated":true},"geometry":{"type":"Polygon","coordinates":[[[114.15839999999993,22.497999999999998],[114.15999999999993,22.497999999999998],[114.15999999999993,22.499599999999997],[114.15839999999993,22.499599999999997],[114.15839999999993,22.497999999999998]]]}},{"type":"Feature","properties":{"id":"lu-nt-north-05-20","class":"green_space","vegetationFraction":0.448,"pavedFraction":0.537,"waterFraction":0.01,"simulated":true},"geometry":{"type":"Polygon","coordinates":[[[114.15999999999993,22.497999999999998],[114.16159999999992,22.497999999999998],[114.16159999999992,22.499599999999997],[114.15999999999993,22.499599999999997],[114.15999999999993,22.497999999999998]]]}},{"type":"Feature","properties":{"id":"lu-nt-north-05-21","class":"urban_open_space","vegetationFraction":0.332,"pavedFraction":0.585,"waterFraction":0.012,"simulated":true},"geometry":{"type":"Polygon","coordinates":[[[114.16159999999992,22.497999999999998],[114.16319999999992,22.497999999999998],[114.16319999999992,22.499599999999997],[114.16159999999992,22.499599999999997],[114.16159999999992,22.497999999999998]]]}},{"type":"Feature","properties":{"id":"lu-nt-north-05-22","class":"green_space","vegetationFraction":0.408,"pavedFraction":0.414,"waterFraction":0.004,"simulated":true},"geometry":{"type":"Polygon","coordinates":[[[114.16319999999992,22.497999999999998],[114.16479999999991,22.497999999999998],[114.16479999999991,22.499599999999997],[114.16319999999992,22.499599999999997],[114.16319999999992,22.497999999999998]]]}},{"type":"Feature","properties":{"id":"lu-nt-north-05-23","class":"built_up","vegetationFraction":0.225,"pavedFraction":0.505,"waterFraction":0.035,"simulated":true},"geometry":{"type":"Polygon","coordinates":[[[114.16479999999991,22.497999999999998],[114.16639999999991,22.497999999999998],[114.16639999999991,22.499599999999997],[114.16479999999991,22.499599999999997],[114.16479999999991,22.497999999999998]]]}},{"type":"Feature","properties":{"id":"lu-nt-north-05-24","class":"urban_open_space","vegetationFraction":0.349,"pavedFraction":0.649,"waterFraction":0.015,"simulated":true},"geometry":{"type":"Polygon","coordinates":[[[114.16639999999991,22.497999999999998],[114.1679999999999,22.497999999999998],[114.1679999999999,22.499599999999997],[114.16639999999991,22.499599999999997],[114.16639999999991,22.497999999999998]]]}},{"type":"Feature","properties":{"id":"lu-nt-north-05-25","class":"built_up","vegetationFraction":0.232,"pavedFraction":0.511,"waterFraction":0.059,"simulated":true},"geometry":{"type":"Polygon","coordinates":[[[114.1679999999999,22.497999999999998],[114.1695999999999,22.497999999999998],[114.1695999999999,22.499599999999997],[114.1679999999999,22.499599999999997],[114.1679999999999,22.497999999999998]]]}},{"type":"Feature","properties":{"id":"lu-nt-north-06-00","class":"urban_open_space","vegetationFraction":0.342,"pavedFraction":0.458,"waterFraction":0.022,"simulated":true},"geometry":{"type":"Polygon","coordinates":[[[114.128,22.499599999999997],[114.1296,22.499599999999997],[114.1296,22.501199999999997],[114.128,22.501199999999997],[114.128,22.499599999999997]]]}},{"type":"Feature","properties":{"id":"lu-nt-north-06-01","class":"urban_open_space","vegetationFraction":0.378,"pavedFraction":0.384,"waterFraction":0.001,"simulated":true},"geometry":{"type":"Polygon","coordinates":[[[114.1296,22.499599999999997],[114.13119999999999,22.499599999999997],[114.13119999999999,22.501199999999997],[114.1296,22.501199999999997],[114.1296,22.499599999999997]]]}},{"type":"Feature","properties":{"id":"lu-nt-north-06-02","class":"urban_open_space","vegetationFraction":0.317,"pavedFraction":0.522,"waterFraction":0.051,"simulated":true},"geometry":{"type":"Polygon","coordinates":[[[114.13119999999999,22.499599999999997],[114.13279999999999,22.499599999999997],[114.13279999999999,22.501199999999997],[114.13119999999999,22.501199999999997],[114.13119999999999,22.499599999999997]]]}},{"type":"Feature","properties":{"id":"lu-nt-north-06-03","class":"built_up","vegetationFraction":0.234,"pavedFraction":0.616,"waterFraction":0.037,"simulated":true},"geometry":{"type":"Polygon","coordinates":[[[114.13279999999999,22.499599999999997],[114.13439999999999,22.499599999999997],[114.13439999999999,22.501199999999997],[114.13279999999999,22.501199999999997],[114.13279999999999,22.499599999999997]]]}},{"type":"Feature","properties":{"id":"lu-nt-north-06-04","class":"urban_open_space","vegetationFraction":0.395,"pavedFraction":0.541,"waterFraction":0.007,"simulated":true},"geometry":{"type":"Polygon","coordinates":[[[114.13439999999999,22.499599999999997],[114.13599999999998,22.499599999999997],[114.13599999999998,22.501199999999997],[114.13439999999999,22.501199999999997],[114.13439999999999,22.499599999999997]]]}},{"type":"Feature","properties":{"id":"lu-nt-north-06-05","class":"urban_open_space","vegetationFraction":0.294,"pavedFraction":0.384,"waterFraction":0.053,"simulated":true},"geometry":{"type":"Polygon","coordinates":[[[114.13599999999998,22.499599999999997],[114.13759999999998,22.499599999999997],[114.13759999999998,22.501199999999997],[114.13599999999998,22.501199999999997],[114.13599999999998,22.499599999999997]]]}},{"type":"Feature","properties":{"id":"lu-nt-north-06-06","class":"green_space","vegetationFraction":0.425,"pavedFraction":0.386,"waterFraction":0.058,"simulated":true},"geometry":{"type":"Polygon","coordinates":[[[114.13759999999998,22.499599999999997],[114.13919999999997,22.499599999999997],[114.13919999999997,22.501199999999997],[114.13759999999998,22.501199999999997],[114.13759999999998,22.499599999999997]]]}},{"type":"Feature","properties":{"id":"lu-nt-north-06-07","class":"urban_open_space","vegetationFraction":0.33,"pavedFraction":0.597,"waterFraction":0.006,"simulated":true},"geometry":{"type":"Polygon","coordinates":[[[114.13919999999997,22.499599999999997],[114.14079999999997,22.499599999999997],[114.14079999999997,22.501199999999997],[114.13919999999997,22.501199999999997],[114.13919999999997,22.499599999999997]]]}},{"type":"Feature","properties":{"id":"lu-nt-north-06-08","class":"urban_open_space","vegetationFraction":0.275,"pavedFraction":0.525,"waterFraction":0.015,"simulated":true},"geometry":{"type":"Polygon","coordinates":[[[114.14079999999997,22.499599999999997],[114.14239999999997,22.499599999999997],[114.14239999999997,22.501199999999997],[114.14079999999997,22.501199999999997],[114.14079999999997,22.499599999999997]]]}},{"type":"Feature","properties":{"id":"lu-nt-north-06-09","class":"urban_open_space","vegetationFraction":0.398,"pavedFraction":0.495,"waterFraction":0.036,"simulated":true},"geometry":{"type":"Polygon","coordinates":[[[114.14239999999997,22.499599999999997],[114.14399999999996,22.499599999999997],[114.14399999999996,22.501199999999997],[114.14239999999997,22.501199999999997],[114.14239999999997,22.499599999999997]]]}},{"type":"Feature","properties":{"id":"lu-nt-north-06-10","class":"urban_open_space","vegetationFraction":0.359,"pavedFraction":0.548,"waterFraction":0.037,"simulated":true},"geometry":{"type":"Polygon","coordinates":[[[114.14399999999996,22.499599999999997],[114.14559999999996,22.499599999999997],[114.14559999999996,22.501199999999997],[114.14399999999996,22.501199999999997],[114.14399999999996,22.499599999999997]]]}},{"type":"Feature","properties":{"id":"lu-nt-north-06-11","class":"green_space","vegetationFraction":0.408,"pavedFraction":0.615,"waterFraction":0.049,"simulated":true},"geometry":{"type":"Polygon","coordinates":[[[114.14559999999996,22.499599999999997],[114.14719999999996,22.499599999999997],[114.14719999999996,22.501199999999997],[114.14559999999996,22.501199999999997],[114.14559999999996,22.499599999999997]]]}},{"type":"Feature","properties":{"id":"lu-nt-north-06-12","class":"urban_open_space","vegetationFraction":0.394,"pavedFraction":0.457,"waterFraction":0.001,"simulated":true},"geometry":{"type":"Polygon","coordinates":[[[114.14719999999996,22.499599999999997],[114.14879999999995,22.499599999999997],[114.14879999999995,22.501199999999997],[114.14719999999996,22.501199999999997],[114.14719999999996,22.499599999999997]]]}},{"type":"Feature","properties":{"id":"lu-nt-north-06-13","class":"urban_open_space","vegetationFraction":0.367,"pavedFraction":0.518,"waterFraction":0.06,"simulated":true},"geometry":{"type":"Polygon","coordinates":[[[114.14879999999995,22.499599999999997],[114.15039999999995,22.499599999999997],[114.15039999999995,22.501199999999997],[114.14879999999995,22.501199999999997],[114.14879999999995,22.499599999999997]]]}},{"type":"Feature","properties":{"id":"lu-nt-north-06-14","class":"built_up","vegetationFraction":0.23,"pavedFraction":0.514,"waterFraction":0.054,"simulated":true},"geometry":{"type":"Polygon","coordinates":[[[114.15039999999995,22.499599999999997],[114.15199999999994,22.499599999999997],[114.15199999999994,22.501199999999997],[114.15039999999995,22.501199999999997],[114.15039999999995,22.499599999999997]]]}},{"type":"Feature","properties":{"id":"lu-nt-north-06-15","class":"built_up","vegetationFraction":0.222,"pavedFraction":0.461,"waterFraction":0.029,"simulated":true},"geometry":{"type":"Polygon","coordinates":[[[114.15199999999994,22.499599999999997],[114.15359999999994,22.499599999999997],[114.15359999999994,22.501199999999997],[114.15199999999994,22.501199999999997],[114.15199999999994,22.499599999999997]]]}},{"type":"Feature","properties":{"id":"lu-nt-north-06-16","class":"green_space","vegetationFraction":0.448,"pavedFraction":0.358,"waterFraction":0.005,"simulated":true},"geometry":{"type":"Polygon","coordinates":[[[114.15359999999994,22.499599999999997],[114.15519999999994,22.499599999999997],[114.15519999999994,22.501199999999997],[114.15359999999994,22.501199999999997],[114.15359999999994,22.499599999999997]]]}},{"type":"Feature","properties":{"id":"lu-nt-north-06-17","class":"urban_open_space","vegetationFraction":0.292,"pavedFraction":0.531,"waterFraction":0.038,"simulated":true},"geometry":{"type":"Polygon","coordinates":[[[114.15519999999994,22.499599999999997],[114.15679999999993,22.499599999999997],[114.15679999999993,22.501199999999997],[114.15519999999994,22.501199999999997],[114.15519999999994,22.499599999999997]]]}},{"type":"Feature","properties":{"id":"lu-nt-north-06-18","class":"urban_open_space","vegetationFraction":0.317,"pavedFraction":0.476,"waterFraction":0.008,"simulated":true},"geometry":{"type":"Polygon","coordinates":[[[114.15679999999993,22.499599999999997],[114.15839999999993,22.499599999999997],[114.15839999999993,22.501199999999997],[114.15679999999993,22.501199999999997],[114.15679999999993,22.499599999999997]]]}},{"type":"Feature","properties":{"id":"lu-nt-north-06-19","class":"urban_open_space","vegetationFraction":0.293,"pavedFraction":0.475,"waterFraction":0.011,"simulated":true},"geometry":{"type":"Polygon","coordinates":[[[114.15839999999993,22.499599999999997],[114.15999999999993,22.499599999999997],[114.15999999999993,22.501199999999997],[114.15839999999993,22.501199999999997],[114.15839999999993,22.499599999999997]]]}},{"type":"Feature","properties":{"id":"lu-nt-north-06-20","class":"green_space","vegetationFraction":0.422,"pavedFraction":0.524,"waterFraction":0.021,"simulated":true},"geometry":{"type":"Polygon","coordinates":[[[114.15999999999993,22.499599999999997],[114.16159999999992,22.499599999999997],[114.16159999999992,22.501199999999997],[114.15999999999993,22.501199999999997],[114.15999999999993,22.499599999999997]]]}},{"type":"Feature","properties":{"id":"lu-nt-north-06-21","class":"urban_open_space","vegetationFraction":0.322,"pavedFraction":0.584,"waterFraction":0.006,"simulated":true},"geometry":{"type":"Polygon","coordinates":[[[114.16159999999992,22.499599999999997],[114.16319999999992,22.499599999999997],[114.16319999999992,22.501199999999997],[114.16159999999992,22.501199999999997],[114.16159999999992,22.499599999999997]]]}},{"type":"Feature","properties":{"id":"lu-nt-north-06-22","class":"urban_open_space","vegetationFraction":0.262,"pavedFraction":0.506,"waterFraction":0.022,"simulated":true},"geometry":{"type":"Polygon","coordinates":[[[114.16319999999992,22.499599999999997],[114.16479999999991,22.499599999999997],[114.16479999999991,22.501199999999997],[114.16319999999992,22.501199999999997],[114.16319999999992,22.499599999999997]]]}},{"type":"Feature","properties":{"id":"lu-nt-north-06-23","class":"urban_open_space","vegetationFraction":0.377,"pavedFraction":0.618,"waterFraction":0.052,"simulated":true},"geometry":{"type":"Polygon","coordinates":[[[114.16479999999991,22.499599999999997],[114.16639999999991,22.499599999999997],[114.16639999999991,22.501199999999997],[114.16479999999991,22.501199999999997],[114.16479999999991,22.499599999999997]]]}},{"type":"Feature","properties":{"id":"lu-nt-north-06-24","class":"urban_open_space","vegetationFraction":0.254,"pavedFraction":0.517,"waterFraction":0.055,"simulated":true},"geometry":{"type":"Polygon","coordinates":[[[114.16639999999991,22.499599999999997],[114.1679999999999,22.499599999999997],[114.1679999999999,22.501199999999997],[114.16639999999991,22.501199999999997],[114.16639999999991,22.499599999999997]]]}},{"type":"Feature","properties":{"id":"lu-nt-north-06-25","class":"urban_open_space","vegetationFraction":0.32,"pavedFraction":0.481,"waterFraction":0.021,"simulated":true},"geometry":{"type":"Polygon","coordinates":[[[114.1679999999999,22.499599999999997],[114.1695999999999,22.499599999999997],[114.1695999999999,22.501199999999997],[114.1679999999999,22.501199999999997],[114.1679999999999,22.499599999999997]]]}},{"type":"Feature","properties":{"id":"lu-nt-north-07-00","class":"urban_open_space","vegetationFraction":0.316,"pavedFraction":0.488,"waterFraction":0.033,"simulated":true},"geometry":{"type":"Polygon","coordinates":[[[114.128,22.501199999999997],[114.1296,22.501199999999997],[114.1296,22.502799999999997],[114.128,22.502799999999997],[114.128,22.501199999999997]]]}},{"type":"Feature","properties":{"id":"lu-nt-north-07-01","class":"urban_open_space","vegetationFraction":0.288,"pavedFraction":0.498,"waterFraction":0.007,"simulated":true},"geometry":{"type":"Polygon","coordinates":[[[114.1296,22.501199999999997],[114.13119999999999,22.501199999999997],[114.13119999999999,22.502799999999997],[114.1296,22.502799999999997],[114.1296,22.501199999999997]]]}},{"type":"Feature","properties":{"id":"lu-nt-north-07-02","class":"urban_open_space","vegetationFraction":0.376,"pavedFraction":0.468,"waterFraction":0.056,"simulated":true},"geometry":{"type":"Polygon","coordinates":[[[114.13119999999999,22.501199999999997],[114.13279999999999,22.501199999999997],[114.13279999999999,22.502799999999997],[114.13119999999999,22.502799999999997],[114.13119999999999,22.501199999999997]]]}},{"type":"Feature","properties":{"id":"lu-nt-north-07-03","class":"green_space","vegetationFraction":0.404,"pavedFraction":0.416,"waterFraction":0.006,"simulated":true},"geometry":{"type":"Polygon","coordinates":[[[114.13279999999999,22.501199999999997],[114.13439999999999,22.501199999999997],[114.13439999999999,22.502799999999997],[114.13279999999999,22.502799999999997],[114.13279999999999,22.501199999999997]]]}},{"type":"Feature","properties":{"id":"lu-nt-north-07-04","class":"urban_open_space","vegetationFraction":0.379,"pavedFraction":0.648,"waterFraction":0.052,"simulated":true},"geometry":{"type":"Polygon","coordinates":[[[114.13439999999999,22.501199999999997],[114.13599999999998,22.501199999999997],[114.13599999999998,22.502799999999997],[114.13439999999999,22.502799999999997],[114.13439999999999,22.501199999999997]]]}},{"type":"Feature","properties":{"id":"lu-nt-north-07-05","class":"built_up","vegetationFraction":0.242,"pavedFraction":0.598,"waterFraction":0.011,"simulated":true},"geometry":{"type":"Polygon","coordinates":[[[114.13599999999998,22.501199999999997],[114.13759999999998,22.501199999999997],[114.13759999999998,22.502799999999997],[114.13599999999998,22.502799999999997],[114.13599999999998,22.501199999999997]]]}},{"type":"Feature","properties":{"id":"lu-nt-north-07-06","class":"urban_open_space","vegetationFraction":0.309,"pavedFraction":0.522,"waterFraction":0.003,"simulated":true},"geometry":{"type":"Polygon","coordinates":[[[114.13759999999998,22.501199999999997],[114.13919999999997,22.501199999999997],[114.13919999999997,22.502799999999997],[114.13759999999998,22.502799999999997],[114.13759999999998,22.501199999999997]]]}},{"type":"Feature","properties":{"id":"lu-nt-north-07-07","class":"built_up","vegetationFraction":0.216,"pavedFraction":0.638,"waterFraction":0.018,"simulated":true},"geometry":{"type":"Polygon","coordinates":[[[114.13919999999997,22.501199999999997],[114.14079999999997,22.501199999999997],[114.14079999999997,22.502799999999997],[114.13919999999997,22.502799999999997],[114.13919999999997,22.501199999999997]]]}},{"type":"Feature","properties":{"id":"lu-nt-north-07-08","class":"built_up","vegetationFraction":0.222,"pavedFraction":0.481,"waterFraction":0.053,"simulated":true},"geometry":{"type":"Polygon","coordinates":[[[114.14079999999997,22.501199999999997],[114.14239999999997,22.501199999999997],[114.14239999999997,22.502799999999997],[114.14079999999997,22.502799999999997],[114.14079999999997,22.501199999999997]]]}},{"type":"Feature","properties":{"id":"lu-nt-north-07-09","class":"urban_open_space","vegetationFraction":0.264,"pavedFraction":0.528,"waterFraction":0.016,"simulated":true},"geometry":{"type":"Polygon","coordinates":[[[114.14239999999997,22.501199999999997],[114.14399999999996,22.501199999999997],[114.14399999999996,22.502799999999997],[114.14239999999997,22.502799999999997],[114.14239999999997,22.501199999999997]]]}},{"type":"Feature","properties":{"id":"lu-nt-north-07-10","class":"urban_open_space","vegetationFraction":0.38,"pavedFraction":0.585,"waterFraction":0.038,"simulated":true},"geometry":{"type":"Polygon","coordinates":[[[114.14399999999996,22.501199999999997],[114.14559999999996,22.501199999999997],[114.14559999999996,22.502799999999997],[114.14399999999996,22.502799999999997],[114.14399999999996,22.501199999999997]]]}},{"type":"Feature","properties":{"id":"lu-nt-north-07-11","class":"urban_open_space","vegetationFraction":0.328,"pavedFraction":0.479,"waterFraction":0.052,"simulated":true},"geometry":{"type":"Polygon","coordinates":[[[114.14559999999996,22.501199999999997],[114.14719999999996,22.501199999999997],[114.14719999999996,22.502799999999997],[114.14559999999996,22.502799999999997],[114.14559999999996,22.501199999999997]]]}},{"type":"Feature","properties":{"id":"lu-nt-north-07-12","class":"built_up","vegetationFraction":0.205,"pavedFraction":0.363,"waterFraction":0.003,"simulated":true},"geometry":{"type":"Polygon","coordinates":[[[114.14719999999996,22.501199999999997],[114.14879999999995,22.501199999999997],[114.14879999999995,22.502799999999997],[114.14719999999996,22.502799999999997],[114.14719999999996,22.501199999999997]]]}},{"type":"Feature","properties":{"id":"lu-nt-north-07-13","class":"urban_open_space","vegetationFraction":0.357,"pavedFraction":0.614,"waterFraction":0.02,"simulated":true},"geometry":{"type":"Polygon","coordinates":[[[114.14879999999995,22.501199999999997],[114.15039999999995,22.501199999999997],[114.15039999999995,22.502799999999997],[114.14879999999995,22.502799999999997],[114.14879999999995,22.501199999999997]]]}},{"type":"Feature","properties":{"id":"lu-nt-north-07-14","class":"built_up","vegetationFraction":0.239,"pavedFraction":0.431,"waterFraction":0.059,"simulated":true},"geometry":{"type":"Polygon","coordinates":[[[114.15039999999995,22.501199999999997],[114.15199999999994,22.501199999999997],[114.15199999999994,22.502799999999997],[114.15039999999995,22.502799999999997],[114.15039999999995,22.501199999999997]]]}},{"type":"Feature","properties":{"id":"lu-nt-north-07-15","class":"built_up","vegetationFraction":0.238,"pavedFraction":0.544,"waterFraction":0.008,"simulated":true},"geometry":{"type":"Polygon","coordinates":[[[114.15199999999994,22.501199999999997],[114.15359999999994,22.501199999999997],[114.15359999999994,22.502799999999997],[114.15199999999994,22.502799999999997],[114.15199999999994,22.501199999999997]]]}},{"type":"Feature","properties":{"id":"lu-nt-north-07-16","class":"built_up","vegetationFraction":0.208,"pavedFraction":0.37,"waterFraction":0.059,"simulated":true},"geometry":{"type":"Polygon","coordinates":[[[114.15359999999994,22.501199999999997],[114.15519999999994,22.501199999999997],[114.15519999999994,22.502799999999997],[114.15359999999994,22.502799999999997],[114.15359999999994,22.501199999999997]]]}},{"type":"Feature","properties":{"id":"lu-nt-north-07-17","class":"built_up","vegetationFraction":0.234,"pavedFraction":0.65,"waterFraction":0.003,"simulated":true},"geometry":{"type":"Polygon","coordinates":[[[114.15519999999994,22.501199999999997],[114.15679999999993,22.501199999999997],[114.15679999999993,22.502799999999997],[114.15519999999994,22.502799999999997],[114.15519999999994,22.501199999999997]]]}},{"type":"Feature","properties":{"id":"lu-nt-north-07-18","class":"green_space","vegetationFraction":0.438,"pavedFraction":0.458,"waterFraction":0.055,"simulated":true},"geometry":{"type":"Polygon","coordinates":[[[114.15679999999993,22.501199999999997],[114.15839999999993,22.501199999999997],[114.15839999999993,22.502799999999997],[114.15679999999993,22.502799999999997],[114.15679999999993,22.501199999999997]]]}},{"type":"Feature","properties":{"id":"lu-nt-north-07-19","class":"urban_open_space","vegetationFraction":0.297,"pavedFraction":0.594,"waterFraction":0.043,"simulated":true},"geometry":{"type":"Polygon","coordinates":[[[114.15839999999993,22.501199999999997],[114.15999999999993,22.501199999999997],[114.15999999999993,22.502799999999997],[114.15839999999993,22.502799999999997],[114.15839999999993,22.501199999999997]]]}},{"type":"Feature","properties":{"id":"lu-nt-north-07-20","class":"urban_open_space","vegetationFraction":0.38,"pavedFraction":0.437,"waterFraction":0.018,"simulated":true},"geometry":{"type":"Polygon","coordinates":[[[114.15999999999993,22.501199999999997],[114.16159999999992,22.501199999999997],[114.16159999999992,22.502799999999997],[114.15999999999993,22.502799999999997],[114.15999999999993,22.501199999999997]]]}},{"type":"Feature","properties":{"id":"lu-nt-north-07-21","class":"urban_open_space","vegetationFraction":0.274,"pavedFraction":0.586,"waterFraction":0.018,"simulated":true},"geometry":{"type":"Polygon","coordinates":[[[114.16159999999992,22.501199999999997],[114.16319999999992,22.501199999999997],[114.16319999999992,22.502799999999997],[114.16159999999992,22.502799999999997],[114.16159999999992,22.501199999999997]]]}},{"type":"Feature","properties":{"id":"lu-nt-north-07-22","class":"green_space","vegetationFraction":0.408,"pavedFraction":0.546,"waterFraction":0.052,"simulated":true},"geometry":{"type":"Polygon","coordinates":[[[114.16319999999992,22.501199999999997],[114.16479999999991,22.501199999999997],[114.16479999999991,22.502799999999997],[114.16319999999992,22.502799999999997],[114.16319999999992,22.501199999999997]]]}},{"type":"Feature","properties":{"id":"lu-nt-north-07-23","class":"urban_open_space","vegetationFraction":0.382,"pavedFraction":0.634,"waterFraction":0.031,"simulated":true},"geometry":{"type":"Polygon","coordinates":[[[114.16479999999991,22.501199999999997],[114.16639999999991,22.501199999999997],[114.16639999999991,22.502799999999997],[114.16479999999991,22.502799999999997],[114.16479999999991,22.501199999999997]]]}},{"type":"Feature","properties":{"id":"lu-nt-north-07-24","class":"urban_open_space","vegetationFraction":0.284,"pavedFraction":0.544,"waterFraction":0.005,"simulated":true},"geometry":{"type":"Polygon","coordinates":[[[114.16639999999991,22.501199999999997],[114.1679999999999,22.501199999999997],[114.1679999999999,22.502799999999997],[114.16639999999991,22.502799999999997],[114.16639999999991,22.501199999999997]]]}},{"type":"Feature","properties":{"id":"lu-nt-north-07-25","class":"built_up","vegetationFraction":0.211,"pavedFraction":0.611,"waterFraction":0.052,"simulated":true},"geometry":{"type":"Polygon","coordinates":[[[114.1679999999999,22.501199999999997],[114.1695999999999,22.501199999999997],[114.1695999999999,22.502799999999997],[114.1679999999999,22.502799999999997],[114.1679999999999,22.501199999999997]]]}},{"type":"Feature","properties":{"id":"lu-nt-north-08-00","class":"built_up","vegetationFraction":0.233,"pavedFraction":0.485,"waterFraction":0.017,"simulated":true},"geometry":{"type":"Polygon","coordinates":[[[114.128,22.502799999999997],[114.1296,22.502799999999997],[114.1296,22.504399999999997],[114.128,22.504399999999997],[114.128,22.502799999999997]]]}},{"type":"Feature","properties":{"id":"lu-nt-north-08-01","class":"urban_open_space","vegetationFraction":0.272,"pavedFraction":0.583,"waterFraction":0.011,"simulated":true},"geometry":{"type":"Polygon","coordinates":[[[114.1296,22.502799999999997],[114.13119999999999,22.502799999999997],[114.13119999999999,22.504399999999997],[114.1296,22.504399999999997],[114.1296,22.502799999999997]]]}},{"type":"Feature","properties":{"id":"lu-nt-north-08-02","class":"urban_open_space","vegetationFraction":0.289,"pavedFraction":0.466,"waterFraction":0.028,"simulated":true},"geometry":{"type":"Polygon","coordinates":[[[114.13119999999999,22.502799999999997],[114.13279999999999,22.502799999999997],[114.13279999999999,22.504399999999997],[114.13119999999999,22.504399999999997],[114.13119999999999,22.502799999999997]]]}},{"type":"Feature","properties":{"id":"lu-nt-north-08-03","class":"urban_open_space","vegetationFraction":0.312,"pavedFraction":0.462,"waterFraction":0.047,"simulated":true},"geometry":{"type":"Polygon","coordinates":[[[114.13279999999999,22.502799999999997],[114.13439999999999,22.502799999999997],[114.13439999999999,22.504399999999997],[114.13279999999999,22.504399999999997],[114.13279999999999,22.502799999999997]]]}},{"type":"Feature","properties":{"id":"lu-nt-north-08-04","class":"green_space","vegetationFraction":0.436,"pavedFraction":0.611,"waterFraction":0.033,"simulated":true},"geometry":{"type":"Polygon","coordinates":[[[114.13439999999999,22.502799999999997],[114.13599999999998,22.502799999999997],[114.13599999999998,22.504399999999997],[114.13439999999999,22.504399999999997],[114.13439999999999,22.502799999999997]]]}},{"type":"Feature","properties":{"id":"lu-nt-north-08-05","class":"urban_open_space","vegetationFraction":0.263,"pavedFraction":0.544,"waterFraction":0.032,"simulated":true},"geometry":{"type":"Polygon","coordinates":[[[114.13599999999998,22.502799999999997],[114.13759999999998,22.502799999999997],[114.13759999999998,22.504399999999997],[114.13599999999998,22.504399999999997],[114.13599999999998,22.502799999999997]]]}},{"type":"Feature","properties":{"id":"lu-nt-north-08-06","class":"green_space","vegetationFraction":0.405,"pavedFraction":0.546,"waterFraction":0.048,"simulated":true},"geometry":{"type":"Polygon","coordinates":[[[114.13759999999998,22.502799999999997],[114.13919999999997,22.502799999999997],[114.13919999999997,22.504399999999997],[114.13759999999998,22.504399999999997],[114.13759999999998,22.502799999999997]]]}},{"type":"Feature","properties":{"id":"lu-nt-north-08-07","class":"built_up","vegetationFraction":0.234,"pavedFraction":0.484,"waterFraction":0.052,"simulated":true},"geometry":{"type":"Polygon","coordinates":[[[114.13919999999997,22.502799999999997],[114.14079999999997,22.502799999999997],[114.14079999999997,22.504399999999997],[114.13919999999997,22.504399999999997],[114.13919999999997,22.502799999999997]]]}},{"type":"Feature","properties":{"id":"lu-nt-north-08-08","class":"urban_open_space","vegetationFraction":0.26,"pavedFraction":0.503,"waterFraction":0.006,"simulated":true},"geometry":{"type":"Polygon","coordinates":[[[114.14079999999997,22.502799999999997],[114.14239999999997,22.502799999999997],[114.14239999999997,22.504399999999997],[114.14079999999997,22.504399999999997],[114.14079999999997,22.502799999999997]]]}},{"type":"Feature","properties":{"id":"lu-nt-north-08-09","class":"green_space","vegetationFraction":0.442,"pavedFraction":0.468,"waterFraction":0.037,"simulated":true},"geometry":{"type":"Polygon","coordinates":[[[114.14239999999997,22.502799999999997],[114.14399999999996,22.502799999999997],[114.14399999999996,22.504399999999997],[114.14239999999997,22.504399999999997],[114.14239999999997,22.502799999999997]]]}},{"type":"Feature","properties":{"id":"lu-nt-north-08-10","class":"urban_open_space","vegetationFraction":0.352,"pavedFraction":0.509,"waterFraction":0.049,"simulated":true},"geometry":{"type":"Polygon","coordinates":[[[114.14399999999996,22.502799999999997],[114.14559999999996,22.502799999999997],[114.14559999999996,22.504399999999997],[114.14399999999996,22.504399999999997],[114.14399999999996,22.502799999999997]]]}},{"type":"Feature","properties":{"id":"lu-nt-north-08-11","class":"urban_open_space","vegetationFraction":0.359,"pavedFraction":0.624,"waterFraction":0.034,"simulated":true},"geometry":{"type":"Polygon","coordinates":[[[114.14559999999996,22.502799999999997],[114.14719999999996,22.502799999999997],[114.14719999999996,22.504399999999997],[114.14559999999996,22.504399999999997],[114.14559999999996,22.502799999999997]]]}},{"type":"Feature","properties":{"id":"lu-nt-north-08-12","class":"urban_open_space","vegetationFraction":0.318,"pavedFraction":0.463,"waterFraction":0.012,"simulated":true},"geometry":{"type":"Polygon","coordinates":[[[114.14719999999996,22.502799999999997],[114.14879999999995,22.502799999999997],[114.14879999999995,22.504399999999997],[114.14719999999996,22.504399999999997],[114.14719999999996,22.502799999999997]]]}},{"type":"Feature","properties":{"id":"lu-nt-north-08-13","class":"urban_open_space","vegetationFraction":0.31,"pavedFraction":0.637,"waterFraction":0.022,"simulated":true},"geometry":{"type":"Polygon","coordinates":[[[114.14879999999995,22.502799999999997],[114.15039999999995,22.502799999999997],[114.15039999999995,22.504399999999997],[114.14879999999995,22.504399999999997],[114.14879999999995,22.502799999999997]]]}},{"type":"Feature","properties":{"id":"lu-nt-north-08-14","class":"built_up","vegetationFraction":0.221,"pavedFraction":0.485,"waterFraction":0.022,"simulated":true},"geometry":{"type":"Polygon","coordinates":[[[114.15039999999995,22.502799999999997],[114.15199999999994,22.502799999999997],[114.15199999999994,22.504399999999997],[114.15039999999995,22.504399999999997],[114.15039999999995,22.502799999999997]]]}},{"type":"Feature","properties":{"id":"lu-nt-north-08-15","class":"built_up","vegetationFraction":0.235,"pavedFraction":0.575,"waterFraction":0.056,"simulated":true},"geometry":{"type":"Polygon","coordinates":[[[114.15199999999994,22.502799999999997],[114.15359999999994,22.502799999999997],[114.15359999999994,22.504399999999997],[114.15199999999994,22.504399999999997],[114.15199999999994,22.502799999999997]]]}},{"type":"Feature","properties":{"id":"lu-nt-north-08-16","class":"urban_open_space","vegetationFraction":0.317,"pavedFraction":0.548,"waterFraction":0.041,"simulated":true},"geometry":{"type":"Polygon","coordinates":[[[114.15359999999994,22.502799999999997],[114.15519999999994,22.502799999999997],[114.15519999999994,22.504399999999997],[114.15359999999994,22.504399999999997],[114.15359999999994,22.502799999999997]]]}},{"type":"Feature","properties":{"id":"lu-nt-north-08-17","class":"built_up","vegetationFraction":0.2,"pavedFraction":0.403,"waterFraction":0.048,"simulated":true},"geometry":{"type":"Polygon","coordinates":[[[114.15519999999994,22.502799999999997],[114.15679999999993,22.502799999999997],[114.15679999999993,22.504399999999997],[114.15519999999994,22.504399999999997],[114.15519999999994,22.502799999999997]]]}},{"type":"Feature","properties":{"id":"lu-nt-north-08-18","class":"urban_open_space","vegetationFraction":0.395,"pavedFraction":0.356,"waterFraction":0.047,"simulated":true},"geometry":{"type":"Polygon","coordinates":[[[114.15679999999993,22.502799999999997],[114.15839999999993,22.502799999999997],[114.15839999999993,22.504399999999997],[114.15679999999993,22.504399999999997],[114.15679999999993,22.502799999999997]]]}},{"type":"Feature","properties":{"id":"lu-nt-north-08-19","class":"green_space","vegetationFraction":0.402,"pavedFraction":0.519,"waterFraction":0.057,"simulated":true},"geometry":{"type":"Polygon","coordinates":[[[114.15839999999993,22.502799999999997],[114.15999999999993,22.502799999999997],[114.15999999999993,22.504399999999997],[114.15839999999993,22.504399999999997],[114.15839999999993,22.502799999999997]]]}},{"type":"Feature","properties":{"id":"lu-nt-north-08-20","class":"urban_open_space","vegetationFraction":0.296,"pavedFraction":0.629,"waterFraction":0.038,"simulated":true},"geometry":{"type":"Polygon","coordinates":[[[114.15999999999993,22.502799999999997],[114.16159999999992,22.502799999999997],[114.16159999999992,22.504399999999997],[114.15999999999993,22.504399999999997],[114.15999999999993,22.502799999999997]]]}},{"type":"Feature","properties":{"id":"lu-nt-north-08-21","class":"built_up","vegetationFraction":0.245,"pavedFraction":0.364,"waterFraction":0.032,"simulated":true},"geometry":{"type":"Polygon","coordinates":[[[114.16159999999992,22.502799999999997],[114.16319999999992,22.502799999999997],[114.16319999999992,22.504399999999997],[114.16159999999992,22.504399999999997],[114.16159999999992,22.502799999999997]]]}},{"type":"Feature","properties":{"id":"lu-nt-north-08-22","class":"urban_open_space","vegetationFraction":0.312,"pavedFraction":0.628,"waterFraction":0.018,"simulated":true},"geometry":{"type":"Polygon","coordinates":[[[114.16319999999992,22.502799999999997],[114.16479999999991,22.502799999999997],[114.16479999999991,22.504399999999997],[114.16319999999992,22.504399999999997],[114.16319999999992,22.502799999999997]]]}},{"type":"Feature","properties":{"id":"lu-nt-north-08-23","class":"urban_open_space","vegetationFraction":0.349,"pavedFraction":0.599,"waterFraction":0.057,"simulated":true},"geometry":{"type":"Polygon","coordinates":[[[114.16479999999991,22.502799999999997],[114.16639999999991,22.502799999999997],[114.16639999999991,22.504399999999997],[114.16479999999991,22.504399999999997],[114.16479999999991,22.502799999999997]]]}},{"type":"Feature","properties":{"id":"lu-nt-north-08-24","class":"urban_open_space","vegetationFraction":0.275,"pavedFraction":0.411,"waterFraction":0.032,"simulated":true},"geometry":{"type":"Polygon","coordinates":[[[114.16639999999991,22.502799999999997],[114.1679999999999,22.502799999999997],[114.1679999999999,22.504399999999997],[114.16639999999991,22.504399999999997],[114.16639999999991,22.502799999999997]]]}},{"type":"Feature","properties":{"id":"lu-nt-north-08-25","class":"urban_open_space","vegetationFraction":0.384,"pavedFraction":0.531,"waterFraction":0.028,"simulated":true},"geometry":{"type":"Polygon","coordinates":[[[114.1679999999999,22.502799999999997],[114.1695999999999,22.502799999999997],[114.1695999999999,22.504399999999997],[114.1679999999999,22.504399999999997],[114.1679999999999,22.502799999999997]]]}},{"type":"Feature","properties":{"id":"lu-nt-north-09-00","class":"green_space","vegetationFraction":0.442,"pavedFraction":0.542,"waterFraction":0.022,"simulated":true},"geometry":{"type":"Polygon","coordinates":[[[114.128,22.504399999999997],[114.1296,22.504399999999997],[114.1296,22.505999999999997],[114.128,22.505999999999997],[114.128,22.504399999999997]]]}},{"type":"Feature","properties":{"id":"lu-nt-north-09-01","class":"built_up","vegetationFraction":0.225,"pavedFraction":0.515,"waterFraction":0.012,"simulated":true},"geometry":{"type":"Polygon","coordinates":[[[114.1296,22.504399999999997],[114.13119999999999,22.504399999999997],[114.13119999999999,22.505999999999997],[114.1296,22.505999999999997],[114.1296,22.504399999999997]]]}},{"type":"Feature","properties":{"id":"lu-nt-north-09-02","class":"urban_open_space","vegetationFraction":0.341,"pavedFraction":0.534,"waterFraction":0.01,"simulated":true},"geometry":{"type":"Polygon","coordinates":[[[114.13119999999999,22.504399999999997],[114.13279999999999,22.504399999999997],[114.13279999999999,22.505999999999997],[114.13119999999999,22.505999999999997],[114.13119999999999,22.504399999999997]]]}},{"type":"Feature","properties":{"id":"lu-nt-north-09-03","class":"urban_open_space","vegetationFraction":0.363,"pavedFraction":0.389,"waterFraction":0.056,"simulated":true},"geometry":{"type":"Polygon","coordinates":[[[114.13279999999999,22.504399999999997],[114.13439999999999,22.504399999999997],[114.13439999999999,22.505999999999997],[114.13279999999999,22.505999999999997],[114.13279999999999,22.504399999999997]]]}},{"type":"Feature","properties":{"id":"lu-nt-north-09-04","class":"urban_open_space","vegetationFraction":0.257,"pavedFraction":0.452,"waterFraction":0.037,"simulated":true},"geometry":{"type":"Polygon","coordinates":[[[114.13439999999999,22.504399999999997],[114.13599999999998,22.504399999999997],[114.13599999999998,22.505999999999997],[114.13439999999999,22.505999999999997],[114.13439999999999,22.504399999999997]]]}},{"type":"Feature","properties":{"id":"lu-nt-north-09-05","class":"urban_open_space","vegetationFraction":0.361,"pavedFraction":0.585,"waterFraction":0.059,"simulated":true},"geometry":{"type":"Polygon","coordinates":[[[114.13599999999998,22.504399999999997],[114.13759999999998,22.504399999999997],[114.13759999999998,22.505999999999997],[114.13599999999998,22.505999999999997],[114.13599999999998,22.504399999999997]]]}},{"type":"Feature","properties":{"id":"lu-nt-north-09-06","class":"urban_open_space","vegetationFraction":0.37,"pavedFraction":0.554,"waterFraction":0.009,"simulated":true},"geometry":{"type":"Polygon","coordinates":[[[114.13759999999998,22.504399999999997],[114.13919999999997,22.504399999999997],[114.13919999999997,22.505999999999997],[114.13759999999998,22.505999999999997],[114.13759999999998,22.504399999999997]]]}},{"type":"Feature","properties":{"id":"lu-nt-north-09-07","class":"urban_open_space","vegetationFraction":0.37,"pavedFraction":0.612,"waterFraction":0.044,"simulated":true},"geometry":{"type":"Polygon","coordinates":[[[114.13919999999997,22.504399999999997],[114.14079999999997,22.504399999999997],[114.14079999999997,22.505999999999997],[114.13919999999997,22.505999999999997],[114.13919999999997,22.504399999999997]]]}},{"type":"Feature","properties":{"id":"lu-nt-north-09-08","class":"built_up","vegetationFraction":0.202,"pavedFraction":0.409,"waterFraction":0.044,"simulated":true},"geometry":{"type":"Polygon","coordinates":[[[114.14079999999997,22.504399999999997],[114.14239999999997,22.504399999999997],[114.14239999999997,22.505999999999997],[114.14079999999997,22.505999999999997],[114.14079999999997,22.504399999999997]]]}},{"type":"Feature","properties":{"id":"lu-nt-north-09-09","class":"urban_open_space","vegetationFraction":0.252,"pavedFraction":0.608,"waterFraction":0.0,"simulated":true},"geometry":{"type":"Polygon","coordinates":[[[114.14239999999997,22.504399999999997],[114.14399999999996,22.504399999999997],[114.14399999999996,22.505999999999997],[114.14239999999997,22.505999999999997],[114.14239999999997,22.504399999999997]]]}},{"type":"Feature","properties":{"id":"lu-nt-north-09-10","class":"urban_open_space","vegetationFraction":0.251,"pavedFraction":0.365,"waterFraction":0.033,"simulated":true},"geometry":{"type":"Polygon","coordinates":[[[114.14399999999996,22.504399999999997],[114.14559999999996,22.504399999999997],[114.14559999999996,22.505999999999997],[114.14399999999996,22.505999999999997],[114.14399999999996,22.504399999999997]]]}},{"type":"Feature","properties":{"id":"lu-nt-north-09-11","class":"urban_open_space","vegetationFraction":0.348,"pavedFraction":0.568,"waterFraction":0.018,"simulated":true},"geometry":{"type":"Polygon","coordinates":[[[114.14559999999996,22.504399999999997],[114.14719999999996,22.504399999999997],[114.14719999999996,22.505999999999997],[114.14559999999996,22.505999999999997],[114.14559999999996,22.504399999999997]]]}},{"type":"Feature","properties":{"id":"lu-nt-north-09-12","class":"built_up","vegetationFraction":0.221,"pavedFraction":0.424,"waterFraction":0.059,"simulated":true},"geometry":{"type":"Polygon","coordinates":[[[114.14719999999996,22.504399999999997],[114.14879999999995,22.504399999999997],[114.14879999999995,22.505999999999997],[114.14719999999996,22.505999999999997],[114.14719999999996,22.504399999999997]]]}},{"type":"Feature","properties":{"id":"lu-nt-north-09-13","class":"green_space","vegetationFraction":0.416,"pavedFraction":0.512,"waterFraction":0.021,"simulated":true},"geometry":{"type":"Polygon","coordinates":[[[114.14879999999995,22.504399999999997],[114.15039999999995,22.504399999999997],[114.15039999999995,22.505999999999997],[114.14879999999995,22.505999999999997],[114.14879999999995,22.504399999999997]]]}},{"type":"Feature","properties":{"id":"lu-nt-north-09-14","class":"built_up","vegetationFraction":0.226,"pavedFraction":0.381,"waterFraction":0.058,"simulated":true},"geometry":{"type":"Polygon","coordinates":[[[114.15039999999995,22.504399999999997],[114.15199999999994,22.504399999999997],[114.15199999999994,22.505999999999997],[114.15039999999995,22.505999999999997],[114.15039999999995,22.504399999999997]]]}},{"type":"Feature","properties":{"id":"lu-nt-north-09-15","class":"urban_open_space","vegetationFraction":0.281,"pavedFraction":0.492,"waterFraction":0.026,"simulated":true},"geometry":{"type":"Polygon","coordinates":[[[114.15199999999994,22.504399999999997],[114.15359999999994,22.504399999999997],[114.15359999999994,22.505999999999997],[114.15199999999994,22.505999999999997],[114.15199999999994,22.504399999999997]]]}},{"type":"Feature","properties":{"id":"lu-nt-north-09-16","class":"urban_open_space","vegetationFraction":0.258,"pavedFraction":0.564,"waterFraction":0.055,"simulated":true},"geometry":{"type":"Polygon","coordinates":[[[114.15359999999994,22.504399999999997],[114.15519999999994,22.504399999999997],[114.15519999999994,22.505999999999997],[114.15359999999994,22.505999999999997],[114.15359999999994,22.504399999999997]]]}},{"type":"Feature","properties":{"id":"lu-nt-north-09-17","class":"urban_open_space","vegetationFraction":0.262,"pavedFraction":0.643,"waterFraction":0.016,"simulated":true},"geometry":{"type":"Polygon","coordinates":[[[114.15519999999994,22.504399999999997],[114.15679999999993,22.504399999999997],[114.15679999999993,22.505999999999997],[114.15519999999994,22.505999999999997],[114.15519999999994,22.504399999999997]]]}},{"type":"Feature","properties":{"id":"lu-nt-north-09-18","class":"urban_open_space","vegetationFraction":0.321,"pavedFraction":0.39,"waterFraction":0.06,"simulated":true},"geometry":{"type":"Polygon","coordinates":[[[114.15679999999993,22.504399999999997],[114.15839999999993,22.504399999999997],[114.15839999999993,22.505999999999997],[114.15679999999993,22.505999999999997],[114.15679999999993,22.504399999999997]]]}},{"type":"Feature","properties":{"id":"lu-nt-north-09-19","class":"urban_open_space","vegetationFraction":0.349,"pavedFraction":0.491,"waterFraction":0.025,"simulated":true},"geometry":{"type":"Polygon","coordinates":[[[114.15839999999993,22.504399999999997],[114.15999999999993,22.504399999999997],[114.15999999999993,22.505999999999997],[114.15839999999993,22.505999999999997],[114.15839999999993,22.504399999999997]]]}},{"type":"Feature","properties":{"id":"lu-nt-north-09-20","class":"green_space","vegetationFraction":0.442,"pavedFraction":0.557,"waterFraction":0.019,"simulated":true},"geometry":{"type":"Polygon","coordinates":[[[114.15999999999993,22.504399999999997],[114.16159999999992,22.504399999999997],[114.16159999999992,22.505999999999997],[114.15999999999993,22.505999999999997],[114.15999999999993,22.504399999999997]]]}},{"type":"Feature","properties":{"id":"lu-nt-north-09-21","class":"built_up","vegetationFraction":0.203,"pavedFraction":0.564,"waterFraction":0.001,"simulated":true},"geometry":{"type":"Polygon","coordinates":[[[114.16159999999992,22.504399999999997],[114.16319999999992,22.504399999999997],[114.16319999999992,22.505999999999997],[114.16159999999992,22.505999999999997],[114.16159999999992,22.504399999999997]]]}},{"type":"Feature","properties":{"id":"lu-nt-north-09-22","class":"urban_open_space","vegetationFraction":0.256,"pavedFraction":0.369,"waterFraction":0.018,"simulated":true},"geometry":{"type":"Polygon","coordinates":[[[114.16319999999992,22.504399999999997],[114.16479999999991,22.504399999999997],[114.16479999999991,22.505999999999997],[114.16319999999992,22.505999999999997],[114.16319999999992,22.504399999999997]]]}},{"type":"Feature","properties":{"id":"lu-nt-north-09-23","class":"green_space","vegetationFraction":0.44,"pavedFraction":0.392,"waterFraction":0.025,"simulated":true},"geometry":{"type":"Polygon","coordinates":[[[114.16479999999991,22.504399999999997],[114.16639999999991,22.504399999999997],[114.16639999999991,22.505999999999997],[114.16479999999991,22.505999999999997],[114.16479999999991,22.504399999999997]]]}},{"type":"Feature","properties":{"id":"lu-nt-north-09-24","class":"built_up","vegetationFraction":0.243,"pavedFraction":0.518,"waterFraction":0.029,"simulated":true},"geometry":{"type":"Polygon","coordinates":[[[114.16639999999991,22.504399999999997],[114.1679999999999,22.504399999999997],[114.1679999999999,22.505999999999997],[114.16639999999991,22.505999999999997],[114.16639999999991,22.504399999999997]]]}},{"type":"Feature","properties":{"id":"lu-nt-north-09-25","class":"urban_open_space","vegetationFraction":0.372,"pavedFraction":0.526,"waterFraction":0.045,"simulated":true},"geometry":{"type":"Polygon","coordinates":[[[114.1679999999999,22.504399999999997],[114.1695999999999,22.504399999999997],[114.1695999999999,22.505999999999997],[114.1679999999999,22.505999999999997],[114.1679999999999,22.504399999999997]]]}},{"type":"Feature","properties":{"id":"lu-nt-north-10-00","class":"urban_open_space","vegetationFraction":0.284,"pavedFraction":0.383,"waterFraction":0.058,"simulated":true},"geometry":{"type":"Polygon","coordinates":[[[114.128,22.505999999999997],[114.1296,22.505999999999997],[114.1296,22.507599999999996],[114.128,22.507599999999996],[114.128,22.505999999999997]]]}},{"type":"Feature","properties":{"id":"lu-nt-north-10-01","class":"urban_open_space","vegetationFraction":0.383,"pavedFraction":0.508,"waterFraction":0.023,"simulated":true},"geometry":{"type":"Polygon","coordinates":[[[114.1296,22.505999999999997],[114.13119999999999,22.505999999999997],[114.13119999999999,22.507599999999996],[114.1296,22.507599999999996],[114.1296,22.505999999999997]]]}},{"type":"Feature","properties":{"id":"lu-nt-north-10-02","class":"green_space","vegetationFraction":0.41,"pavedFraction":0.481,"waterFraction":0.003,"simulated":true},"geometry":{"type":"Polygon","coordinates":[[[114.13119999999999,22.505999999999997],[114.13279999999999,22.505999999999997],[114.13279999999999,22.507599999999996],[114.13119999999999,22.507599999999996],[114.13119999999999,22.505999999999997]]]}},{"type":"Feature","properties":{"id":"lu-nt-north-10-03","class":"urban_open_space","vegetationFraction":0.324,"pavedFraction":0.635,"waterFraction":0.041,"simulated":true},"geometry":{"type":"Polygon","coordinates":[[[114.13279999999999,22.505999999999997],[114.13439999999999,22.505999999999997],[114.13439999999999,22.507599999999996],[114.13279999999999,22.507599999999996],[114.13279999999999,22.505999999999997]]]}},{"type":"Feature","properties":{"id":"lu-nt-north-10-04","class":"urban_open_space","vegetationFraction":0.331,"pavedFraction":0.403,"waterFraction":0.01,"simulated":true},"geometry":{"type":"Polygon","coordinates":[[[114.13439999999999,22.505999999999997],[114.13599999999998,22.505999999999997],[114.13599999999998,22.507599999999996],[114.13439999999999,22.507599999999996],[114.13439999999999,22.505999999999997]]]}},{"type":"Feature","properties":{"id":"lu-nt-north-10-05","class":"urban_open_space","vegetationFraction":0.259,"pavedFraction":0.437,"waterFraction":0.052,"simulated":true},"geometry":{"type":"Polygon","coordinates":[[[114.13599999999998,22.505999999999997],[114.13759999999998,22.505999999999997],[114.13759999999998,22.507599999999996],[114.13599999999998,22.507599999999996],[114.13599999999998,22.505999999999997]]]}},{"type":"Feature","properties":{"id":"lu-nt-north-10-06","class":"urban_open_space","vegetationFraction":0.38,"pavedFraction":0.495,"waterFraction":0.005,"simulated":true},"geometry":{"type":"Polygon","coordinates":[[[114.13759999999998,22.505999999999997],[114.13919999999997,22.505999999999997],[114.13919999999997,22.507599999999996],[114.13759999999998,22.507599999999996],[114.13759999999998,22.505999999999997]]]}},{"type":"Feature","properties":{"id":"lu-nt-north-10-07","class":"green_space","vegetationFraction":0.403,"pavedFraction":0.617,"waterFraction":0.059,"simulated":true},"geometry":{"type":"Polygon","coordinates":[[[114.13919999999997,22.505999999999997],[114.14079999999997,22.505999999999997],[114.14079999999997,22.507599999999996],[114.13919999999997,22.507599999999996],[114.13919999999997,22.505999999999997]]]}},{"type":"Feature","properties":{"id":"lu-nt-north-10-08","class":"built_up","vegetationFraction":0.225,"pavedFraction":0.594,"waterFraction":0.031,"simulated":true},"geometry":{"type":"Polygon","coordinates":[[[114.14079999999997,22.505999999999997],[114.14239999999997,22.505999999999997],[114.14239999999997,22.507599999999996],[114.14079999999997,22.507599999999996],[114.14079999999997,22.505999999999997]]]}},{"type":"Feature","properties":{"id":"lu-nt-north-10-09","class":"green_space","vegetationFraction":0.78,"pavedFraction":0.1,"waterFraction":0.025,"simulated":true},"geometry":{"type":"Polygon","coordinates":[[[114.14239999999997,22.505999999999997],[114.14399999999996,22.505999999999997],[114.14399999999996,22.507599999999996],[114.14239999999997,22.507599999999996],[114.14239999999997,22.505999999999997]]]}},{"type":"Feature","properties":{"id":"lu-nt-north-10-10","class":"green_space","vegetationFraction":0.78,"pavedFraction":0.1,"waterFraction":0.008,"simulated":true},"geometry":{"type":"Polygon","coordinates":[[[114.14399999999996,22.505999999999997],[114.14559999999996,22.505999999999997],[114.14559999999996,22.507599999999996],[114.14399999999996,22.507599999999996],[114.14399999999996,22.505999999999997]]]}},{"type":"Feature","properties":{"id":"lu-nt-north-10-11","class":"green_space","vegetationFraction":0.78,"pavedFraction":0.1,"waterFraction":0.043,"simulated":true},"geometry":{"type":"Polygon","coordinates":[[[114.14559999999996,22.505999999999997],[114.14719999999996,22.505999999999997],[114.14719999999996,22.507599999999996],[114.14559999999996,22.507599999999996],[114.14559999999996,22.505999999999997]]]}},{"type":"Feature","properties":{"id":"lu-nt-north-10-12","class":"green_space","vegetationFraction":0.78,"pavedFraction":0.1,"waterFraction":0.025,"simulated":true},"geometry":{"type":"Polygon","coordinates":[[[114.14719999999996,22.505999999999997],[114.14879999999995,22.505999999999997],[114.14879999999995,22.507599999999996],[114.14719999999996,22.507599999999996],[114.14719999999996,22.505999999999997]]]}},{"type":"Feature","properties":{"id":"lu-nt-north-10-13","class":"green_space","vegetationFraction":0.78,"pavedFraction":0.1,"waterFraction":0.018,"simulated":true},"geometry":{"type":"Polygon","coordinates":[[[114.14879999999995,22.505999999999997],[114.15039999999995,22.505999999999997],[114.15039999999995,22.507599999999996],[114.14879999999995,22.507599999999996],[114.14879999999995,22.505999999999997]]]}},{"type":"Feature","properties":{"id":"lu-nt-north-10-14","class":"green_space","vegetationFraction":0.78,"pavedFraction":0.1,"waterFraction":0.059,"simulated":true},"geometry":{"type":"Polygon","coordinates":[[[114.15039999999995,22.505999999999997],[114.15199999999994,22.505999999999997],[114.15199999999994,22.507599999999996],[114.15039999999995,22.507599999999996],[114.15039999999995,22.505999999999997]]]}},{"type":"Feature","properties":{"id":"lu-nt-north-10-15","class":"green_space","vegetationFraction":0.78,"pavedFraction":0.1,"waterFraction":0.049,"simulated":true},"geometry":{"type":"Polygon","coordinates":[[[114.15199999999994,22.505999999999997],[114.15359999999994,22.505999999999997],[114.15359999999994,22.507599999999996],[114.15199999999994,22.507599999999996],[114.15199999999994,22.505999999999997]]]}},{"type":"Feature","properties":{"id":"lu-nt-north-10-16","class":"green_space","vegetationFraction":0.78,"pavedFraction":0.1,"waterFraction":0.026,"simulated":true},"geometry":{"type":"Polygon","coordinates":[[[114.15359999999994,22.505999999999997],[114.15519999999994,22.505999999999997],[114.15519999999994,22.507599999999996],[114.15359999999994,22.507599999999996],[114.15359999999994,22.505999999999997]]]}},{"type":"Feature","properties":{"id":"lu-nt-north-10-17","class":"urban_open_space","vegetationFraction":0.298,"pavedFraction":0.469,"waterFraction":0.025,"simulated":true},"geometry":{"type":"Polygon","coordinates":[[[114.15519999999994,22.505999999999997],[114.15679999999993,22.505999999999997],[114.15679999999993,22.507599999999996],[114.15519999999994,22.507599999999996],[114.15519999999994,22.505999999999997]]]}},{"type":"Feature","properties":{"id":"lu-nt-north-10-18","class":"urban_open_space","vegetationFraction":0.383,"pavedFraction":0.41,"waterFraction":0.038,"simulated":true},"geometry":{"type":"Polygon","coordinates":[[[114.15679999999993,22.505999999999997],[114.15839999999993,22.505999999999997],[114.15839999999993,22.507599999999996],[114.15679999999993,22.507599999999996],[114.15679999999993,22.505999999999997]]]}},{"type":"Feature","properties":{"id":"lu-nt-north-10-19","class":"urban_open_space","vegetationFraction":0.377,"pavedFraction":0.606,"waterFraction":0.049,"simulated":true},"geometry":{"type":"Polygon","coordinates":[[[114.15839999999993,22.505999999999997],[114.15999999999993,22.505999999999997],[114.15999999999993,22.507599999999996],[114.15839999999993,22.507599999999996],[114.15839999999993,22.505999999999997]]]}},{"type":"Feature","properties":{"id":"lu-nt-north-10-20","class":"green_space","vegetationFraction":0.421,"pavedFraction":0.591,"waterFraction":0.05,"simulated":true},"geometry":{"type":"Polygon","coordinates":[[[114.15999999999993,22.505999999999997],[114.16159999999992,22.505999999999997],[114.16159999999992,22.507599999999996],[114.15999999999993,22.507599999999996],[114.15999999999993,22.505999999999997]]]}},{"type":"Feature","properties":{"id":"lu-nt-north-10-21","class":"built_up","vegetationFraction":0.21,"pavedFraction":0.404,"waterFraction":0.005,"simulated":true},"geometry":{"type":"Polygon","coordinates":[[[114.16159999999992,22.505999999999997],[114.16319999999992,22.505999999999997],[114.16319999999992,22.507599999999996],[114.16159999999992,22.507599999999996],[114.16159999999992,22.505999999999997]]]}},{"type":"Feature","properties":{"id":"lu-nt-north-10-22","class":"urban_open_space","vegetationFraction":0.257,"pavedFraction":0.583,"waterFraction":0.003,"simulated":true},"geometry":{"type":"Polygon","coordinates":[[[114.16319999999992,22.505999999999997],[114.16479999999991,22.505999999999997],[114.16479999999991,22.507599999999996],[114.16319999999992,22.507599999999996],[114.16319999999992,22.505999999999997]]]}},{"type":"Feature","properties":{"id":"lu-nt-north-10-23","class":"urban_open_space","vegetationFraction":0.306,"pavedFraction":0.558,"waterFraction":0.018,"simulated":true},"geometry":{"type":"Polygon","coordinates":[[[114.16479999999991,22.505999999999997],[114.16639999999991,22.505999999999997],[114.16639999999991,22.507599999999996],[114.16479999999991,22.507599999999996],[114.16479999999991,22.505999999999997]]]}},{"type":"Feature","properties":{"id":"lu-nt-north-10-24","class":"built_up","vegetationFraction":0.224,"pavedFraction":0.482,"waterFraction":0.034,"simulated":true},"geometry":{"type":"Polygon","coordinates":[[[114.16639999999991,22.505999999999997],[114.1679999999999,22.505999999999997],[114.1679999999999,22.507599999999996],[114.16639999999991,22.507599999999996],[114.16639999999991,22.505999999999997]]]}},{"type":"Feature","properties":{"id":"lu-nt-north-10-25","class":"urban_open_space","vegetationFraction":0.291,"pavedFraction":0.375,"waterFraction":0.05,"simulated":true},"geometry":{"type":"Polygon","coordinates":[[[114.1679999999999,22.505999999999997],[114.1695999999999,22.505999999999997],[114.1695999999999,22.507599999999996],[114.1679999999999,22.507599999999996],[114.1679999999999,22.505999999999997]]]}},{"type":"Feature","properties":{"id":"lu-nt-north-11-00","class":"urban_open_space","vegetationFraction":0.361,"pavedFraction":0.364,"waterFraction":0.001,"simulated":true},"geometry":{"type":"Polygon","coordinates":[[[114.128,22.507599999999996],[114.1296,22.507599999999996],[114.1296,22.509199999999996],[114.128,22.509199999999996],[114.128,22.507599999999996]]]}},{"type":"Feature","properties":{"id":"lu-nt-north-11-01","class":"urban_open_space","vegetationFraction":0.251,"pavedFraction":0.512,"waterFraction":0.044,"simulated":true},"geometry":{"type":"Polygon","coordinates":[[[114.1296,22.507599999999996],[114.13119999999999,22.507599999999996],[114.13119999999999,22.509199999999996],[114.1296,22.509199999999996],[114.1296,22.507599999999996]]]}},{"type":"Feature","properties":{"id":"lu-nt-north-11-02","class":"green_space","vegetationFraction":0.436,"pavedFraction":0.441,"waterFraction":0.013,"simulated":true},"geometry":{"type":"Polygon","coordinates":[[[114.13119999999999,22.507599999999996],[114.13279999999999,22.507599999999996],[114.13279999999999,22.509199999999996],[114.13119999999999,22.509199999999996],[114.13119999999999,22.507599999999996]]]}},{"type":"Feature","properties":{"id":"lu-nt-north-11-03","class":"green_space","vegetationFraction":0.408,"pavedFraction":0.391,"waterFraction":0.053,"simulated":true},"geometry":{"type":"Polygon","coordinates":[[[114.13279999999999,22.507599999999996],[114.13439999999999,22.507599999999996],[114.13439999999999,22.509199999999996],[114.13279999999999,22.509199999999996],[114.13279999999999,22.507599999999996]]]}},{"type":"Feature","properties":{"id":"lu-nt-north-11-04","class":"urban_open_space","vegetationFraction":0.252,"pavedFraction":0.566,"waterFraction":0.01,"simulated":true},"geometry":{"type":"Polygon","coordinates":[[[114.13439999999999,22.507599999999996],[114.13599999999998,22.507599999999996],[114.13599999999998,22.509199999999996],[114.13439999999999,22.509199999999996],[114.13439999999999,22.507599999999996]]]}},{"type":"Feature","properties":{"id":"lu-nt-north-11-05","class":"urban_open_space","vegetationFraction":0.347,"pavedFraction":0.488,"waterFraction":0.001,"simulated":true},"geometry":{"type":"Polygon","coordinates":[[[114.13599999999998,22.507599999999996],[114.13759999999998,22.507599999999996],[114.13759999999998,22.509199999999996],[114.13599999999998,22.509199999999996],[114.13599999999998,22.507599999999996]]]}},{"type":"Feature","properties":{"id":"lu-nt-north-11-06","class":"green_space","vegetationFraction":0.407,"pavedFraction":0.625,"waterFraction":0.041,"simulated":true},"geometry":{"type":"Polygon","coordinates":[[[114.13759999999998,22.507599999999996],[114.13919999999997,22.507599999999996],[114.13919999999997,22.509199999999996],[114.13759999999998,22.509199999999996],[114.13759999999998,22.507599999999996]]]}},{"type":"Feature","properties":{"id":"lu-nt-north-11-07","class":"green_space","vegetationFraction":0.44,"pavedFraction":0.63,"waterFraction":0.008,"simulated":true},"geometry":{"type":"Polygon","coordinates":[[[114.13919999999997,22.507599999999996],[114.14079999999997,22.507599999999996],[114.14079999999997,22.509199999999996],[114.13919999999997,22.509199999999996],[114.13919999999997,22.507599999999996]]]}},{"type":"Feature","properties":{"id":"lu-nt-north-11-08","class":"urban_open_space","vegetationFraction":0.379,"pavedFraction":0.501,"waterFraction":0.014,"simulated":true},"geometry":{"type":"Polygon","coordinates":[[[114.14079999999997,22.507599999999996],[114.14239999999997,22.507599999999996],[114.14239999999997,22.509199999999996],[114.14079999999997,22.509199999999996],[114.14079999999997,22.507599999999996]]]}},{"type":"Feature","properties":{"id":"lu-nt-north-11-09","class":"green_space","vegetationFraction":0.78,"pavedFraction":0.1,"waterFraction":0.024,"simulated":true},"geometry":{"type":"Polygon","coordinates":[[[114.14239999999997,22.507599999999996],[114.14399999999996,22.507599999999996],[114.14399999999996,22.509199999999996],[114.14239999999997,22.509199999999996],[114.14239999999997,22.507599999999996]]]}},{"type":"Feature","properties":{"id":"lu-nt-north-11-10","class":"green_space","vegetationFraction":0.78,"pavedFraction":0.1,"waterFraction":0.018,"simulated":true},"geometry":{"type":"Polygon","coordinates":[[[114.14399999999996,22.507599999999996],[114.14559999999996,22.507599999999996],[114.14559999999996,22.509199999999996],[114.14399999999996,22.509199999999996],[114.14399999999996,22.507599999999996]]]}},{"type":"Feature","properties":{"id":"lu-nt-north-11-11","class":"green_space","vegetationFraction":0.78,"pavedFraction":0.1,"waterFraction":0.004,"simulated":true},"geometry":{"type":"Polygon","coordinates":[[[114.14559999999996,22.507599999999996],[114.14719999999996,22.507599999999996],[114.14719999999996,22.509199999999996],[114.14559999999996,22.509199999999996],[114.14559999999996,22.507599999999996]]]}},{"type":"Feature","properties":{"id":"lu-nt-north-11-12","class":"green_space","vegetationFraction":0.78,"pavedFraction":0.1,"waterFraction":0.039,"simulated":true},"geometry":{"type":"Polygon","coordinates":[[[114.14719999999996,22.507599999999996],[114.14879999999995,22.507599999999996],[114.14879999999995,22.509199999999996],[114.14719999999996,22.509199999999996],[114.14719999999996,22.507599999999996]]]}},{"type":"Feature","properties":{"id":"lu-nt-north-11-13","class":"green_space","vegetationFraction":0.78,"pavedFraction":0.1,"waterFraction":0.036,"simulated":true},"geometry":{"type":"Polygon","coordinates":[[[114.14879999999995,22.507599999999996],[114.15039999999995,22.507599999999996],[114.15039999999995,22.509199999999996],[114.14879999999995,22.509199999999996],[114.14879999999995,22.507599999999996]]]}},{"type":"Feature","properties":{"id":"lu-nt-north-11-14","class":"green_space","vegetationFraction":0.78,"pavedFraction":0.1,"waterFraction":0.047,"simulated":true},"geometry":{"type":"Polygon","coordinates":[[[114.15039999999995,22.507599999999996],[114.15199999999994,22.507599999999996],[114.15199999999994,22.509199999999996],[114.15039999999995,22.509199999999996],[114.15039999999995,22.507599999999996]]]}},{"type":"Feature","properties":{"id":"lu-nt-north-11-15","class":"green_space","vegetationFraction":0.78,"pavedFraction":0.1,"waterFraction":0.022,"simulated":true},"geometry":{"type":"Polygon","coordinates":[[[114.15199999999994,22.507599999999996],[114.15359999999994,22.507599999999996],[114.15359999999994,22.509199999999996],[114.15199999999994,22.509199999999996],[114.15199999999994,22.507599999999996]]]}},{"type":"Feature","properties":{"id":"lu-nt-north-11-16","class":"green_space","vegetationFraction":0.78,"pavedFraction":0.1,"waterFraction":0.025,"simulated":true},"geometry":{"type":"Polygon","coordinates":[[[114.15359999999994,22.507599999999996],[114.15519999999994,22.507599999999996],[114.15519999999994,22.509199999999996],[114.15359999999994,22.509199999999996],[114.15359999999994,22.507599999999996]]]}},{"type":"Feature","properties":{"id":"lu-nt-north-11-17","class":"urban_open_space","vegetationFraction":0.375,"pavedFraction":0.564,"waterFraction":0.058,"simulated":true},"geometry":{"type":"Polygon","coordinates":[[[114.15519999999994,22.507599999999996],[114.15679999999993,22.507599999999996],[114.15679999999993,22.509199999999996],[114.15519999999994,22.509199999999996],[114.15519999999994,22.507599999999996]]]}},{"type":"Feature","properties":{"id":"lu-nt-north-11-18","class":"urban_open_space","vegetationFraction":0.27,"pavedFraction":0.461,"waterFraction":0.023,"simulated":true},"geometry":{"type":"Polygon","coordinates":[[[114.15679999999993,22.507599999999996],[114.15839999999993,22.507599999999996],[114.15839999999993,22.509199999999996],[114.15679999999993,22.509199999999996],[114.15679999999993,22.507599999999996]]]}},{"type":"Feature","properties":{"id":"lu-nt-north-11-19","class":"urban_open_space","vegetationFraction":0.319,"pavedFraction":0.368,"waterFraction":0.009,"simulated":true},"geometry":{"type":"Polygon","coordinates":[[[114.15839999999993,22.507599999999996],[114.15999999999993,22.507599999999996],[114.15999999999993,22.509199999999996],[114.15839999999993,22.509199999999996],[114.15839999999993,22.507599999999996]]]}},{"type":"Feature","properties":{"id":"lu-nt-north-11-20","class":"green_space","vegetationFraction":0.448,"pavedFraction":0.445,"waterFraction":0.052,"simulated":true},"geometry":{"type":"Polygon","coordinates":[[[114.15999999999993,22.507599999999996],[114.16159999999992,22.507599999999996],[114.16159999999992,22.509199999999996],[114.15999999999993,22.509199999999996],[114.15999999999993,22.507599999999996]]]}},{"type":"Feature","properties":{"id":"lu-nt-north-11-21","class":"urban_open_space","vegetationFraction":0.283,"pavedFraction":0.39,"waterFraction":0.027,"simulated":true},"geometry":{"type":"Polygon","coordinates":[[[114.16159999999992,22.507599999999996],[114.16319999999992,22.507599999999996],[114.16319999999992,22.509199999999996],[114.16159999999992,22.509199999999996],[114.16159999999992,22.507599999999996]]]}},{"type":"Feature","properties":{"id":"lu-nt-north-11-22","class":"built_up","vegetationFraction":0.243,"pavedFraction":0.536,"waterFraction":0.017,"simulated":true},"geometry":{"type":"Polygon","coordinates":[[[114.16319999999992,22.507599999999996],[114.16479999999991,22.507599999999996],[114.16479999999991,22.509199999999996],[114.16319999999992,22.509199999999996],[114.16319999999992,22.507599999999996]]]}},{"type":"Feature","properties":{"id":"lu-nt-north-11-23","class":"built_up","vegetationFraction":0.21,"pavedFraction":0.531,"waterFraction":0.017,"simulated":true},"geometry":{"type":"Polygon","coordinates":[[[114.16479999999991,22.507599999999996],[114.16639999999991,22.507599999999996],[114.16639999999991,22.509199999999996],[114.16479999999991,22.509199999999996],[114.16479999999991,22.507599999999996]]]}},{"type":"Feature","properties":{"id":"lu-nt-north-11-24","class":"urban_open_space","vegetationFraction":0.281,"pavedFraction":0.441,"waterFraction":0.052,"simulated":true},"geometry":{"type":"Polygon","coordinates":[[[114.16639999999991,22.507599999999996],[114.1679999999999,22.507599999999996],[114.1679999999999,22.509199999999996],[114.16639999999991,22.509199999999996],[114.16639999999991,22.507599999999996]]]}},{"type":"Feature","properties":{"id":"lu-nt-north-11-25","class":"urban_open_space","vegetationFraction":0.279,"pavedFraction":0.361,"waterFraction":0.017,"simulated":true},"geometry":{"type":"Polygon","coordinates":[[[114.1679999999999,22.507599999999996],[114.1695999999999,22.507599999999996],[114.1695999999999,22.509199999999996],[114.1679999999999,22.509199999999996],[114.1679999999999,22.507599999999996]]]}},{"type":"Feature","properties":{"id":"lu-nt-north-12-00","class":"urban_open_space","vegetationFraction":0.255,"pavedFraction":0.519,"waterFraction":0.036,"simulated":true},"geometry":{"type":"Polygon","coordinates":[[[114.128,22.509199999999996],[114.1296,22.509199999999996],[114.1296,22.510799999999996],[114.128,22.510799999999996],[114.128,22.509199999999996]]]}},{"type":"Feature","properties":{"id":"lu-nt-north-12-01","class":"urban_open_space","vegetationFraction":0.254,"pavedFraction":0.358,"waterFraction":0.058,"simulated":true},"geometry":{"type":"Polygon","coordinates":[[[114.1296,22.509199999999996],[114.13119999999999,22.509199999999996],[114.13119999999999,22.510799999999996],[114.1296,22.510799999999996],[114.1296,22.509199999999996]]]}},{"type":"Feature","properties":{"id":"lu-nt-north-12-02","class":"built_up","vegetationFraction":0.215,"pavedFraction":0.381,"waterFraction":0.052,"simulated":true},"geometry":{"type":"Polygon","coordinates":[[[114.13119999999999,22.509199999999996],[114.13279999999999,22.509199999999996],[114.13279999999999,22.510799999999996],[114.13119999999999,22.510799999999996],[114.13119999999999,22.509199999999996]]]}},{"type":"Feature","properties":{"id":"lu-nt-north-12-03","class":"urban_open_space","vegetationFraction":0.392,"pavedFraction":0.584,"waterFraction":0.025,"simulated":true},"geometry":{"type":"Polygon","coordinates":[[[114.13279999999999,22.509199999999996],[114.13439999999999,22.509199999999996],[114.13439999999999,22.510799999999996],[114.13279999999999,22.510799999999996],[114.13279999999999,22.509199999999996]]]}},{"type":"Feature","properties":{"id":"lu-nt-north-12-04","class":"urban_open_space","vegetationFraction":0.258,"pavedFraction":0.355,"waterFraction":0.037,"simulated":true},"geometry":{"type":"Polygon","coordinates":[[[114.13439999999999,22.509199999999996],[114.13599999999998,22.509199999999996],[114.13599999999998,22.510799999999996],[114.13439999999999,22.510799999999996],[114.13439999999999,22.509199999999996]]]}},{"type":"Feature","properties":{"id":"lu-nt-north-12-05","class":"built_up","vegetationFraction":0.235,"pavedFraction":0.625,"waterFraction":0.029,"simulated":true},"geometry":{"type":"Polygon","coordinates":[[[114.13599999999998,22.509199999999996],[114.13759999999998,22.509199999999996],[114.13759999999998,22.510799999999996],[114.13599999999998,22.510799999999996],[114.13599999999998,22.509199999999996]]]}},{"type":"Feature","properties":{"id":"lu-nt-north-12-06","class":"built_up","vegetationFraction":0.206,"pavedFraction":0.624,"waterFraction":0.055,"simulated":true},"geometry":{"type":"Polygon","coordinates":[[[114.13759999999998,22.509199999999996],[114.13919999999997,22.509199999999996],[114.13919999999997,22.510799999999996],[114.13759999999998,22.510799999999996],[114.13759999999998,22.509199999999996]]]}},{"type":"Feature","properties":{"id":"lu-nt-north-12-07","class":"urban_open_space","vegetationFraction":0.357,"pavedFraction":0.534,"waterFraction":0.039,"simulated":true},"geometry":{"type":"Polygon","coordinates":[[[114.13919999999997,22.509199999999996],[114.14079999999997,22.509199999999996],[114.14079999999997,22.510799999999996],[114.13919999999997,22.510799999999996],[114.13919999999997,22.509199999999996]]]}},{"type":"Feature","properties":{"id":"lu-nt-north-12-08","class":"urban_open_space","vegetationFraction":0.395,"pavedFraction":0.585,"waterFraction":0.056,"simulated":true},"geometry":{"type":"Polygon","coordinates":[[[114.14079999999997,22.509199999999996],[114.14239999999997,22.509199999999996],[114.14239999999997,22.510799999999996],[114.14079999999997,22.510799999999996],[114.14079999999997,22.509199999999996]]]}},{"type":"Feature","properties":{"id":"lu-nt-north-12-09","class":"green_space","vegetationFraction":0.78,"pavedFraction":0.1,"waterFraction":0.032,"simulated":true},"geometry":{"type":"Polygon","coordinates":[[[114.14239999999997,22.509199999999996],[114.14399999999996,22.509199999999996],[114.14399999999996,22.510799999999996],[114.14239999999997,22.510799999999996],[114.14239999999997,22.509199999999996]]]}},{"type":"Feature","properties":{"id":"lu-nt-north-12-10","class":"green_space","vegetationFraction":0.78,"pavedFraction":0.1,"waterFraction":0.052,"simulated":true},"geometry":{"type":"Polygon","coordinates":[[[114.14399999999996,22.509199999999996],[114.14559999999996,22.509199999999996],[114.14559999999996,22.510799999999996],[114.14399999999996,22.510799999999996],[114.14399999999996,22.509199999999996]]]}},{"type":"Feature","properties":{"id":"lu-nt-north-12-11","class":"green_space","vegetationFraction":0.78,"pavedFraction":0.1,"waterFraction":0.001,"simulated":true},"geometry":{"type":"Polygon","coordinates":[[[114.14559999999996,22.509199999999996],[114.14719999999996,22.509199999999996],[114.14719999999996,22.510799999999996],[114.14559999999996,22.510799999999996],[114.14559999999996,22.509199999999996]]]}},{"type":"Feature","properties":{"id":"lu-nt-north-12-12","class":"green_space","vegetationFraction":0.78,"pavedFraction":0.1,"waterFraction":0.02,"simulated":true},"geometry":{"type":"Polygon","coordinates":[[[114.14719999999996,22.509199999999996],[114.14879999999995,22.509199999999996],[114.14879999999995,22.510799999999996],[114.14719999999996,22.510799999999996],[114.14719999999996,22.509199999999996]]]}},{"type":"Feature","properties":{"id":"lu-nt-north-12-13","class":"green_space","vegetationFraction":0.78,"pavedFraction":0.1,"waterFraction":0.042,"simulated":true},"geometry":{"type":"Polygon","coordinates":[[[114.14879999999995,22.509199999999996],[114.15039999999995,22.509199999999996],[114.15039999999995,22.510799999999996],[114.14879999999995,22.510799999999996],[114.14879999999995,22.509199999999996]]]}},{"type":"Feature","properties":{"id":"lu-nt-north-12-14","class":"green_space","vegetationFraction":0.78,"pavedFraction":0.1,"waterFraction":0.034,"simulated":true},"geometry":{"type":"Polygon","coordinates":[[[114.15039999999995,22.509199999999996],[114.15199999999994,22.509199999999996],[114.15199999999994,22.510799999999996],[114.15039999999995,22.510799999999996],[114.15039999999995,22.509199999999996]]]}},{"type":"Feature","properties":{"id":"lu-nt-north-12-15","class":"green_space","vegetationFraction":0.78,"pavedFraction":0.1,"waterFraction":0.016,"simulated":true},"geometry":{"type":"Polygon","coordinates":[[[114.15199999999994,22.509199999999996],[114.15359999999994,22.509199999999996],[114.15359999999994,22.510799999999996],[114.15199999999994,22.510799999999996],[114.15199999999994,22.509199999999996]]]}},{"type":"Feature","properties":{"id":"lu-nt-north-12-16","class":"green_space","vegetationFraction":0.78,"pavedFraction":0.1,"waterFraction":0.0,"simulated":true},"geometry":{"type":"Polygon","coordinates":[[[114.15359999999994,22.509199999999996],[114.15519999999994,22.509199999999996],[114.15519999999994,22.510799999999996],[114.15359999999994,22.510799999999996],[114.15359999999994,22.509199999999996]]]}},{"type":"Feature","properties":{"id":"lu-nt-north-12-17","class":"urban_open_space","vegetationFraction":0.305,"pavedFraction":0.483,"waterFraction":0.04,"simulated":true},"geometry":{"type":"Polygon","coordinates":[[[114.15519999999994,22.509199999999996],[114.15679999999993,22.509199999999996],[114.15679999999993,22.510799999999996],[114.15519999999994,22.510799999999996],[114.15519999999994,22.509199999999996]]]}},{"type":"Feature","properties":{"id":"lu-nt-north-12-18","class":"urban_open_space","vegetationFraction":0.275,"pavedFraction":0.399,"waterFraction":0.042,"simulated":true},"geometry":{"type":"Polygon","coordinates":[[[114.15679999999993,22.509199999999996],[114.15839999999993,22.509199999999996],[114.15839999999993,22.510799999999996],[114.15679999999993,22.510799999999996],[114.15679999999993,22.509199999999996]]]}},{"type":"Feature","properties":{"id":"lu-nt-north-12-19","class":"green_space","vegetationFraction":0.417,"pavedFraction":0.35,"waterFraction":0.026,"simulated":true},"geometry":{"type":"Polygon","coordinates":[[[114.15839999999993,22.509199999999996],[114.15999999999993,22.509199999999996],[114.15999999999993,22.510799999999996],[114.15839999999993,22.510799999999996],[114.15839999999993,22.509199999999996]]]}},{"type":"Feature","properties":{"id":"lu-nt-north-12-20","class":"urban_open_space","vegetationFraction":0.336,"pavedFraction":0.454,"waterFraction":0.045,"simulated":true},"geometry":{"type":"Polygon","coordinates":[[[114.15999999999993,22.509199999999996],[114.16159999999992,22.509199999999996],[114.16159999999992,22.510799999999996],[114.15999999999993,22.510799999999996],[114.15999999999993,22.509199999999996]]]}},{"type":"Feature","properties":{"id":"lu-nt-north-12-21","class":"urban_open_space","vegetationFraction":0.358,"pavedFraction":0.558,"waterFraction":0.016,"simulated":true},"geometry":{"type":"Polygon","coordinates":[[[114.16159999999992,22.509199999999996],[114.16319999999992,22.509199999999996],[114.16319999999992,22.510799999999996],[114.16159999999992,22.510799999999996],[114.16159999999992,22.509199999999996]]]}},{"type":"Feature","properties":{"id":"lu-nt-north-12-22","class":"urban_open_space","vegetationFraction":0.281,"pavedFraction":0.629,"waterFraction":0.044,"simulated":true},"geometry":{"type":"Polygon","coordinates":[[[114.16319999999992,22.509199999999996],[114.16479999999991,22.509199999999996],[114.16479999999991,22.510799999999996],[114.16319999999992,22.510799999999996],[114.16319999999992,22.509199999999996]]]}},{"type":"Feature","properties":{"id":"lu-nt-north-12-23","class":"urban_open_space","vegetationFraction":0.344,"pavedFraction":0.369,"waterFraction":0.045,"simulated":true},"geometry":{"type":"Polygon","coordinates":[[[114.16479999999991,22.509199999999996],[114.16639999999991,22.509199999999996],[114.16639999999991,22.510799999999996],[114.16479999999991,22.510799999999996],[114.16479999999991,22.509199999999996]]]}},{"type":"Feature","properties":{"id":"lu-nt-north-12-24","class":"built_up","vegetationFraction":0.231,"pavedFraction":0.376,"waterFraction":0.023,"simulated":true},"geometry":{"type":"Polygon","coordinates":[[[114.16639999999991,22.509199999999996],[114.1679999999999,22.509199999999996],[114.1679999999999,22.510799999999996],[114.16639999999991,22.510799999999996],[114.16639999999991,22.509199999999996]]]}},{"type":"Feature","properties":{"id":"lu-nt-north-12-25","class":"green_space","vegetationFraction":0.412,"pavedFraction":0.449,"waterFraction":0.021,"simulated":true},"geometry":{"type":"Polygon","coordinates":[[[114.1679999999999,22.509199999999996],[114.1695999999999,22.509199999999996],[114.1695999999999,22.510799999999996],[114.1679999999999,22.510799999999996],[114.1679999999999,22.509199999999996]]]}},{"type":"Feature","properties":{"id":"lu-nt-north-13-00","class":"green_space","vegetationFraction":0.418,"pavedFraction":0.565,"waterFraction":0.012,"simulated":true},"geometry":{"type":"Polygon","coordinates":[[[114.128,22.510799999999996],[114.1296,22.510799999999996],[114.1296,22.512399999999996],[114.128,22.512399999999996],[114.128,22.510799999999996]]]}},{"type":"Feature","properties":{"id":"lu-nt-north-13-01","class":"built_up","vegetationFraction":0.231,"pavedFraction":0.425,"waterFraction":0.045,"simulated":true},"geometry":{"type":"Polygon","coordinates":[[[114.1296,22.510799999999996],[114.13119999999999,22.510799999999996],[114.13119999999999,22.512399999999996],[114.1296,22.512399999999996],[114.1296,22.510799999999996]]]}},{"type":"Feature","properties":{"id":"lu-nt-north-13-02","class":"urban_open_space","vegetationFraction":0.252,"pavedFraction":0.469,"waterFraction":0.042,"simulated":true},"geometry":{"type":"Polygon","coordinates":[[[114.13119999999999,22.510799999999996],[114.13279999999999,22.510799999999996],[114.13279999999999,22.512399999999996],[114.13119999999999,22.512399999999996],[114.13119999999999,22.510799999999996]]]}},{"type":"Feature","properties":{"id":"lu-nt-north-13-03","class":"built_up","vegetationFraction":0.231,"pavedFraction":0.569,"waterFraction":0.007,"simulated":true},"geometry":{"type":"Polygon","coordinates":[[[114.13279999999999,22.510799999999996],[114.13439999999999,22.510799999999996],[114.13439999999999,22.512399999999996],[114.13279999999999,22.512399999999996],[114.13279999999999,22.510799999999996]]]}},{"type":"Feature","properties":{"id":"lu-nt-north-13-04","class":"urban_open_space","vegetationFraction":0.371,"pavedFraction":0.476,"waterFraction":0.057,"simulated":true},"geometry":{"type":"Polygon","coordinates":[[[114.13439999999999,22.510799999999996],[114.13599999999998,22.510799999999996],[114.13599999999998,22.512399999999996],[114.13439999999999,22.512399999999996],[114.13439999999999,22.510799999999996]]]}},{"type":"Feature","properties":{"id":"lu-nt-north-13-05","class":"urban_open_space","vegetationFraction":0.282,"pavedFraction":0.649,"waterFraction":0.046,"simulated":true},"geometry":{"type":"Polygon","coordinates":[[[114.13599999999998,22.510799999999996],[114.13759999999998,22.510799999999996],[114.13759999999998,22.512399999999996],[114.13599999999998,22.512399999999996],[114.13599999999998,22.510799999999996]]]}},{"type":"Feature","properties":{"id":"lu-nt-north-13-06","class":"urban_open_space","vegetationFraction":0.328,"pavedFraction":0.511,"waterFraction":0.02,"simulated":true},"geometry":{"type":"Polygon","coordinates":[[[114.13759999999998,22.510799999999996],[114.13919999999997,22.510799999999996],[114.13919999999997,22.512399999999996],[114.13759999999998,22.512399999999996],[114.13759999999998,22.510799999999996]]]}},{"type":"Feature","properties":{"id":"lu-nt-north-13-07","class":"green_space","vegetationFraction":0.414,"pavedFraction":0.584,"waterFraction":0.007,"simulated":true},"geometry":{"type":"Polygon","coordinates":[[[114.13919999999997,22.510799999999996],[114.14079999999997,22.510799999999996],[114.14079999999997,22.512399999999996],[114.13919999999997,22.512399999999996],[114.13919999999997,22.510799999999996]]]}},{"type":"Feature","properties":{"id":"lu-nt-north-13-08","class":"urban_open_space","vegetationFraction":0.399,"pavedFraction":0.494,"waterFraction":0.051,"simulated":true},"geometry":{"type":"Polygon","coordinates":[[[114.14079999999997,22.510799999999996],[114.14239999999997,22.510799999999996],[114.14239999999997,22.512399999999996],[114.14079999999997,22.512399999999996],[114.14079999999997,22.510799999999996]]]}},{"type":"Feature","properties":{"id":"lu-nt-north-13-09","class":"green_space","vegetationFraction":0.78,"pavedFraction":0.1,"waterFraction":0.014,"simulated":true},"geometry":{"type":"Polygon","coordinates":[[[114.14239999999997,22.510799999999996],[114.14399999999996,22.510799999999996],[114.14399999999996,22.512399999999996],[114.14239999999997,22.512399999999996],[114.14239999999997,22.510799999999996]]]}},{"type":"Feature","properties":{"id":"lu-nt-north-13-10","class":"green_space","vegetationFraction":0.78,"pavedFraction":0.1,"waterFraction":0.057,"simulated":true},"geometry":{"type":"Polygon","coordinates":[[[114.14399999999996,22.510799999999996],[114.14559999999996,22.510799999999996],[114.14559999999996,22.512399999999996],[114.14399999999996,22.512399999999996],[114.14399999999996,22.510799999999996]]]}},{"type":"Feature","properties":{"id":"lu-nt-north-13-11","class":"green_space","vegetationFraction":0.78,"pavedFraction":0.1,"waterFraction":0.012,"simulated":true},"geometry":{"type":"Polygon","coordinates":[[[114.14559999999996,22.510799999999996],[114.14719999999996,22.510799999999996],[114.14719999999996,22.512399999999996],[114.14559999999996,22.512399999999996],[114.14559999999996,22.510799999999996]]]}},{"type":"Feature","properties":{"id":"lu-nt-north-13-12","class":"green_space","vegetationFraction":0.78,"pavedFraction":0.1,"waterFraction":0.035,"simulated":true},"geometry":{"type":"Polygon","coordinates":[[[114.14719999999996,22.510799999999996],[114.14879999999995,22.510799999999996],[114.14879999999995,22.512399999999996],[114.14719999999996,22.512399999999996],[114.14719999999996,22.510799999999996]]]}},{"type":"Feature","properties":{"id":"lu-nt-north-13-13","class":"green_space","vegetationFraction":0.78,"pavedFraction":0.1,"waterFraction":0.045,"simulated":true},"geometry":{"type":"Polygon","coordinates":[[[114.14879999999995,22.510799999999996],[114.15039999999995,22.510799999999996],[114.15039999999995,22.512399999999996],[114.14879999999995,22.512399999999996],[114.14879999999995,22.510799999999996]]]}},{"type":"Feature","properties":{"id":"lu-nt-north-13-14","class":"green_space","vegetationFraction":0.78,"pavedFraction":0.1,"waterFraction":0.002,"simulated":true},"geometry":{"type":"Polygon","coordinates":[[[114.15039999999995,22.510799999999996],[114.15199999999994,22.510799999999996],[114.15199999999994,22.512399999999996],[114.15039999999995,22.512399999999996],[114.15039999999995,22.510799999999996]]]}},{"type":"Feature","properties":{"id":"lu-nt-north-13-15","class":"green_space","vegetationFraction":0.78,"pavedFraction":0.1,"waterFraction":0.043,"simulated":true},"geometry":{"type":"Polygon","coordinates":[[[114.15199999999994,22.510799999999996],[114.15359999999994,22.510799999999996],[114.15359999999994,22.512399999999996],[114.15199999999994,22.512399999999996],[114.15199999999994,22.510799999999996]]]}},{"type":"Feature","properties":{"id":"lu-nt-north-13-16","class":"green_space","vegetationFraction":0.78,"pavedFraction":0.1,"waterFraction":0.045,"simulated":true},"geometry":{"type":"Polygon","coordinates":[[[114.15359999999994,22.510799999999996],[114.15519999999994,22.510799999999996],[114.15519999999994,22.512399999999996],[114.15359999999994,22.512399999999996],[114.15359999999994,22.510799999999996]]]}},{"type":"Feature","properties":{"id":"lu-nt-north-13-17","class":"urban_open_space","vegetationFraction":0.296,"pavedFraction":0.565,"waterFraction":0.029,"simulated":true},"geometry":{"type":"Polygon","coordinates":[[[114.15519999999994,22.510799999999996],[114.15679999999993,22.510799999999996],[114.15679999999993,22.512399999999996],[114.15519999999994,22.512399999999996],[114.15519999999994,22.510799999999996]]]}},{"type":"Feature","properties":{"id":"lu-nt-north-13-18","class":"built_up","vegetationFraction":0.245,"pavedFraction":0.471,"waterFraction":0.022,"simulated":true},"geometry":{"type":"Polygon","coordinates":[[[114.15679999999993,22.510799999999996],[114.15839999999993,22.510799999999996],[114.15839999999993,22.512399999999996],[114.15679999999993,22.512399999999996],[114.15679999999993,22.510799999999996]]]}},{"type":"Feature","properties":{"id":"lu-nt-north-13-19","class":"urban_open_space","vegetationFraction":0.264,"pavedFraction":0.531,"waterFraction":0.054,"simulated":true},"geometry":{"type":"Polygon","coordinates":[[[114.15839999999993,22.510799999999996],[114.15999999999993,22.510799999999996],[114.15999999999993,22.512399999999996],[114.15839999999993,22.512399999999996],[114.15839999999993,22.510799999999996]]]}},{"type":"Feature","properties":{"id":"lu-nt-north-13-20","class":"urban_open_space","vegetationFraction":0.285,"pavedFraction":0.572,"waterFraction":0.009,"simulated":true},"geometry":{"type":"Polygon","coordinates":[[[114.15999999999993,22.510799999999996],[114.16159999999992,22.510799999999996],[114.16159999999992,22.512399999999996],[114.15999999999993,22.512399999999996],[114.15999999999993,22.510799999999996]]]}},{"type":"Feature","properties":{"id":"lu-nt-north-13-21","class":"urban_open_space","vegetationFraction":0.393,"pavedFraction":0.377,"waterFraction":0.004,"simulated":true},"geometry":{"type":"Polygon","coordinates":[[[114.16159999999992,22.510799999999996],[114.16319999999992,22.510799999999996],[114.16319999999992,22.512399999999996],[114.16159999999992,22.512399999999996],[114.16159999999992,22.510799999999996]]]}},{"type":"Feature","properties":{"id":"lu-nt-north-13-22","class":"urban_open_space","vegetationFraction":0.307,"pavedFraction":0.641,"waterFraction":0.036,"simulated":true},"geometry":{"type":"Polygon","coordinates":[[[114.16319999999992,22.510799999999996],[114.16479999999991,22.510799999999996],[114.16479999999991,22.512399999999996],[114.16319999999992,22.512399999999996],[114.16319999999992,22.510799999999996]]]}},{"type":"Feature","properties":{"id":"lu-nt-north-13-23","class":"built_up","vegetationFraction":0.25,"pavedFraction":0.375,"waterFraction":0.059,"simulated":true},"geometry":{"type":"Polygon","coordinates":[[[114.16479999999991,22.510799999999996],[114.16639999999991,22.510799999999996],[114.16639999999991,22.512399999999996],[114.16479999999991,22.512399999999996],[114.16479999999991,22.510799999999996]]]}},{"type":"Feature","properties":{"id":"lu-nt-north-13-24","class":"urban_open_space","vegetationFraction":0.38,"pavedFraction":0.531,"waterFraction":0.027,"simulated":true},"geometry":{"type":"Polygon","coordinates":[[[114.16639999999991,22.510799999999996],[114.1679999999999,22.510799999999996],[114.1679999999999,22.512399999999996],[114.16639999999991,22.512399999999996],[114.16639999999991,22.510799999999996]]]}},{"type":"Feature","properties":{"id":"lu-nt-north-13-25","class":"urban_open_space","vegetationFraction":0.288,"pavedFraction":0.562,"waterFraction":0.008,"simulated":true},"geometry":{"type":"Polygon","coordinates":[[[114.1679999999999,22.510799999999996],[114.1695999999999,22.510799999999996],[114.1695999999999,22.512399999999996],[114.1679999999999,22.512399999999996],[114.1679999999999,22.510799999999996]]]}},{"type":"Feature","properties":{"id":"lu-nt-north-14-00","class":"green_space","vegetationFraction":0.448,"pavedFraction":0.446,"waterFraction":0.016,"simulated":true},"geometry":{"type":"Polygon","coordinates":[[[114.128,22.512399999999996],[114.1296,22.512399999999996],[114.1296,22.513999999999996],[114.128,22.513999999999996],[114.128,22.512399999999996]]]}},{"type":"Feature","properties":{"id":"lu-nt-north-14-01","class":"green_space","vegetationFraction":0.402,"pavedFraction":0.504,"waterFraction":0.004,"simulated":true},"geometry":{"type":"Polygon","coordinates":[[[114.1296,22.512399999999996],[114.13119999999999,22.512399999999996],[114.13119999999999,22.513999999999996],[114.1296,22.513999999999996],[114.1296,22.512399999999996]]]}},{"type":"Feature","properties":{"id":"lu-nt-north-14-02","class":"built_up","vegetationFraction":0.208,"pavedFraction":0.444,"waterFraction":0.04,"simulated":true},"geometry":{"type":"Polygon","coordinates":[[[114.13119999999999,22.512399999999996],[114.13279999999999,22.512399999999996],[114.13279999999999,22.513999999999996],[114.13119999999999,22.513999999999996],[114.13119999999999,22.512399999999996]]]}},{"type":"Feature","properties":{"id":"lu-nt-north-14-03","class":"urban_open_space","vegetationFraction":0.377,"pavedFraction":0.635,"waterFraction":0.021,"simulated":true},"geometry":{"type":"Polygon","coordinates":[[[114.13279999999999,22.512399999999996],[114.13439999999999,22.512399999999996],[114.13439999999999,22.513999999999996],[114.13279999999999,22.513999999999996],[114.13279999999999,22.512399999999996]]]}},{"type":"Feature","properties":{"id":"lu-nt-north-14-04","class":"urban_open_space","vegetationFraction":0.336,"pavedFraction":0.357,"waterFraction":0.005,"simulated":true},"geometry":{"type":"Polygon","coordinates":[[[114.13439999999999,22.512399999999996],[114.13599999999998,22.512399999999996],[114.13599999999998,22.513999999999996],[114.13439999999999,22.513999999999996],[114.13439999999999,22.512399999999996]]]}},{"type":"Feature","properties":{"id":"lu-nt-north-14-05","class":"urban_open_space","vegetationFraction":0.342,"pavedFraction":0.486,"waterFraction":0.04,"simulated":true},"geometry":{"type":"Polygon","coordinates":[[[114.13599999999998,22.512399999999996],[114.13759999999998,22.512399999999996],[114.13759999999998,22.513999999999996],[114.13599999999998,22.513999999999996],[114.13599999999998,22.512399999999996]]]}},{"type":"Feature","properties":{"id":"lu-nt-north-14-06","class":"urban_open_space","vegetationFraction":0.317,"pavedFraction":0.37,"waterFraction":0.046,"simulated":true},"geometry":{"type":"Polygon","coordinates":[[[114.13759999999998,22.512399999999996],[114.13919999999997,22.512399999999996],[114.13919999999997,22.513999999999996],[114.13759999999998,22.513999999999996],[114.13759999999998,22.512399999999996]]]}},{"type":"Feature","properties":{"id":"lu-nt-north-14-07","class":"urban_open_space","vegetationFraction":0.331,"pavedFraction":0.626,"waterFraction":0.01,"simulated":true},"geometry":{"type":"Polygon","coordinates":[[[114.13919999999997,22.512399999999996],[114.14079999999997,22.512399999999996],[114.14079999999997,22.513999999999996],[114.13919999999997,22.513999999999996],[114.13919999999997,22.512399999999996]]]}},{"type":"Feature","properties":{"id":"lu-nt-north-14-08","class":"built_up","vegetationFraction":0.234,"pavedFraction":0.532,"waterFraction":0.044,"simulated":true},"geometry":{"type":"Polygon","coordinates":[[[114.14079999999997,22.512399999999996],[114.14239999999997,22.512399999999996],[114.14239999999997,22.513999999999996],[114.14079999999997,22.513999999999996],[114.14079999999997,22.512399999999996]]]}},{"type":"Feature","properties":{"id":"lu-nt-north-14-09","class":"green_space","vegetationFraction":0.78,"pavedFraction":0.1,"waterFraction":0.034,"simulated":true},"geometry":{"type":"Polygon","coordinates":[[[114.14239999999997,22.512399999999996],[114.14399999999996,22.512399999999996],[114.14399999999996,22.513999999999996],[114.14239999999997,22.513999999999996],[114.14239999999997,22.512399999999996]]]}},{"type":"Feature","properties":{"id":"lu-nt-north-14-10","class":"green_space","vegetationFraction":0.78,"pavedFraction":0.1,"waterFraction":0.021,"simulated":true},"geometry":{"type":"Polygon","coordinates":[[[114.14399999999996,22.512399999999996],[114.14559999999996,22.512399999999996],[114.14559999999996,22.513999999999996],[114.14399999999996,22.513999999999996],[114.14399999999996,22.512399999999996]]]}},{"type":"Feature","properties":{"id":"lu-nt-north-14-11","class":"green_space","vegetationFraction":0.78,"pavedFraction":0.1,"waterFraction":0.043,"simulated":true},"geometry":{"type":"Polygon","coordinates":[[[114.14559999999996,22.512399999999996],[114.14719999999996,22.512399999999996],[114.14719999999996,22.513999999999996],[114.14559999999996,22.513999999999996],[114.14559999999996,22.512399999999996]]]}},{"type":"Feature","properties":{"id":"lu-nt-north-14-12","class":"green_space","vegetationFraction":0.78,"pavedFraction":0.1,"waterFraction":0.057,"simulated":true},"geometry":{"type":"Polygon","coordinates":[[[114.14719999999996,22.512399999999996],[114.14879999999995,22.512399999999996],[114.14879999999995,22.513999999999996],[114.14719999999996,22.513999999999996],[114.14719999999996,22.512399999999996]]]}},{"type":"Feature","properties":{"id":"lu-nt-north-14-13","class":"green_space","vegetationFraction":0.78,"pavedFraction":0.1,"waterFraction":0.004,"simulated":true},"geometry":{"type":"Polygon","coordinates":[[[114.14879999999995,22.512399999999996],[114.15039999999995,22.512399999999996],[114.15039999999995,22.513999999999996],[114.14879999999995,22.513999999999996],[114.14879999999995,22.512399999999996]]]}},{"type":"Feature","properties":{"id":"lu-nt-north-14-14","class":"green_space","vegetationFraction":0.78,"pavedFraction":0.1,"waterFraction":0.032,"simulated":true},"geometry":{"type":"Polygon","coordinates":[[[114.15039999999995,22.512399999999996],[114.15199999999994,22.512399999999996],[114.15199999999994,22.513999999999996],[114.15039999999995,22.513999999999996],[114.15039999999995,22.512399999999996]]]}},{"type":"Feature","properties":{"id":"lu-nt-north-14-15","class":"green_space","vegetationFraction":0.78,"pavedFraction":0.1,"waterFraction":0.007,"simulated":true},"geometry":{"type":"Polygon","coordinates":[[[114.15199999999994,22.512399999999996],[114.15359999999994,22.512399999999996],[114.15359999999994,22.513999999999996],[114.15199999999994,22.513999999999996],[114.15199999999994,22.512399999999996]]]}},{"type":"Feature","properties":{"id":"lu-nt-north-14-16","class":"green_space","vegetationFraction":0.78,"pavedFraction":0.1,"waterFraction":0.021,"simulated":true},"geometry":{"type":"Polygon","coordinates":[[[114.15359999999994,22.512399999999996],[114.15519999999994,22.512399999999996],[114.15519999999994,22.513999999999996],[114.15359999999994,22.513999999999996],[114.15359999999994,22.512399999999996]]]}},{"type":"Feature","properties":{"id":"lu-nt-north-14-17","class":"green_space","vegetationFraction":0.425,"pavedFraction":0.568,"waterFraction":0.007,"simulated":true},"geometry":{"type":"Polygon","coordinates":[[[114.15519999999994,22.512399999999996],[114.15679999999993,22.512399999999996],[114.15679999999993,22.513999999999996],[114.15519999999994,22.513999999999996],[114.15519999999994,22.512399999999996]]]}},{"type":"Feature","properties":{"id":"lu-nt-north-14-18","class":"urban_open_space","vegetationFraction":0.391,"pavedFraction":0.588,"waterFraction":0.016,"simulated":true},"geometry":{"type":"Polygon","coordinates":[[[114.15679999999993,22.512399999999996],[114.15839999999993,22.512399999999996],[114.15839999999993,22.513999999999996],[114.15679999999993,22.513999999999996],[114.15679999999993,22.512399999999996]]]}},{"type":"Feature","properties":{"id":"lu-nt-north-14-19","class":"built_up","vegetationFraction":0.236,"pavedFraction":0.354,"waterFraction":0.018,"simulated":true},"geometry":{"type":"Polygon","coordinates":[[[114.15839999999993,22.512399999999996],[114.15999999999993,22.512399999999996],[114.15999999999993,22.513999999999996],[114.15839999999993,22.513999999999996],[114.15839999999993,22.512399999999996]]]}},{"type":"Feature","properties":{"id":"lu-nt-north-14-20","class":"green_space","vegetationFraction":0.407,"pavedFraction":0.622,"waterFraction":0.025,"simulated":true},"geometry":{"type":"Polygon","coordinates":[[[114.15999999999993,22.512399999999996],[114.16159999999992,22.512399999999996],[114.16159999999992,22.513999999999996],[114.15999999999993,22.513999999999996],[114.15999999999993,22.512399999999996]]]}},{"type":"Feature","properties":{"id":"lu-nt-north-14-21","class":"urban_open_space","vegetationFraction":0.308,"pavedFraction":0.363,"waterFraction":0.027,"simulated":true},"geometry":{"type":"Polygon","coordinates":[[[114.16159999999992,22.512399999999996],[114.16319999999992,22.512399999999996],[114.16319999999992,22.513999999999996],[114.16159999999992,22.513999999999996],[114.16159999999992,22.512399999999996]]]}},{"type":"Feature","properties":{"id":"lu-nt-north-14-22","class":"green_space","vegetationFraction":0.437,"pavedFraction":0.351,"waterFraction":0.049,"simulated":true},"geometry":{"type":"Polygon","coordinates":[[[114.16319999999992,22.512399999999996],[114.16479999999991,22.512399999999996],[114.16479999999991,22.513999999999996],[114.16319999999992,22.513999999999996],[114.16319999999992,22.512399999999996]]]}},{"type":"Feature","properties":{"id":"lu-nt-north-14-23","class":"built_up","vegetationFraction":0.236,"pavedFraction":0.416,"waterFraction":0.047,"simulated":true},"geometry":{"type":"Polygon","coordinates":[[[114.16479999999991,22.512399999999996],[114.16639999999991,22.512399999999996],[114.16639999999991,22.513999999999996],[114.16479999999991,22.513999999999996],[114.16479999999991,22.512399999999996]]]}},{"type":"Feature","properties":{"id":"lu-nt-north-14-24","class":"urban_open_space","vegetationFraction":0.266,"pavedFraction":0.397,"waterFraction":0.01,"simulated":true},"geometry":{"type":"Polygon","coordinates":[[[114.16639999999991,22.512399999999996],[114.1679999999999,22.512399999999996],[114.1679999999999,22.513999999999996],[114.16639999999991,22.513999999999996],[114.16639999999991,22.512399999999996]]]}},{"type":"Feature","properties":{"id":"lu-nt-north-14-25","class":"built_up","vegetationFraction":0.247,"pavedFraction":0.426,"waterFraction":0.04,"simulated":true},"geometry":{"type":"Polygon","coordinates":[[[114.1679999999999,22.512399999999996],[114.1695999999999,22.512399999999996],[114.1695999999999,22.513999999999996],[114.1679999999999,22.513999999999996],[114.1679999999999,22.512399999999996]]]}},{"type":"Feature","properties":{"id":"lu-nt-north-15-00","class":"urban_open_space","vegetationFraction":0.304,"pavedFraction":0.468,"waterFraction":0.028,"simulated":true},"geometry":{"type":"Polygon","coordinates":[[[114.128,22.513999999999996],[114.1296,22.513999999999996],[114.1296,22.515599999999996],[114.128,22.515599999999996],[114.128,22.513999999999996]]]}},{"type":"Feature","properties":{"id":"lu-nt-north-15-01","class":"urban_open_space","vegetationFraction":0.394,"pavedFraction":0.499,"waterFraction":0.007,"simulated":true},"geometry":{"type":"Polygon","coordinates":[[[114.1296,22.513999999999996],[114.13119999999999,22.513999999999996],[114.13119999999999,22.515599999999996],[114.1296,22.515599999999996],[114.1296,22.513999999999996]]]}},{"type":"Feature","properties":{"id":"lu-nt-north-15-02","class":"green_space","vegetationFraction":0.428,"pavedFraction":0.385,"waterFraction":0.028,"simulated":true},"geometry":{"type":"Polygon","coordinates":[[[114.13119999999999,22.513999999999996],[114.13279999999999,22.513999999999996],[114.13279999999999,22.515599999999996],[114.13119999999999,22.515599999999996],[114.13119999999999,22.513999999999996]]]}},{"type":"Feature","properties":{"id":"lu-nt-north-15-03","class":"built_up","vegetationFraction":0.246,"pavedFraction":0.431,"waterFraction":0.017,"simulated":true},"geometry":{"type":"Polygon","coordinates":[[[114.13279999999999,22.513999999999996],[114.13439999999999,22.513999999999996],[114.13439999999999,22.515599999999996],[114.13279999999999,22.515599999999996],[114.13279999999999,22.513999999999996]]]}},{"type":"Feature","properties":{"id":"lu-nt-north-15-04","class":"green_space","vegetationFraction":0.431,"pavedFraction":0.416,"waterFraction":0.008,"simulated":true},"geometry":{"type":"Polygon","coordinates":[[[114.13439999999999,22.513999999999996],[114.13599999999998,22.513999999999996],[114.13599999999998,22.515599999999996],[114.13439999999999,22.515599999999996],[114.13439999999999,22.513999999999996]]]}},{"type":"Feature","properties":{"id":"lu-nt-north-15-05","class":"urban_open_space","vegetationFraction":0.378,"pavedFraction":0.589,"waterFraction":0.002,"simulated":true},"geometry":{"type":"Polygon","coordinates":[[[114.13599999999998,22.513999999999996],[114.13759999999998,22.513999999999996],[114.13759999999998,22.515599999999996],[114.13599999999998,22.515599999999996],[114.13599999999998,22.513999999999996]]]}},{"type":"Feature","properties":{"id":"lu-nt-north-15-06","class":"urban_open_space","vegetationFraction":0.293,"pavedFraction":0.489,"waterFraction":0.059,"simulated":true},"geometry":{"type":"Polygon","coordinates":[[[114.13759999999998,22.513999999999996],[114.13919999999997,22.513999999999996],[114.13919999999997,22.515599999999996],[114.13759999999998,22.515599999999996],[114.13759999999998,22.513999999999996]]]}},{"type":"Feature","properties":{"id":"lu-nt-north-15-07","class":"urban_open_space","vegetationFraction":0.367,"pavedFraction":0.394,"waterFraction":0.059,"simulated":true},"geometry":{"type":"Polygon","coordinates":[[[114.13919999999997,22.513999999999996],[114.14079999999997,22.513999999999996],[114.14079999999997,22.515599999999996],[114.13919999999997,22.515599999999996],[114.13919999999997,22.513999999999996]]]}},{"type":"Feature","properties":{"id":"lu-nt-north-15-08","class":"green_space","vegetationFraction":0.427,"pavedFraction":0.49,"waterFraction":0.015,"simulated":true},"geometry":{"type":"Polygon","coordinates":[[[114.14079999999997,22.513999999999996],[114.14239999999997,22.513999999999996],[114.14239999999997,22.515599999999996],[114.14079999999997,22.515599999999996],[114.14079999999997,22.513999999999996]]]}},{"type":"Feature","properties":{"id":"lu-nt-north-15-09","class":"green_space","vegetationFraction":0.78,"pavedFraction":0.1,"waterFraction":0.032,"simulated":true},"geometry":{"type":"Polygon","coordinates":[[[114.14239999999997,22.513999999999996],[114.14399999999996,22.513999999999996],[114.14399999999996,22.515599999999996],[114.14239999999997,22.515599999999996],[114.14239999999997,22.513999999999996]]]}},{"type":"Feature","properties":{"id":"lu-nt-north-15-10","class":"green_space","vegetationFraction":0.78,"pavedFraction":0.1,"waterFraction":0.022,"simulated":true},"geometry":{"type":"Polygon","coordinates":[[[114.14399999999996,22.513999999999996],[114.14559999999996,22.513999999999996],[114.14559999999996,22.515599999999996],[114.14399999999996,22.515599999999996],[114.14399999999996,22.513999999999996]]]}},{"type":"Feature","properties":{"id":"lu-nt-north-15-11","class":"green_space","vegetationFraction":0.78,"pavedFraction":0.1,"waterFraction":0.045,"simulated":true},"geometry":{"type":"Polygon","coordinates":[[[114.14559999999996,22.513999999999996],[114.14719999999996,22.513999999999996],[114.14719999999996,22.515599999999996],[114.14559999999996,22.515599999999996],[114.14559999999996,22.513999999999996]]]}},{"type":"Feature","properties":{"id":"lu-nt-north-15-12","class":"green_space","vegetationFraction":0.78,"pavedFraction":0.1,"waterFraction":0.04,"simulated":true},"geometry":{"type":"Polygon","coordinates":[[[114.14719999999996,22.513999999999996],[114.14879999999995,22.513999999999996],[114.14879999999995,22.515599999999996],[114.14719999999996,22.515599999999996],[114.14719999999996,22.513999999999996]]]}},{"type":"Feature","properties":{"id":"lu-nt-north-15-13","class":"green_space","vegetationFraction":0.78,"pavedFraction":0.1,"waterFraction":0.001,"simulated":true},"geometry":{"type":"Polygon","coordinates":[[[114.14879999999995,22.513999999999996],[114.15039999999995,22.513999999999996],[114.15039999999995,22.515599999999996],[114.14879999999995,22.515599999999996],[114.14879999999995,22.513999999999996]]]}},{"type":"Feature","properties":{"id":"lu-nt-north-15-14","class":"green_space","vegetationFraction":0.78,"pavedFraction":0.1,"waterFraction":0.034,"simulated":true},"geometry":{"type":"Polygon","coordinates":[[[114.15039999999995,22.513999999999996],[114.15199999999994,22.513999999999996],[114.15199999999994,22.515599999999996],[114.15039999999995,22.515599999999996],[114.15039999999995,22.513999999999996]]]}},{"type":"Feature","properties":{"id":"lu-nt-north-15-15","class":"green_space","vegetationFraction":0.78,"pavedFraction":0.1,"waterFraction":0.033,"simulated":true},"geometry":{"type":"Polygon","coordinates":[[[114.15199999999994,22.513999999999996],[114.15359999999994,22.513999999999996],[114.15359999999994,22.515599999999996],[114.15199999999994,22.515599999999996],[114.15199999999994,22.513999999999996]]]}},{"type":"Feature","properties":{"id":"lu-nt-north-15-16","class":"green_space","vegetationFraction":0.78,"pavedFraction":0.1,"waterFraction":0.039,"simulated":true},"geometry":{"type":"Polygon","coordinates":[[[114.15359999999994,22.513999999999996],[114.15519999999994,22.513999999999996],[114.15519999999994,22.515599999999996],[114.15359999999994,22.515599999999996],[114.15359999999994,22.513999999999996]]]}},{"type":"Feature","properties":{"id":"lu-nt-north-15-17","class":"green_space","vegetationFraction":0.401,"pavedFraction":0.363,"waterFraction":0.052,"simulated":true},"geometry":{"type":"Polygon","coordinates":[[[114.15519999999994,22.513999999999996],[114.15679999999993,22.513999999999996],[114.15679999999993,22.515599999999996],[114.15519999999994,22.515599999999996],[114.15519999999994,22.513999999999996]]]}},{"type":"Feature","properties":{"id":"lu-nt-north-15-18","class":"green_space","vegetationFraction":0.435,"pavedFraction":0.357,"waterFraction":0.058,"simulated":true},"geometry":{"type":"Polygon","coordinates":[[[114.15679999999993,22.513999999999996],[114.15839999999993,22.513999999999996],[114.15839999999993,22.515599999999996],[114.15679999999993,22.515599999999996],[114.15679999999993,22.513999999999996]]]}},{"type":"Feature","properties":{"id":"lu-nt-north-15-19","class":"urban_open_space","vegetationFraction":0.304,"pavedFraction":0.438,"waterFraction":0.024,"simulated":true},"geometry":{"type":"Polygon","coordinates":[[[114.15839999999993,22.513999999999996],[114.15999999999993,22.513999999999996],[114.15999999999993,22.515599999999996],[114.15839999999993,22.515599999999996],[114.15839999999993,22.513999999999996]]]}},{"type":"Feature","properties":{"id":"lu-nt-north-15-20","class":"green_space","vegetationFraction":0.437,"pavedFraction":0.606,"waterFraction":0.008,"simulated":true},"geometry":{"type":"Polygon","coordinates":[[[114.15999999999993,22.513999999999996],[114.16159999999992,22.513999999999996],[114.16159999999992,22.515599999999996],[114.15999999999993,22.515599999999996],[114.15999999999993,22.513999999999996]]]}},{"type":"Feature","properties":{"id":"lu-nt-north-15-21","class":"urban_open_space","vegetationFraction":0.365,"pavedFraction":0.443,"waterFraction":0.01,"simulated":true},"geometry":{"type":"Polygon","coordinates":[[[114.16159999999992,22.513999999999996],[114.16319999999992,22.513999999999996],[114.16319999999992,22.515599999999996],[114.16159999999992,22.515599999999996],[114.16159999999992,22.513999999999996]]]}},{"type":"Feature","properties":{"id":"lu-nt-north-15-22","class":"built_up","vegetationFraction":0.208,"pavedFraction":0.491,"waterFraction":0.04,"simulated":true},"geometry":{"type":"Polygon","coordinates":[[[114.16319999999992,22.513999999999996],[114.16479999999991,22.513999999999996],[114.16479999999991,22.515599999999996],[114.16319999999992,22.515599999999996],[114.16319999999992,22.513999999999996]]]}},{"type":"Feature","properties":{"id":"lu-nt-north-15-23","class":"urban_open_space","vegetationFraction":0.339,"pavedFraction":0.446,"waterFraction":0.017,"simulated":true},"geometry":{"type":"Polygon","coordinates":[[[114.16479999999991,22.513999999999996],[114.16639999999991,22.513999999999996],[114.16639999999991,22.515599999999996],[114.16479999999991,22.515599999999996],[114.16479999999991,22.513999999999996]]]}},{"type":"Feature","properties":{"id":"lu-nt-north-15-24","class":"built_up","vegetationFraction":0.25,"pavedFraction":0.405,"waterFraction":0.017,"simulated":true},"geometry":{"type":"Polygon","coordinates":[[[114.16639999999991,22.513999999999996],[114.1679999999999,22.513999999999996],[114.1679999999999,22.515599999999996],[114.16639999999991,22.515599999999996],[114.16639999999991,22.513999999999996]]]}},{"type":"Feature","properties":{"id":"lu-nt-north-15-25","class":"built_up","vegetationFraction":0.239,"pavedFraction":0.594,"waterFraction":0.018,"simulated":true},"geometry":{"type":"Polygon","coordinates":[[[114.1679999999999,22.513999999999996],[114.1695999999999,22.513999999999996],[114.1695999999999,22.515599999999996],[114.1679999999999,22.515599999999996],[114.1679999999999,22.513999999999996]]]}},{"type":"Feature","properties":{"id":"lu-nt-north-16-00","class":"built_up","vegetationFraction":0.134,"pavedFraction":0.766,"waterFraction":0.045,"simulated":true},"geometry":{"type":"Polygon","coordinates":[[[114.128,22.515599999999996],[114.1296,22.515599999999996],[114.1296,22.517199999999995],[114.128,22.517199999999995],[114.128,22.515599999999996]]]}},{"type":"Feature","properties":{"id":"lu-nt-north-16-01","class":"built_up","vegetationFraction":0.08,"pavedFraction":0.88,"waterFraction":0.01,"simulated":true},"geometry":{"type":"Polygon","coordinates":[[[114.1296,22.515599999999996],[114.13119999999999,22.515599999999996],[114.13119999999999,22.517199999999995],[114.1296,22.517199999999995],[114.1296,22.515599999999996]]]}},{"type":"Feature","properties":{"id":"lu-nt-north-16-02","class":"built_up","vegetationFraction":0.112,"pavedFraction":0.796,"waterFraction":0.037,"simulated":true},"geometry":{"type":"Polygon","coordinates":[[[114.13119999999999,22.515599999999996],[114.13279999999999,22.515599999999996],[114.13279999999999,22.517199999999995],[114.13119999999999,22.517199999999995],[114.13119999999999,22.515599999999996]]]}},{"type":"Feature","properties":{"id":"lu-nt-north-16-03","class":"built_up","vegetationFraction":0.076,"pavedFraction":0.756,"waterFraction":0.005,"simulated":true},"geometry":{"type":"Polygon","coordinates":[[[114.13279999999999,22.515599999999996],[114.13439999999999,22.515599999999996],[114.13439999999999,22.517199999999995],[114.13279999999999,22.517199999999995],[114.13279999999999,22.515599999999996]]]}},{"type":"Feature","properties":{"id":"lu-nt-north-16-04","class":"built_up","vegetationFraction":0.063,"pavedFraction":0.871,"waterFraction":0.059,"simulated":true},"geometry":{"type":"Polygon","coordinates":[[[114.13439999999999,22.515599999999996],[114.13599999999998,22.515599999999996],[114.13599999999998,22.517199999999995],[114.13439999999999,22.517199999999995],[114.13439999999999,22.515599999999996]]]}},{"type":"Feature","properties":{"id":"lu-nt-north-16-05","class":"built_up","vegetationFraction":0.096,"pavedFraction":0.611,"waterFraction":0.042,"simulated":true},"geometry":{"type":"Polygon","coordinates":[[[114.13599999999998,22.515599999999996],[114.13759999999998,22.515599999999996],[114.13759999999998,22.517199999999995],[114.13599999999998,22.517199999999995],[114.13599999999998,22.515599999999996]]]}},{"type":"Feature","properties":{"id":"lu-nt-north-16-06","class":"built_up","vegetationFraction":0.09,"pavedFraction":0.72,"waterFraction":0.039,"simulated":true},"geometry":{"type":"Polygon","coordinates":[[[114.13759999999998,22.515599999999996],[114.13919999999997,22.515599999999996],[114.13919999999997,22.517199999999995],[114.13759999999998,22.517199999999995],[114.13759999999998,22.515599999999996]]]}},{"type":"Feature","properties":{"id":"lu-nt-north-16-07","class":"built_up","vegetationFraction":0.094,"pavedFraction":0.841,"waterFraction":0.002,"simulated":true},"geometry":{"type":"Polygon","coordinates":[[[114.13919999999997,22.515599999999996],[114.14079999999997,22.515599999999996],[114.14079999999997,22.517199999999995],[114.13919999999997,22.517199999999995],[114.13919999999997,22.515599999999996]]]}},{"type":"Feature","properties":{"id":"lu-nt-north-16-08","class":"built_up","vegetationFraction":0.079,"pavedFraction":0.614,"waterFraction":0.03,"simulated":true},"geometry":{"type":"Polygon","coordinates":[[[114.14079999999997,22.515599999999996],[114.14239999999997,22.515599999999996],[114.14239999999997,22.517199999999995],[114.14079999999997,22.517199999999995],[114.14079999999997,22.515599999999996]]]}},{"type":"Feature","properties":{"id":"lu-nt-north-16-09","class":"built_up","vegetationFraction":0.093,"pavedFraction":0.641,"waterFraction":0.023,"simulated":true},"geometry":{"type":"Polygon","coordinates":[[[114.14239999999997,22.515599999999996],[114.14399999999996,22.515599999999996],[114.14399999999996,22.517199999999995],[114.14239999999997,22.517199999999995],[114.14239999999997,22.515599999999996]]]}},{"type":"Feature","properties":{"id":"lu-nt-north-16-10","class":"built_up","vegetationFraction":0.104,"pavedFraction":0.608,"waterFraction":0.015,"simulated":true},"geometry":{"type":"Polygon","coordinates":[[[114.14399999999996,22.515599999999996],[114.14559999999996,22.515599999999996],[114.14559999999996,22.517199999999995],[114.14399999999996,22.517199999999995],[114.14399999999996,22.515599999999996]]]}},{"type":"Feature","properties":{"id":"lu-nt-north-16-11","class":"built_up","vegetationFraction":0.076,"pavedFraction":0.851,"waterFraction":0.01,"simulated":true},"geometry":{"type":"Polygon","coordinates":[[[114.14559999999996,22.515599999999996],[114.14719999999996,22.515599999999996],[114.14719999999996,22.517199999999995],[114.14559999999996,22.517199999999995],[114.14559999999996,22.515599999999996]]]}},{"type":"Feature","properties":{"id":"lu-nt-north-16-12","class":"built_up","vegetationFraction":0.132,"pavedFraction":0.691,"waterFraction":0.054,"simulated":true},"geometry":{"type":"Polygon","coordinates":[[[114.14719999999996,22.515599999999996],[114.14879999999995,22.515599999999996],[114.14879999999995,22.517199999999995],[114.14719999999996,22.517199999999995],[114.14719999999996,22.515599999999996]]]}},{"type":"Feature","properties":{"id":"lu-nt-north-16-13","class":"built_up","vegetationFraction":0.114,"pavedFraction":0.692,"waterFraction":0.008,"simulated":true},"geometry":{"type":"Polygon","coordinates":[[[114.14879999999995,22.515599999999996],[114.15039999999995,22.515599999999996],[114.15039999999995,22.517199999999995],[114.14879999999995,22.517199999999995],[114.14879999999995,22.515599999999996]]]}},{"type":"Feature","properties":{"id":"lu-nt-north-16-14","class":"built_up","vegetationFraction":0.132,"pavedFraction":0.638,"waterFraction":0.001,"simulated":true},"geometry":{"type":"Polygon","coordinates":[[[114.15039999999995,22.515599999999996],[114.15199999999994,22.515599999999996],[114.15199999999994,22.517199999999995],[114.15039999999995,22.517199999999995],[114.15039999999995,22.515599999999996]]]}},{"type":"Feature","properties":{"id":"lu-nt-north-16-15","class":"built_up","vegetationFraction":0.114,"pavedFraction":0.767,"waterFraction":0.007,"simulated":true},"geometry":{"type":"Polygon","coordinates":[[[114.15199999999994,22.515599999999996],[114.15359999999994,22.515599999999996],[114.15359999999994,22.517199999999995],[114.15199999999994,22.517199999999995],[114.15199999999994,22.515599999999996]]]}},{"type":"Feature","properties":{"id":"lu-nt-north-16-16","class":"built_up","vegetationFraction":0.102,"pavedFraction":0.785,"waterFraction":0.023,"simulated":true},"geometry":{"type":"Polygon","coordinates":[[[114.15359999999994,22.515599999999996],[114.15519999999994,22.515599999999996],[114.15519999999994,22.517199999999995],[114.15359999999994,22.517199999999995],[114.15359999999994,22.515599999999996]]]}},{"type":"Feature","properties":{"id":"lu-nt-north-16-17","class":"built_up","vegetationFraction":0.067,"pavedFraction":0.862,"waterFraction":0.041,"simulated":true},"geometry":{"type":"Polygon","coordinates":[[[114.15519999999994,22.515599999999996],[114.15679999999993,22.515599999999996],[114.15679999999993,22.517199999999995],[114.15519999999994,22.517199999999995],[114.15519999999994,22.515599999999996]]]}},{"type":"Feature","properties":{"id":"lu-nt-north-16-18","class":"built_up","vegetationFraction":0.118,"pavedFraction":0.739,"waterFraction":0.052,"simulated":true},"geometry":{"type":"Polygon","coordinates":[[[114.15679999999993,22.515599999999996],[114.15839999999993,22.515599999999996],[114.15839999999993,22.517199999999995],[114.15679999999993,22.517199999999995],[114.15679999999993,22.515599999999996]]]}},{"type":"Feature","properties":{"id":"lu-nt-north-16-19","class":"built_up","vegetationFraction":0.133,"pavedFraction":0.853,"waterFraction":0.02,"simulated":true},"geometry":{"type":"Polygon","coordinates":[[[114.15839999999993,22.515599999999996],[114.15999999999993,22.515599999999996],[114.15999999999993,22.517199999999995],[114.15839999999993,22.517199999999995],[114.15839999999993,22.515599999999996]]]}},{"type":"Feature","properties":{"id":"lu-nt-north-16-20","class":"built_up","vegetationFraction":0.096,"pavedFraction":0.878,"waterFraction":0.024,"simulated":true},"geometry":{"type":"Polygon","coordinates":[[[114.15999999999993,22.515599999999996],[114.16159999999992,22.515599999999996],[114.16159999999992,22.517199999999995],[114.15999999999993,22.517199999999995],[114.15999999999993,22.515599999999996]]]}},{"type":"Feature","properties":{"id":"lu-nt-north-16-21","class":"built_up","vegetationFraction":0.091,"pavedFraction":0.679,"waterFraction":0.028,"simulated":true},"geometry":{"type":"Polygon","coordinates":[[[114.16159999999992,22.515599999999996],[114.16319999999992,22.515599999999996],[114.16319999999992,22.517199999999995],[114.16159999999992,22.517199999999995],[114.16159999999992,22.515599999999996]]]}},{"type":"Feature","properties":{"id":"lu-nt-north-16-22","class":"built_up","vegetationFraction":0.119,"pavedFraction":0.891,"waterFraction":0.048,"simulated":true},"geometry":{"type":"Polygon","coordinates":[[[114.16319999999992,22.515599999999996],[114.16479999999991,22.515599999999996],[114.16479999999991,22.517199999999995],[114.16319999999992,22.517199999999995],[114.16319999999992,22.515599999999996]]]}},{"type":"Feature","properties":{"id":"lu-nt-north-16-23","class":"built_up","vegetationFraction":0.111,"pavedFraction":0.859,"waterFraction":0.03,"simulated":true},"geometry":{"type":"Polygon","coordinates":[[[114.16479999999991,22.515599999999996],[114.16639999999991,22.515599999999996],[114.16639999999991,22.517199999999995],[114.16479999999991,22.517199999999995],[114.16479999999991,22.515599999999996]]]}},{"type":"Feature","properties":{"id":"lu-nt-north-16-24","class":"built_up","vegetationFraction":0.096,"pavedFraction":0.852,"waterFraction":0.016,"simulated":true},"geometry":{"type":"Polygon","coordinates":[[[114.16639999999991,22.515599999999996],[114.1679999999999,22.515599999999996],[114.1679999999999,22.517199999999995],[114.16639999999991,22.517199999999995],[114.16639999999991,22.515599999999996]]]}},{"type":"Feature","properties":{"id":"lu-nt-north-16-25","class":"built_up","vegetationFraction":0.106,"pavedFraction":0.649,"waterFraction":0.037,"simulated":true},"geometry":{"type":"Polygon","coordinates":[[[114.1679999999999,22.515599999999996],[114.1695999999999,22.515599999999996],[114.1695999999999,22.517199999999995],[114.1679999999999,22.517199999999995],[114.1679999999999,22.515599999999996]]]}},{"type":"Feature","properties":{"id":"lu-nt-north-17-00","class":"built_up","vegetationFraction":0.068,"pavedFraction":0.705,"waterFraction":0.0,"simulated":true},"geometry":{"type":"Polygon","coordinates":[[[114.128,22.517199999999995],[114.1296,22.517199999999995],[114.1296,22.518799999999995],[114.128,22.518799999999995],[114.128,22.517199999999995]]]}},{"type":"Feature","properties":{"id":"lu-nt-north-17-01","class":"built_up","vegetationFraction":0.109,"pavedFraction":0.687,"waterFraction":0.025,"simulated":true},"geometry":{"type":"Polygon","coordinates":[[[114.1296,22.517199999999995],[114.13119999999999,22.517199999999995],[114.13119999999999,22.518799999999995],[114.1296,22.518799999999995],[114.1296,22.517199999999995]]]}},{"type":"Feature","properties":{"id":"lu-nt-north-17-02","class":"built_up","vegetationFraction":0.081,"pavedFraction":0.685,"waterFraction":0.009,"simulated":true},"geometry":{"type":"Polygon","coordinates":[[[114.13119999999999,22.517199999999995],[114.13279999999999,22.517199999999995],[114.13279999999999,22.518799999999995],[114.13119999999999,22.518799999999995],[114.13119999999999,22.517199999999995]]]}},{"type":"Feature","properties":{"id":"lu-nt-north-17-03","class":"built_up","vegetationFraction":0.071,"pavedFraction":0.852,"waterFraction":0.053,"simulated":true},"geometry":{"type":"Polygon","coordinates":[[[114.13279999999999,22.517199999999995],[114.13439999999999,22.517199999999995],[114.13439999999999,22.518799999999995],[114.13279999999999,22.518799999999995],[114.13279999999999,22.517199999999995]]]}},{"type":"Feature","properties":{"id":"lu-nt-north-17-04","class":"built_up","vegetationFraction":0.108,"pavedFraction":0.722,"waterFraction":0.015,"simulated":true},"geometry":{"type":"Polygon","coordinates":[[[114.13439999999999,22.517199999999995],[114.13599999999998,22.517199999999995],[114.13599999999998,22.518799999999995],[114.13439999999999,22.518799999999995],[114.13439999999999,22.517199999999995]]]}},{"type":"Feature","properties":{"id":"lu-nt-north-17-05","class":"built_up","vegetationFraction":0.128,"pavedFraction":0.613,"waterFraction":0.05,"simulated":true},"geometry":{"type":"Polygon","coordinates":[[[114.13599999999998,22.517199999999995],[114.13759999999998,22.517199999999995],[114.13759999999998,22.518799999999995],[114.13599999999998,22.518799999999995],[114.13599999999998,22.517199999999995]]]}},{"type":"Feature","properties":{"id":"lu-nt-north-17-06","class":"built_up","vegetationFraction":0.097,"pavedFraction":0.888,"waterFraction":0.013,"simulated":true},"geometry":{"type":"Polygon","coordinates":[[[114.13759999999998,22.517199999999995],[114.13919999999997,22.517199999999995],[114.13919999999997,22.518799999999995],[114.13759999999998,22.518799999999995],[114.13759999999998,22.517199999999995]]]}},{"type":"Feature","properties":{"id":"lu-nt-north-17-07","class":"built_up","vegetationFraction":0.111,"pavedFraction":0.635,"waterFraction":0.015,"simulated":true},"geometry":{"type":"Polygon","coordinates":[[[114.13919999999997,22.517199999999995],[114.14079999999997,22.517199999999995],[114.14079999999997,22.518799999999995],[114.13919999999997,22.518799999999995],[114.13919999999997,22.517199999999995]]]}},{"type":"Feature","properties":{"id":"lu-nt-north-17-08","class":"built_up","vegetationFraction":0.112,"pavedFraction":0.829,"waterFraction":0.04,"simulated":true},"geometry":{"type":"Polygon","coordinates":[[[114.14079999999997,22.517199999999995],[114.14239999999997,22.517199999999995],[114.14239999999997,22.518799999999995],[114.14079999999997,22.518799999999995],[114.14079999999997,22.517199999999995]]]}},{"type":"Feature","properties":{"id":"lu-nt-north-17-09","class":"built_up","vegetationFraction":0.079,"pavedFraction":0.758,"waterFraction":0.027,"simulated":true},"geometry":{"type":"Polygon","coordinates":[[[114.14239999999997,22.517199999999995],[114.14399999999996,22.517199999999995],[114.14399999999996,22.518799999999995],[114.14239999999997,22.518799999999995],[114.14239999999997,22.517199999999995]]]}},{"type":"Feature","properties":{"id":"lu-nt-north-17-10","class":"built_up","vegetationFraction":0.088,"pavedFraction":0.869,"waterFraction":0.01,"simulated":true},"geometry":{"type":"Polygon","coordinates":[[[114.14399999999996,22.517199999999995],[114.14559999999996,22.517199999999995],[114.14559999999996,22.518799999999995],[114.14399999999996,22.518799999999995],[114.14399999999996,22.517199999999995]]]}},{"type":"Feature","properties":{"id":"lu-nt-north-17-11","class":"built_up","vegetationFraction":0.127,"pavedFraction":0.806,"waterFraction":0.058,"simulated":true},"geometry":{"type":"Polygon","coordinates":[[[114.14559999999996,22.517199999999995],[114.14719999999996,22.517199999999995],[114.14719999999996,22.518799999999995],[114.14559999999996,22.518799999999995],[114.14559999999996,22.517199999999995]]]}},{"type":"Feature","properties":{"id":"lu-nt-north-17-12","class":"built_up","vegetationFraction":0.072,"pavedFraction":0.753,"waterFraction":0.037,"simulated":true},"geometry":{"type":"Polygon","coordinates":[[[114.14719999999996,22.517199999999995],[114.14879999999995,22.517199999999995],[114.14879999999995,22.518799999999995],[114.14719999999996,22.518799999999995],[114.14719999999996,22.517199999999995]]]}},{"type":"Feature","properties":{"id":"lu-nt-north-17-13","class":"built_up","vegetationFraction":0.121,"pavedFraction":0.661,"waterFraction":0.016,"simulated":true},"geometry":{"type":"Polygon","coordinates":[[[114.14879999999995,22.517199999999995],[114.15039999999995,22.517199999999995],[114.15039999999995,22.518799999999995],[114.14879999999995,22.518799999999995],[114.14879999999995,22.517199999999995]]]}},{"type":"Feature","properties":{"id":"lu-nt-north-17-14","class":"built_up","vegetationFraction":0.092,"pavedFraction":0.724,"waterFraction":0.009,"simulated":true},"geometry":{"type":"Polygon","coordinates":[[[114.15039999999995,22.517199999999995],[114.15199999999994,22.517199999999995],[114.15199999999994,22.518799999999995],[114.15039999999995,22.518799999999995],[114.15039999999995,22.517199999999995]]]}},{"type":"Feature","properties":{"id":"lu-nt-north-17-15","class":"built_up","vegetationFraction":0.086,"pavedFraction":0.818,"waterFraction":0.045,"simulated":true},"geometry":{"type":"Polygon","coordinates":[[[114.15199999999994,22.517199999999995],[114.15359999999994,22.517199999999995],[114.15359999999994,22.518799999999995],[114.15199999999994,22.518799999999995],[114.15199999999994,22.517199999999995]]]}},{"type":"Feature","properties":{"id":"lu-nt-north-17-16","class":"built_up","vegetationFraction":0.115,"pavedFraction":0.754,"waterFraction":0.041,"simulated":true},"geometry":{"type":"Polygon","coordinates":[[[114.15359999999994,22.517199999999995],[114.15519999999994,22.517199999999995],[114.15519999999994,22.518799999999995],[114.15359999999994,22.518799999999995],[114.15359999999994,22.517199999999995]]]}},{"type":"Feature","properties":{"id":"lu-nt-north-17-17","class":"built_up","vegetationFraction":0.129,"pavedFraction":0.833,"waterFraction":0.001,"simulated":true},"geometry":{"type":"Polygon","coordinates":[[[114.15519999999994,22.517199999999995],[114.15679999999993,22.517199999999995],[114.15679999999993,22.518799999999995],[114.15519999999994,22.518799999999995],[114.15519999999994,22.517199999999995]]]}},{"type":"Feature","properties":{"id":"lu-nt-north-17-18","class":"built_up","vegetationFraction":0.091,"pavedFraction":0.768,"waterFraction":0.042,"simulated":true},"geometry":{"type":"Polygon","coordinates":[[[114.15679999999993,22.517199999999995],[114.15839999999993,22.517199999999995],[114.15839999999993,22.518799999999995],[114.15679999999993,22.518799999999995],[114.15679999999993,22.517199999999995]]]}},{"type":"Feature","properties":{"id":"lu-nt-north-17-19","class":"built_up","vegetationFraction":0.113,"pavedFraction":0.9,"waterFraction":0.005,"simulated":true},"geometry":{"type":"Polygon","coordinates":[[[114.15839999999993,22.517199999999995],[114.15999999999993,22.517199999999995],[114.15999999999993,22.518799999999995],[114.15839999999993,22.518799999999995],[114.15839999999993,22.517199999999995]]]}},{"type":"Feature","properties":{"id":"lu-nt-north-17-20","class":"built_up","vegetationFraction":0.061,"pavedFraction":0.88,"waterFraction":0.05,"simulated":true},"geometry":{"type":"Polygon","coordinates":[[[114.15999999999993,22.517199999999995],[114.16159999999992,22.517199999999995],[114.16159999999992,22.518799999999995],[114.15999999999993,22.518799999999995],[114.15999999999993,22.517199999999995]]]}},{"type":"Feature","properties":{"id":"lu-nt-north-17-21","class":"built_up","vegetationFraction":0.128,"pavedFraction":0.846,"waterFraction":0.057,"simulated":true},"geometry":{"type":"Polygon","coordinates":[[[114.16159999999992,22.517199999999995],[114.16319999999992,22.517199999999995],[114.16319999999992,22.518799999999995],[114.16159999999992,22.518799999999995],[114.16159999999992,22.517199999999995]]]}},{"type":"Feature","properties":{"id":"lu-nt-north-17-22","class":"built_up","vegetationFraction":0.064,"pavedFraction":0.724,"waterFraction":0.032,"simulated":true},"geometry":{"type":"Polygon","coordinates":[[[114.16319999999992,22.517199999999995],[114.16479999999991,22.517199999999995],[114.16479999999991,22.518799999999995],[114.16319999999992,22.518799999999995],[114.16319999999992,22.517199999999995]]]}},{"type":"Feature","properties":{"id":"lu-nt-north-17-23","class":"built_up","vegetationFraction":0.115,"pavedFraction":0.655,"waterFraction":0.036,"simulated":true},"geometry":{"type":"Polygon","coordinates":[[[114.16479999999991,22.517199999999995],[114.16639999999991,22.517199999999995],[114.16639999999991,22.518799999999995],[114.16479999999991,22.518799999999995],[114.16479999999991,22.517199999999995]]]}},{"type":"Feature","properties":{"id":"lu-nt-north-17-24","class":"built_up","vegetationFraction":0.069,"pavedFraction":0.735,"waterFraction":0.041,"simulated":true},"geometry":{"type":"Polygon","coordinates":[[[114.16639999999991,22.517199999999995],[114.1679999999999,22.517199999999995],[114.1679999999999,22.518799999999995],[114.16639999999991,22.518799999999995],[114.16639999999991,22.517199999999995]]]}},{"type":"Feature","properties":{"id":"lu-nt-north-17-25","class":"built_up","vegetationFraction":0.089,"pavedFraction":0.652,"waterFraction":0.02,"simulated":true},"geometry":{"type":"Polygon","coordinates":[[[114.1679999999999,22.517199999999995],[114.1695999999999,22.517199999999995],[114.1695999999999,22.518799999999995],[114.1679999999999,22.518799999999995],[114.1679999999999,22.517199999999995]]]}},{"type":"Feature","properties":{"id":"lu-nt-north-18-00","class":"built_up","vegetationFraction":0.089,"pavedFraction":0.847,"waterFraction":0.025,"simulated":true},"geometry":{"type":"Polygon","coordinates":[[[114.128,22.518799999999995],[114.1296,22.518799999999995],[114.1296,22.520399999999995],[114.128,22.520399999999995],[114.128,22.518799999999995]]]}},{"type":"Feature","properties":{"id":"lu-nt-north-18-01","class":"built_up","vegetationFraction":0.066,"pavedFraction":0.733,"waterFraction":0.004,"simulated":true},"geometry":{"type":"Polygon","coordinates":[[[114.1296,22.518799999999995],[114.13119999999999,22.518799999999995],[114.13119999999999,22.520399999999995],[114.1296,22.520399999999995],[114.1296,22.518799999999995]]]}},{"type":"Feature","properties":{"id":"lu-nt-north-18-02","class":"built_up","vegetationFraction":0.087,"pavedFraction":0.782,"waterFraction":0.04,"simulated":true},"geometry":{"type":"Polygon","coordinates":[[[114.13119999999999,22.518799999999995],[114.13279999999999,22.518799999999995],[114.13279999999999,22.520399999999995],[114.13119999999999,22.520399999999995],[114.13119999999999,22.518799999999995]]]}},{"type":"Feature","properties":{"id":"lu-nt-north-18-03","class":"built_up","vegetationFraction":0.123,"pavedFraction":0.845,"waterFraction":0.005,"simulated":true},"geometry":{"type":"Polygon","coordinates":[[[114.13279999999999,22.518799999999995],[114.13439999999999,22.518799999999995],[114.13439999999999,22.520399999999995],[114.13279999999999,22.520399999999995],[114.13279999999999,22.518799999999995]]]}},{"type":"Feature","properties":{"id":"lu-nt-north-18-04","class":"built_up","vegetationFraction":0.085,"pavedFraction":0.732,"waterFraction":0.032,"simulated":true},"geometry":{"type":"Polygon","coordinates":[[[114.13439999999999,22.518799999999995],[114.13599999999998,22.518799999999995],[114.13599999999998,22.520399999999995],[114.13439999999999,22.520399999999995],[114.13439999999999,22.518799999999995]]]}},{"type":"Feature","properties":{"id":"lu-nt-north-18-05","class":"built_up","vegetationFraction":0.128,"pavedFraction":0.611,"waterFraction":0.038,"simulated":true},"geometry":{"type":"Polygon","coordinates":[[[114.13599999999998,22.518799999999995],[114.13759999999998,22.518799999999995],[114.13759999999998,22.520399999999995],[114.13599999999998,22.520399999999995],[114.13599999999998,22.518799999999995]]]}},{"type":"Feature","properties":{"id":"lu-nt-north-18-06","class":"built_up","vegetationFraction":0.098,"pavedFraction":0.602,"waterFraction":0.022,"simulated":true},"geometry":{"type":"Polygon","coordinates":[[[114.13759999999998,22.518799999999995],[114.13919999999997,22.518799999999995],[114.13919999999997,22.520399999999995],[114.13759999999998,22.520399999999995],[114.13759999999998,22.518799999999995]]]}},{"type":"Feature","properties":{"id":"lu-nt-north-18-07","class":"built_up","vegetationFraction":0.135,"pavedFraction":0.712,"waterFraction":0.042,"simulated":true},"geometry":{"type":"Polygon","coordinates":[[[114.13919999999997,22.518799999999995],[114.14079999999997,22.518799999999995],[114.14079999999997,22.520399999999995],[114.13919999999997,22.520399999999995],[114.13919999999997,22.518799999999995]]]}},{"type":"Feature","properties":{"id":"lu-nt-north-18-08","class":"built_up","vegetationFraction":0.062,"pavedFraction":0.6,"waterFraction":0.007,"simulated":true},"geometry":{"type":"Polygon","coordinates":[[[114.14079999999997,22.518799999999995],[114.14239999999997,22.518799999999995],[114.14239999999997,22.520399999999995],[114.14079999999997,22.520399999999995],[114.14079999999997,22.518799999999995]]]}},{"type":"Feature","properties":{"id":"lu-nt-north-18-09","class":"built_up","vegetationFraction":0.11,"pavedFraction":0.613,"waterFraction":0.059,"simulated":true},"geometry":{"type":"Polygon","coordinates":[[[114.14239999999997,22.518799999999995],[114.14399999999996,22.518799999999995],[114.14399999999996,22.520399999999995],[114.14239999999997,22.520399999999995],[114.14239999999997,22.518799999999995]]]}},{"type":"Feature","properties":{"id":"lu-nt-north-18-10","class":"built_up","vegetationFraction":0.115,"pavedFraction":0.607,"waterFraction":0.031,"simulated":true},"geometry":{"type":"Polygon","coordinates":[[[114.14399999999996,22.518799999999995],[114.14559999999996,22.518799999999995],[114.14559999999996,22.520399999999995],[114.14399999999996,22.520399999999995],[114.14399999999996,22.518799999999995]]]}},{"type":"Feature","properties":{"id":"lu-nt-north-18-11","class":"built_up","vegetationFraction":0.066,"pavedFraction":0.821,"waterFraction":0.055,"simulated":true},"geometry":{"type":"Polygon","coordinates":[[[114.14559999999996,22.518799999999995],[114.14719999999996,22.518799999999995],[114.14719999999996,22.520399999999995],[114.14559999999996,22.520399999999995],[114.14559999999996,22.518799999999995]]]}},{"type":"Feature","properties":{"id":"lu-nt-north-18-12","class":"built_up","vegetationFraction":0.072,"pavedFraction":0.608,"waterFraction":0.004,"simulated":true},"geometry":{"type":"Polygon","coordinates":[[[114.14719999999996,22.518799999999995],[114.14879999999995,22.518799999999995],[114.14879999999995,22.520399999999995],[114.14719999999996,22.520399999999995],[114.14719999999996,22.518799999999995]]]}},{"type":"Feature","properties":{"id":"lu-nt-north-18-13","class":"built_up","vegetationFraction":0.132,"pavedFraction":0.654,"waterFraction":0.022,"simulated":true},"geometry":{"type":"Polygon","coordinates":[[[114.14879999999995,22.518799999999995],[114.15039999999995,22.518799999999995],[114.15039999999995,22.520399999999995],[114.14879999999995,22.520399999999995],[114.14879999999995,22.518799999999995]]]}},{"type":"Feature","properties":{"id":"lu-nt-north-18-14","class":"built_up","vegetationFraction":0.131,"pavedFraction":0.762,"waterFraction":0.0,"simulated":true},"geometry":{"type":"Polygon","coordinates":[[[114.15039999999995,22.518799999999995],[114.15199999999994,22.518799999999995],[114.15199999999994,22.520399999999995],[114.15039999999995,22.520399999999995],[114.15039999999995,22.518799999999995]]]}},{"type":"Feature","properties":{"id":"lu-nt-north-18-15","class":"built_up","vegetationFraction":0.066,"pavedFraction":0.805,"waterFraction":0.046,"simulated":true},"geometry":{"type":"Polygon","coordinates":[[[114.15199999999994,22.518799999999995],[114.15359999999994,22.518799999999995],[114.15359999999994,22.520399999999995],[114.15199999999994,22.520399999999995],[114.15199999999994,22.518799999999995]]]}},{"type":"Feature","properties":{"id":"lu-nt-north-18-16","class":"built_up","vegetationFraction":0.128,"pavedFraction":0.755,"waterFraction":0.03,"simulated":true},"geometry":{"type":"Polygon","coordinates":[[[114.15359999999994,22.518799999999995],[114.15519999999994,22.518799999999995],[114.15519999999994,22.520399999999995],[114.15359999999994,22.520399999999995],[114.15359999999994,22.518799999999995]]]}},{"type":"Feature","properties":{"id":"lu-nt-north-18-17","class":"built_up","vegetationFraction":0.12,"pavedFraction":0.829,"waterFraction":0.036,"simulated":true},"geometry":{"type":"Polygon","coordinates":[[[114.15519999999994,22.518799999999995],[114.15679999999993,22.518799999999995],[114.15679999999993,22.520399999999995],[114.15519999999994,22.520399999999995],[114.15519999999994,22.518799999999995]]]}},{"type":"Feature","properties":{"id":"lu-nt-north-18-18","class":"built_up","vegetationFraction":0.081,"pavedFraction":0.815,"waterFraction":0.049,"simulated":true},"geometry":{"type":"Polygon","coordinates":[[[114.15679999999993,22.518799999999995],[114.15839999999993,22.518799999999995],[114.15839999999993,22.520399999999995],[114.15679999999993,22.520399999999995],[114.15679999999993,22.518799999999995]]]}},{"type":"Feature","properties":{"id":"lu-nt-north-18-19","class":"built_up","vegetationFraction":0.134,"pavedFraction":0.772,"waterFraction":0.048,"simulated":true},"geometry":{"type":"Polygon","coordinates":[[[114.15839999999993,22.518799999999995],[114.15999999999993,22.518799999999995],[114.15999999999993,22.520399999999995],[114.15839999999993,22.520399999999995],[114.15839999999993,22.518799999999995]]]}},{"type":"Feature","properties":{"id":"lu-nt-north-18-20","class":"built_up","vegetationFraction":0.12,"pavedFraction":0.632,"waterFraction":0.059,"simulated":true},"geometry":{"type":"Polygon","coordinates":[[[114.15999999999993,22.518799999999995],[114.16159999999992,22.518799999999995],[114.16159999999992,22.520399999999995],[114.15999999999993,22.520399999999995],[114.15999999999993,22.518799999999995]]]}},{"type":"Feature","properties":{"id":"lu-nt-north-18-21","class":"built_up","vegetationFraction":0.099,"pavedFraction":0.667,"waterFraction":0.001,"simulated":true},"geometry":{"type":"Polygon","coordinates":[[[114.16159999999992,22.518799999999995],[114.16319999999992,22.518799999999995],[114.16319999999992,22.520399999999995],[114.16159999999992,22.520399999999995],[114.16159999999992,22.518799999999995]]]}},{"type":"Feature","properties":{"id":"lu-nt-north-18-22","class":"built_up","vegetationFraction":0.08,"pavedFraction":0.858,"waterFraction":0.015,"simulated":true},"geometry":{"type":"Polygon","coordinates":[[[114.16319999999992,22.518799999999995],[114.16479999999991,22.518799999999995],[114.16479999999991,22.520399999999995],[114.16319999999992,22.520399999999995],[114.16319999999992,22.518799999999995]]]}},{"type":"Feature","properties":{"id":"lu-nt-north-18-23","class":"built_up","vegetationFraction":0.069,"pavedFraction":0.735,"waterFraction":0.04,"simulated":true},"geometry":{"type":"Polygon","coordinates":[[[114.16479999999991,22.518799999999995],[114.16639999999991,22.518799999999995],[114.16639999999991,22.520399999999995],[114.16479999999991,22.520399999999995],[114.16479999999991,22.518799999999995]]]}},{"type":"Feature","properties":{"id":"lu-nt-north-18-24","class":"built_up","vegetationFraction":0.061,"pavedFraction":0.632,"waterFraction":0.047,"simulated":true},"geometry":{"type":"Polygon","coordinates":[[[114.16639999999991,22.518799999999995],[114.1679999999999,22.518799999999995],[114.1679999999999,22.520399999999995],[114.16639999999991,22.520399999999995],[114.16639999999991,22.518799999999995]]]}},{"type":"Feature","properties":{"id":"lu-nt-north-18-25","class":"built_up","vegetationFraction":0.112,"pavedFraction":0.819,"waterFraction":0.047,"simulated":true},"geometry":{"type":"Polygon","coordinates":[[[114.1679999999999,22.518799999999995],[114.1695999999999,22.518799999999995],[114.1695999999999,22.520399999999995],[114.1679999999999,22.520399999999995],[114.1679999999999,22.518799999999995]]]}},{"type":"Feature","properties":{"id":"lu-nt-north-19-00","class":"built_up","vegetationFraction":0.065,"pavedFraction":0.6,"waterFraction":0.024,"simulated":true},"geometry":{"type":"Polygon","coordinates":[[[114.128,22.520399999999995],[114.1296,22.520399999999995],[114.1296,22.521999999999995],[114.128,22.521999999999995],[114.128,22.520399999999995]]]}},{"type":"Feature","properties":{"id":"lu-nt-north-19-01","class":"built_up","vegetationFraction":0.087,"pavedFraction":0.735,"waterFraction":0.039,"simulated":true},"geometry":{"type":"Polygon","coordinates":[[[114.1296,22.520399999999995],[114.13119999999999,22.520399999999995],[114.13119999999999,22.521999999999995],[114.1296,22.521999999999995],[114.1296,22.520399999999995]]]}},{"type":"Feature","properties":{"id":"lu-nt-north-19-02","class":"built_up","vegetationFraction":0.13,"pavedFraction":0.66,"waterFraction":0.033,"simulated":true},"geometry":{"type":"Polygon","coordinates":[[[114.13119999999999,22.520399999999995],[114.13279999999999,22.520399999999995],[114.13279999999999,22.521999999999995],[114.13119999999999,22.521999999999995],[114.13119999999999,22.520399999999995]]]}},{"type":"Feature","properties":{"id":"lu-nt-north-19-03","class":"built_up","vegetationFraction":0.067,"pavedFraction":0.791,"waterFraction":0.058,"simulated":true},"geometry":{"type":"Polygon","coordinates":[[[114.13279999999999,22.520399999999995],[114.13439999999999,22.520399999999995],[114.13439999999999,22.521999999999995],[114.13279999999999,22.521999999999995],[114.13279999999999,22.520399999999995]]]}},{"type":"Feature","properties":{"id":"lu-nt-north-19-04","class":"built_up","vegetationFraction":0.105,"pavedFraction":0.759,"waterFraction":0.02,"simulated":true},"geometry":{"type":"Polygon","coordinates":[[[114.13439999999999,22.520399999999995],[114.13599999999998,22.520399999999995],[114.13599999999998,22.521999999999995],[114.13439999999999,22.521999999999995],[114.13439999999999,22.520399999999995]]]}},{"type":"Feature","properties":{"id":"lu-nt-north-19-05","class":"built_up","vegetationFraction":0.079,"pavedFraction":0.625,"waterFraction":0.051,"simulated":true},"geometry":{"type":"Polygon","coordinates":[[[114.13599999999998,22.520399999999995],[114.13759999999998,22.520399999999995],[114.13759999999998,22.521999999999995],[114.13599999999998,22.521999999999995],[114.13599999999998,22.520399999999995]]]}},{"type":"Feature","properties":{"id":"lu-nt-north-19-06","class":"built_up","vegetationFraction":0.085,"pavedFraction":0.774,"waterFraction":0.038,"simulated":true},"geometry":{"type":"Polygon","coordinates":[[[114.13759999999998,22.520399999999995],[114.13919999999997,22.520399999999995],[114.13919999999997,22.521999999999995],[114.13759999999998,22.521999999999995],[114.13759999999998,22.520399999999995]]]}},{"type":"Feature","properties":{"id":"lu-nt-north-19-07","class":"built_up","vegetationFraction":0.105,"pavedFraction":0.804,"waterFraction":0.036,"simulated":true},"geometry":{"type":"Polygon","coordinates":[[[114.13919999999997,22.520399999999995],[114.14079999999997,22.520399999999995],[114.14079999999997,22.521999999999995],[114.13919999999997,22.521999999999995],[114.13919999999997,22.520399999999995]]]}},{"type":"Feature","properties":{"id":"lu-nt-north-19-08","class":"built_up","vegetationFraction":0.086,"pavedFraction":0.661,"waterFraction":0.029,"simulated":true},"geometry":{"type":"Polygon","coordinates":[[[114.14079999999997,22.520399999999995],[114.14239999999997,22.520399999999995],[114.14239999999997,22.521999999999995],[114.14079999999997,22.521999999999995],[114.14079999999997,22.520399999999995]]]}},{"type":"Feature","properties":{"id":"lu-nt-north-19-09","class":"built_up","vegetationFraction":0.107,"pavedFraction":0.616,"waterFraction":0.03,"simulated":true},"geometry":{"type":"Polygon","coordinates":[[[114.14239999999997,22.520399999999995],[114.14399999999996,22.520399999999995],[114.14399999999996,22.521999999999995],[114.14239999999997,22.521999999999995],[114.14239999999997,22.520399999999995]]]}},{"type":"Feature","properties":{"id":"lu-nt-north-19-10","class":"built_up","vegetationFraction":0.117,"pavedFraction":0.745,"waterFraction":0.027,"simulated":true},"geometry":{"type":"Polygon","coordinates":[[[114.14399999999996,22.520399999999995],[114.14559999999996,22.520399999999995],[114.14559999999996,22.521999999999995],[114.14399999999996,22.521999999999995],[114.14399999999996,22.520399999999995]]]}},{"type":"Feature","properties":{"id":"lu-nt-north-19-11","class":"built_up","vegetationFraction":0.127,"pavedFraction":0.719,"waterFraction":0.034,"simulated":true},"geometry":{"type":"Polygon","coordinates":[[[114.14559999999996,22.520399999999995],[114.14719999999996,22.520399999999995],[114.14719999999996,22.521999999999995],[114.14559999999996,22.521999999999995],[114.14559999999996,22.520399999999995]]]}},{"type":"Feature","properties":{"id":"lu-nt-north-19-12","class":"built_up","vegetationFraction":0.085,"pavedFraction":0.86,"waterFraction":0.01,"simulated":true},"geometry":{"type":"Polygon","coordinates":[[[114.14719999999996,22.520399999999995],[114.14879999999995,22.520399999999995],[114.14879999999995,22.521999999999995],[114.14719999999996,22.521999999999995],[114.14719999999996,22.520399999999995]]]}},{"type":"Feature","properties":{"id":"lu-nt-north-19-13","class":"built_up","vegetationFraction":0.093,"pavedFraction":0.661,"waterFraction":0.053,"simulated":true},"geometry":{"type":"Polygon","coordinates":[[[114.14879999999995,22.520399999999995],[114.15039999999995,22.520399999999995],[114.15039999999995,22.521999999999995],[114.14879999999995,22.521999999999995],[114.14879999999995,22.520399999999995]]]}},{"type":"Feature","properties":{"id":"lu-nt-north-19-14","class":"built_up","vegetationFraction":0.104,"pavedFraction":0.853,"waterFraction":0.058,"simulated":true},"geometry":{"type":"Polygon","coordinates":[[[114.15039999999995,22.520399999999995],[114.15199999999994,22.520399999999995],[114.15199999999994,22.521999999999995],[114.15039999999995,22.521999999999995],[114.15039999999995,22.520399999999995]]]}},{"type":"Feature","properties":{"id":"lu-nt-north-19-15","class":"built_up","vegetationFraction":0.118,"pavedFraction":0.852,"waterFraction":0.021,"simulated":true},"geometry":{"type":"Polygon","coordinates":[[[114.15199999999994,22.520399999999995],[114.15359999999994,22.520399999999995],[114.15359999999994,22.521999999999995],[114.15199999999994,22.521999999999995],[114.15199999999994,22.520399999999995]]]}},{"type":"Feature","properties":{"id":"lu-nt-north-19-16","class":"built_up","vegetationFraction":0.096,"pavedFraction":0.827,"waterFraction":0.055,"simulated":true},"geometry":{"type":"Polygon","coordinates":[[[114.15359999999994,22.520399999999995],[114.15519999999994,22.520399999999995],[114.15519999999994,22.521999999999995],[114.15359999999994,22.521999999999995],[114.15359999999994,22.520399999999995]]]}},{"type":"Feature","properties":{"id":"lu-nt-north-19-17","class":"built_up","vegetationFraction":0.088,"pavedFraction":0.849,"waterFraction":0.054,"simulated":true},"geometry":{"type":"Polygon","coordinates":[[[114.15519999999994,22.520399999999995],[114.15679999999993,22.520399999999995],[114.15679999999993,22.521999999999995],[114.15519999999994,22.521999999999995],[114.15519999999994,22.520399999999995]]]}},{"type":"Feature","properties":{"id":"lu-nt-north-19-18","class":"built_up","vegetationFraction":0.062,"pavedFraction":0.814,"waterFraction":0.037,"simulated":true},"geometry":{"type":"Polygon","coordinates":[[[114.15679999999993,22.520399999999995],[114.15839999999993,22.520399999999995],[114.15839999999993,22.521999999999995],[114.15679999999993,22.521999999999995],[114.15679999999993,22.520399999999995]]]}},{"type":"Feature","properties":{"id":"lu-nt-north-19-19","class":"built_up","vegetationFraction":0.096,"pavedFraction":0.653,"waterFraction":0.018,"simulated":true},"geometry":{"type":"Polygon","coordinates":[[[114.15839999999993,22.520399999999995],[114.15999999999993,22.520399999999995],[114.15999999999993,22.521999999999995],[114.15839999999993,22.521999999999995],[114.15839999999993,22.520399999999995]]]}},{"type":"Feature","properties":{"id":"lu-nt-north-19-20","class":"built_up","vegetationFraction":0.086,"pavedFraction":0.726,"waterFraction":0.025,"simulated":true},"geometry":{"type":"Polygon","coordinates":[[[114.15999999999993,22.520399999999995],[114.16159999999992,22.520399999999995],[114.16159999999992,22.521999999999995],[114.15999999999993,22.521999999999995],[114.15999999999993,22.520399999999995]]]}},{"type":"Feature","properties":{"id":"lu-nt-north-19-21","class":"built_up","vegetationFraction":0.135,"pavedFraction":0.741,"waterFraction":0.043,"simulated":true},"geometry":{"type":"Polygon","coordinates":[[[114.16159999999992,22.520399999999995],[114.16319999999992,22.520399999999995],[114.16319999999992,22.521999999999995],[114.16159999999992,22.521999999999995],[114.16159999999992,22.520399999999995]]]}},{"type":"Feature","properties":{"id":"lu-nt-north-19-22","class":"built_up","vegetationFraction":0.118,"pavedFraction":0.656,"waterFraction":0.011,"simulated":true},"geometry":{"type":"Polygon","coordinates":[[[114.16319999999992,22.520399999999995],[114.16479999999991,22.520399999999995],[114.16479999999991,22.521999999999995],[114.16319999999992,22.521999999999995],[114.16319999999992,22.520399999999995]]]}},{"type":"Feature","properties":{"id":"lu-nt-north-19-23","class":"built_up","vegetationFraction":0.092,"pavedFraction":0.801,"waterFraction":0.025,"simulated":true},"geometry":{"type":"Polygon","coordinates":[[[114.16479999999991,22.520399999999995],[114.16639999999991,22.520399999999995],[114.16639999999991,22.521999999999995],[114.16479999999991,22.521999999999995],[114.16479999999991,22.520399999999995]]]}},{"type":"Feature","properties":{"id":"lu-nt-north-19-24","class":"built_up","vegetationFraction":0.07,"pavedFraction":0.648,"waterFraction":0.023,"simulated":true},"geometry":{"type":"Polygon","coordinates":[[[114.16639999999991,22.520399999999995],[114.1679999999999,22.520399999999995],[114.1679999999999,22.521999999999995],[114.16639999999991,22.521999999999995],[114.16639999999991,22.520399999999995]]]}},{"type":"Feature","properties":{"id":"lu-nt-north-19-25","class":"built_up","vegetationFraction":0.111,"pavedFraction":0.805,"waterFraction":0.04,"simulated":true},"geometry":{"type":"Polygon","coordinates":[[[114.1679999999999,22.520399999999995],[114.1695999999999,22.520399999999995],[114.1695999999999,22.521999999999995],[114.1679999999999,22.521999999999995],[114.1679999999999,22.520399999999995]]]}},{"type":"Feature","properties":{"id":"lu-nt-north-20-00","class":"built_up","vegetationFraction":0.061,"pavedFraction":0.742,"waterFraction":0.012,"simulated":true},"geometry":{"type":"Polygon","coordinates":[[[114.128,22.521999999999995],[114.1296,22.521999999999995],[114.1296,22.523599999999995],[114.128,22.523599999999995],[114.128,22.521999999999995]]]}},{"type":"Feature","properties":{"id":"lu-nt-north-20-01","class":"built_up","vegetationFraction":0.127,"pavedFraction":0.633,"waterFraction":0.019,"simulated":true},"geometry":{"type":"Polygon","coordinates":[[[114.1296,22.521999999999995],[114.13119999999999,22.521999999999995],[114.13119999999999,22.523599999999995],[114.1296,22.523599999999995],[114.1296,22.521999999999995]]]}},{"type":"Feature","properties":{"id":"lu-nt-north-20-02","class":"built_up","vegetationFraction":0.064,"pavedFraction":0.835,"waterFraction":0.03,"simulated":true},"geometry":{"type":"Polygon","coordinates":[[[114.13119999999999,22.521999999999995],[114.13279999999999,22.521999999999995],[114.13279999999999,22.523599999999995],[114.13119999999999,22.523599999999995],[114.13119999999999,22.521999999999995]]]}},{"type":"Feature","properties":{"id":"lu-nt-north-20-03","class":"built_up","vegetationFraction":0.078,"pavedFraction":0.734,"waterFraction":0.03,"simulated":true},"geometry":{"type":"Polygon","coordinates":[[[114.13279999999999,22.521999999999995],[114.13439999999999,22.521999999999995],[114.13439999999999,22.523599999999995],[114.13279999999999,22.523599999999995],[114.13279999999999,22.521999999999995]]]}},{"type":"Feature","properties":{"id":"lu-nt-north-20-04","class":"built_up","vegetationFraction":0.127,"pavedFraction":0.716,"waterFraction":0.001,"simulated":true},"geometry":{"type":"Polygon","coordinates":[[[114.13439999999999,22.521999999999995],[114.13599999999998,22.521999999999995],[114.13599999999998,22.523599999999995],[114.13439999999999,22.523599999999995],[114.13439999999999,22.521999999999995]]]}},{"type":"Feature","properties":{"id":"lu-nt-north-20-05","class":"built_up","vegetationFraction":0.067,"pavedFraction":0.779,"waterFraction":0.059,"simulated":true},"geometry":{"type":"Polygon","coordinates":[[[114.13599999999998,22.521999999999995],[114.13759999999998,22.521999999999995],[114.13759999999998,22.523599999999995],[114.13599999999998,22.523599999999995],[114.13599999999998,22.521999999999995]]]}},{"type":"Feature","properties":{"id":"lu-nt-north-20-06","class":"built_up","vegetationFraction":0.099,"pavedFraction":0.622,"waterFraction":0.044,"simulated":true},"geometry":{"type":"Polygon","coordinates":[[[114.13759999999998,22.521999999999995],[114.13919999999997,22.521999999999995],[114.13919999999997,22.523599999999995],[114.13759999999998,22.523599999999995],[114.13759999999998,22.521999999999995]]]}},{"type":"Feature","properties":{"id":"lu-nt-north-20-07","class":"built_up","vegetationFraction":0.135,"pavedFraction":0.655,"waterFraction":0.016,"simulated":true},"geometry":{"type":"Polygon","coordinates":[[[114.13919999999997,22.521999999999995],[114.14079999999997,22.521999999999995],[114.14079999999997,22.523599999999995],[114.13919999999997,22.523599999999995],[114.13919999999997,22.521999999999995]]]}},{"type":"Feature","properties":{"id":"lu-nt-north-20-08","class":"built_up","vegetationFraction":0.076,"pavedFraction":0.602,"waterFraction":0.006,"simulated":true},"geometry":{"type":"Polygon","coordinates":[[[114.14079999999997,22.521999999999995],[114.14239999999997,22.521999999999995],[114.14239999999997,22.523599999999995],[114.14079999999997,22.523599999999995],[114.14079999999997,22.521999999999995]]]}},{"type":"Feature","properties":{"id":"lu-nt-north-20-09","class":"built_up","vegetationFraction":0.131,"pavedFraction":0.72,"waterFraction":0.007,"simulated":true},"geometry":{"type":"Polygon","coordinates":[[[114.14239999999997,22.521999999999995],[114.14399999999996,22.521999999999995],[114.14399999999996,22.523599999999995],[114.14239999999997,22.523599999999995],[114.14239999999997,22.521999999999995]]]}},{"type":"Feature","properties":{"id":"lu-nt-north-20-10","class":"built_up","vegetationFraction":0.071,"pavedFraction":0.694,"waterFraction":0.02,"simulated":true},"geometry":{"type":"Polygon","coordinates":[[[114.14399999999996,22.521999999999995],[114.14559999999996,22.521999999999995],[114.14559999999996,22.523599999999995],[114.14399999999996,22.523599999999995],[114.14399999999996,22.521999999999995]]]}},{"type":"Feature","properties":{"id":"lu-nt-north-20-11","class":"built_up","vegetationFraction":0.061,"pavedFraction":0.879,"waterFraction":0.006,"simulated":true},"geometry":{"type":"Polygon","coordinates":[[[114.14559999999996,22.521999999999995],[114.14719999999996,22.521999999999995],[114.14719999999996,22.523599999999995],[114.14559999999996,22.523599999999995],[114.14559999999996,22.521999999999995]]]}},{"type":"Feature","properties":{"id":"lu-nt-north-20-12","class":"built_up","vegetationFraction":0.126,"pavedFraction":0.672,"waterFraction":0.034,"simulated":true},"geometry":{"type":"Polygon","coordinates":[[[114.14719999999996,22.521999999999995],[114.14879999999995,22.521999999999995],[114.14879999999995,22.523599999999995],[114.14719999999996,22.523599999999995],[114.14719999999996,22.521999999999995]]]}},{"type":"Feature","properties":{"id":"lu-nt-north-20-13","class":"built_up","vegetationFraction":0.08,"pavedFraction":0.621,"waterFraction":0.049,"simulated":true},"geometry":{"type":"Polygon","coordinates":[[[114.14879999999995,22.521999999999995],[114.15039999999995,22.521999999999995],[114.15039999999995,22.523599999999995],[114.14879999999995,22.523599999999995],[114.14879999999995,22.521999999999995]]]}},{"type":"Feature","properties":{"id":"lu-nt-north-20-14","class":"built_up","vegetationFraction":0.1,"pavedFraction":0.741,"waterFraction":0.052,"simulated":true},"geometry":{"type":"Polygon","coordinates":[[[114.15039999999995,22.521999999999995],[114.15199999999994,22.521999999999995],[114.15199999999994,22.523599999999995],[114.15039999999995,22.523599999999995],[114.15039999999995,22.521999999999995]]]}},{"type":"Feature","properties":{"id":"lu-nt-north-20-15","class":"built_up","vegetationFraction":0.099,"pavedFraction":0.874,"waterFraction":0.006,"simulated":true},"geometry":{"type":"Polygon","coordinates":[[[114.15199999999994,22.521999999999995],[114.15359999999994,22.521999999999995],[114.15359999999994,22.523599999999995],[114.15199999999994,22.523599999999995],[114.15199999999994,22.521999999999995]]]}},{"type":"Feature","properties":{"id":"lu-nt-north-20-16","class":"built_up","vegetationFraction":0.096,"pavedFraction":0.729,"waterFraction":0.039,"simulated":true},"geometry":{"type":"Polygon","coordinates":[[[114.15359999999994,22.521999999999995],[114.15519999999994,22.521999999999995],[114.15519999999994,22.523599999999995],[114.15359999999994,22.523599999999995],[114.15359999999994,22.521999999999995]]]}},{"type":"Feature","properties":{"id":"lu-nt-north-20-17","class":"built_up","vegetationFraction":0.079,"pavedFraction":0.662,"waterFraction":0.054,"simulated":true},"geometry":{"type":"Polygon","coordinates":[[[114.15519999999994,22.521999999999995],[114.15679999999993,22.521999999999995],[114.15679999999993,22.523599999999995],[114.15519999999994,22.523599999999995],[114.15519999999994,22.521999999999995]]]}},{"type":"Feature","properties":{"id":"lu-nt-north-20-18","class":"built_up","vegetationFraction":0.07,"pavedFraction":0.852,"waterFraction":0.029,"simulated":true},"geometry":{"type":"Polygon","coordinates":[[[114.15679999999993,22.521999999999995],[114.15839999999993,22.521999999999995],[114.15839999999993,22.523599999999995],[114.15679999999993,22.523599999999995],[114.15679999999993,22.521999999999995]]]}},{"type":"Feature","properties":{"id":"lu-nt-north-20-19","class":"built_up","vegetationFraction":0.133,"pavedFraction":0.753,"waterFraction":0.002,"simulated":true},"geometry":{"type":"Polygon","coordinates":[[[114.15839999999993,22.521999999999995],[114.15999999999993,22.521999999999995],[114.15999999999993,22.523599999999995],[114.15839999999993,22.523599999999995],[114.15839999999993,22.521999999999995]]]}},{"type":"Feature","properties":{"id":"lu-nt-north-20-20","class":"built_up","vegetationFraction":0.11,"pavedFraction":0.835,"waterFraction":0.005,"simulated":true},"geometry":{"type":"Polygon","coordinates":[[[114.15999999999993,22.521999999999995],[114.16159999999992,22.521999999999995],[114.16159999999992,22.523599999999995],[114.15999999999993,22.523599999999995],[114.15999999999993,22.521999999999995]]]}},{"type":"Feature","properties":{"id":"lu-nt-north-20-21","class":"built_up","vegetationFraction":0.105,"pavedFraction":0.716,"waterFraction":0.051,"simulated":true},"geometry":{"type":"Polygon","coordinates":[[[114.16159999999992,22.521999999999995],[114.16319999999992,22.521999999999995],[114.16319999999992,22.523599999999995],[114.16159999999992,22.523599999999995],[114.16159999999992,22.521999999999995]]]}},{"type":"Feature","properties":{"id":"lu-nt-north-20-22","class":"built_up","vegetationFraction":0.096,"pavedFraction":0.688,"waterFraction":0.027,"simulated":true},"geometry":{"type":"Polygon","coordinates":[[[114.16319999999992,22.521999999999995],[114.16479999999991,22.521999999999995],[114.16479999999991,22.523599999999995],[114.16319999999992,22.523599999999995],[114.16319999999992,22.521999999999995]]]}},{"type":"Feature","properties":{"id":"lu-nt-north-20-23","class":"built_up","vegetationFraction":0.078,"pavedFraction":0.698,"waterFraction":0.052,"simulated":true},"geometry":{"type":"Polygon","coordinates":[[[114.16479999999991,22.521999999999995],[114.16639999999991,22.521999999999995],[114.16639999999991,22.523599999999995],[114.16479999999991,22.523599999999995],[114.16479999999991,22.521999999999995]]]}},{"type":"Feature","properties":{"id":"lu-nt-north-20-24","class":"built_up","vegetationFraction":0.126,"pavedFraction":0.816,"waterFraction":0.018,"simulated":true},"geometry":{"type":"Polygon","coordinates":[[[114.16639999999991,22.521999999999995],[114.1679999999999,22.521999999999995],[114.1679999999999,22.523599999999995],[114.16639999999991,22.523599999999995],[114.16639999999991,22.521999999999995]]]}},{"type":"Feature","properties":{"id":"lu-nt-north-20-25","class":"built_up","vegetationFraction":0.129,"pavedFraction":0.762,"waterFraction":0.053,"simulated":true},"geometry":{"type":"Polygon","coordinates":[[[114.1679999999999,22.521999999999995],[114.1695999999999,22.521999999999995],[114.1695999999999,22.523599999999995],[114.1679999999999,22.523599999999995],[114.1679999999999,22.521999999999995]]]}},{"type":"Feature","properties":{"id":"lu-nt-north-21-00","class":"built_up","vegetationFraction":0.083,"pavedFraction":0.722,"waterFraction":0.059,"simulated":true},"geometry":{"type":"Polygon","coordinates":[[[114.128,22.523599999999995],[114.1296,22.523599999999995],[114.1296,22.525199999999995],[114.128,22.525199999999995],[114.128,22.523599999999995]]]}},{"type":"Feature","properties":{"id":"lu-nt-north-21-01","class":"built_up","vegetationFraction":0.127,"pavedFraction":0.798,"waterFraction":0.0,"simulated":true},"geometry":{"type":"Polygon","coordinates":[[[114.1296,22.523599999999995],[114.13119999999999,22.523599999999995],[114.13119999999999,22.525199999999995],[114.1296,22.525199999999995],[114.1296,22.523599999999995]]]}},{"type":"Feature","properties":{"id":"lu-nt-north-21-02","class":"built_up","vegetationFraction":0.081,"pavedFraction":0.604,"waterFraction":0.018,"simulated":true},"geometry":{"type":"Polygon","coordinates":[[[114.13119999999999,22.523599999999995],[114.13279999999999,22.523599999999995],[114.13279999999999,22.525199999999995],[114.13119999999999,22.525199999999995],[114.13119999999999,22.523599999999995]]]}},{"type":"Feature","properties":{"id":"lu-nt-north-21-03","class":"built_up","vegetationFraction":0.069,"pavedFraction":0.604,"waterFraction":0.031,"simulated":true},"geometry":{"type":"Polygon","coordinates":[[[114.13279999999999,22.523599999999995],[114.13439999999999,22.523599999999995],[114.13439999999999,22.525199999999995],[114.13279999999999,22.525199999999995],[114.13279999999999,22.523599999999995]]]}},{"type":"Feature","properties":{"id":"lu-nt-north-21-04","class":"built_up","vegetationFraction":0.064,"pavedFraction":0.652,"waterFraction":0.023,"simulated":true},"geometry":{"type":"Polygon","coordinates":[[[114.13439999999999,22.523599999999995],[114.13599999999998,22.523599999999995],[114.13599999999998,22.525199999999995],[114.13439999999999,22.525199999999995],[114.13439999999999,22.523599999999995]]]}},{"type":"Feature","properties":{"id":"lu-nt-north-21-05","class":"built_up","vegetationFraction":0.076,"pavedFraction":0.811,"waterFraction":0.043,"simulated":true},"geometry":{"type":"Polygon","coordinates":[[[114.13599999999998,22.523599999999995],[114.13759999999998,22.523599999999995],[114.13759999999998,22.525199999999995],[114.13599999999998,22.525199999999995],[114.13599999999998,22.523599999999995]]]}},{"type":"Feature","properties":{"id":"lu-nt-north-21-06","class":"built_up","vegetationFraction":0.063,"pavedFraction":0.814,"waterFraction":0.026,"simulated":true},"geometry":{"type":"Polygon","coordinates":[[[114.13759999999998,22.523599999999995],[114.13919999999997,22.523599999999995],[114.13919999999997,22.525199999999995],[114.13759999999998,22.525199999999995],[114.13759999999998,22.523599999999995]]]}},{"type":"Feature","properties":{"id":"lu-nt-north-21-07","class":"built_up","vegetationFraction":0.126,"pavedFraction":0.801,"waterFraction":0.043,"simulated":true},"geometry":{"type":"Polygon","coordinates":[[[114.13919999999997,22.523599999999995],[114.14079999999997,22.523599999999995],[114.14079999999997,22.525199999999995],[114.13919999999997,22.525199999999995],[114.13919999999997,22.523599999999995]]]}},{"type":"Feature","properties":{"id":"lu-nt-north-21-08","class":"built_up","vegetationFraction":0.119,"pavedFraction":0.751,"waterFraction":0.048,"simulated":true},"geometry":{"type":"Polygon","coordinates":[[[114.14079999999997,22.523599999999995],[114.14239999999997,22.523599999999995],[114.14239999999997,22.525199999999995],[114.14079999999997,22.525199999999995],[114.14079999999997,22.523599999999995]]]}},{"type":"Feature","properties":{"id":"lu-nt-north-21-09","class":"built_up","vegetationFraction":0.11,"pavedFraction":0.613,"waterFraction":0.02,"simulated":true},"geometry":{"type":"Polygon","coordinates":[[[114.14239999999997,22.523599999999995],[114.14399999999996,22.523599999999995],[114.14399999999996,22.525199999999995],[114.14239999999997,22.525199999999995],[114.14239999999997,22.523599999999995]]]}},{"type":"Feature","properties":{"id":"lu-nt-north-21-10","class":"built_up","vegetationFraction":0.114,"pavedFraction":0.718,"waterFraction":0.015,"simulated":true},"geometry":{"type":"Polygon","coordinates":[[[114.14399999999996,22.523599999999995],[114.14559999999996,22.523599999999995],[114.14559999999996,22.525199999999995],[114.14399999999996,22.525199999999995],[114.14399999999996,22.523599999999995]]]}},{"type":"Feature","properties":{"id":"lu-nt-north-21-11","class":"built_up","vegetationFraction":0.07,"pavedFraction":0.6,"waterFraction":0.013,"simulated":true},"geometry":{"type":"Polygon","coordinates":[[[114.14559999999996,22.523599999999995],[114.14719999999996,22.523599999999995],[114.14719999999996,22.525199999999995],[114.14559999999996,22.525199999999995],[114.14559999999996,22.523599999999995]]]}},{"type":"Feature","properties":{"id":"lu-nt-north-21-12","class":"built_up","vegetationFraction":0.07,"pavedFraction":0.776,"waterFraction":0.009,"simulated":true},"geometry":{"type":"Polygon","coordinates":[[[114.14719999999996,22.523599999999995],[114.14879999999995,22.523599999999995],[114.14879999999995,22.525199999999995],[114.14719999999996,22.525199999999995],[114.14719999999996,22.523599999999995]]]}},{"type":"Feature","properties":{"id":"lu-nt-north-21-13","class":"built_up","vegetationFraction":0.113,"pavedFraction":0.716,"waterFraction":0.056,"simulated":true},"geometry":{"type":"Polygon","coordinates":[[[114.14879999999995,22.523599999999995],[114.15039999999995,22.523599999999995],[114.15039999999995,22.525199999999995],[114.14879999999995,22.525199999999995],[114.14879999999995,22.523599999999995]]]}},{"type":"Feature","properties":{"id":"lu-nt-north-21-14","class":"built_up","vegetationFraction":0.111,"pavedFraction":0.744,"waterFraction":0.053,"simulated":true},"geometry":{"type":"Polygon","coordinates":[[[114.15039999999995,22.523599999999995],[114.15199999999994,22.523599999999995],[114.15199999999994,22.525199999999995],[114.15039999999995,22.525199999999995],[114.15039999999995,22.523599999999995]]]}},{"type":"Feature","properties":{"id":"lu-nt-north-21-15","class":"built_up","vegetationFraction":0.078,"pavedFraction":0.753,"waterFraction":0.042,"simulated":true},"geometry":{"type":"Polygon","coordinates":[[[114.15199999999994,22.523599999999995],[114.15359999999994,22.523599999999995],[114.15359999999994,22.525199999999995],[114.15199999999994,22.525199999999995],[114.15199999999994,22.523599999999995]]]}},{"type":"Feature","properties":{"id":"lu-nt-north-21-16","class":"built_up","vegetationFraction":0.128,"pavedFraction":0.835,"waterFraction":0.003,"simulated":true},"geometry":{"type":"Polygon","coordinates":[[[114.15359999999994,22.523599999999995],[114.15519999999994,22.523599999999995],[114.15519999999994,22.525199999999995],[114.15359999999994,22.525199999999995],[114.15359999999994,22.523599999999995]]]}},{"type":"Feature","properties":{"id":"lu-nt-north-21-17","class":"built_up","vegetationFraction":0.117,"pavedFraction":0.872,"waterFraction":0.045,"simulated":true},"geometry":{"type":"Polygon","coordinates":[[[114.15519999999994,22.523599999999995],[114.15679999999993,22.523599999999995],[114.15679999999993,22.525199999999995],[114.15519999999994,22.525199999999995],[114.15519999999994,22.523599999999995]]]}},{"type":"Feature","properties":{"id":"lu-nt-north-21-18","class":"built_up","vegetationFraction":0.12,"pavedFraction":0.866,"waterFraction":0.051,"simulated":true},"geometry":{"type":"Polygon","coordinates":[[[114.15679999999993,22.523599999999995],[114.15839999999993,22.523599999999995],[114.15839999999993,22.525199999999995],[114.15679999999993,22.525199999999995],[114.15679999999993,22.523599999999995]]]}},{"type":"Feature","properties":{"id":"lu-nt-north-21-19","class":"built_up","vegetationFraction":0.125,"pavedFraction":0.782,"waterFraction":0.025,"simulated":true},"geometry":{"type":"Polygon","coordinates":[[[114.15839999999993,22.523599999999995],[114.15999999999993,22.523599999999995],[114.15999999999993,22.525199999999995],[114.15839999999993,22.525199999999995],[114.15839999999993,22.523599999999995]]]}},{"type":"Feature","properties":{"id":"lu-nt-north-21-20","class":"built_up","vegetationFraction":0.101,"pavedFraction":0.654,"waterFraction":0.009,"simulated":true},"geometry":{"type":"Polygon","coordinates":[[[114.15999999999993,22.523599999999995],[114.16159999999992,22.523599999999995],[114.16159999999992,22.525199999999995],[114.15999999999993,22.525199999999995],[114.15999999999993,22.523599999999995]]]}},{"type":"Feature","properties":{"id":"lu-nt-north-21-21","class":"built_up","vegetationFraction":0.073,"pavedFraction":0.844,"waterFraction":0.04,"simulated":true},"geometry":{"type":"Polygon","coordinates":[[[114.16159999999992,22.523599999999995],[114.16319999999992,22.523599999999995],[114.16319999999992,22.525199999999995],[114.16159999999992,22.525199999999995],[114.16159999999992,22.523599999999995]]]}},{"type":"Feature","properties":{"id":"lu-nt-north-21-22","class":"built_up","vegetationFraction":0.064,"pavedFraction":0.749,"waterFraction":0.019,"simulated":true},"geometry":{"type":"Polygon","coordinates":[[[114.16319999999992,22.523599999999995],[114.16479999999991,22.523599999999995],[114.16479999999991,22.525199999999995],[114.16319999999992,22.525199999999995],[114.16319999999992,22.523599999999995]]]}},{"type":"Feature","properties":{"id":"lu-nt-north-21-23","class":"built_up","vegetationFraction":0.107,"pavedFraction":0.698,"waterFraction":0.011,"simulated":true},"geometry":{"type":"Polygon","coordinates":[[[114.16479999999991,22.523599999999995],[114.16639999999991,22.523599999999995],[114.16639999999991,22.525199999999995],[114.16479999999991,22.525199999999995],[114.16479999999991,22.523599999999995]]]}},{"type":"Feature","properties":{"id":"lu-nt-north-21-24","class":"built_up","vegetationFraction":0.117,"pavedFraction":0.794,"waterFraction":0.013,"simulated":true},"geometry":{"type":"Polygon","coordinates":[[[114.16639999999991,22.523599999999995],[114.1679999999999,22.523599999999995],[114.1679999999999,22.525199999999995],[114.16639999999991,22.525199999999995],[114.16639999999991,22.523599999999995]]]}},{"type":"Feature","properties":{"id":"lu-nt-north-21-25","class":"built_up","vegetationFraction":0.078,"pavedFraction":0.822,"waterFraction":0.016,"simulated":true},"geometry":{"type":"Polygon","coordinates":[[[114.1679999999999,22.523599999999995],[114.1695999999999,22.523599999999995],[114.1695999999999,22.525199999999995],[114.1679999999999,22.525199999999995],[114.1679999999999,22.523599999999995]]]}},{"type":"Feature","properties":{"id":"lu-nt-north-22-00","class":"urban_open_space","vegetationFraction":0.375,"pavedFraction":0.436,"waterFraction":0.016,"simulated":true},"geometry":{"type":"Polygon","coordinates":[[[114.128,22.525199999999995],[114.1296,22.525199999999995],[114.1296,22.526799999999994],[114.128,22.526799999999994],[114.128,22.525199999999995]]]}},{"type":"Feature","properties":{"id":"lu-nt-north-22-01","class":"urban_open_space","vegetationFraction":0.393,"pavedFraction":0.575,"waterFraction":0.028,"simulated":true},"geometry":{"type":"Polygon","coordinates":[[[114.1296,22.525199999999995],[114.13119999999999,22.525199999999995],[114.13119999999999,22.526799999999994],[114.1296,22.526799999999994],[114.1296,22.525199999999995]]]}},{"type":"Feature","properties":{"id":"lu-nt-north-22-02","class":"built_up","vegetationFraction":0.229,"pavedFraction":0.498,"waterFraction":0.024,"simulated":true},"geometry":{"type":"Polygon","coordinates":[[[114.13119999999999,22.525199999999995],[114.13279999999999,22.525199999999995],[114.13279999999999,22.526799999999994],[114.13119999999999,22.526799999999994],[114.13119999999999,22.525199999999995]]]}},{"type":"Feature","properties":{"id":"lu-nt-north-22-03","class":"urban_open_space","vegetationFraction":0.339,"pavedFraction":0.625,"waterFraction":0.007,"simulated":true},"geometry":{"type":"Polygon","coordinates":[[[114.13279999999999,22.525199999999995],[114.13439999999999,22.525199999999995],[114.13439999999999,22.526799999999994],[114.13279999999999,22.526799999999994],[114.13279999999999,22.525199999999995]]]}},{"type":"Feature","properties":{"id":"lu-nt-north-22-04","class":"urban_open_space","vegetationFraction":0.336,"pavedFraction":0.618,"waterFraction":0.008,"simulated":true},"geometry":{"type":"Polygon","coordinates":[[[114.13439999999999,22.525199999999995],[114.13599999999998,22.525199999999995],[114.13599999999998,22.526799999999994],[114.13439999999999,22.526799999999994],[114.13439999999999,22.525199999999995]]]}},{"type":"Feature","properties":{"id":"lu-nt-north-22-05","class":"urban_open_space","vegetationFraction":0.252,"pavedFraction":0.378,"waterFraction":0.032,"simulated":true},"geometry":{"type":"Polygon","coordinates":[[[114.13599999999998,22.525199999999995],[114.13759999999998,22.525199999999995],[114.13759999999998,22.526799999999994],[114.13599999999998,22.526799999999994],[114.13599999999998,22.525199999999995]]]}},{"type":"Feature","properties":{"id":"lu-nt-north-22-06","class":"urban_open_space","vegetationFraction":0.252,"pavedFraction":0.568,"waterFraction":0.007,"simulated":true},"geometry":{"type":"Polygon","coordinates":[[[114.13759999999998,22.525199999999995],[114.13919999999997,22.525199999999995],[114.13919999999997,22.526799999999994],[114.13759999999998,22.526799999999994],[114.13759999999998,22.525199999999995]]]}},{"type":"Feature","properties":{"id":"lu-nt-north-22-07","class":"built_up","vegetationFraction":0.241,"pavedFraction":0.489,"waterFraction":0.038,"simulated":true},"geometry":{"type":"Polygon","coordinates":[[[114.13919999999997,22.525199999999995],[114.14079999999997,22.525199999999995],[114.14079999999997,22.526799999999994],[114.13919999999997,22.526799999999994],[114.13919999999997,22.525199999999995]]]}},{"type":"Feature","properties":{"id":"lu-nt-north-22-08","class":"green_space","vegetationFraction":0.448,"pavedFraction":0.409,"waterFraction":0.027,"simulated":true},"geometry":{"type":"Polygon","coordinates":[[[114.14079999999997,22.525199999999995],[114.14239999999997,22.525199999999995],[114.14239999999997,22.526799999999994],[114.14079999999997,22.526799999999994],[114.14079999999997,22.525199999999995]]]}},{"type":"Feature","properties":{"id":"lu-nt-north-22-09","class":"urban_open_space","vegetationFraction":0.317,"pavedFraction":0.562,"waterFraction":0.057,"simulated":true},"geometry":{"type":"Polygon","coordinates":[[[114.14239999999997,22.525199999999995],[114.14399999999996,22.525199999999995],[114.14399999999996,22.526799999999994],[114.14239999999997,22.526799999999994],[114.14239999999997,22.525199999999995]]]}},{"type":"Feature","properties":{"id":"lu-nt-north-22-10","class":"green_space","vegetationFraction":0.425,"pavedFraction":0.643,"waterFraction":0.012,"simulated":true},"geometry":{"type":"Polygon","coordinates":[[[114.14399999999996,22.525199999999995],[114.14559999999996,22.525199999999995],[114.14559999999996,22.526799999999994],[114.14399999999996,22.526799999999994],[114.14399999999996,22.525199999999995]]]}},{"type":"Feature","properties":{"id":"lu-nt-north-22-11","class":"urban_open_space","vegetationFraction":0.389,"pavedFraction":0.47,"waterFraction":0.019,"simulated":true},"geometry":{"type":"Polygon","coordinates":[[[114.14559999999996,22.525199999999995],[114.14719999999996,22.525199999999995],[114.14719999999996,22.526799999999994],[114.14559999999996,22.526799999999994],[114.14559999999996,22.525199999999995]]]}},{"type":"Feature","properties":{"id":"lu-nt-north-22-12","class":"built_up","vegetationFraction":0.222,"pavedFraction":0.575,"waterFraction":0.057,"simulated":true},"geometry":{"type":"Polygon","coordinates":[[[114.14719999999996,22.525199999999995],[114.14879999999995,22.525199999999995],[114.14879999999995,22.526799999999994],[114.14719999999996,22.526799999999994],[114.14719999999996,22.525199999999995]]]}},{"type":"Feature","properties":{"id":"lu-nt-north-22-13","class":"urban_open_space","vegetationFraction":0.263,"pavedFraction":0.474,"waterFraction":0.047,"simulated":true},"geometry":{"type":"Polygon","coordinates":[[[114.14879999999995,22.525199999999995],[114.15039999999995,22.525199999999995],[114.15039999999995,22.526799999999994],[114.14879999999995,22.526799999999994],[114.14879999999995,22.525199999999995]]]}},{"type":"Feature","properties":{"id":"lu-nt-north-22-14","class":"urban_open_space","vegetationFraction":0.308,"pavedFraction":0.538,"waterFraction":0.045,"simulated":true},"geometry":{"type":"Polygon","coordinates":[[[114.15039999999995,22.525199999999995],[114.15199999999994,22.525199999999995],[114.15199999999994,22.526799999999994],[114.15039999999995,22.526799999999994],[114.15039999999995,22.525199999999995]]]}},{"type":"Feature","properties":{"id":"lu-nt-north-22-15","class":"urban_open_space","vegetationFraction":0.39,"pavedFraction":0.486,"waterFraction":0.058,"simulated":true},"geometry":{"type":"Polygon","coordinates":[[[114.15199999999994,22.525199999999995],[114.15359999999994,22.525199999999995],[114.15359999999994,22.526799999999994],[114.15199999999994,22.526799999999994],[114.15199999999994,22.525199999999995]]]}},{"type":"Feature","properties":{"id":"lu-nt-north-22-16","class":"urban_open_space","vegetationFraction":0.35,"pavedFraction":0.416,"waterFraction":0.06,"simulated":true},"geometry":{"type":"Polygon","coordinates":[[[114.15359999999994,22.525199999999995],[114.15519999999994,22.525199999999995],[114.15519999999994,22.526799999999994],[114.15359999999994,22.526799999999994],[114.15359999999994,22.525199999999995]]]}},{"type":"Feature","properties":{"id":"lu-nt-north-22-17","class":"urban_open_space","vegetationFraction":0.327,"pavedFraction":0.419,"waterFraction":0.015,"simulated":true},"geometry":{"type":"Polygon","coordinates":[[[114.15519999999994,22.525199999999995],[114.15679999999993,22.525199999999995],[114.15679999999993,22.526799999999994],[114.15519999999994,22.526799999999994],[114.15519999999994,22.525199999999995]]]}},{"type":"Feature","properties":{"id":"lu-nt-north-22-18","class":"green_space","vegetationFraction":0.448,"pavedFraction":0.641,"waterFraction":0.005,"simulated":true},"geometry":{"type":"Polygon","coordinates":[[[114.15679999999993,22.525199999999995],[114.15839999999993,22.525199999999995],[114.15839999999993,22.526799999999994],[114.15679999999993,22.526799999999994],[114.15679999999993,22.525199999999995]]]}},{"type":"Feature","properties":{"id":"lu-nt-north-22-19","class":"urban_open_space","vegetationFraction":0.34,"pavedFraction":0.362,"waterFraction":0.017,"simulated":true},"geometry":{"type":"Polygon","coordinates":[[[114.15839999999993,22.525199999999995],[114.15999999999993,22.525199999999995],[114.15999999999993,22.526799999999994],[114.15839999999993,22.526799999999994],[114.15839999999993,22.525199999999995]]]}},{"type":"Feature","properties":{"id":"lu-nt-north-22-20","class":"built_up","vegetationFraction":0.222,"pavedFraction":0.448,"waterFraction":0.011,"simulated":true},"geometry":{"type":"Polygon","coordinates":[[[114.15999999999993,22.525199999999995],[114.16159999999992,22.525199999999995],[114.16159999999992,22.526799999999994],[114.15999999999993,22.526799999999994],[114.15999999999993,22.525199999999995]]]}},{"type":"Feature","properties":{"id":"lu-nt-north-22-21","class":"built_up","vegetationFraction":0.228,"pavedFraction":0.579,"waterFraction":0.052,"simulated":true},"geometry":{"type":"Polygon","coordinates":[[[114.16159999999992,22.525199999999995],[114.16319999999992,22.525199999999995],[114.16319999999992,22.526799999999994],[114.16159999999992,22.526799999999994],[114.16159999999992,22.525199999999995]]]}},{"type":"Feature","properties":{"id":"lu-nt-north-22-22","class":"urban_open_space","vegetationFraction":0.4,"pavedFraction":0.626,"waterFraction":0.011,"simulated":true},"geometry":{"type":"Polygon","coordinates":[[[114.16319999999992,22.525199999999995],[114.16479999999991,22.525199999999995],[114.16479999999991,22.526799999999994],[114.16319999999992,22.526799999999994],[114.16319999999992,22.525199999999995]]]}},{"type":"Feature","properties":{"id":"lu-nt-north-22-23","class":"green_space","vegetationFraction":0.444,"pavedFraction":0.481,"waterFraction":0.031,"simulated":true},"geometry":{"type":"Polygon","coordinates":[[[114.16479999999991,22.525199999999995],[114.16639999999991,22.525199999999995],[114.16639999999991,22.526799999999994],[114.16479999999991,22.526799999999994],[114.16479999999991,22.525199999999995]]]}},{"type":"Feature","properties":{"id":"lu-nt-north-22-24","class":"urban_open_space","vegetationFraction":0.374,"pavedFraction":0.45,"waterFraction":0.032,"simulated":true},"geometry":{"type":"Polygon","coordinates":[[[114.16639999999991,22.525199999999995],[114.1679999999999,22.525199999999995],[114.1679999999999,22.526799999999994],[114.16639999999991,22.526799999999994],[114.16639999999991,22.525199999999995]]]}},{"type":"Feature","properties":{"id":"lu-nt-north-22-25","class":"urban_open_space","vegetationFraction":0.343,"pavedFraction":0.35,"waterFraction":0.015,"simulated":true},"geometry":{"type":"Polygon","coordinates":[[[114.1679999999999,22.525199999999995],[114.1695999999999,22.525199999999995],[114.1695999999999,22.526799999999994],[114.1679999999999,22.526799999999994],[114.1679999999999,22.525199999999995]]]}},{"type":"Feature","properties":{"id":"lu-nt-north-23-00","class":"urban_open_space","vegetationFraction":0.29,"pavedFraction":0.417,"waterFraction":0.04,"simulated":true},"geometry":{"type":"Polygon","coordinates":[[[114.128,22.526799999999994],[114.1296,22.526799999999994],[114.1296,22.528399999999994],[114.128,22.528399999999994],[114.128,22.526799999999994]]]}},{"type":"Feature","properties":{"id":"lu-nt-north-23-01","class":"urban_open_space","vegetationFraction":0.266,"pavedFraction":0.546,"waterFraction":0.005,"simulated":true},"geometry":{"type":"Polygon","coordinates":[[[114.1296,22.526799999999994],[114.13119999999999,22.526799999999994],[114.13119999999999,22.528399999999994],[114.1296,22.528399999999994],[114.1296,22.526799999999994]]]}},{"type":"Feature","properties":{"id":"lu-nt-north-23-02","class":"built_up","vegetationFraction":0.205,"pavedFraction":0.421,"waterFraction":0.001,"simulated":true},"geometry":{"type":"Polygon","coordinates":[[[114.13119999999999,22.526799999999994],[114.13279999999999,22.526799999999994],[114.13279999999999,22.528399999999994],[114.13119999999999,22.528399999999994],[114.13119999999999,22.526799999999994]]]}},{"type":"Feature","properties":{"id":"lu-nt-north-23-03","class":"urban_open_space","vegetationFraction":0.365,"pavedFraction":0.537,"waterFraction":0.041,"simulated":true},"geometry":{"type":"Polygon","coordinates":[[[114.13279999999999,22.526799999999994],[114.13439999999999,22.526799999999994],[114.13439999999999,22.528399999999994],[114.13279999999999,22.528399999999994],[114.13279999999999,22.526799999999994]]]}},{"type":"Feature","properties":{"id":"lu-nt-north-23-04","class":"urban_open_space","vegetationFraction":0.315,"pavedFraction":0.426,"waterFraction":0.051,"simulated":true},"geometry":{"type":"Polygon","coordinates":[[[114.13439999999999,22.526799999999994],[114.13599999999998,22.526799999999994],[114.13599999999998,22.528399999999994],[114.13439999999999,22.528399999999994],[114.13439999999999,22.526799999999994]]]}},{"type":"Feature","properties":{"id":"lu-nt-north-23-05","class":"urban_open_space","vegetationFraction":0.358,"pavedFraction":0.57,"waterFraction":0.046,"simulated":true},"geometry":{"type":"Polygon","coordinates":[[[114.13599999999998,22.526799999999994],[114.13759999999998,22.526799999999994],[114.13759999999998,22.528399999999994],[114.13599999999998,22.528399999999994],[114.13599999999998,22.526799999999994]]]}},{"type":"Feature","properties":{"id":"lu-nt-north-23-06","class":"urban_open_space","vegetationFraction":0.368,"pavedFraction":0.417,"waterFraction":0.029,"simulated":true},"geometry":{"type":"Polygon","coordinates":[[[114.13759999999998,22.526799999999994],[114.13919999999997,22.526799999999994],[114.13919999999997,22.528399999999994],[114.13759999999998,22.528399999999994],[114.13759999999998,22.526799999999994]]]}},{"type":"Feature","properties":{"id":"lu-nt-north-23-07","class":"urban_open_space","vegetationFraction":0.392,"pavedFraction":0.383,"waterFraction":0.015,"simulated":true},"geometry":{"type":"Polygon","coordinates":[[[114.13919999999997,22.526799999999994],[114.14079999999997,22.526799999999994],[114.14079999999997,22.528399999999994],[114.13919999999997,22.528399999999994],[114.13919999999997,22.526799999999994]]]}},{"type":"Feature","properties":{"id":"lu-nt-north-23-08","class":"urban_open_space","vegetationFraction":0.271,"pavedFraction":0.601,"waterFraction":0.053,"simulated":true},"geometry":{"type":"Polygon","coordinates":[[[114.14079999999997,22.526799999999994],[114.14239999999997,22.526799999999994],[114.14239999999997,22.528399999999994],[114.14079999999997,22.528399999999994],[114.14079999999997,22.526799999999994]]]}},{"type":"Feature","properties":{"id":"lu-nt-north-23-09","class":"urban_open_space","vegetationFraction":0.376,"pavedFraction":0.591,"waterFraction":0.034,"simulated":true},"geometry":{"type":"Polygon","coordinates":[[[114.14239999999997,22.526799999999994],[114.14399999999996,22.526799999999994],[114.14399999999996,22.528399999999994],[114.14239999999997,22.528399999999994],[114.14239999999997,22.526799999999994]]]}},{"type":"Feature","properties":{"id":"lu-nt-north-23-10","class":"urban_open_space","vegetationFraction":0.381,"pavedFraction":0.514,"waterFraction":0.036,"simulated":true},"geometry":{"type":"Polygon","coordinates":[[[114.14399999999996,22.526799999999994],[114.14559999999996,22.526799999999994],[114.14559999999996,22.528399999999994],[114.14399999999996,22.528399999999994],[114.14399999999996,22.526799999999994]]]}},{"type":"Feature","properties":{"id":"lu-nt-north-23-11","class":"urban_open_space","vegetationFraction":0.312,"pavedFraction":0.35,"waterFraction":0.049,"simulated":true},"geometry":{"type":"Polygon","coordinates":[[[114.14559999999996,22.526799999999994],[114.14719999999996,22.526799999999994],[114.14719999999996,22.528399999999994],[114.14559999999996,22.528399999999994],[114.14559999999996,22.526799999999994]]]}},{"type":"Feature","properties":{"id":"lu-nt-north-23-12","class":"green_space","vegetationFraction":0.432,"pavedFraction":0.577,"waterFraction":0.035,"simulated":true},"geometry":{"type":"Polygon","coordinates":[[[114.14719999999996,22.526799999999994],[114.14879999999995,22.526799999999994],[114.14879999999995,22.528399999999994],[114.14719999999996,22.528399999999994],[114.14719999999996,22.526799999999994]]]}},{"type":"Feature","properties":{"id":"lu-nt-north-23-13","class":"built_up","vegetationFraction":0.247,"pavedFraction":0.366,"waterFraction":0.038,"simulated":true},"geometry":{"type":"Polygon","coordinates":[[[114.14879999999995,22.526799999999994],[114.15039999999995,22.526799999999994],[114.15039999999995,22.528399999999994],[114.14879999999995,22.528399999999994],[114.14879999999995,22.526799999999994]]]}},{"type":"Feature","properties":{"id":"lu-nt-north-23-14","class":"built_up","vegetationFraction":0.209,"pavedFraction":0.638,"waterFraction":0.002,"simulated":true},"geometry":{"type":"Polygon","coordinates":[[[114.15039999999995,22.526799999999994],[114.15199999999994,22.526799999999994],[114.15199999999994,22.528399999999994],[114.15039999999995,22.528399999999994],[114.15039999999995,22.526799999999994]]]}},{"type":"Feature","properties":{"id":"lu-nt-north-23-15","class":"built_up","vegetationFraction":0.2,"pavedFraction":0.557,"waterFraction":0.017,"simulated":true},"geometry":{"type":"Polygon","coordinates":[[[114.15199999999994,22.526799999999994],[114.15359999999994,22.526799999999994],[114.15359999999994,22.528399999999994],[114.15199999999994,22.528399999999994],[114.15199999999994,22.526799999999994]]]}},{"type":"Feature","properties":{"id":"lu-nt-north-23-16","class":"built_up","vegetationFraction":0.233,"pavedFraction":0.518,"waterFraction":0.049,"simulated":true},"geometry":{"type":"Polygon","coordinates":[[[114.15359999999994,22.526799999999994],[114.15519999999994,22.526799999999994],[114.15519999999994,22.528399999999994],[114.15359999999994,22.528399999999994],[114.15359999999994,22.526799999999994]]]}},{"type":"Feature","properties":{"id":"lu-nt-north-23-17","class":"built_up","vegetationFraction":0.226,"pavedFraction":0.525,"waterFraction":0.052,"simulated":true},"geometry":{"type":"Polygon","coordinates":[[[114.15519999999994,22.526799999999994],[114.15679999999993,22.526799999999994],[114.15679999999993,22.528399999999994],[114.15519999999994,22.528399999999994],[114.15519999999994,22.526799999999994]]]}},{"type":"Feature","properties":{"id":"lu-nt-north-23-18","class":"built_up","vegetationFraction":0.24,"pavedFraction":0.405,"waterFraction":0.028,"simulated":true},"geometry":{"type":"Polygon","coordinates":[[[114.15679999999993,22.526799999999994],[114.15839999999993,22.526799999999994],[114.15839999999993,22.528399999999994],[114.15679999999993,22.528399999999994],[114.15679999999993,22.526799999999994]]]}},{"type":"Feature","properties":{"id":"lu-nt-north-23-19","class":"green_space","vegetationFraction":0.436,"pavedFraction":0.404,"waterFraction":0.043,"simulated":true},"geometry":{"type":"Polygon","coordinates":[[[114.15839999999993,22.526799999999994],[114.15999999999993,22.526799999999994],[114.15999999999993,22.528399999999994],[114.15839999999993,22.528399999999994],[114.15839999999993,22.526799999999994]]]}},{"type":"Feature","properties":{"id":"lu-nt-north-23-20","class":"urban_open_space","vegetationFraction":0.322,"pavedFraction":0.562,"waterFraction":0.01,"simulated":true},"geometry":{"type":"Polygon","coordinates":[[[114.15999999999993,22.526799999999994],[114.16159999999992,22.526799999999994],[114.16159999999992,22.528399999999994],[114.15999999999993,22.528399999999994],[114.15999999999993,22.526799999999994]]]}},{"type":"Feature","properties":{"id":"lu-nt-north-23-21","class":"urban_open_space","vegetationFraction":0.337,"pavedFraction":0.639,"waterFraction":0.006,"simulated":true},"geometry":{"type":"Polygon","coordinates":[[[114.16159999999992,22.526799999999994],[114.16319999999992,22.526799999999994],[114.16319999999992,22.528399999999994],[114.16159999999992,22.528399999999994],[114.16159999999992,22.526799999999994]]]}},{"type":"Feature","properties":{"id":"lu-nt-north-23-22","class":"urban_open_space","vegetationFraction":0.36,"pavedFraction":0.631,"waterFraction":0.047,"simulated":true},"geometry":{"type":"Polygon","coordinates":[[[114.16319999999992,22.526799999999994],[114.16479999999991,22.526799999999994],[114.16479999999991,22.528399999999994],[114.16319999999992,22.528399999999994],[114.16319999999992,22.526799999999994]]]}},{"type":"Feature","properties":{"id":"lu-nt-north-23-23","class":"urban_open_space","vegetationFraction":0.278,"pavedFraction":0.584,"waterFraction":0.033,"simulated":true},"geometry":{"type":"Polygon","coordinates":[[[114.16479999999991,22.526799999999994],[114.16639999999991,22.526799999999994],[114.16639999999991,22.528399999999994],[114.16479999999991,22.528399999999994],[114.16479999999991,22.526799999999994]]]}},{"type":"Feature","properties":{"id":"lu-nt-north-23-24","class":"built_up","vegetationFraction":0.234,"pavedFraction":0.423,"waterFraction":0.006,"simulated":true},"geometry":{"type":"Polygon","coordinates":[[[114.16639999999991,22.526799999999994],[114.1679999999999,22.526799999999994],[114.1679999999999,22.528399999999994],[114.16639999999991,22.528399999999994],[114.16639999999991,22.526799999999994]]]}},{"type":"Feature","properties":{"id":"lu-nt-north-23-25","class":"urban_open_space","vegetationFraction":0.386,"pavedFraction":0.491,"waterFraction":0.057,"simulated":true},"geometry":{"type":"Polygon","coordinates":[[[114.1679999999999,22.526799999999994],[114.1695999999999,22.526799999999994],[114.1695999999999,22.528399999999994],[114.1679999999999,22.528399999999994],[114.1679999999999,22.526799999999994]]]}},{"type":"Feature","properties":{"id":"lu-nt-north-24-00","class":"green_space","vegetationFraction":0.416,"pavedFraction":0.562,"waterFraction":0.052,"simulated":true},"geometry":{"type":"Polygon","coordinates":[[[114.128,22.528399999999994],[114.1296,22.528399999999994],[114.1296,22.529999999999994],[114.128,22.529999999999994],[114.128,22.528399999999994]]]}},{"type":"Feature","properties":{"id":"lu-nt-north-24-01","class":"built_up","vegetationFraction":0.225,"pavedFraction":0.506,"waterFraction":0.048,"simulated":true},"geometry":{"type":"Polygon","coordinates":[[[114.1296,22.528399999999994],[114.13119999999999,22.528399999999994],[114.13119999999999,22.529999999999994],[114.1296,22.529999999999994],[114.1296,22.528399999999994]]]}},{"type":"Feature","properties":{"id":"lu-nt-north-24-02","class":"green_space","vegetationFraction":0.439,"pavedFraction":0.445,"waterFraction":0.029,"simulated":true},"geometry":{"type":"Polygon","coordinates":[[[114.13119999999999,22.528399999999994],[114.13279999999999,22.528399999999994],[114.13279999999999,22.529999999999994],[114.13119999999999,22.529999999999994],[114.13119999999999,22.528399999999994]]]}},{"type":"Feature","properties":{"id":"lu-nt-north-24-03","class":"urban_open_space","vegetationFraction":0.327,"pavedFraction":0.483,"waterFraction":0.026,"simulated":true},"geometry":{"type":"Polygon","coordinates":[[[114.13279999999999,22.528399999999994],[114.13439999999999,22.528399999999994],[114.13439999999999,22.529999999999994],[114.13279999999999,22.529999999999994],[114.13279999999999,22.528399999999994]]]}},{"type":"Feature","properties":{"id":"lu-nt-north-24-04","class":"built_up","vegetationFraction":0.228,"pavedFraction":0.464,"waterFraction":0.058,"simulated":true},"geometry":{"type":"Polygon","coordinates":[[[114.13439999999999,22.528399999999994],[114.13599999999998,22.528399999999994],[114.13599999999998,22.529999999999994],[114.13439999999999,22.529999999999994],[114.13439999999999,22.528399999999994]]]}},{"type":"Feature","properties":{"id":"lu-nt-north-24-05","class":"urban_open_space","vegetationFraction":0.266,"pavedFraction":0.496,"waterFraction":0.046,"simulated":true},"geometry":{"type":"Polygon","coordinates":[[[114.13599999999998,22.528399999999994],[114.13759999999998,22.528399999999994],[114.13759999999998,22.529999999999994],[114.13599999999998,22.529999999999994],[114.13599999999998,22.528399999999994]]]}},{"type":"Feature","properties":{"id":"lu-nt-north-24-06","class":"built_up","vegetationFraction":0.222,"pavedFraction":0.377,"waterFraction":0.042,"simulated":true},"geometry":{"type":"Polygon","coordinates":[[[114.13759999999998,22.528399999999994],[114.13919999999997,22.528399999999994],[114.13919999999997,22.529999999999994],[114.13759999999998,22.529999999999994],[114.13759999999998,22.528399999999994]]]}},{"type":"Feature","properties":{"id":"lu-nt-north-24-07","class":"built_up","vegetationFraction":0.21,"pavedFraction":0.429,"waterFraction":0.018,"simulated":true},"geometry":{"type":"Polygon","coordinates":[[[114.13919999999997,22.528399999999994],[114.14079999999997,22.528399999999994],[114.14079999999997,22.529999999999994],[114.13919999999997,22.529999999999994],[114.13919999999997,22.528399999999994]]]}},{"type":"Feature","properties":{"id":"lu-nt-north-24-08","class":"built_up","vegetationFraction":0.233,"pavedFraction":0.466,"waterFraction":0.015,"simulated":true},"geometry":{"type":"Polygon","coordinates":[[[114.14079999999997,22.528399999999994],[114.14239999999997,22.528399999999994],[114.14239999999997,22.529999999999994],[114.14079999999997,22.529999999999994],[114.14079999999997,22.528399999999994]]]}},{"type":"Feature","properties":{"id":"lu-nt-north-24-09","class":"urban_open_space","vegetationFraction":0.362,"pavedFraction":0.464,"waterFraction":0.051,"simulated":true},"geometry":{"type":"Polygon","coordinates":[[[114.14239999999997,22.528399999999994],[114.14399999999996,22.528399999999994],[114.14399999999996,22.529999999999994],[114.14239999999997,22.529999999999994],[114.14239999999997,22.528399999999994]]]}},{"type":"Feature","properties":{"id":"lu-nt-north-24-10","class":"built_up","vegetationFraction":0.247,"pavedFraction":0.611,"waterFraction":0.058,"simulated":true},"geometry":{"type":"Polygon","coordinates":[[[114.14399999999996,22.528399999999994],[114.14559999999996,22.528399999999994],[114.14559999999996,22.529999999999994],[114.14399999999996,22.529999999999994],[114.14399999999996,22.528399999999994]]]}},{"type":"Feature","properties":{"id":"lu-nt-north-24-11","class":"urban_open_space","vegetationFraction":0.252,"pavedFraction":0.531,"waterFraction":0.018,"simulated":true},"geometry":{"type":"Polygon","coordinates":[[[114.14559999999996,22.528399999999994],[114.14719999999996,22.528399999999994],[114.14719999999996,22.529999999999994],[114.14559999999996,22.529999999999994],[114.14559999999996,22.528399999999994]]]}},{"type":"Feature","properties":{"id":"lu-nt-north-24-12","class":"urban_open_space","vegetationFraction":0.355,"pavedFraction":0.645,"waterFraction":0.013,"simulated":true},"geometry":{"type":"Polygon","coordinates":[[[114.14719999999996,22.528399999999994],[114.14879999999995,22.528399999999994],[114.14879999999995,22.529999999999994],[114.14719999999996,22.529999999999994],[114.14719999999996,22.528399999999994]]]}},{"type":"Feature","properties":{"id":"lu-nt-north-24-13","class":"green_space","vegetationFraction":0.441,"pavedFraction":0.396,"waterFraction":0.059,"simulated":true},"geometry":{"type":"Polygon","coordinates":[[[114.14879999999995,22.528399999999994],[114.15039999999995,22.528399999999994],[114.15039999999995,22.529999999999994],[114.14879999999995,22.529999999999994],[114.14879999999995,22.528399999999994]]]}},{"type":"Feature","properties":{"id":"lu-nt-north-24-14","class":"urban_open_space","vegetationFraction":0.345,"pavedFraction":0.464,"waterFraction":0.017,"simulated":true},"geometry":{"type":"Polygon","coordinates":[[[114.15039999999995,22.528399999999994],[114.15199999999994,22.528399999999994],[114.15199999999994,22.529999999999994],[114.15039999999995,22.529999999999994],[114.15039999999995,22.528399999999994]]]}},{"type":"Feature","properties":{"id":"lu-nt-north-24-15","class":"urban_open_space","vegetationFraction":0.382,"pavedFraction":0.648,"waterFraction":0.045,"simulated":true},"geometry":{"type":"Polygon","coordinates":[[[114.15199999999994,22.528399999999994],[114.15359999999994,22.528399999999994],[114.15359999999994,22.529999999999994],[114.15199999999994,22.529999999999994],[114.15199999999994,22.528399999999994]]]}},{"type":"Feature","properties":{"id":"lu-nt-north-24-16","class":"built_up","vegetationFraction":0.213,"pavedFraction":0.472,"waterFraction":0.057,"simulated":true},"geometry":{"type":"Polygon","coordinates":[[[114.15359999999994,22.528399999999994],[114.15519999999994,22.528399999999994],[114.15519999999994,22.529999999999994],[114.15359999999994,22.529999999999994],[114.15359999999994,22.528399999999994]]]}},{"type":"Feature","properties":{"id":"lu-nt-north-24-17","class":"green_space","vegetationFraction":0.434,"pavedFraction":0.438,"waterFraction":0.017,"simulated":true},"geometry":{"type":"Polygon","coordinates":[[[114.15519999999994,22.528399999999994],[114.15679999999993,22.528399999999994],[114.15679999999993,22.529999999999994],[114.15519999999994,22.529999999999994],[114.15519999999994,22.528399999999994]]]}},{"type":"Feature","properties":{"id":"lu-nt-north-24-18","class":"built_up","vegetationFraction":0.23,"pavedFraction":0.43,"waterFraction":0.056,"simulated":true},"geometry":{"type":"Polygon","coordinates":[[[114.15679999999993,22.528399999999994],[114.15839999999993,22.528399999999994],[114.15839999999993,22.529999999999994],[114.15679999999993,22.529999999999994],[114.15679999999993,22.528399999999994]]]}},{"type":"Feature","properties":{"id":"lu-nt-north-24-19","class":"green_space","vegetationFraction":0.434,"pavedFraction":0.505,"waterFraction":0.044,"simulated":true},"geometry":{"type":"Polygon","coordinates":[[[114.15839999999993,22.528399999999994],[114.15999999999993,22.528399999999994],[114.15999999999993,22.529999999999994],[114.15839999999993,22.529999999999994],[114.15839999999993,22.528399999999994]]]}},{"type":"Feature","properties":{"id":"lu-nt-north-24-20","class":"urban_open_space","vegetationFraction":0.373,"pavedFraction":0.456,"waterFraction":0.042,"simulated":true},"geometry":{"type":"Polygon","coordinates":[[[114.15999999999993,22.528399999999994],[114.16159999999992,22.528399999999994],[114.16159999999992,22.529999999999994],[114.15999999999993,22.529999999999994],[114.15999999999993,22.528399999999994]]]}},{"type":"Feature","properties":{"id":"lu-nt-north-24-21","class":"urban_open_space","vegetationFraction":0.314,"pavedFraction":0.478,"waterFraction":0.003,"simulated":true},"geometry":{"type":"Polygon","coordinates":[[[114.16159999999992,22.528399999999994],[114.16319999999992,22.528399999999994],[114.16319999999992,22.529999999999994],[114.16159999999992,22.529999999999994],[114.16159999999992,22.528399999999994]]]}},{"type":"Feature","properties":{"id":"lu-nt-north-24-22","class":"green_space","vegetationFraction":0.401,"pavedFraction":0.405,"waterFraction":0.0,"simulated":true},"geometry":{"type":"Polygon","coordinates":[[[114.16319999999992,22.528399999999994],[114.16479999999991,22.528399999999994],[114.16479999999991,22.529999999999994],[114.16319999999992,22.529999999999994],[114.16319999999992,22.528399999999994]]]}},{"type":"Feature","properties":{"id":"lu-nt-north-24-23","class":"urban_open_space","vegetationFraction":0.352,"pavedFraction":0.562,"waterFraction":0.054,"simulated":true},"geometry":{"type":"Polygon","coordinates":[[[114.16479999999991,22.528399999999994],[114.16639999999991,22.528399999999994],[114.16639999999991,22.529999999999994],[114.16479999999991,22.529999999999994],[114.16479999999991,22.528399999999994]]]}},{"type":"Feature","properties":{"id":"lu-nt-north-24-24","class":"green_space","vegetationFraction":0.419,"pavedFraction":0.548,"waterFraction":0.059,"simulated":true},"geometry":{"type":"Polygon","coordinates":[[[114.16639999999991,22.528399999999994],[114.1679999999999,22.528399999999994],[114.1679999999999,22.529999999999994],[114.16639999999991,22.529999999999994],[114.16639999999991,22.528399999999994]]]}},{"type":"Feature","properties":{"id":"lu-nt-north-24-25","class":"built_up","vegetationFraction":0.221,"pavedFraction":0.457,"waterFraction":0.039,"simulated":true},"geometry":{"type":"Polygon","coordinates":[[[114.1679999999999,22.528399999999994],[114.1695999999999,22.528399999999994],[114.1695999999999,22.529999999999994],[114.1679999999999,22.529999999999994],[114.1679999999999,22.528399999999994]]]}},{"type":"Feature","properties":{"id":"lu-nt-north-25-00","class":"urban_open_space","vegetationFraction":0.392,"pavedFraction":0.414,"waterFraction":0.05,"simulated":true},"geometry":{"type":"Polygon","coordinates":[[[114.128,22.529999999999994],[114.1296,22.529999999999994],[114.1296,22.531599999999994],[114.128,22.531599999999994],[114.128,22.529999999999994]]]}},{"type":"Feature","properties":{"id":"lu-nt-north-25-01","class":"urban_open_space","vegetationFraction":0.257,"pavedFraction":0.456,"waterFraction":0.06,"simulated":true},"geometry":{"type":"Polygon","coordinates":[[[114.1296,22.529999999999994],[114.13119999999999,22.529999999999994],[114.13119999999999,22.531599999999994],[114.1296,22.531599999999994],[114.1296,22.529999999999994]]]}},{"type":"Feature","properties":{"id":"lu-nt-north-25-02","class":"urban_open_space","vegetationFraction":0.351,"pavedFraction":0.501,"waterFraction":0.006,"simulated":true},"geometry":{"type":"Polygon","coordinates":[[[114.13119999999999,22.529999999999994],[114.13279999999999,22.529999999999994],[114.13279999999999,22.531599999999994],[114.13119999999999,22.531599999999994],[114.13119999999999,22.529999999999994]]]}},{"type":"Feature","properties":{"id":"lu-nt-north-25-03","class":"green_space","vegetationFraction":0.428,"pavedFraction":0.431,"waterFraction":0.02,"simulated":true},"geometry":{"type":"Polygon","coordinates":[[[114.13279999999999,22.529999999999994],[114.13439999999999,22.529999999999994],[114.13439999999999,22.531599999999994],[114.13279999999999,22.531599999999994],[114.13279999999999,22.529999999999994]]]}},{"type":"Feature","properties":{"id":"lu-nt-north-25-04","class":"built_up","vegetationFraction":0.225,"pavedFraction":0.534,"waterFraction":0.047,"simulated":true},"geometry":{"type":"Polygon","coordinates":[[[114.13439999999999,22.529999999999994],[114.13599999999998,22.529999999999994],[114.13599999999998,22.531599999999994],[114.13439999999999,22.531599999999994],[114.13439999999999,22.529999999999994]]]}},{"type":"Feature","properties":{"id":"lu-nt-north-25-05","class":"built_up","vegetationFraction":0.209,"pavedFraction":0.531,"waterFraction":0.024,"simulated":true},"geometry":{"type":"Polygon","coordinates":[[[114.13599999999998,22.529999999999994],[114.13759999999998,22.529999999999994],[114.13759999999998,22.531599999999994],[114.13599999999998,22.531599999999994],[114.13599999999998,22.529999999999994]]]}},{"type":"Feature","properties":{"id":"lu-nt-north-25-06","class":"green_space","vegetationFraction":0.439,"pavedFraction":0.543,"waterFraction":0.052,"simulated":true},"geometry":{"type":"Polygon","coordinates":[[[114.13759999999998,22.529999999999994],[114.13919999999997,22.529999999999994],[114.13919999999997,22.531599999999994],[114.13759999999998,22.531599999999994],[114.13759999999998,22.529999999999994]]]}},{"type":"Feature","properties":{"id":"lu-nt-north-25-07","class":"urban_open_space","vegetationFraction":0.296,"pavedFraction":0.451,"waterFraction":0.008,"simulated":true},"geometry":{"type":"Polygon","coordinates":[[[114.13919999999997,22.529999999999994],[114.14079999999997,22.529999999999994],[114.14079999999997,22.531599999999994],[114.13919999999997,22.531599999999994],[114.13919999999997,22.529999999999994]]]}},{"type":"Feature","properties":{"id":"lu-nt-north-25-08","class":"built_up","vegetationFraction":0.219,"pavedFraction":0.455,"waterFraction":0.047,"simulated":true},"geometry":{"type":"Polygon","coordinates":[[[114.14079999999997,22.529999999999994],[114.14239999999997,22.529999999999994],[114.14239999999997,22.531599999999994],[114.14079999999997,22.531599999999994],[114.14079999999997,22.529999999999994]]]}},{"type":"Feature","properties":{"id":"lu-nt-north-25-09","class":"green_space","vegetationFraction":0.422,"pavedFraction":0.612,"waterFraction":0.045,"simulated":true},"geometry":{"type":"Polygon","coordinates":[[[114.14239999999997,22.529999999999994],[114.14399999999996,22.529999999999994],[114.14399999999996,22.531599999999994],[114.14239999999997,22.531599999999994],[114.14239999999997,22.529999999999994]]]}},{"type":"Feature","properties":{"id":"lu-nt-north-25-10","class":"urban_open_space","vegetationFraction":0.282,"pavedFraction":0.468,"waterFraction":0.017,"simulated":true},"geometry":{"type":"Polygon","coordinates":[[[114.14399999999996,22.529999999999994],[114.14559999999996,22.529999999999994],[114.14559999999996,22.531599999999994],[114.14399999999996,22.531599999999994],[114.14399999999996,22.529999999999994]]]}},{"type":"Feature","properties":{"id":"lu-nt-north-25-11","class":"urban_open_space","vegetationFraction":0.277,"pavedFraction":0.51,"waterFraction":0.055,"simulated":true},"geometry":{"type":"Polygon","coordinates":[[[114.14559999999996,22.529999999999994],[114.14719999999996,22.529999999999994],[114.14719999999996,22.531599999999994],[114.14559999999996,22.531599999999994],[114.14559999999996,22.529999999999994]]]}},{"type":"Feature","properties":{"id":"lu-nt-north-25-12","class":"urban_open_space","vegetationFraction":0.255,"pavedFraction":0.424,"waterFraction":0.054,"simulated":true},"geometry":{"type":"Polygon","coordinates":[[[114.14719999999996,22.529999999999994],[114.14879999999995,22.529999999999994],[114.14879999999995,22.531599999999994],[114.14719999999996,22.531599999999994],[114.14719999999996,22.529999999999994]]]}},{"type":"Feature","properties":{"id":"lu-nt-north-25-13","class":"urban_open_space","vegetationFraction":0.372,"pavedFraction":0.577,"waterFraction":0.045,"simulated":true},"geometry":{"type":"Polygon","coordinates":[[[114.14879999999995,22.529999999999994],[114.15039999999995,22.529999999999994],[114.15039999999995,22.531599999999994],[114.14879999999995,22.531599999999994],[114.14879999999995,22.529999999999994]]]}},{"type":"Feature","properties":{"id":"lu-nt-north-25-14","class":"built_up","vegetationFraction":0.226,"pavedFraction":0.618,"waterFraction":0.03,"simulated":true},"geometry":{"type":"Polygon","coordinates":[[[114.15039999999995,22.529999999999994],[114.15199999999994,22.529999999999994],[114.15199999999994,22.531599999999994],[114.15039999999995,22.531599999999994],[114.15039999999995,22.529999999999994]]]}},{"type":"Feature","properties":{"id":"lu-nt-north-25-15","class":"built_up","vegetationFraction":0.236,"pavedFraction":0.398,"waterFraction":0.004,"simulated":true},"geometry":{"type":"Polygon","coordinates":[[[114.15199999999994,22.529999999999994],[114.15359999999994,22.529999999999994],[114.15359999999994,22.531599999999994],[114.15199999999994,22.531599999999994],[114.15199999999994,22.529999999999994]]]}},{"type":"Feature","properties":{"id":"lu-nt-north-25-16","class":"built_up","vegetationFraction":0.233,"pavedFraction":0.504,"waterFraction":0.031,"simulated":true},"geometry":{"type":"Polygon","coordinates":[[[114.15359999999994,22.529999999999994],[114.15519999999994,22.529999999999994],[114.15519999999994,22.531599999999994],[114.15359999999994,22.531599999999994],[114.15359999999994,22.529999999999994]]]}},{"type":"Feature","properties":{"id":"lu-nt-north-25-17","class":"urban_open_space","vegetationFraction":0.278,"pavedFraction":0.424,"waterFraction":0.051,"simulated":true},"geometry":{"type":"Polygon","coordinates":[[[114.15519999999994,22.529999999999994],[114.15679999999993,22.529999999999994],[114.15679999999993,22.531599999999994],[114.15519999999994,22.531599999999994],[114.15519999999994,22.529999999999994]]]}},{"type":"Feature","properties":{"id":"lu-nt-north-25-18","class":"urban_open_space","vegetationFraction":0.307,"pavedFraction":0.451,"waterFraction":0.008,"simulated":true},"geometry":{"type":"Polygon","coordinates":[[[114.15679999999993,22.529999999999994],[114.15839999999993,22.529999999999994],[114.15839999999993,22.531599999999994],[114.15679999999993,22.531599999999994],[114.15679999999993,22.529999999999994]]]}},{"type":"Feature","properties":{"id":"lu-nt-north-25-19","class":"urban_open_space","vegetationFraction":0.377,"pavedFraction":0.411,"waterFraction":0.005,"simulated":true},"geometry":{"type":"Polygon","coordinates":[[[114.15839999999993,22.529999999999994],[114.15999999999993,22.529999999999994],[114.15999999999993,22.531599999999994],[114.15839999999993,22.531599999999994],[114.15839999999993,22.529999999999994]]]}},{"type":"Feature","properties":{"id":"lu-nt-north-25-20","class":"urban_open_space","vegetationFraction":0.362,"pavedFraction":0.632,"waterFraction":0.028,"simulated":true},"geometry":{"type":"Polygon","coordinates":[[[114.15999999999993,22.529999999999994],[114.16159999999992,22.529999999999994],[114.16159999999992,22.531599999999994],[114.15999999999993,22.531599999999994],[114.15999999999993,22.529999999999994]]]}},{"type":"Feature","properties":{"id":"lu-nt-north-25-21","class":"built_up","vegetationFraction":0.211,"pavedFraction":0.492,"waterFraction":0.03,"simulated":true},"geometry":{"type":"Polygon","coordinates":[[[114.16159999999992,22.529999999999994],[114.16319999999992,22.529999999999994],[114.16319999999992,22.531599999999994],[114.16159999999992,22.531599999999994],[114.16159999999992,22.529999999999994]]]}},{"type":"Feature","properties":{"id":"lu-nt-north-25-22","class":"green_space","vegetationFraction":0.42,"pavedFraction":0.356,"waterFraction":0.03,"simulated":true},"geometry":{"type":"Polygon","coordinates":[[[114.16319999999992,22.529999999999994],[114.16479999999991,22.529999999999994],[114.16479999999991,22.531599999999994],[114.16319999999992,22.531599999999994],[114.16319999999992,22.529999999999994]]]}},{"type":"Feature","properties":{"id":"lu-nt-north-25-23","class":"urban_open_space","vegetationFraction":0.316,"pavedFraction":0.563,"waterFraction":0.052,"simulated":true},"geometry":{"type":"Polygon","coordinates":[[[114.16479999999991,22.529999999999994],[114.16639999999991,22.529999999999994],[114.16639999999991,22.531599999999994],[114.16479999999991,22.531599999999994],[114.16479999999991,22.529999999999994]]]}},{"type":"Feature","properties":{"id":"lu-nt-north-25-24","class":"urban_open_space","vegetationFraction":0.347,"pavedFraction":0.529,"waterFraction":0.011,"simulated":true},"geometry":{"type":"Polygon","coordinates":[[[114.16639999999991,22.529999999999994],[114.1679999999999,22.529999999999994],[114.1679999999999,22.531599999999994],[114.16639999999991,22.531599999999994],[114.16639999999991,22.529999999999994]]]}},{"type":"Feature","properties":{"id":"lu-nt-north-25-25","class":"urban_open_space","vegetationFraction":0.327,"pavedFraction":0.424,"waterFraction":0.032,"simulated":true},"geometry":{"type":"Polygon","coordinates":[[[114.1679999999999,22.529999999999994],[114.1695999999999,22.529999999999994],[114.1695999999999,22.531599999999994],[114.1679999999999,22.531599999999994],[114.1679999999999,22.529999999999994]]]}},{"type":"Feature","properties":{"id":"lu-nt-north-26-00","class":"green_space","vegetationFraction":0.446,"pavedFraction":0.57,"waterFraction":0.028,"simulated":true},"geometry":{"type":"Polygon","coordinates":[[[114.128,22.531599999999994],[114.1296,22.531599999999994],[114.1296,22.533199999999994],[114.128,22.533199999999994],[114.128,22.531599999999994]]]}},{"type":"Feature","properties":{"id":"lu-nt-north-26-01","class":"built_up","vegetationFraction":0.234,"pavedFraction":0.406,"waterFraction":0.029,"simulated":true},"geometry":{"type":"Polygon","coordinates":[[[114.1296,22.531599999999994],[114.13119999999999,22.531599999999994],[114.13119999999999,22.533199999999994],[114.1296,22.533199999999994],[114.1296,22.531599999999994]]]}},{"type":"Feature","properties":{"id":"lu-nt-north-26-02","class":"urban_open_space","vegetationFraction":0.29,"pavedFraction":0.572,"waterFraction":0.006,"simulated":true},"geometry":{"type":"Polygon","coordinates":[[[114.13119999999999,22.531599999999994],[114.13279999999999,22.531599999999994],[114.13279999999999,22.533199999999994],[114.13119999999999,22.533199999999994],[114.13119999999999,22.531599999999994]]]}},{"type":"Feature","properties":{"id":"lu-nt-north-26-03","class":"urban_open_space","vegetationFraction":0.329,"pavedFraction":0.455,"waterFraction":0.053,"simulated":true},"geometry":{"type":"Polygon","coordinates":[[[114.13279999999999,22.531599999999994],[114.13439999999999,22.531599999999994],[114.13439999999999,22.533199999999994],[114.13279999999999,22.533199999999994],[114.13279999999999,22.531599999999994]]]}},{"type":"Feature","properties":{"id":"lu-nt-north-26-04","class":"built_up","vegetationFraction":0.208,"pavedFraction":0.522,"waterFraction":0.012,"simulated":true},"geometry":{"type":"Polygon","coordinates":[[[114.13439999999999,22.531599999999994],[114.13599999999998,22.531599999999994],[114.13599999999998,22.533199999999994],[114.13439999999999,22.533199999999994],[114.13439999999999,22.531599999999994]]]}},{"type":"Feature","properties":{"id":"lu-nt-north-26-05","class":"urban_open_space","vegetationFraction":0.383,"pavedFraction":0.637,"waterFraction":0.04,"simulated":true},"geometry":{"type":"Polygon","coordinates":[[[114.13599999999998,22.531599999999994],[114.13759999999998,22.531599999999994],[114.13759999999998,22.533199999999994],[114.13599999999998,22.533199999999994],[114.13599999999998,22.531599999999994]]]}},{"type":"Feature","properties":{"id":"lu-nt-north-26-06","class":"urban_open_space","vegetationFraction":0.288,"pavedFraction":0.594,"waterFraction":0.049,"simulated":true},"geometry":{"type":"Polygon","coordinates":[[[114.13759999999998,22.531599999999994],[114.13919999999997,22.531599999999994],[114.13919999999997,22.533199999999994],[114.13759999999998,22.533199999999994],[114.13759999999998,22.531599999999994]]]}},{"type":"Feature","properties":{"id":"lu-nt-north-26-07","class":"built_up","vegetationFraction":0.25,"pavedFraction":0.511,"waterFraction":0.033,"simulated":true},"geometry":{"type":"Polygon","coordinates":[[[114.13919999999997,22.531599999999994],[114.14079999999997,22.531599999999994],[114.14079999999997,22.533199999999994],[114.13919999999997,22.533199999999994],[114.13919999999997,22.531599999999994]]]}},{"type":"Feature","properties":{"id":"lu-nt-north-26-08","class":"urban_open_space","vegetationFraction":0.36,"pavedFraction":0.637,"waterFraction":0.049,"simulated":true},"geometry":{"type":"Polygon","coordinates":[[[114.14079999999997,22.531599999999994],[114.14239999999997,22.531599999999994],[114.14239999999997,22.533199999999994],[114.14079999999997,22.533199999999994],[114.14079999999997,22.531599999999994]]]}},{"type":"Feature","properties":{"id":"lu-nt-north-26-09","class":"urban_open_space","vegetationFraction":0.391,"pavedFraction":0.534,"waterFraction":0.007,"simulated":true},"geometry":{"type":"Polygon","coordinates":[[[114.14239999999997,22.531599999999994],[114.14399999999996,22.531599999999994],[114.14399999999996,22.533199999999994],[114.14239999999997,22.533199999999994],[114.14239999999997,22.531599999999994]]]}},{"type":"Feature","properties":{"id":"lu-nt-north-26-10","class":"urban_open_space","vegetationFraction":0.32,"pavedFraction":0.59,"waterFraction":0.043,"simulated":true},"geometry":{"type":"Polygon","coordinates":[[[114.14399999999996,22.531599999999994],[114.14559999999996,22.531599999999994],[114.14559999999996,22.533199999999994],[114.14399999999996,22.533199999999994],[114.14399999999996,22.531599999999994]]]}},{"type":"Feature","properties":{"id":"lu-nt-north-26-11","class":"built_up","vegetationFraction":0.215,"pavedFraction":0.442,"waterFraction":0.045,"simulated":true},"geometry":{"type":"Polygon","coordinates":[[[114.14559999999996,22.531599999999994],[114.14719999999996,22.531599999999994],[114.14719999999996,22.533199999999994],[114.14559999999996,22.533199999999994],[114.14559999999996,22.531599999999994]]]}},{"type":"Feature","properties":{"id":"lu-nt-north-26-12","class":"green_space","vegetationFraction":0.403,"pavedFraction":0.391,"waterFraction":0.029,"simulated":true},"geometry":{"type":"Polygon","coordinates":[[[114.14719999999996,22.531599999999994],[114.14879999999995,22.531599999999994],[114.14879999999995,22.533199999999994],[114.14719999999996,22.533199999999994],[114.14719999999996,22.531599999999994]]]}},{"type":"Feature","properties":{"id":"lu-nt-north-26-13","class":"green_space","vegetationFraction":0.437,"pavedFraction":0.366,"waterFraction":0.018,"simulated":true},"geometry":{"type":"Polygon","coordinates":[[[114.14879999999995,22.531599999999994],[114.15039999999995,22.531599999999994],[114.15039999999995,22.533199999999994],[114.14879999999995,22.533199999999994],[114.14879999999995,22.531599999999994]]]}},{"type":"Feature","properties":{"id":"lu-nt-north-26-14","class":"urban_open_space","vegetationFraction":0.325,"pavedFraction":0.442,"waterFraction":0.02,"simulated":true},"geometry":{"type":"Polygon","coordinates":[[[114.15039999999995,22.531599999999994],[114.15199999999994,22.531599999999994],[114.15199999999994,22.533199999999994],[114.15039999999995,22.533199999999994],[114.15039999999995,22.531599999999994]]]}},{"type":"Feature","properties":{"id":"lu-nt-north-26-15","class":"green_space","vegetationFraction":0.44,"pavedFraction":0.575,"waterFraction":0.051,"simulated":true},"geometry":{"type":"Polygon","coordinates":[[[114.15199999999994,22.531599999999994],[114.15359999999994,22.531599999999994],[114.15359999999994,22.533199999999994],[114.15199999999994,22.533199999999994],[114.15199999999994,22.531599999999994]]]}},{"type":"Feature","properties":{"id":"lu-nt-north-26-16","class":"urban_open_space","vegetationFraction":0.396,"pavedFraction":0.408,"waterFraction":0.018,"simulated":true},"geometry":{"type":"Polygon","coordinates":[[[114.15359999999994,22.531599999999994],[114.15519999999994,22.531599999999994],[114.15519999999994,22.533199999999994],[114.15359999999994,22.533199999999994],[114.15359999999994,22.531599999999994]]]}},{"type":"Feature","properties":{"id":"lu-nt-north-26-17","class":"urban_open_space","vegetationFraction":0.357,"pavedFraction":0.491,"waterFraction":0.049,"simulated":true},"geometry":{"type":"Polygon","coordinates":[[[114.15519999999994,22.531599999999994],[114.15679999999993,22.531599999999994],[114.15679999999993,22.533199999999994],[114.15519999999994,22.533199999999994],[114.15519999999994,22.531599999999994]]]}},{"type":"Feature","properties":{"id":"lu-nt-north-26-18","class":"urban_open_space","vegetationFraction":0.4,"pavedFraction":0.451,"waterFraction":0.04,"simulated":true},"geometry":{"type":"Polygon","coordinates":[[[114.15679999999993,22.531599999999994],[114.15839999999993,22.531599999999994],[114.15839999999993,22.533199999999994],[114.15679999999993,22.533199999999994],[114.15679999999993,22.531599999999994]]]}},{"type":"Feature","properties":{"id":"lu-nt-north-26-19","class":"urban_open_space","vegetationFraction":0.302,"pavedFraction":0.489,"waterFraction":0.038,"simulated":true},"geometry":{"type":"Polygon","coordinates":[[[114.15839999999993,22.531599999999994],[114.15999999999993,22.531599999999994],[114.15999999999993,22.533199999999994],[114.15839999999993,22.533199999999994],[114.15839999999993,22.531599999999994]]]}},{"type":"Feature","properties":{"id":"lu-nt-north-26-20","class":"built_up","vegetationFraction":0.21,"pavedFraction":0.508,"waterFraction":0.016,"simulated":true},"geometry":{"type":"Polygon","coordinates":[[[114.15999999999993,22.531599999999994],[114.16159999999992,22.531599999999994],[114.16159999999992,22.533199999999994],[114.15999999999993,22.533199999999994],[114.15999999999993,22.531599999999994]]]}},{"type":"Feature","properties":{"id":"lu-nt-north-26-21","class":"urban_open_space","vegetationFraction":0.378,"pavedFraction":0.564,"waterFraction":0.026,"simulated":true},"geometry":{"type":"Polygon","coordinates":[[[114.16159999999992,22.531599999999994],[114.16319999999992,22.531599999999994],[114.16319999999992,22.533199999999994],[114.16159999999992,22.533199999999994],[114.16159999999992,22.531599999999994]]]}},{"type":"Feature","properties":{"id":"lu-nt-north-26-22","class":"urban_open_space","vegetationFraction":0.254,"pavedFraction":0.456,"waterFraction":0.006,"simulated":true},"geometry":{"type":"Polygon","coordinates":[[[114.16319999999992,22.531599999999994],[114.16479999999991,22.531599999999994],[114.16479999999991,22.533199999999994],[114.16319999999992,22.533199999999994],[114.16319999999992,22.531599999999994]]]}},{"type":"Feature","properties":{"id":"lu-nt-north-26-23","class":"built_up","vegetationFraction":0.241,"pavedFraction":0.377,"waterFraction":0.02,"simulated":true},"geometry":{"type":"Polygon","coordinates":[[[114.16479999999991,22.531599999999994],[114.16639999999991,22.531599999999994],[114.16639999999991,22.533199999999994],[114.16479999999991,22.533199999999994],[114.16479999999991,22.531599999999994]]]}},{"type":"Feature","properties":{"id":"lu-nt-north-26-24","class":"green_space","vegetationFraction":0.415,"pavedFraction":0.404,"waterFraction":0.009,"simulated":true},"geometry":{"type":"Polygon","coordinates":[[[114.16639999999991,22.531599999999994],[114.1679999999999,22.531599999999994],[114.1679999999999,22.533199999999994],[114.16639999999991,22.533199999999994],[114.16639999999991,22.531599999999994]]]}},{"type":"Feature","properties":{"id":"lu-nt-north-26-25","class":"green_space","vegetationFraction":0.416,"pavedFraction":0.503,"waterFraction":0.034,"simulated":true},"geometry":{"type":"Polygon","coordinates":[[[114.1679999999999,22.531599999999994],[114.1695999999999,22.531599999999994],[114.1695999999999,22.533199999999994],[114.1679999999999,22.533199999999994],[114.1679999999999,22.531599999999994]]]}}]}