{"type":"FeatureCollection","features":[{"type":"Feature","properties":{"id":"lu-kowloon-tsuen-wan-00-00","class":"built_up","vegetationFraction":0.248,"pavedFraction":0.531,"waterFraction":0.043,"simulated":true},"geometry":{"type":"Polygon","coordinates":[[[114.108,22.36],[114.1096,22.36],[114.1096,22.3616],[114.108,22.3616],[114.108,22.36]]]}},{"type":"Feature","properties":{"id":"lu-kowloon-tsuen-wan-00-01","class":"built_up","vegetationFraction":0.119,"pavedFraction":0.755,"waterFraction":0.057,"simulated":true},"geometry":{"type":"Polygon","coordinates":[[[114.1096,22.36],[114.1112,22.36],[114.1112,22.3616],[114.1096,22.3616],[114.1096,22.36]]]}},{"type":"Feature","properties":{"id":"lu-kowloon-tsuen-wan-00-02","class":"built_up","vegetationFraction":0.1,"pavedFraction":0.706,"waterFraction":0.037,"simulated":true},"geometry":{"type":"Polygon","coordinates":[[[114.1112,22.36],[114.1128,22.36],[114.1128,22.3616],[114.1112,22.3616],[114.1112,22.36]]]}},{"type":"Feature","properties":{"id":"lu-kowloon-tsuen-wan-00-03","class":"built_up","vegetationFraction":0.196,"pavedFraction":0.532,"waterFraction":0.049,"simulated":true},"geometry":{"type":"Polygon","coordinates":[[[114.1128,22.36],[114.11439999999999,22.36],[114.11439999999999,22.3616],[114.1128,22.3616],[114.1128,22.36]]]}},{"type":"Feature","properties":{"id":"lu-kowloon-tsuen-wan-00-04","class":"built_up","vegetationFraction":0.111,"pavedFraction":0.594,"waterFraction":0.002,"simulated":true},"geometry":{"type":"Polygon","coordinates":[[[114.11439999999999,22.36],[114.11599999999999,22.36],[114.11599999999999,22.3616],[114.11439999999999,22.3616],[114.11439999999999,22.36]]]}},{"type":"Feature","properties":{"id":"lu-kowloon-tsuen-wan-00-05","class":"built_up","vegetationFraction":0.245,"pavedFraction":0.482,"waterFraction":0.027,"simulated":true},"geometry":{"type":"Polygon","coordinates":[[[114.11599999999999,22.36],[114.11759999999998,22.36],[114.11759999999998,22.3616],[114.11599999999999,22.3616],[114.11599999999999,22.36]]]}},{"type":"Feature","properties":{"id":"lu-kowloon-tsuen-wan-00-06","class":"built_up","vegetationFraction":0.106,"pavedFraction":0.648,"waterFraction":0.054,"simulated":true},"geometry":{"type":"Polygon","coordinates":[[[114.11759999999998,22.36],[114.11919999999998,22.36],[114.11919999999998,22.3616],[114.11759999999998,22.3616],[114.11759999999998,22.36]]]}},{"type":"Feature","properties":{"id":"lu-kowloon-tsuen-wan-00-07","class":"built_up","vegetationFraction":0.119,"pavedFraction":0.724,"waterFraction":0.019,"simulated":true},"geometry":{"type":"Polygon","coordinates":[[[114.11919999999998,22.36],[114.12079999999997,22.36],[114.12079999999997,22.3616],[114.11919999999998,22.3616],[114.11919999999998,22.36]]]}},{"type":"Feature","properties":{"id":"lu-kowloon-tsuen-wan-00-08","class":"built_up","vegetationFraction":0.1,"pavedFraction":0.639,"waterFraction":0.042,"simulated":true},"geometry":{"type":"Polygon","coordinates":[[[114.12079999999997,22.36],[114.12239999999997,22.36],[114.12239999999997,22.3616],[114.12079999999997,22.3616],[114.12079999999997,22.36]]]}},{"type":"Feature","properties":{"id":"lu-kowloon-tsuen-wan-00-09","class":"built_up","vegetationFraction":0.154,"pavedFraction":0.592,"waterFraction":0.055,"simulated":true},"geometry":{"type":"Polygon","coordinates":[[[114.12239999999997,22.36],[114.12399999999997,22.36],[114.12399999999997,22.3616],[114.12239999999997,22.3616],[114.12239999999997,22.36]]]}},{"type":"Feature","properties":{"id":"lu-kowloon-tsuen-wan-00-10","class":"built_up","vegetationFraction":0.244,"pavedFraction":0.672,"waterFraction":0.051,"simulated":true},"geometry":{"type":"Polygon","coordinates":[[[114.12399999999997,22.36],[114.12559999999996,22.36],[114.12559999999996,22.3616],[114.12399999999997,22.3616],[114.12399999999997,22.36]]]}},{"type":"Feature","properties":{"id":"lu-kowloon-tsuen-wan-00-11","class":"built_up","vegetationFraction":0.241,"pavedFraction":0.674,"waterFraction":0.004,"simulated":true},"geometry":{"type":"Polygon","coordinates":[[[114.12559999999996,22.36],[114.12719999999996,22.36],[114.12719999999996,22.3616],[114.12559999999996,22.3616],[114.12559999999996,22.36]]]}},{"type":"Feature","properties":{"id":"lu-kowloon-tsuen-wan-00-12","class":"urban_open_space","vegetationFraction":0.26,"pavedFraction":0.499,"waterFraction":0.015,"simulated":true},"geometry":{"type":"Polygon","coordinates":[[[114.12719999999996,22.36],[114.12879999999996,22.36],[114.12879999999996,22.3616],[114.12719999999996,22.3616],[114.12719999999996,22.36]]]}},{"type":"Feature","properties":{"id":"lu-kowloon-tsuen-wan-00-13","class":"built_up","vegetationFraction":0.171,"pavedFraction":0.652,"waterFraction":0.044,"simulated":true},"geometry":{"type":"Polygon","coordinates":[[[114.12879999999996,22.36],[114.13039999999995,22.36],[114.13039999999995,22.3616],[114.12879999999996,22.3616],[114.12879999999996,22.36]]]}},{"type":"Feature","properties":{"id":"lu-kowloon-tsuen-wan-00-14","class":"urban_open_space","vegetationFraction":0.273,"pavedFraction":0.533,"waterFraction":0.054,"simulated":true},"geometry":{"type":"Polygon","coordinates":[[[114.13039999999995,22.36],[114.13199999999995,22.36],[114.13199999999995,22.3616],[114.13039999999995,22.3616],[114.13039999999995,22.36]]]}},{"type":"Feature","properties":{"id":"lu-kowloon-tsuen-wan-00-15","class":"urban_open_space","vegetationFraction":0.258,"pavedFraction":0.578,"waterFraction":0.048,"simulated":true},"geometry":{"type":"Polygon","coordinates":[[[114.13199999999995,22.36],[114.13359999999994,22.36],[114.13359999999994,22.3616],[114.13199999999995,22.3616],[114.13199999999995,22.36]]]}},{"type":"Feature","properties":{"id":"lu-kowloon-tsuen-wan-00-16","class":"built_up","vegetationFraction":0.186,"pavedFraction":0.576,"waterFraction":0.045,"simulated":true},"geometry":{"type":"Polygon","coordinates":[[[114.13359999999994,22.36],[114.13519999999994,22.36],[114.13519999999994,22.3616],[114.13359999999994,22.3616],[114.13359999999994,22.36]]]}},{"type":"Feature","properties":{"id":"lu-kowloon-tsuen-wan-00-17","class":"built_up","vegetationFraction":0.195,"pavedFraction":0.714,"waterFraction":0.031,"simulated":true},"geometry":{"type":"Polygon","coordinates":[[[114.13519999999994,22.36],[114.13679999999994,22.36],[114.13679999999994,22.3616],[114.13519999999994,22.3616],[114.13519999999994,22.36]]]}},{"type":"Feature","properties":{"id":"lu-kowloon-tsuen-wan-00-18","class":"built_up","vegetationFraction":0.172,"pavedFraction":0.651,"waterFraction":0.006,"simulated":true},"geometry":{"type":"Polygon","coordinates":[[[114.13679999999994,22.36],[114.13839999999993,22.36],[114.13839999999993,22.3616],[114.13679999999994,22.3616],[114.13679999999994,22.36]]]}},{"type":"Feature","properties":{"id":"lu-kowloon-tsuen-wan-00-19","class":"built_up","vegetationFraction":0.231,"pavedFraction":0.624,"waterFraction":0.001,"simulated":true},"geometry":{"type":"Polygon","coordinates":[[[114.13839999999993,22.36],[114.13999999999993,22.36],[114.13999999999993,22.3616],[114.13839999999993,22.3616],[114.13839999999993,22.36]]]}},{"type":"Feature","properties":{"id":"lu-kowloon-tsuen-wan-00-20","class":"urban_open_space","vegetationFraction":0.259,"pavedFraction":0.753,"waterFraction":0.001,"simulated":true},"geometry":{"type":"Polygon","coordinates":[[[114.13999999999993,22.36],[114.14159999999993,22.36],[114.14159999999993,22.3616],[114.13999999999993,22.3616],[114.13999999999993,22.36]]]}},{"type":"Feature","properties":{"id":"lu-kowloon-tsuen-wan-00-21","class":"built_up","vegetationFraction":0.208,"pavedFraction":0.773,"waterFraction":0.029,"simulated":true},"geometry":{"type":"Polygon","coordinates":[[[114.14159999999993,22.36],[114.14319999999992,22.36],[114.14319999999992,22.3616],[114.14159999999993,22.3616],[114.14159999999993,22.36]]]}},{"type":"Feature","properties":{"id":"lu-kowloon-tsuen-wan-01-00","class":"built_up","vegetationFraction":0.164,"pavedFraction":0.662,"waterFraction":0.049,"simulated":true},"geometry":{"type":"Polygon","coordinates":[[[114.108,22.3616],[114.1096,22.3616],[114.1096,22.3632],[114.108,22.3632],[114.108,22.3616]]]}},{"type":"Feature","properties":{"id":"lu-kowloon-tsuen-wan-01-01","class":"built_up","vegetationFraction":0.1,"pavedFraction":0.616,"waterFraction":0.043,"simulated":true},"geometry":{"type":"Polygon","coordinates":[[[114.1096,22.3616],[114.1112,22.3616],[114.1112,22.3632],[114.1096,22.3632],[114.1096,22.3616]]]}},{"type":"Feature","properties":{"id":"lu-kowloon-tsuen-wan-01-02","class":"built_up","vegetationFraction":0.238,"pavedFraction":0.747,"waterFraction":0.03,"simulated":true},"geometry":{"type":"Polygon","coordinates":[[[114.1112,22.3616],[114.1128,22.3616],[114.1128,22.3632],[114.1112,22.3632],[114.1112,22.3616]]]}},{"type":"Feature","properties":{"id":"lu-kowloon-tsuen-wan-01-03","class":"built_up","vegetationFraction":0.187,"pavedFraction":0.659,"waterFraction":0.053,"simulated":true},"geometry":{"type":"Polygon","coordinates":[[[114.1128,22.3616],[114.11439999999999,22.3616],[114.11439999999999,22.3632],[114.1128,22.3632],[114.1128,22.3616]]]}},{"type":"Feature","properties":{"id":"lu-kowloon-tsuen-wan-01-04","class":"urban_open_space","vegetationFraction":0.271,"pavedFraction":0.614,"waterFraction":0.047,"simulated":true},"geometry":{"type":"Polygon","coordinates":[[[114.11439999999999,22.3616],[114.11599999999999,22.3616],[114.11599999999999,22.3632],[114.11439999999999,22.3632],[114.11439999999999,22.3616]]]}},{"type":"Feature","properties":{"id":"lu-kowloon-tsuen-wan-01-05","class":"built_up","vegetationFraction":0.135,"pavedFraction":0.547,"waterFraction":0.008,"simulated":true},"geometry":{"type":"Polygon","coordinates":[[[114.11599999999999,22.3616],[114.11759999999998,22.3616],[114.11759999999998,22.3632],[114.11599999999999,22.3632],[114.11599999999999,22.3616]]]}},{"type":"Feature","properties":{"id":"lu-kowloon-tsuen-wan-01-06","class":"built_up","vegetationFraction":0.147,"pavedFraction":0.754,"waterFraction":0.04,"simulated":true},"geometry":{"type":"Polygon","coordinates":[[[114.11759999999998,22.3616],[114.11919999999998,22.3616],[114.11919999999998,22.3632],[114.11759999999998,22.3632],[114.11759999999998,22.3616]]]}},{"type":"Feature","properties":{"id":"lu-kowloon-tsuen-wan-01-07","class":"built_up","vegetationFraction":0.164,"pavedFraction":0.698,"waterFraction":0.022,"simulated":true},"geometry":{"type":"Polygon","coordinates":[[[114.11919999999998,22.3616],[114.12079999999997,22.3616],[114.12079999999997,22.3632],[114.11919999999998,22.3632],[114.11919999999998,22.3616]]]}},{"type":"Feature","properties":{"id":"lu-kowloon-tsuen-wan-01-08","class":"built_up","vegetationFraction":0.127,"pavedFraction":0.699,"waterFraction":0.049,"simulated":true},"geometry":{"type":"Polygon","coordinates":[[[114.12079999999997,22.3616],[114.12239999999997,22.3616],[114.12239999999997,22.3632],[114.12079999999997,22.3632],[114.12079999999997,22.3616]]]}},{"type":"Feature","properties":{"id":"lu-kowloon-tsuen-wan-01-09","class":"urban_open_space","vegetationFraction":0.253,"pavedFraction":0.767,"waterFraction":0.009,"simulated":true},"geometry":{"type":"Polygon","coordinates":[[[114.12239999999997,22.3616],[114.12399999999997,22.3616],[114.12399999999997,22.3632],[114.12239999999997,22.3632],[114.12239999999997,22.3616]]]}},{"type":"Feature","properties":{"id":"lu-kowloon-tsuen-wan-01-10","class":"built_up","vegetationFraction":0.106,"pavedFraction":0.578,"waterFraction":0.029,"simulated":true},"geometry":{"type":"Polygon","coordinates":[[[114.12399999999997,22.3616],[114.12559999999996,22.3616],[114.12559999999996,22.3632],[114.12399999999997,22.3632],[114.12399999999997,22.3616]]]}},{"type":"Feature","properties":{"id":"lu-kowloon-tsuen-wan-01-11","class":"built_up","vegetationFraction":0.132,"pavedFraction":0.588,"waterFraction":0.026,"simulated":true},"geometry":{"type":"Polygon","coordinates":[[[114.12559999999996,22.3616],[114.12719999999996,22.3616],[114.12719999999996,22.3632],[114.12559999999996,22.3632],[114.12559999999996,22.3616]]]}},{"type":"Feature","properties":{"id":"lu-kowloon-tsuen-wan-01-12","class":"built_up","vegetationFraction":0.234,"pavedFraction":0.607,"waterFraction":0.046,"simulated":true},"geometry":{"type":"Polygon","coordinates":[[[114.12719999999996,22.3616],[114.12879999999996,22.3616],[114.12879999999996,22.3632],[114.12719999999996,22.3632],[114.12719999999996,22.3616]]]}},{"type":"Feature","properties":{"id":"lu-kowloon-tsuen-wan-01-13","class":"built_up","vegetationFraction":0.138,"pavedFraction":0.753,"waterFraction":0.057,"simulated":true},"geometry":{"type":"Polygon","coordinates":[[[114.12879999999996,22.3616],[114.13039999999995,22.3616],[114.13039999999995,22.3632],[114.12879999999996,22.3632],[114.12879999999996,22.3616]]]}},{"type":"Feature","properties":{"id":"lu-kowloon-tsuen-wan-01-14","class":"built_up","vegetationFraction":0.245,"pavedFraction":0.692,"waterFraction":0.0,"simulated":true},"geometry":{"type":"Polygon","coordinates":[[[114.13039999999995,22.3616],[114.13199999999995,22.3616],[114.13199999999995,22.3632],[114.13039999999995,22.3632],[114.13039999999995,22.3616]]]}},{"type":"Feature","properties":{"id":"lu-kowloon-tsuen-wan-01-15","class":"built_up","vegetationFraction":0.197,"pavedFraction":0.571,"waterFraction":0.004,"simulated":true},"geometry":{"type":"Polygon","coordinates":[[[114.13199999999995,22.3616],[114.13359999999994,22.3616],[114.13359999999994,22.3632],[114.13199999999995,22.3632],[114.13199999999995,22.3616]]]}},{"type":"Feature","properties":{"id":"lu-kowloon-tsuen-wan-01-16","class":"built_up","vegetationFraction":0.149,"pavedFraction":0.593,"waterFraction":0.045,"simulated":true},"geometry":{"type":"Polygon","coordinates":[[[114.13359999999994,22.3616],[114.13519999999994,22.3616],[114.13519999999994,22.3632],[114.13359999999994,22.3632],[114.13359999999994,22.3616]]]}},{"type":"Feature","properties":{"id":"lu-kowloon-tsuen-wan-01-17","class":"built_up","vegetationFraction":0.212,"pavedFraction":0.731,"waterFraction":0.034,"simulated":true},"geometry":{"type":"Polygon","coordinates":[[[114.13519999999994,22.3616],[114.13679999999994,22.3616],[114.13679999999994,22.3632],[114.13519999999994,22.3632],[114.13519999999994,22.3616]]]}},{"type":"Feature","properties":{"id":"lu-kowloon-tsuen-wan-01-18","class":"built_up","vegetationFraction":0.192,"pavedFraction":0.615,"waterFraction":0.054,"simulated":true},"geometry":{"type":"Polygon","coordinates":[[[114.13679999999994,22.3616],[114.13839999999993,22.3616],[114.13839999999993,22.3632],[114.13679999999994,22.3632],[114.13679999999994,22.3616]]]}},{"type":"Feature","properties":{"id":"lu-kowloon-tsuen-wan-01-19","class":"built_up","vegetationFraction":0.164,"pavedFraction":0.521,"waterFraction":0.024,"simulated":true},"geometry":{"type":"Polygon","coordinates":[[[114.13839999999993,22.3616],[114.13999999999993,22.3616],[114.13999999999993,22.3632],[114.13839999999993,22.3632],[114.13839999999993,22.3616]]]}},{"type":"Feature","properties":{"id":"lu-kowloon-tsuen-wan-01-20","class":"built_up","vegetationFraction":0.176,"pavedFraction":0.595,"waterFraction":0.001,"simulated":true},"geometry":{"type":"Polygon","coordinates":[[[114.13999999999993,22.3616],[114.14159999999993,22.3616],[114.14159999999993,22.3632],[114.13999999999993,22.3632],[114.13999999999993,22.3616]]]}},{"type":"Feature","properties":{"id":"lu-kowloon-tsuen-wan-01-21","class":"built_up","vegetationFraction":0.15,"pavedFraction":0.633,"waterFraction":0.053,"simulated":true},"geometry":{"type":"Polygon","coordinates":[[[114.14159999999993,22.3616],[114.14319999999992,22.3616],[114.14319999999992,22.3632],[114.14159999999993,22.3632],[114.14159999999993,22.3616]]]}},{"type":"Feature","properties":{"id":"lu-kowloon-tsuen-wan-02-00","class":"built_up","vegetationFraction":0.139,"pavedFraction":0.749,"waterFraction":0.019,"simulated":true},"geometry":{"type":"Polygon","coordinates":[[[114.108,22.3632],[114.1096,22.3632],[114.1096,22.3648],[114.108,22.3648],[114.108,22.3632]]]}},{"type":"Feature","properties":{"id":"lu-kowloon-tsuen-wan-02-01","class":"urban_open_space","vegetationFraction":0.278,"pavedFraction":0.686,"waterFraction":0.014,"simulated":true},"geometry":{"type":"Polygon","coordinates":[[[114.1096,22.3632],[114.1112,22.3632],[114.1112,22.3648],[114.1096,22.3648],[114.1096,22.3632]]]}},{"type":"Feature","properties":{"id":"lu-kowloon-tsuen-wan-02-02","class":"built_up","vegetationFraction":0.198,"pavedFraction":0.653,"waterFraction":0.035,"simulated":true},"geometry":{"type":"Polygon","coordinates":[[[114.1112,22.3632],[114.1128,22.3632],[114.1128,22.3648],[114.1112,22.3648],[114.1112,22.3632]]]}},{"type":"Feature","properties":{"id":"lu-kowloon-tsuen-wan-02-03","class":"built_up","vegetationFraction":0.216,"pavedFraction":0.636,"waterFraction":0.013,"simulated":true},"geometry":{"type":"Polygon","coordinates":[[[114.1128,22.3632],[114.11439999999999,22.3632],[114.11439999999999,22.3648],[114.1128,22.3648],[114.1128,22.3632]]]}},{"type":"Feature","properties":{"id":"lu-kowloon-tsuen-wan-02-04","class":"green_space","vegetationFraction":0.78,"pavedFraction":0.1,"waterFraction":0.007,"simulated":true},"geometry":{"type":"Polygon","coordinates":[[[114.11439999999999,22.3632],[114.11599999999999,22.3632],[114.11599999999999,22.3648],[114.11439999999999,22.3648],[114.11439999999999,22.3632]]]}},{"type":"Feature","properties":{"id":"lu-kowloon-tsuen-wan-02-05","class":"green_space","vegetationFraction":0.78,"pavedFraction":0.1,"waterFraction":0.013,"simulated":true},"geometry":{"type":"Polygon","coordinates":[[[114.11599999999999,22.3632],[114.11759999999998,22.3632],[114.11759999999998,22.3648],[114.11599999999999,22.3648],[114.11599999999999,22.3632]]]}},{"type":"Feature","properties":{"id":"lu-kowloon-tsuen-wan-02-06","class":"green_space","vegetationFraction":0.78,"pavedFraction":0.1,"waterFraction":0.055,"simulated":true},"geometry":{"type":"Polygon","coordinates":[[[114.11759999999998,22.3632],[114.11919999999998,22.3632],[114.11919999999998,22.3648],[114.11759999999998,22.3648],[114.11759999999998,22.3632]]]}},{"type":"Feature","properties":{"id":"lu-kowloon-tsuen-wan-02-07","class":"green_space","vegetationFraction":0.78,"pavedFraction":0.1,"waterFraction":0.03,"simulated":true},"geometry":{"type":"Polygon","coordinates":[[[114.11919999999998,22.3632],[114.12079999999997,22.3632],[114.12079999999997,22.3648],[114.11919999999998,22.3648],[114.11919999999998,22.3632]]]}},{"type":"Feature","properties":{"id":"lu-kowloon-tsuen-wan-02-08","class":"green_space","vegetationFraction":0.78,"pavedFraction":0.1,"waterFraction":0.059,"simulated":true},"geometry":{"type":"Polygon","coordinates":[[[114.12079999999997,22.3632],[114.12239999999997,22.3632],[114.12239999999997,22.3648],[114.12079999999997,22.3648],[114.12079999999997,22.3632]]]}},{"type":"Feature","properties":{"id":"lu-kowloon-tsuen-wan-02-09","class":"green_space","vegetationFraction":0.78,"pavedFraction":0.1,"waterFraction":0.016,"simulated":true},"geometry":{"type":"Polygon","coordinates":[[[114.12239999999997,22.3632],[114.12399999999997,22.3632],[114.12399999999997,22.3648],[114.12239999999997,22.3648],[114.12239999999997,22.3632]]]}},{"type":"Feature","properties":{"id":"lu-kowloon-tsuen-wan-02-10","class":"built_up","vegetationFraction":0.225,"pavedFraction":0.585,"waterFraction":0.054,"simulated":true},"geometry":{"type":"Polygon","coordinates":[[[114.12399999999997,22.3632],[114.12559999999996,22.3632],[114.12559999999996,22.3648],[114.12399999999997,22.3648],[114.12399999999997,22.3632]]]}},{"type":"Feature","properties":{"id":"lu-kowloon-tsuen-wan-02-11","class":"built_up","vegetationFraction":0.247,"pavedFraction":0.659,"waterFraction":0.042,"simulated":true},"geometry":{"type":"Polygon","coordinates":[[[114.12559999999996,22.3632],[114.12719999999996,22.3632],[114.12719999999996,22.3648],[114.12559999999996,22.3648],[114.12559999999996,22.3632]]]}},{"type":"Feature","properties":{"id":"lu-kowloon-tsuen-wan-02-12","class":"built_up","vegetationFraction":0.197,"pavedFraction":0.624,"waterFraction":0.031,"simulated":true},"geometry":{"type":"Polygon","coordinates":[[[114.12719999999996,22.3632],[114.12879999999996,22.3632],[114.12879999999996,22.3648],[114.12719999999996,22.3648],[114.12719999999996,22.3632]]]}},{"type":"Feature","properties":{"id":"lu-kowloon-tsuen-wan-02-13","class":"urban_open_space","vegetationFraction":0.267,"pavedFraction":0.762,"waterFraction":0.038,"simulated":true},"geometry":{"type":"Polygon","coordinates":[[[114.12879999999996,22.3632],[114.13039999999995,22.3632],[114.13039999999995,22.3648],[114.12879999999996,22.3648],[114.12879999999996,22.3632]]]}},{"type":"Feature","properties":{"id":"lu-kowloon-tsuen-wan-02-14","class":"built_up","vegetationFraction":0.223,"pavedFraction":0.551,"waterFraction":0.034,"simulated":true},"geometry":{"type":"Polygon","coordinates":[[[114.13039999999995,22.3632],[114.13199999999995,22.3632],[114.13199999999995,22.3648],[114.13039999999995,22.3648],[114.13039999999995,22.3632]]]}},{"type":"Feature","properties":{"id":"lu-kowloon-tsuen-wan-02-15","class":"urban_open_space","vegetationFraction":0.259,"pavedFraction":0.751,"waterFraction":0.034,"simulated":true},"geometry":{"type":"Polygon","coordinates":[[[114.13199999999995,22.3632],[114.13359999999994,22.3632],[114.13359999999994,22.3648],[114.13199999999995,22.3648],[114.13199999999995,22.3632]]]}},{"type":"Feature","properties":{"id":"lu-kowloon-tsuen-wan-02-16","class":"built_up","vegetationFraction":0.241,"pavedFraction":0.546,"waterFraction":0.017,"simulated":true},"geometry":{"type":"Polygon","coordinates":[[[114.13359999999994,22.3632],[114.13519999999994,22.3632],[114.13519999999994,22.3648],[114.13359999999994,22.3648],[114.13359999999994,22.3632]]]}},{"type":"Feature","properties":{"id":"lu-kowloon-tsuen-wan-02-17","class":"built_up","vegetationFraction":0.119,"pavedFraction":0.588,"waterFraction":0.049,"simulated":true},"geometry":{"type":"Polygon","coordinates":[[[114.13519999999994,22.3632],[114.13679999999994,22.3632],[114.13679999999994,22.3648],[114.13519999999994,22.3648],[114.13519999999994,22.3632]]]}},{"type":"Feature","properties":{"id":"lu-kowloon-tsuen-wan-02-18","class":"urban_open_space","vegetationFraction":0.262,"pavedFraction":0.588,"waterFraction":0.003,"simulated":true},"geometry":{"type":"Polygon","coordinates":[[[114.13679999999994,22.3632],[114.13839999999993,22.3632],[114.13839999999993,22.3648],[114.13679999999994,22.3648],[114.13679999999994,22.3632]]]}},{"type":"Feature","properties":{"id":"lu-kowloon-tsuen-wan-02-19","class":"built_up","vegetationFraction":0.197,"pavedFraction":0.655,"waterFraction":0.019,"simulated":true},"geometry":{"type":"Polygon","coordinates":[[[114.13839999999993,22.3632],[114.13999999999993,22.3632],[114.13999999999993,22.3648],[114.13839999999993,22.3648],[114.13839999999993,22.3632]]]}},{"type":"Feature","properties":{"id":"lu-kowloon-tsuen-wan-02-20","class":"built_up","vegetationFraction":0.119,"pavedFraction":0.612,"waterFraction":0.006,"simulated":true},"geometry":{"type":"Polygon","coordinates":[[[114.13999999999993,22.3632],[114.14159999999993,22.3632],[114.14159999999993,22.3648],[114.13999999999993,22.3648],[114.13999999999993,22.3632]]]}},{"type":"Feature","properties":{"id":"lu-kowloon-tsuen-wan-02-21","class":"built_up","vegetationFraction":0.131,"pavedFraction":0.701,"waterFraction":0.008,"simulated":true},"geometry":{"type":"Polygon","coordinates":[[[114.14159999999993,22.3632],[114.14319999999992,22.3632],[114.14319999999992,22.3648],[114.14159999999993,22.3648],[114.14159999999993,22.3632]]]}},{"type":"Feature","properties":{"id":"lu-kowloon-tsuen-wan-03-00","class":"built_up","vegetationFraction":0.229,"pavedFraction":0.565,"waterFraction":0.044,"simulated":true},"geometry":{"type":"Polygon","coordinates":[[[114.108,22.3648],[114.1096,22.3648],[114.1096,22.3664],[114.108,22.3664],[114.108,22.3648]]]}},{"type":"Feature","properties":{"id":"lu-kowloon-tsuen-wan-03-01","class":"built_up","vegetationFraction":0.105,"pavedFraction":0.613,"waterFraction":0.014,"simulated":true},"geometry":{"type":"Polygon","coordinates":[[[114.1096,22.3648],[114.1112,22.3648],[114.1112,22.3664],[114.1096,22.3664],[114.1096,22.3648]]]}},{"type":"Feature","properties":{"id":"lu-kowloon-tsuen-wan-03-02","class":"built_up","vegetationFraction":0.199,"pavedFraction":0.665,"waterFraction":0.028,"simulated":true},"geometry":{"type":"Polygon","coordinates":[[[114.1112,22.3648],[114.1128,22.3648],[114.1128,22.3664],[114.1112,22.3664],[114.1112,22.3648]]]}},{"type":"Feature","properties":{"id":"lu-kowloon-tsuen-wan-03-03","class":"built_up","vegetationFraction":0.113,"pavedFraction":0.622,"waterFraction":0.045,"simulated":true},"geometry":{"type":"Polygon","coordinates":[[[114.1128,22.3648],[114.11439999999999,22.3648],[114.11439999999999,22.3664],[114.1128,22.3664],[114.1128,22.3648]]]}},{"type":"Feature","properties":{"id":"lu-kowloon-tsuen-wan-03-04","class":"green_space","vegetationFraction":0.78,"pavedFraction":0.1,"waterFraction":0.004,"simulated":true},"geometry":{"type":"Polygon","coordinates":[[[114.11439999999999,22.3648],[114.11599999999999,22.3648],[114.11599999999999,22.3664],[114.11439999999999,22.3664],[114.11439999999999,22.3648]]]}},{"type":"Feature","properties":{"id":"lu-kowloon-tsuen-wan-03-05","class":"green_space","vegetationFraction":0.78,"pavedFraction":0.1,"waterFraction":0.044,"simulated":true},"geometry":{"type":"Polygon","coordinates":[[[114.11599999999999,22.3648],[114.11759999999998,22.3648],[114.11759999999998,22.3664],[114.11599999999999,22.3664],[114.11599999999999,22.3648]]]}},{"type":"Feature","properties":{"id":"lu-kowloon-tsuen-wan-03-06","class":"green_space","vegetationFraction":0.78,"pavedFraction":0.1,"waterFraction":0.022,"simulated":true},"geometry":{"type":"Polygon","coordinates":[[[114.11759999999998,22.3648],[114.11919999999998,22.3648],[114.11919999999998,22.3664],[114.11759999999998,22.3664],[114.11759999999998,22.3648]]]}},{"type":"Feature","properties":{"id":"lu-kowloon-tsuen-wan-03-07","class":"green_space","vegetationFraction":0.78,"pavedFraction":0.1,"waterFraction":0.05,"simulated":true},"geometry":{"type":"Polygon","coordinates":[[[114.11919999999998,22.3648],[114.12079999999997,22.3648],[114.12079999999997,22.3664],[114.11919999999998,22.3664],[114.11919999999998,22.3648]]]}},{"type":"Feature","properties":{"id":"lu-kowloon-tsuen-wan-03-08","class":"green_space","vegetationFraction":0.78,"pavedFraction":0.1,"waterFraction":0.023,"simulated":true},"geometry":{"type":"Polygon","coordinates":[[[114.12079999999997,22.3648],[114.12239999999997,22.3648],[114.12239999999997,22.3664],[114.12079999999997,22.3664],[114.12079999999997,22.3648]]]}},{"type":"Feature","properties":{"id":"lu-kowloon-tsuen-wan-03-09","class":"green_space","vegetationFraction":0.78,"pavedFraction":0.1,"waterFraction":0.015,"simulated":true},"geometry":{"type":"Polygon","coordinates":[[[114.12239999999997,22.3648],[114.12399999999997,22.3648],[114.12399999999997,22.3664],[114.12239999999997,22.3664],[114.12239999999997,22.3648]]]}},{"type":"Feature","properties":{"id":"lu-kowloon-tsuen-wan-03-10","class":"urban_open_space","vegetationFraction":0.268,"pavedFraction":0.652,"waterFraction":0.055,"simulated":true},"geometry":{"type":"Polygon","coordinates":[[[114.12399999999997,22.3648],[114.12559999999996,22.3648],[114.12559999999996,22.3664],[114.12399999999997,22.3664],[114.12399999999997,22.3648]]]}},{"type":"Feature","properties":{"id":"lu-kowloon-tsuen-wan-03-11","class":"built_up","vegetationFraction":0.113,"pavedFraction":0.652,"waterFraction":0.025,"simulated":true},"geometry":{"type":"Polygon","coordinates":[[[114.12559999999996,22.3648],[114.12719999999996,22.3648],[114.12719999999996,22.3664],[114.12559999999996,22.3664],[114.12559999999996,22.3648]]]}},{"type":"Feature","properties":{"id":"lu-kowloon-tsuen-wan-03-12","class":"built_up","vegetationFraction":0.247,"pavedFraction":0.635,"waterFraction":0.03,"simulated":true},"geometry":{"type":"Polygon","coordinates":[[[114.12719999999996,22.3648],[114.12879999999996,22.3648],[114.12879999999996,22.3664],[114.12719999999996,22.3664],[114.12719999999996,22.3648]]]}},{"type":"Feature","properties":{"id":"lu-kowloon-tsuen-wan-03-13","class":"built_up","vegetationFraction":0.242,"pavedFraction":0.505,"waterFraction":0.021,"simulated":true},"geometry":{"type":"Polygon","coordinates":[[[114.12879999999996,22.3648],[114.13039999999995,22.3648],[114.13039999999995,22.3664],[114.12879999999996,22.3664],[114.12879999999996,22.3648]]]}},{"type":"Feature","properties":{"id":"lu-kowloon-tsuen-wan-03-14","class":"built_up","vegetationFraction":0.102,"pavedFraction":0.692,"waterFraction":0.028,"simulated":true},"geometry":{"type":"Polygon","coordinates":[[[114.13039999999995,22.3648],[114.13199999999995,22.3648],[114.13199999999995,22.3664],[114.13039999999995,22.3664],[114.13039999999995,22.3648]]]}},{"type":"Feature","properties":{"id":"lu-kowloon-tsuen-wan-03-15","class":"built_up","vegetationFraction":0.2,"pavedFraction":0.528,"waterFraction":0.036,"simulated":true},"geometry":{"type":"Polygon","coordinates":[[[114.13199999999995,22.3648],[114.13359999999994,22.3648],[114.13359999999994,22.3664],[114.13199999999995,22.3664],[114.13199999999995,22.3648]]]}},{"type":"Feature","properties":{"id":"lu-kowloon-tsuen-wan-03-16","class":"urban_open_space","vegetationFraction":0.272,"pavedFraction":0.558,"waterFraction":0.046,"simulated":true},"geometry":{"type":"Polygon","coordinates":[[[114.13359999999994,22.3648],[114.13519999999994,22.3648],[114.13519999999994,22.3664],[114.13359999999994,22.3664],[114.13359999999994,22.3648]]]}},{"type":"Feature","properties":{"id":"lu-kowloon-tsuen-wan-03-17","class":"urban_open_space","vegetationFraction":0.258,"pavedFraction":0.716,"waterFraction":0.025,"simulated":true},"geometry":{"type":"Polygon","coordinates":[[[114.13519999999994,22.3648],[114.13679999999994,22.3648],[114.13679999999994,22.3664],[114.13519999999994,22.3664],[114.13519999999994,22.3648]]]}},{"type":"Feature","properties":{"id":"lu-kowloon-tsuen-wan-03-18","class":"built_up","vegetationFraction":0.198,"pavedFraction":0.753,"waterFraction":0.031,"simulated":true},"geometry":{"type":"Polygon","coordinates":[[[114.13679999999994,22.3648],[114.13839999999993,22.3648],[114.13839999999993,22.3664],[114.13679999999994,22.3664],[114.13679999999994,22.3648]]]}},{"type":"Feature","properties":{"id":"lu-kowloon-tsuen-wan-03-19","class":"built_up","vegetationFraction":0.24,"pavedFraction":0.768,"waterFraction":0.033,"simulated":true},"geometry":{"type":"Polygon","coordinates":[[[114.13839999999993,22.3648],[114.13999999999993,22.3648],[114.13999999999993,22.3664],[114.13839999999993,22.3664],[114.13839999999993,22.3648]]]}},{"type":"Feature","properties":{"id":"lu-kowloon-tsuen-wan-03-20","class":"built_up","vegetationFraction":0.236,"pavedFraction":0.629,"waterFraction":0.036,"simulated":true},"geometry":{"type":"Polygon","coordinates":[[[114.13999999999993,22.3648],[114.14159999999993,22.3648],[114.14159999999993,22.3664],[114.13999999999993,22.3664],[114.13999999999993,22.3648]]]}},{"type":"Feature","properties":{"id":"lu-kowloon-tsuen-wan-03-21","class":"built_up","vegetationFraction":0.188,"pavedFraction":0.611,"waterFraction":0.049,"simulated":true},"geometry":{"type":"Polygon","coordinates":[[[114.14159999999993,22.3648],[114.14319999999992,22.3648],[114.14319999999992,22.3664],[114.14159999999993,22.3664],[114.14159999999993,22.3648]]]}},{"type":"Feature","properties":{"id":"lu-kowloon-tsuen-wan-04-00","class":"urban_open_space","vegetationFraction":0.253,"pavedFraction":0.653,"waterFraction":0.029,"simulated":true},"geometry":{"type":"Polygon","coordinates":[[[114.108,22.3664],[114.1096,22.3664],[114.1096,22.368],[114.108,22.368],[114.108,22.3664]]]}},{"type":"Feature","properties":{"id":"lu-kowloon-tsuen-wan-04-01","class":"built_up","vegetationFraction":0.12,"pavedFraction":0.532,"waterFraction":0.03,"simulated":true},"geometry":{"type":"Polygon","coordinates":[[[114.1096,22.3664],[114.1112,22.3664],[114.1112,22.368],[114.1096,22.368],[114.1096,22.3664]]]}},{"type":"Feature","properties":{"id":"lu-kowloon-tsuen-wan-04-02","class":"urban_open_space","vegetationFraction":0.257,"pavedFraction":0.713,"waterFraction":0.055,"simulated":true},"geometry":{"type":"Polygon","coordinates":[[[114.1112,22.3664],[114.1128,22.3664],[114.1128,22.368],[114.1112,22.368],[114.1112,22.3664]]]}},{"type":"Feature","properties":{"id":"lu-kowloon-tsuen-wan-04-03","class":"built_up","vegetationFraction":0.2,"pavedFraction":0.573,"waterFraction":0.032,"simulated":true},"geometry":{"type":"Polygon","coordinates":[[[114.1128,22.3664],[114.11439999999999,22.3664],[114.11439999999999,22.368],[114.1128,22.368],[114.1128,22.3664]]]}},{"type":"Feature","properties":{"id":"lu-kowloon-tsuen-wan-04-04","class":"green_space","vegetationFraction":0.78,"pavedFraction":0.1,"waterFraction":0.043,"simulated":true},"geometry":{"type":"Polygon","coordinates":[[[114.11439999999999,22.3664],[114.11599999999999,22.3664],[114.11599999999999,22.368],[114.11439999999999,22.368],[114.11439999999999,22.3664]]]}},{"type":"Feature","properties":{"id":"lu-kowloon-tsuen-wan-04-05","class":"green_space","vegetationFraction":0.78,"pavedFraction":0.1,"waterFraction":0.025,"simulated":true},"geometry":{"type":"Polygon","coordinates":[[[114.11599999999999,22.3664],[114.11759999999998,22.3664],[114.11759999999998,22.368],[114.11599999999999,22.368],[114.11599999999999,22.3664]]]}},{"type":"Feature","properties":{"id":"lu-kowloon-tsuen-wan-04-06","class":"green_space","vegetationFraction":0.78,"pavedFraction":0.1,"waterFraction":0.036,"simulated":true},"geometry":{"type":"Polygon","coordinates":[[[114.11759999999998,22.3664],[114.11919999999998,22.3664],[114.11919999999998,22.368],[114.11759999999998,22.368],[114.11759999999998,22.3664]]]}},{"type":"Feature","properties":{"id":"lu-kowloon-tsuen-wan-04-07","class":"green_space","vegetationFraction":0.78,"pavedFraction":0.1,"waterFraction":0.014,"simulated":true},"geometry":{"type":"Polygon","coordinates":[[[114.11919999999998,22.3664],[114.12079999999997,22.3664],[114.12079999999997,22.368],[114.11919999999998,22.368],[114.11919999999998,22.3664]]]}},{"type":"Feature","properties":{"id":"lu-kowloon-tsuen-wan-04-08","class":"green_space","vegetationFraction":0.78,"pavedFraction":0.1,"waterFraction":0.02,"simulated":true},"geometry":{"type":"Polygon","coordinates":[[[114.12079999999997,22.3664],[114.12239999999997,22.3664],[114.12239999999997,22.368],[114.12079999999997,22.368],[114.12079999999997,22.3664]]]}},{"type":"Feature","properties":{"id":"lu-kowloon-tsuen-wan-04-09","class":"green_space","vegetationFraction":0.78,"pavedFraction":0.1,"waterFraction":0.018,"simulated":true},"geometry":{"type":"Polygon","coordinates":[[[114.12239999999997,22.3664],[114.12399999999997,22.3664],[114.12399999999997,22.368],[114.12239999999997,22.368],[114.12239999999997,22.3664]]]}},{"type":"Feature","properties":{"id":"lu-kowloon-tsuen-wan-04-10","class":"built_up","vegetationFraction":0.146,"pavedFraction":0.721,"waterFraction":0.016,"simulated":true},"geometry":{"type":"Polygon","coordinates":[[[114.12399999999997,22.3664],[114.12559999999996,22.3664],[114.12559999999996,22.368],[114.12399999999997,22.368],[114.12399999999997,22.3664]]]}},{"type":"Feature","properties":{"id":"lu-kowloon-tsuen-wan-04-11","class":"built_up","vegetationFraction":0.214,"pavedFraction":0.484,"waterFraction":0.056,"simulated":true},"geometry":{"type":"Polygon","coordinates":[[[114.12559999999996,22.3664],[114.12719999999996,22.3664],[114.12719999999996,22.368],[114.12559999999996,22.368],[114.12559999999996,22.3664]]]}},{"type":"Feature","properties":{"id":"lu-kowloon-tsuen-wan-04-12","class":"urban_open_space","vegetationFraction":0.255,"pavedFraction":0.756,"waterFraction":0.037,"simulated":true},"geometry":{"type":"Polygon","coordinates":[[[114.12719999999996,22.3664],[114.12879999999996,22.3664],[114.12879999999996,22.368],[114.12719999999996,22.368],[114.12719999999996,22.3664]]]}},{"type":"Feature","properties":{"id":"lu-kowloon-tsuen-wan-04-13","class":"urban_open_space","vegetationFraction":0.267,"pavedFraction":0.594,"waterFraction":0.002,"simulated":true},"geometry":{"type":"Polygon","coordinates":[[[114.12879999999996,22.3664],[114.13039999999995,22.3664],[114.13039999999995,22.368],[114.12879999999996,22.368],[114.12879999999996,22.3664]]]}},{"type":"Feature","properties":{"id":"lu-kowloon-tsuen-wan-04-14","class":"built_up","vegetationFraction":0.215,"pavedFraction":0.54,"waterFraction":0.038,"simulated":true},"geometry":{"type":"Polygon","coordinates":[[[114.13039999999995,22.3664],[114.13199999999995,22.3664],[114.13199999999995,22.368],[114.13039999999995,22.368],[114.13039999999995,22.3664]]]}},{"type":"Feature","properties":{"id":"lu-kowloon-tsuen-wan-04-15","class":"built_up","vegetationFraction":0.188,"pavedFraction":0.559,"waterFraction":0.054,"simulated":true},"geometry":{"type":"Polygon","coordinates":[[[114.13199999999995,22.3664],[114.13359999999994,22.3664],[114.13359999999994,22.368],[114.13199999999995,22.368],[114.13199999999995,22.3664]]]}},{"type":"Feature","properties":{"id":"lu-kowloon-tsuen-wan-04-16","class":"built_up","vegetationFraction":0.154,"pavedFraction":0.654,"waterFraction":0.048,"simulated":true},"geometry":{"type":"Polygon","coordinates":[[[114.13359999999994,22.3664],[114.13519999999994,22.3664],[114.13519999999994,22.368],[114.13359999999994,22.368],[114.13359999999994,22.3664]]]}},{"type":"Feature","properties":{"id":"lu-kowloon-tsuen-wan-04-17","class":"built_up","vegetationFraction":0.206,"pavedFraction":0.659,"waterFraction":0.052,"simulated":true},"geometry":{"type":"Polygon","coordinates":[[[114.13519999999994,22.3664],[114.13679999999994,22.3664],[114.13679999999994,22.368],[114.13519999999994,22.368],[114.13519999999994,22.3664]]]}},{"type":"Feature","properties":{"id":"lu-kowloon-tsuen-wan-04-18","class":"built_up","vegetationFraction":0.159,"pavedFraction":0.513,"waterFraction":0.013,"simulated":true},"geometry":{"type":"Polygon","coordinates":[[[114.13679999999994,22.3664],[114.13839999999993,22.3664],[114.13839999999993,22.368],[114.13679999999994,22.368],[114.13679999999994,22.3664]]]}},{"type":"Feature","properties":{"id":"lu-kowloon-tsuen-wan-04-19","class":"built_up","vegetationFraction":0.197,"pavedFraction":0.594,"waterFraction":0.04,"simulated":true},"geometry":{"type":"Polygon","coordinates":[[[114.13839999999993,22.3664],[114.13999999999993,22.3664],[114.13999999999993,22.368],[114.13839999999993,22.368],[114.13839999999993,22.3664]]]}},{"type":"Feature","properties":{"id":"lu-kowloon-tsuen-wan-04-20","class":"built_up","vegetationFraction":0.163,"pavedFraction":0.659,"waterFraction":0.004,"simulated":true},"geometry":{"type":"Polygon","coordinates":[[[114.13999999999993,22.3664],[114.14159999999993,22.3664],[114.14159999999993,22.368],[114.13999999999993,22.368],[114.13999999999993,22.3664]]]}},{"type":"Feature","properties":{"id":"lu-kowloon-tsuen-wan-04-21","class":"built_up","vegetationFraction":0.176,"pavedFraction":0.762,"waterFraction":0.041,"simulated":true},"geometry":{"type":"Polygon","coordinates":[[[114.14159999999993,22.3664],[114.14319999999992,22.3664],[114.14319999999992,22.368],[114.14159999999993,22.368],[114.14159999999993,22.3664]]]}},{"type":"Feature","properties":{"id":"lu-kowloon-tsuen-wan-05-00","class":"built_up","vegetationFraction":0.191,"pavedFraction":0.656,"waterFraction":0.023,"simulated":true},"geometry":{"type":"Polygon","coordinates":[[[114.108,22.368],[114.1096,22.368],[114.1096,22.3696],[114.108,22.3696],[114.108,22.368]]]}},{"type":"Feature","properties":{"id":"lu-kowloon-tsuen-wan-05-01","class":"built_up","vegetationFraction":0.184,"pavedFraction":0.655,"waterFraction":0.044,"simulated":true},"geometry":{"type":"Polygon","coordinates":[[[114.1096,22.368],[114.1112,22.368],[114.1112,22.3696],[114.1096,22.3696],[114.1096,22.368]]]}},{"type":"Feature","properties":{"id":"lu-kowloon-tsuen-wan-05-02","class":"built_up","vegetationFraction":0.1,"pavedFraction":0.772,"waterFraction":0.013,"simulated":true},"geometry":{"type":"Polygon","coordinates":[[[114.1112,22.368],[114.1128,22.368],[114.1128,22.3696],[114.1112,22.3696],[114.1112,22.368]]]}},{"type":"Feature","properties":{"id":"lu-kowloon-tsuen-wan-05-03","class":"built_up","vegetationFraction":0.224,"pavedFraction":0.746,"waterFraction":0.02,"simulated":true},"geometry":{"type":"Polygon","coordinates":[[[114.1128,22.368],[114.11439999999999,22.368],[114.11439999999999,22.3696],[114.1128,22.3696],[114.1128,22.368]]]}},{"type":"Feature","properties":{"id":"lu-kowloon-tsuen-wan-05-04","class":"green_space","vegetationFraction":0.78,"pavedFraction":0.1,"waterFraction":0.017,"simulated":true},"geometry":{"type":"Polygon","coordinates":[[[114.11439999999999,22.368],[114.11599999999999,22.368],[114.11599999999999,22.3696],[114.11439999999999,22.3696],[114.11439999999999,22.368]]]}},{"type":"Feature","properties":{"id":"lu-kowloon-tsuen-wan-05-05","class":"green_space","vegetationFraction":0.78,"pavedFraction":0.1,"waterFraction":0.022,"simulated":true},"geometry":{"type":"Polygon","coordinates":[[[114.11599999999999,22.368],[114.11759999999998,22.368],[114.11759999999998,22.3696],[114.11599999999999,22.3696],[114.11599999999999,22.368]]]}},{"type":"Feature","properties":{"id":"lu-kowloon-tsuen-wan-05-06","class":"green_space","vegetationFraction":0.78,"pavedFraction":0.1,"waterFraction":0.018,"simulated":true},"geometry":{"type":"Polygon","coordinates":[[[114.11759999999998,22.368],[114.11919999999998,22.368],[114.11919999999998,22.3696],[114.11759999999998,22.3696],[114.11759999999998,22.368]]]}},{"type":"Feature","properties":{"id":"lu-kowloon-tsuen-wan-05-07","class":"green_space","vegetationFraction":0.78,"pavedFraction":0.1,"waterFraction":0.022,"simulated":true},"geometry":{"type":"Polygon","coordinates":[[[114.11919999999998,22.368],[114.12079999999997,22.368],[114.12079999999997,22.3696],[114.11919999999998,22.3696],[114.11919999999998,22.368]]]}},{"type":"Feature","properties":{"id":"lu-kowloon-tsuen-wan-05-08","class":"green_space","vegetationFraction":0.78,"pavedFraction":0.1,"waterFraction":0.054,"simulated":true},"geometry":{"type":"Polygon","coordinates":[[[114.12079999999997,22.368],[114.12239999999997,22.368],[114.12239999999997,22.3696],[114.12079999999997,22.3696],[114.12079999999997,22.368]]]}},{"type":"Feature","properties":{"id":"lu-kowloon-tsuen-wan-05-09","class":"green_space","vegetationFraction":0.78,"pavedFraction":0.1,"waterFraction":0.005,"simulated":true},"geometry":{"type":"Polygon","coordinates":[[[114.12239999999997,22.368],[114.12399999999997,22.368],[114.12399999999997,22.3696],[114.12239999999997,22.3696],[114.12239999999997,22.368]]]}},{"type":"Feature","properties":{"id":"lu-kowloon-tsuen-wan-05-10","class":"built_up","vegetationFraction":0.123,"pavedFraction":0.729,"waterFraction":0.012,"simulated":true},"geometry":{"type":"Polygon","coordinates":[[[114.12399999999997,22.368],[114.12559999999996,22.368],[114.12559999999996,22.3696],[114.12399999999997,22.3696],[114.12399999999997,22.368]]]}},{"type":"Feature","properties":{"id":"lu-kowloon-tsuen-wan-05-11","class":"built_up","vegetationFraction":0.151,"pavedFraction":0.586,"waterFraction":0.021,"simulated":true},"geometry":{"type":"Polygon","coordinates":[[[114.12559999999996,22.368],[114.12719999999996,22.368],[114.12719999999996,22.3696],[114.12559999999996,22.3696],[114.12559999999996,22.368]]]}},{"type":"Feature","properties":{"id":"lu-kowloon-tsuen-wan-05-12","class":"built_up","vegetationFraction":0.155,"pavedFraction":0.713,"waterFraction":0.056,"simulated":true},"geometry":{"type":"Polygon","coordinates":[[[114.12719999999996,22.368],[114.12879999999996,22.368],[114.12879999999996,22.3696],[114.12719999999996,22.3696],[114.12719999999996,22.368]]]}},{"type":"Feature","properties":{"id":"lu-kowloon-tsuen-wan-05-13","class":"built_up","vegetationFraction":0.147,"pavedFraction":0.592,"waterFraction":0.048,"simulated":true},"geometry":{"type":"Polygon","coordinates":[[[114.12879999999996,22.368],[114.13039999999995,22.368],[114.13039999999995,22.3696],[114.12879999999996,22.3696],[114.12879999999996,22.368]]]}},{"type":"Feature","properties":{"id":"lu-kowloon-tsuen-wan-05-14","class":"built_up","vegetationFraction":0.171,"pavedFraction":0.749,"waterFraction":0.059,"simulated":true},"geometry":{"type":"Polygon","coordinates":[[[114.13039999999995,22.368],[114.13199999999995,22.368],[114.13199999999995,22.3696],[114.13039999999995,22.3696],[114.13039999999995,22.368]]]}},{"type":"Feature","properties":{"id":"lu-kowloon-tsuen-wan-05-15","class":"urban_open_space","vegetationFraction":0.274,"pavedFraction":0.578,"waterFraction":0.029,"simulated":true},"geometry":{"type":"Polygon","coordinates":[[[114.13199999999995,22.368],[114.13359999999994,22.368],[114.13359999999994,22.3696],[114.13199999999995,22.3696],[114.13199999999995,22.368]]]}},{"type":"Feature","properties":{"id":"lu-kowloon-tsuen-wan-05-16","class":"built_up","vegetationFraction":0.126,"pavedFraction":0.648,"waterFraction":0.054,"simulated":true},"geometry":{"type":"Polygon","coordinates":[[[114.13359999999994,22.368],[114.13519999999994,22.368],[114.13519999999994,22.3696],[114.13359999999994,22.3696],[114.13359999999994,22.368]]]}},{"type":"Feature","properties":{"id":"lu-kowloon-tsuen-wan-05-17","class":"built_up","vegetationFraction":0.123,"pavedFraction":0.764,"waterFraction":0.023,"simulated":true},"geometry":{"type":"Polygon","coordinates":[[[114.13519999999994,22.368],[114.13679999999994,22.368],[114.13679999999994,22.3696],[114.13519999999994,22.3696],[114.13519999999994,22.368]]]}},{"type":"Feature","properties":{"id":"lu-kowloon-tsuen-wan-05-18","class":"built_up","vegetationFraction":0.148,"pavedFraction":0.633,"waterFraction":0.047,"simulated":true},"geometry":{"type":"Polygon","coordinates":[[[114.13679999999994,22.368],[114.13839999999993,22.368],[114.13839999999993,22.3696],[114.13679999999994,22.3696],[114.13679999999994,22.368]]]}},{"type":"Feature","properties":{"id":"lu-kowloon-tsuen-wan-05-19","class":"built_up","vegetationFraction":0.113,"pavedFraction":0.715,"waterFraction":0.043,"simulated":true},"geometry":{"type":"Polygon","coordinates":[[[114.13839999999993,22.368],[114.13999999999993,22.368],[114.13999999999993,22.3696],[114.13839999999993,22.3696],[114.13839999999993,22.368]]]}},{"type":"Feature","properties":{"id":"lu-kowloon-tsuen-wan-05-20","class":"built_up","vegetationFraction":0.164,"pavedFraction":0.627,"waterFraction":0.009,"simulated":true},"geometry":{"type":"Polygon","coordinates":[[[114.13999999999993,22.368],[114.14159999999993,22.368],[114.14159999999993,22.3696],[114.13999999999993,22.3696],[114.13999999999993,22.368]]]}},{"type":"Feature","properties":{"id":"lu-kowloon-tsuen-wan-05-21","class":"built_up","vegetationFraction":0.137,"pavedFraction":0.728,"waterFraction":0.005,"simulated":true},"geometry":{"type":"Polygon","coordinates":[[[114.14159999999993,22.368],[114.14319999999992,22.368],[114.14319999999992,22.3696],[114.14159999999993,22.3696],[114.14159999999993,22.368]]]}},{"type":"Feature","properties":{"id":"lu-kowloon-tsuen-wan-06-00","class":"built_up","vegetationFraction":0.123,"pavedFraction":0.655,"waterFraction":0.015,"simulated":true},"geometry":{"type":"Polygon","coordinates":[[[114.108,22.3696],[114.1096,22.3696],[114.1096,22.371199999999998],[114.108,22.371199999999998],[114.108,22.3696]]]}},{"type":"Feature","properties":{"id":"lu-kowloon-tsuen-wan-06-01","class":"built_up","vegetationFraction":0.235,"pavedFraction":0.518,"waterFraction":0.0,"simulated":true},"geometry":{"type":"Polygon","coordinates":[[[114.1096,22.3696],[114.1112,22.3696],[114.1112,22.371199999999998],[114.1096,22.371199999999998],[114.1096,22.3696]]]}},{"type":"Feature","properties":{"id":"lu-kowloon-tsuen-wan-06-02","class":"built_up","vegetationFraction":0.107,"pavedFraction":0.733,"waterFraction":0.025,"simulated":true},"geometry":{"type":"Polygon","coordinates":[[[114.1112,22.3696],[114.1128,22.3696],[114.1128,22.371199999999998],[114.1112,22.371199999999998],[114.1112,22.3696]]]}},{"type":"Feature","properties":{"id":"lu-kowloon-tsuen-wan-06-03","class":"built_up","vegetationFraction":0.144,"pavedFraction":0.581,"waterFraction":0.034,"simulated":true},"geometry":{"type":"Polygon","coordinates":[[[114.1128,22.3696],[114.11439999999999,22.3696],[114.11439999999999,22.371199999999998],[114.1128,22.371199999999998],[114.1128,22.3696]]]}},{"type":"Feature","properties":{"id":"lu-kowloon-tsuen-wan-06-04","class":"built_up","vegetationFraction":0.129,"pavedFraction":0.724,"waterFraction":0.028,"simulated":true},"geometry":{"type":"Polygon","coordinates":[[[114.11439999999999,22.3696],[114.11599999999999,22.3696],[114.11599999999999,22.371199999999998],[114.11439999999999,22.371199999999998],[114.11439999999999,22.3696]]]}},{"type":"Feature","properties":{"id":"lu-kowloon-tsuen-wan-06-05","class":"built_up","vegetationFraction":0.157,"pavedFraction":0.546,"waterFraction":0.055,"simulated":true},"geometry":{"type":"Polygon","coordinates":[[[114.11599999999999,22.3696],[114.11759999999998,22.3696],[114.11759999999998,22.371199999999998],[114.11599999999999,22.371199999999998],[114.11599999999999,22.3696]]]}},{"type":"Feature","properties":{"id":"lu-kowloon-tsuen-wan-06-06","class":"built_up","vegetationFraction":0.111,"pavedFraction":0.752,"waterFraction":0.055,"simulated":true},"geometry":{"type":"Polygon","coordinates":[[[114.11759999999998,22.3696],[114.11919999999998,22.3696],[114.11919999999998,22.371199999999998],[114.11759999999998,22.371199999999998],[114.11759999999998,22.3696]]]}},{"type":"Feature","properties":{"id":"lu-kowloon-tsuen-wan-06-07","class":"urban_open_space","vegetationFraction":0.252,"pavedFraction":0.726,"waterFraction":0.024,"simulated":true},"geometry":{"type":"Polygon","coordinates":[[[114.11919999999998,22.3696],[114.12079999999997,22.3696],[114.12079999999997,22.371199999999998],[114.11919999999998,22.371199999999998],[114.11919999999998,22.3696]]]}},{"type":"Feature","properties":{"id":"lu-kowloon-tsuen-wan-06-08","class":"built_up","vegetationFraction":0.1,"pavedFraction":0.544,"waterFraction":0.004,"simulated":true},"geometry":{"type":"Polygon","coordinates":[[[114.12079999999997,22.3696],[114.12239999999997,22.3696],[114.12239999999997,22.371199999999998],[114.12079999999997,22.371199999999998],[114.12079999999997,22.3696]]]}},{"type":"Feature","properties":{"id":"lu-kowloon-tsuen-wan-06-09","class":"built_up","vegetationFraction":0.101,"pavedFraction":0.618,"waterFraction":0.015,"simulated":true},"geometry":{"type":"Polygon","coordinates":[[[114.12239999999997,22.3696],[114.12399999999997,22.3696],[114.12399999999997,22.371199999999998],[114.12239999999997,22.371199999999998],[114.12239999999997,22.3696]]]}},{"type":"Feature","properties":{"id":"lu-kowloon-tsuen-wan-06-10","class":"built_up","vegetationFraction":0.191,"pavedFraction":0.715,"waterFraction":0.022,"simulated":true},"geometry":{"type":"Polygon","coordinates":[[[114.12399999999997,22.3696],[114.12559999999996,22.3696],[114.12559999999996,22.371199999999998],[114.12399999999997,22.371199999999998],[114.12399999999997,22.3696]]]}},{"type":"Feature","properties":{"id":"lu-kowloon-tsuen-wan-06-11","class":"urban_open_space","vegetationFraction":0.258,"pavedFraction":0.499,"waterFraction":0.006,"simulated":true},"geometry":{"type":"Polygon","coordinates":[[[114.12559999999996,22.3696],[114.12719999999996,22.3696],[114.12719999999996,22.371199999999998],[114.12559999999996,22.371199999999998],[114.12559999999996,22.3696]]]}},{"type":"Feature","properties":{"id":"lu-kowloon-tsuen-wan-06-12","class":"built_up","vegetationFraction":0.198,"pavedFraction":0.652,"waterFraction":0.054,"simulated":true},"geometry":{"type":"Polygon","coordinates":[[[114.12719999999996,22.3696],[114.12879999999996,22.3696],[114.12879999999996,22.371199999999998],[114.12719999999996,22.371199999999998],[114.12719999999996,22.3696]]]}},{"type":"Feature","properties":{"id":"lu-kowloon-tsuen-wan-06-13","class":"built_up","vegetationFraction":0.129,"pavedFraction":0.682,"waterFraction":0.046,"simulated":true},"geometry":{"type":"Polygon","coordinates":[[[114.12879999999996,22.3696],[114.13039999999995,22.3696],[114.13039999999995,22.371199999999998],[114.12879999999996,22.371199999999998],[114.12879999999996,22.3696]]]}},{"type":"Feature","properties":{"id":"lu-kowloon-tsuen-wan-06-14","class":"built_up","vegetationFraction":0.191,"pavedFraction":0.735,"waterFraction":0.058,"simulated":true},"geometry":{"type":"Polygon","coordinates":[[[114.13039999999995,22.3696],[114.13199999999995,22.3696],[114.13199999999995,22.371199999999998],[114.13039999999995,22.371199999999998],[114.13039999999995,22.3696]]]}},{"type":"Feature","properties":{"id":"lu-kowloon-tsuen-wan-06-15","class":"built_up","vegetationFraction":0.154,"pavedFraction":0.485,"waterFraction":0.057,"simulated":true},"geometry":{"type":"Polygon","coordinates":[[[114.13199999999995,22.3696],[114.13359999999994,22.3696],[114.13359999999994,22.371199999999998],[114.13199999999995,22.371199999999998],[114.13199999999995,22.3696]]]}},{"type":"Feature","properties":{"id":"lu-kowloon-tsuen-wan-06-16","class":"built_up","vegetationFraction":0.18,"pavedFraction":0.706,"waterFraction":0.015,"simulated":true},"geometry":{"type":"Polygon","coordinates":[[[114.13359999999994,22.3696],[114.13519999999994,22.3696],[114.13519999999994,22.371199999999998],[114.13359999999994,22.371199999999998],[114.13359999999994,22.3696]]]}},{"type":"Feature","properties":{"id":"lu-kowloon-tsuen-wan-06-17","class":"built_up","vegetationFraction":0.223,"pavedFraction":0.598,"waterFraction":0.048,"simulated":true},"geometry":{"type":"Polygon","coordinates":[[[114.13519999999994,22.3696],[114.13679999999994,22.3696],[114.13679999999994,22.371199999999998],[114.13519999999994,22.371199999999998],[114.13519999999994,22.3696]]]}},{"type":"Feature","properties":{"id":"lu-kowloon-tsuen-wan-06-18","class":"built_up","vegetationFraction":0.173,"pavedFraction":0.693,"waterFraction":0.039,"simulated":true},"geometry":{"type":"Polygon","coordinates":[[[114.13679999999994,22.3696],[114.13839999999993,22.3696],[114.13839999999993,22.371199999999998],[114.13679999999994,22.371199999999998],[114.13679999999994,22.3696]]]}},{"type":"Feature","properties":{"id":"lu-kowloon-tsuen-wan-06-19","class":"built_up","vegetationFraction":0.22,"pavedFraction":0.521,"waterFraction":0.04,"simulated":true},"geometry":{"type":"Polygon","coordinates":[[[114.13839999999993,22.3696],[114.13999999999993,22.3696],[114.13999999999993,22.371199999999998],[114.13839999999993,22.371199999999998],[114.13839999999993,22.3696]]]}},{"type":"Feature","properties":{"id":"lu-kowloon-tsuen-wan-06-20","class":"built_up","vegetationFraction":0.209,"pavedFraction":0.551,"waterFraction":0.005,"simulated":true},"geometry":{"type":"Polygon","coordinates":[[[114.13999999999993,22.3696],[114.14159999999993,22.3696],[114.14159999999993,22.371199999999998],[114.13999999999993,22.371199999999998],[114.13999999999993,22.3696]]]}},{"type":"Feature","properties":{"id":"lu-kowloon-tsuen-wan-06-21","class":"built_up","vegetationFraction":0.224,"pavedFraction":0.671,"waterFraction":0.033,"simulated":true},"geometry":{"type":"Polygon","coordinates":[[[114.14159999999993,22.3696],[114.14319999999992,22.3696],[114.14319999999992,22.371199999999998],[114.14159999999993,22.371199999999998],[114.14159999999993,22.3696]]]}},{"type":"Feature","properties":{"id":"lu-kowloon-tsuen-wan-07-00","class":"built_up","vegetationFraction":0.207,"pavedFraction":0.728,"waterFraction":0.035,"simulated":true},"geometry":{"type":"Polygon","coordinates":[[[114.108,22.371199999999998],[114.1096,22.371199999999998],[114.1096,22.372799999999998],[114.108,22.372799999999998],[114.108,22.371199999999998]]]}},{"type":"Feature","properties":{"id":"lu-kowloon-tsuen-wan-07-01","class":"built_up","vegetationFraction":0.2,"pavedFraction":0.562,"waterFraction":0.057,"simulated":true},"geometry":{"type":"Polygon","coordinates":[[[114.1096,22.371199999999998],[114.1112,22.371199999999998],[114.1112,22.372799999999998],[114.1096,22.372799999999998],[114.1096,22.371199999999998]]]}},{"type":"Feature","properties":{"id":"lu-kowloon-tsuen-wan-07-02","class":"built_up","vegetationFraction":0.248,"pavedFraction":0.682,"waterFraction":0.053,"simulated":true},"geometry":{"type":"Polygon","coordinates":[[[114.1112,22.371199999999998],[114.1128,22.371199999999998],[114.1128,22.372799999999998],[114.1112,22.372799999999998],[114.1112,22.371199999999998]]]}},{"type":"Feature","properties":{"id":"lu-kowloon-tsuen-wan-07-03","class":"built_up","vegetationFraction":0.239,"pavedFraction":0.632,"waterFraction":0.029,"simulated":true},"geometry":{"type":"Polygon","coordinates":[[[114.1128,22.371199999999998],[114.11439999999999,22.371199999999998],[114.11439999999999,22.372799999999998],[114.1128,22.372799999999998],[114.1128,22.371199999999998]]]}},{"type":"Feature","properties":{"id":"lu-kowloon-tsuen-wan-07-04","class":"built_up","vegetationFraction":0.155,"pavedFraction":0.553,"waterFraction":0.059,"simulated":true},"geometry":{"type":"Polygon","coordinates":[[[114.11439999999999,22.371199999999998],[114.11599999999999,22.371199999999998],[114.11599999999999,22.372799999999998],[114.11439999999999,22.372799999999998],[114.11439999999999,22.371199999999998]]]}},{"type":"Feature","properties":{"id":"lu-kowloon-tsuen-wan-07-05","class":"built_up","vegetationFraction":0.13,"pavedFraction":0.484,"waterFraction":0.018,"simulated":true},"geometry":{"type":"Polygon","coordinates":[[[114.11599999999999,22.371199999999998],[114.11759999999998,22.371199999999998],[114.11759999999998,22.372799999999998],[114.11599999999999,22.372799999999998],[114.11599999999999,22.371199999999998]]]}},{"type":"Feature","properties":{"id":"lu-kowloon-tsuen-wan-07-06","class":"built_up","vegetationFraction":0.125,"pavedFraction":0.595,"waterFraction":0.02,"simulated":true},"geometry":{"type":"Polygon","coordinates":[[[114.11759999999998,22.371199999999998],[114.11919999999998,22.371199999999998],[114.11919999999998,22.372799999999998],[114.11759999999998,22.372799999999998],[114.11759999999998,22.371199999999998]]]}},{"type":"Feature","properties":{"id":"lu-kowloon-tsuen-wan-07-07","class":"urban_open_space","vegetationFraction":0.264,"pavedFraction":0.516,"waterFraction":0.049,"simulated":true},"geometry":{"type":"Polygon","coordinates":[[[114.11919999999998,22.371199999999998],[114.12079999999997,22.371199999999998],[114.12079999999997,22.372799999999998],[114.11919999999998,22.372799999999998],[114.11919999999998,22.371199999999998]]]}},{"type":"Feature","properties":{"id":"lu-kowloon-tsuen-wan-07-08","class":"built_up","vegetationFraction":0.197,"pavedFraction":0.779,"waterFraction":0.009,"simulated":true},"geometry":{"type":"Polygon","coordinates":[[[114.12079999999997,22.371199999999998],[114.12239999999997,22.371199999999998],[114.12239999999997,22.372799999999998],[114.12079999999997,22.372799999999998],[114.12079999999997,22.371199999999998]]]}},{"type":"Feature","properties":{"id":"lu-kowloon-tsuen-wan-07-09","class":"built_up","vegetationFraction":0.19,"pavedFraction":0.579,"waterFraction":0.006,"simulated":true},"geometry":{"type":"Polygon","coordinates":[[[114.12239999999997,22.371199999999998],[114.12399999999997,22.371199999999998],[114.12399999999997,22.372799999999998],[114.12239999999997,22.372799999999998],[114.12239999999997,22.371199999999998]]]}},{"type":"Feature","properties":{"id":"lu-kowloon-tsuen-wan-07-10","class":"built_up","vegetationFraction":0.236,"pavedFraction":0.618,"waterFraction":0.042,"simulated":true},"geometry":{"type":"Polygon","coordinates":[[[114.12399999999997,22.371199999999998],[114.12559999999996,22.371199999999998],[114.12559999999996,22.372799999999998],[114.12399999999997,22.372799999999998],[114.12399999999997,22.371199999999998]]]}},{"type":"Feature","properties":{"id":"lu-kowloon-tsuen-wan-07-11","class":"built_up","vegetationFraction":0.154,"pavedFraction":0.539,"waterFraction":0.027,"simulated":true},"geometry":{"type":"Polygon","coordinates":[[[114.12559999999996,22.371199999999998],[114.12719999999996,22.371199999999998],[114.12719999999996,22.372799999999998],[114.12559999999996,22.372799999999998],[114.12559999999996,22.371199999999998]]]}},{"type":"Feature","properties":{"id":"lu-kowloon-tsuen-wan-07-12","class":"built_up","vegetationFraction":0.129,"pavedFraction":0.671,"waterFraction":0.043,"simulated":true},"geometry":{"type":"Polygon","coordinates":[[[114.12719999999996,22.371199999999998],[114.12879999999996,22.371199999999998],[114.12879999999996,22.372799999999998],[114.12719999999996,22.372799999999998],[114.12719999999996,22.371199999999998]]]}},{"type":"Feature","properties":{"id":"lu-kowloon-tsuen-wan-07-13","class":"built_up","vegetationFraction":0.114,"pavedFraction":0.552,"waterFraction":0.005,"simulated":true},"geometry":{"type":"Polygon","coordinates":[[[114.12879999999996,22.371199999999998],[114.13039999999995,22.371199999999998],[114.13039999999995,22.372799999999998],[114.12879999999996,22.372799999999998],[114.12879999999996,22.371199999999998]]]}},{"type":"Feature","properties":{"id":"lu-kowloon-tsuen-wan-07-14","class":"built_up","vegetationFraction":0.104,"pavedFraction":0.582,"waterFraction":0.016,"simulated":true},"geometry":{"type":"Polygon","coordinates":[[[114.13039999999995,22.371199999999998],[114.13199999999995,22.371199999999998],[114.13199999999995,22.372799999999998],[114.13039999999995,22.372799999999998],[114.13039999999995,22.371199999999998]]]}},{"type":"Feature","properties":{"id":"lu-kowloon-tsuen-wan-07-15","class":"built_up","vegetationFraction":0.168,"pavedFraction":0.519,"waterFraction":0.055,"simulated":true},"geometry":{"type":"Polygon","coordinates":[[[114.13199999999995,22.371199999999998],[114.13359999999994,22.371199999999998],[114.13359999999994,22.372799999999998],[114.13199999999995,22.372799999999998],[114.13199999999995,22.371199999999998]]]}},{"type":"Feature","properties":{"id":"lu-kowloon-tsuen-wan-07-16","class":"built_up","vegetationFraction":0.238,"pavedFraction":0.704,"waterFraction":0.048,"simulated":true},"geometry":{"type":"Polygon","coordinates":[[[114.13359999999994,22.371199999999998],[114.13519999999994,22.371199999999998],[114.13519999999994,22.372799999999998],[114.13359999999994,22.372799999999998],[114.13359999999994,22.371199999999998]]]}},{"type":"Feature","properties":{"id":"lu-kowloon-tsuen-wan-07-17","class":"urban_open_space","vegetationFraction":0.262,"pavedFraction":0.508,"waterFraction":0.052,"simulated":true},"geometry":{"type":"Polygon","coordinates":[[[114.13519999999994,22.371199999999998],[114.13679999999994,22.371199999999998],[114.13679999999994,22.372799999999998],[114.13519999999994,22.372799999999998],[114.13519999999994,22.371199999999998]]]}},{"type":"Feature","properties":{"id":"lu-kowloon-tsuen-wan-07-18","class":"built_up","vegetationFraction":0.175,"pavedFraction":0.731,"waterFraction":0.014,"simulated":true},"geometry":{"type":"Polygon","coordinates":[[[114.13679999999994,22.371199999999998],[114.13839999999993,22.371199999999998],[114.13839999999993,22.372799999999998],[114.13679999999994,22.372799999999998],[114.13679999999994,22.371199999999998]]]}},{"type":"Feature","properties":{"id":"lu-kowloon-tsuen-wan-07-19","class":"built_up","vegetationFraction":0.132,"pavedFraction":0.538,"waterFraction":0.012,"simulated":true},"geometry":{"type":"Polygon","coordinates":[[[114.13839999999993,22.371199999999998],[114.13999999999993,22.371199999999998],[114.13999999999993,22.372799999999998],[114.13839999999993,22.372799999999998],[114.13839999999993,22.371199999999998]]]}},{"type":"Feature","properties":{"id":"lu-kowloon-tsuen-wan-07-20","class":"built_up","vegetationFraction":0.137,"pavedFraction":0.736,"waterFraction":0.04,"simulated":true},"geometry":{"type":"Polygon","coordinates":[[[114.13999999999993,22.371199999999998],[114.14159999999993,22.371199999999998],[114.14159999999993,22.372799999999998],[114.13999999999993,22.372799999999998],[114.13999999999993,22.371199999999998]]]}},{"type":"Feature","properties":{"id":"lu-kowloon-tsuen-wan-07-21","class":"urban_open_space","vegetationFraction":0.269,"pavedFraction":0.658,"waterFraction":0.011,"simulated":true},"geometry":{"type":"Polygon","coordinates":[[[114.14159999999993,22.371199999999998],[114.14319999999992,22.371199999999998],[114.14319999999992,22.372799999999998],[114.14159999999993,22.372799999999998],[114.14159999999993,22.371199999999998]]]}},{"type":"Feature","properties":{"id":"lu-kowloon-tsuen-wan-08-00","class":"built_up","vegetationFraction":0.066,"pavedFraction":0.815,"waterFraction":0.023,"simulated":true},"geometry":{"type":"Polygon","coordinates":[[[114.108,22.372799999999998],[114.1096,22.372799999999998],[114.1096,22.374399999999998],[114.108,22.374399999999998],[114.108,22.372799999999998]]]}},{"type":"Feature","properties":{"id":"lu-kowloon-tsuen-wan-08-01","class":"built_up","vegetationFraction":0.039,"pavedFraction":0.908,"waterFraction":0.008,"simulated":true},"geometry":{"type":"Polygon","coordinates":[[[114.1096,22.372799999999998],[114.1112,22.372799999999998],[114.1112,22.374399999999998],[114.1096,22.374399999999998],[114.1096,22.372799999999998]]]}},{"type":"Feature","properties":{"id":"lu-kowloon-tsuen-wan-08-02","class":"built_up","vegetationFraction":0.072,"pavedFraction":0.923,"waterFraction":0.024,"simulated":true},"geometry":{"type":"Polygon","coordinates":[[[114.1112,22.372799999999998],[114.1128,22.372799999999998],[114.1128,22.374399999999998],[114.1112,22.374399999999998],[114.1112,22.372799999999998]]]}},{"type":"Feature","properties":{"id":"lu-kowloon-tsuen-wan-08-03","class":"built_up","vegetationFraction":0.054,"pavedFraction":0.95,"waterFraction":0.0,"simulated":true},"geometry":{"type":"Polygon","coordinates":[[[114.1128,22.372799999999998],[114.11439999999999,22.372799999999998],[114.11439999999999,22.374399999999998],[114.1128,22.374399999999998],[114.1128,22.372799999999998]]]}},{"type":"Feature","properties":{"id":"lu-kowloon-tsuen-wan-08-04","class":"built_up","vegetationFraction":0.076,"pavedFraction":0.774,"waterFraction":0.046,"simulated":true},"geometry":{"type":"Polygon","coordinates":[[[114.11439999999999,22.372799999999998],[114.11599999999999,22.372799999999998],[114.11599999999999,22.374399999999998],[114.11439999999999,22.374399999999998],[114.11439999999999,22.372799999999998]]]}},{"type":"Feature","properties":{"id":"lu-kowloon-tsuen-wan-08-05","class":"built_up","vegetationFraction":0.079,"pavedFraction":0.949,"waterFraction":0.045,"simulated":true},"geometry":{"type":"Polygon","coordinates":[[[114.11599999999999,22.372799999999998],[114.11759999999998,22.372799999999998],[114.11759999999998,22.374399999999998],[114.11599999999999,22.374399999999998],[114.11599999999999,22.372799999999998]]]}},{"type":"Feature","properties":{"id":"lu-kowloon-tsuen-wan-08-06","class":"built_up","vegetationFraction":0.083,"pavedFraction":0.756,"waterFraction":0.006,"simulated":true},"geometry":{"type":"Polygon","coordinates":[[[114.11759999999998,22.372799999999998],[114.11919999999998,22.372799999999998],[114.11919999999998,22.374399999999998],[114.11759999999998,22.374399999999998],[114.11759999999998,22.372799999999998]]]}},{"type":"Feature","properties":{"id":"lu-kowloon-tsuen-wan-08-07","class":"built_up","vegetationFraction":0.052,"pavedFraction":0.95,"waterFraction":0.044,"simulated":true},"geometry":{"type":"Polygon","coordinates":[[[114.11919999999998,22.372799999999998],[114.12079999999997,22.372799999999998],[114.12079999999997,22.374399999999998],[114.11919999999998,22.374399999999998],[114.11919999999998,22.372799999999998]]]}},{"type":"Feature","properties":{"id":"lu-kowloon-tsuen-wan-08-08","class":"built_up","vegetationFraction":0.066,"pavedFraction":0.75,"waterFraction":0.037,"simulated":true},"geometry":{"type":"Polygon","coordinates":[[[114.12079999999997,22.372799999999998],[114.12239999999997,22.372799999999998],[114.12239999999997,22.374399999999998],[114.12079999999997,22.374399999999998],[114.12079999999997,22.372799999999998]]]}},{"type":"Feature","properties":{"id":"lu-kowloon-tsuen-wan-08-09","class":"built_up","vegetationFraction":0.075,"pavedFraction":0.863,"waterFraction":0.033,"simulated":true},"geometry":{"type":"Polygon","coordinates":[[[114.12239999999997,22.372799999999998],[114.12399999999997,22.372799999999998],[114.12399999999997,22.374399999999998],[114.12239999999997,22.374399999999998],[114.12239999999997,22.372799999999998]]]}},{"type":"Feature","properties":{"id":"lu-kowloon-tsuen-wan-08-10","class":"built_up","vegetationFraction":0.058,"pavedFraction":0.794,"waterFraction":0.003,"simulated":true},"geometry":{"type":"Polygon","coordinates":[[[114.12399999999997,22.372799999999998],[114.12559999999996,22.372799999999998],[114.12559999999996,22.374399999999998],[114.12399999999997,22.374399999999998],[114.12399999999997,22.372799999999998]]]}},{"type":"Feature","properties":{"id":"lu-kowloon-tsuen-wan-08-11","class":"built_up","vegetationFraction":0.055,"pavedFraction":0.788,"waterFraction":0.021,"simulated":true},"geometry":{"type":"Polygon","coordinates":[[[114.12559999999996,22.372799999999998],[114.12719999999996,22.372799999999998],[114.12719999999996,22.374399999999998],[114.12559999999996,22.374399999999998],[114.12559999999996,22.372799999999998]]]}},{"type":"Feature","properties":{"id":"lu-kowloon-tsuen-wan-08-12","class":"built_up","vegetationFraction":0.041,"pavedFraction":0.826,"waterFraction":0.005,"simulated":true},"geometry":{"type":"Polygon","coordinates":[[[114.12719999999996,22.372799999999998],[114.12879999999996,22.372799999999998],[114.12879999999996,22.374399999999998],[114.12719999999996,22.374399999999998],[114.12719999999996,22.372799999999998]]]}},{"type":"Feature","properties":{"id":"lu-kowloon-tsuen-wan-08-13","class":"built_up","vegetationFraction":0.083,"pavedFraction":0.83,"waterFraction":0.033,"simulated":true},"geometry":{"type":"Polygon","coordinates":[[[114.12879999999996,22.372799999999998],[114.13039999999995,22.372799999999998],[114.13039999999995,22.374399999999998],[114.12879999999996,22.374399999999998],[114.12879999999996,22.372799999999998]]]}},{"type":"Feature","properties":{"id":"lu-kowloon-tsuen-wan-08-14","class":"built_up","vegetationFraction":0.073,"pavedFraction":0.95,"waterFraction":0.056,"simulated":true},"geometry":{"type":"Polygon","coordinates":[[[114.13039999999995,22.372799999999998],[114.13199999999995,22.372799999999998],[114.13199999999995,22.374399999999998],[114.13039999999995,22.374399999999998],[114.13039999999995,22.372799999999998]]]}},{"type":"Feature","properties":{"id":"lu-kowloon-tsuen-wan-08-15","class":"built_up","vegetationFraction":0.054,"pavedFraction":0.899,"waterFraction":0.037,"simulated":true},"geometry":{"type":"Polygon","coordinates":[[[114.13199999999995,22.372799999999998],[114.13359999999994,22.372799999999998],[114.13359999999994,22.374399999999998],[114.13199999999995,22.374399999999998],[114.13199999999995,22.372799999999998]]]}},{"type":"Feature","properties":{"id":"lu-kowloon-tsuen-wan-08-16","class":"built_up","vegetationFraction":0.048,"pavedFraction":0.825,"waterFraction":0.046,"simulated":true},"geometry":{"type":"Polygon","coordinates":[[[114.13359999999994,22.372799999999998],[114.13519999999994,22.372799999999998],[114.13519999999994,22.374399999999998],[114.13359999999994,22.374399999999998],[114.13359999999994,22.372799999999998]]]}},{"type":"Feature","properties":{"id":"lu-kowloon-tsuen-wan-08-17","class":"built_up","vegetationFraction":0.078,"pavedFraction":0.85,"waterFraction":0.015,"simulated":true},"geometry":{"type":"Polygon","coordinates":[[[114.13519999999994,22.372799999999998],[114.13679999999994,22.372799999999998],[114.13679999999994,22.374399999999998],[114.13519999999994,22.374399999999998],[114.13519999999994,22.372799999999998]]]}},{"type":"Feature","properties":{"id":"lu-kowloon-tsuen-wan-08-18","class":"built_up","vegetationFraction":0.032,"pavedFraction":0.931,"waterFraction":0.005,"simulated":true},"geometry":{"type":"Polygon","coordinates":[[[114.13679999999994,22.372799999999998],[114.13839999999993,22.372799999999998],[114.13839999999993,22.374399999999998],[114.13679999999994,22.374399999999998],[114.13679999999994,22.372799999999998]]]}},{"type":"Feature","properties":{"id":"lu-kowloon-tsuen-wan-08-19","class":"built_up","vegetationFraction":0.067,"pavedFraction":0.941,"waterFraction":0.018,"simulated":true},"geometry":{"type":"Polygon","coordinates":[[[114.13839999999993,22.372799999999998],[114.13999999999993,22.372799999999998],[114.13999999999993,22.374399999999998],[114.13839999999993,22.374399999999998],[114.13839999999993,22.372799999999998]]]}},{"type":"Feature","properties":{"id":"lu-kowloon-tsuen-wan-08-20","class":"built_up","vegetationFraction":0.069,"pavedFraction":0.95,"waterFraction":0.059,"simulated":true},"geometry":{"type":"Polygon","coordinates":[[[114.13999999999993,22.372799999999998],[114.14159999999993,22.372799999999998],[114.14159999999993,22.374399999999998],[114.13999999999993,22.374399999999998],[114.13999999999993,22.372799999999998]]]}},{"type":"Feature","properties":{"id":"lu-kowloon-tsuen-wan-08-21","class":"built_up","vegetationFraction":0.065,"pavedFraction":0.802,"waterFraction":0.009,"simulated":true},"geometry":{"type":"Polygon","coordinates":[[[114.14159999999993,22.372799999999998],[114.14319999999992,22.372799999999998],[114.14319999999992,22.374399999999998],[114.14159999999993,22.374399999999998],[114.14159999999993,22.372799999999998]]]}},{"type":"Feature","properties":{"id":"lu-kowloon-tsuen-wan-09-00","class":"built_up","vegetationFraction":0.05,"pavedFraction":0.95,"waterFraction":0.017,"simulated":true},"geometry":{"type":"Polygon","coordinates":[[[114.108,22.374399999999998],[114.1096,22.374399999999998],[114.1096,22.375999999999998],[114.108,22.375999999999998],[114.108,22.374399999999998]]]}},{"type":"Feature","properties":{"id":"lu-kowloon-tsuen-wan-09-01","class":"built_up","vegetationFraction":0.034,"pavedFraction":0.739,"waterFraction":0.052,"simulated":true},"geometry":{"type":"Polygon","coordinates":[[[114.1096,22.374399999999998],[114.1112,22.374399999999998],[114.1112,22.375999999999998],[114.1096,22.375999999999998],[114.1096,22.374399999999998]]]}},{"type":"Feature","properties":{"id":"lu-kowloon-tsuen-wan-09-02","class":"built_up","vegetationFraction":0.067,"pavedFraction":0.928,"waterFraction":0.047,"simulated":true},"geometry":{"type":"Polygon","coordinates":[[[114.1112,22.374399999999998],[114.1128,22.374399999999998],[114.1128,22.375999999999998],[114.1112,22.375999999999998],[114.1112,22.374399999999998]]]}},{"type":"Feature","properties":{"id":"lu-kowloon-tsuen-wan-09-03","class":"built_up","vegetationFraction":0.051,"pavedFraction":0.925,"waterFraction":0.052,"simulated":true},"geometry":{"type":"Polygon","coordinates":[[[114.1128,22.374399999999998],[114.11439999999999,22.374399999999998],[114.11439999999999,22.375999999999998],[114.1128,22.375999999999998],[114.1128,22.374399999999998]]]}},{"type":"Feature","properties":{"id":"lu-kowloon-tsuen-wan-09-04","class":"built_up","vegetationFraction":0.08,"pavedFraction":0.95,"waterFraction":0.019,"simulated":true},"geometry":{"type":"Polygon","coordinates":[[[114.11439999999999,22.374399999999998],[114.11599999999999,22.374399999999998],[114.11599999999999,22.375999999999998],[114.11439999999999,22.375999999999998],[114.11439999999999,22.374399999999998]]]}},{"type":"Feature","properties":{"id":"lu-kowloon-tsuen-wan-09-05","class":"built_up","vegetationFraction":0.044,"pavedFraction":0.781,"waterFraction":0.03,"simulated":true},"geometry":{"type":"Polygon","coordinates":[[[114.11599999999999,22.374399999999998],[114.11759999999998,22.374399999999998],[114.11759999999998,22.375999999999998],[114.11599999999999,22.375999999999998],[114.11599999999999,22.374399999999998]]]}},{"type":"Feature","properties":{"id":"lu-kowloon-tsuen-wan-09-06","class":"built_up","vegetationFraction":0.05,"pavedFraction":0.93,"waterFraction":0.0,"simulated":true},"geometry":{"type":"Polygon","coordinates":[[[114.11759999999998,22.374399999999998],[114.11919999999998,22.374399999999998],[114.11919999999998,22.375999999999998],[114.11759999999998,22.375999999999998],[114.11759999999998,22.374399999999998]]]}},{"type":"Feature","properties":{"id":"lu-kowloon-tsuen-wan-09-07","class":"built_up","vegetationFraction":0.075,"pavedFraction":0.95,"waterFraction":0.057,"simulated":true},"geometry":{"type":"Polygon","coordinates":[[[114.11919999999998,22.374399999999998],[114.12079999999997,22.374399999999998],[114.12079999999997,22.375999999999998],[114.11919999999998,22.375999999999998],[114.11919999999998,22.374399999999998]]]}},{"type":"Feature","properties":{"id":"lu-kowloon-tsuen-wan-09-08","class":"built_up","vegetationFraction":0.074,"pavedFraction":0.95,"waterFraction":0.059,"simulated":true},"geometry":{"type":"Polygon","coordinates":[[[114.12079999999997,22.374399999999998],[114.12239999999997,22.374399999999998],[114.12239999999997,22.375999999999998],[114.12079999999997,22.375999999999998],[114.12079999999997,22.374399999999998]]]}},{"type":"Feature","properties":{"id":"lu-kowloon-tsuen-wan-09-09","class":"built_up","vegetationFraction":0.076,"pavedFraction":0.761,"waterFraction":0.044,"simulated":true},"geometry":{"type":"Polygon","coordinates":[[[114.12239999999997,22.374399999999998],[114.12399999999997,22.374399999999998],[114.12399999999997,22.375999999999998],[114.12239999999997,22.375999999999998],[114.12239999999997,22.374399999999998]]]}},{"type":"Feature","properties":{"id":"lu-kowloon-tsuen-wan-09-10","class":"built_up","vegetationFraction":0.035,"pavedFraction":0.95,"waterFraction":0.048,"simulated":true},"geometry":{"type":"Polygon","coordinates":[[[114.12399999999997,22.374399999999998],[114.12559999999996,22.374399999999998],[114.12559999999996,22.375999999999998],[114.12399999999997,22.375999999999998],[114.12399999999997,22.374399999999998]]]}},{"type":"Feature","properties":{"id":"lu-kowloon-tsuen-wan-09-11","class":"built_up","vegetationFraction":0.08,"pavedFraction":0.759,"waterFraction":0.033,"simulated":true},"geometry":{"type":"Polygon","coordinates":[[[114.12559999999996,22.374399999999998],[114.12719999999996,22.374399999999998],[114.12719999999996,22.375999999999998],[114.12559999999996,22.375999999999998],[114.12559999999996,22.374399999999998]]]}},{"type":"Feature","properties":{"id":"lu-kowloon-tsuen-wan-09-12","class":"built_up","vegetationFraction":0.037,"pavedFraction":0.868,"waterFraction":0.043,"simulated":true},"geometry":{"type":"Polygon","coordinates":[[[114.12719999999996,22.374399999999998],[114.12879999999996,22.374399999999998],[114.12879999999996,22.375999999999998],[114.12719999999996,22.375999999999998],[114.12719999999996,22.374399999999998]]]}},{"type":"Feature","properties":{"id":"lu-kowloon-tsuen-wan-09-13","class":"built_up","vegetationFraction":0.056,"pavedFraction":0.922,"waterFraction":0.054,"simulated":true},"geometry":{"type":"Polygon","coordinates":[[[114.12879999999996,22.374399999999998],[114.13039999999995,22.374399999999998],[114.13039999999995,22.375999999999998],[114.12879999999996,22.375999999999998],[114.12879999999996,22.374399999999998]]]}},{"type":"Feature","properties":{"id":"lu-kowloon-tsuen-wan-09-14","class":"built_up","vegetationFraction":0.058,"pavedFraction":0.763,"waterFraction":0.028,"simulated":true},"geometry":{"type":"Polygon","coordinates":[[[114.13039999999995,22.374399999999998],[114.13199999999995,22.374399999999998],[114.13199999999995,22.375999999999998],[114.13039999999995,22.375999999999998],[114.13039999999995,22.374399999999998]]]}},{"type":"Feature","properties":{"id":"lu-kowloon-tsuen-wan-09-15","class":"built_up","vegetationFraction":0.08,"pavedFraction":0.756,"waterFraction":0.006,"simulated":true},"geometry":{"type":"Polygon","coordinates":[[[114.13199999999995,22.374399999999998],[114.13359999999994,22.374399999999998],[114.13359999999994,22.375999999999998],[114.13199999999995,22.375999999999998],[114.13199999999995,22.374399999999998]]]}},{"type":"Feature","properties":{"id":"lu-kowloon-tsuen-wan-09-16","class":"built_up","vegetationFraction":0.035,"pavedFraction":0.95,"waterFraction":0.013,"simulated":true},"geometry":{"type":"Polygon","coordinates":[[[114.13359999999994,22.374399999999998],[114.13519999999994,22.374399999999998],[114.13519999999994,22.375999999999998],[114.13359999999994,22.375999999999998],[114.13359999999994,22.374399999999998]]]}},{"type":"Feature","properties":{"id":"lu-kowloon-tsuen-wan-09-17","class":"built_up","vegetationFraction":0.033,"pavedFraction":0.937,"waterFraction":0.037,"simulated":true},"geometry":{"type":"Polygon","coordinates":[[[114.13519999999994,22.374399999999998],[114.13679999999994,22.374399999999998],[114.13679999999994,22.375999999999998],[114.13519999999994,22.375999999999998],[114.13519999999994,22.374399999999998]]]}},{"type":"Feature","properties":{"id":"lu-kowloon-tsuen-wan-09-18","class":"built_up","vegetationFraction":0.047,"pavedFraction":0.934,"waterFraction":0.031,"simulated":true},"geometry":{"type":"Polygon","coordinates":[[[114.13679999999994,22.374399999999998],[114.13839999999993,22.374399999999998],[114.13839999999993,22.375999999999998],[114.13679999999994,22.375999999999998],[114.13679999999994,22.374399999999998]]]}},{"type":"Feature","properties":{"id":"lu-kowloon-tsuen-wan-09-19","class":"built_up","vegetationFraction":0.058,"pavedFraction":0.79,"waterFraction":0.034,"simulated":true},"geometry":{"type":"Polygon","coordinates":[[[114.13839999999993,22.374399999999998],[114.13999999999993,22.374399999999998],[114.13999999999993,22.375999999999998],[114.13839999999993,22.375999999999998],[114.13839999999993,22.374399999999998]]]}},{"type":"Feature","properties":{"id":"lu-kowloon-tsuen-wan-09-20","class":"built_up","vegetationFraction":0.066,"pavedFraction":0.903,"waterFraction":0.039,"simulated":true},"geometry":{"type":"Polygon","coordinates":[[[114.13999999999993,22.374399999999998],[114.14159999999993,22.374399999999998],[114.14159999999993,22.375999999999998],[114.13999999999993,22.375999999999998],[114.13999999999993,22.374399999999998]]]}},{"type":"Feature","properties":{"id":"lu-kowloon-tsuen-wan-09-21","class":"built_up","vegetationFraction":0.07,"pavedFraction":0.911,"waterFraction":0.04,"simulated":true},"geometry":{"type":"Polygon","coordinates":[[[114.14159999999993,22.374399999999998],[114.14319999999992,22.374399999999998],[114.14319999999992,22.375999999999998],[114.14159999999993,22.375999999999998],[114.14159999999993,22.374399999999998]]]}},{"type":"Feature","properties":{"id":"lu-kowloon-tsuen-wan-10-00","class":"built_up","vegetationFraction":0.076,"pavedFraction":0.794,"waterFraction":0.032,"simulated":true},"geometry":{"type":"Polygon","coordinates":[[[114.108,22.375999999999998],[114.1096,22.375999999999998],[114.1096,22.377599999999997],[114.108,22.377599999999997],[114.108,22.375999999999998]]]}},{"type":"Feature","properties":{"id":"lu-kowloon-tsuen-wan-10-01","class":"built_up","vegetationFraction":0.055,"pavedFraction":0.785,"waterFraction":0.058,"simulated":true},"geometry":{"type":"Polygon","coordinates":[[[114.1096,22.375999999999998],[114.1112,22.375999999999998],[114.1112,22.377599999999997],[114.1096,22.377599999999997],[114.1096,22.375999999999998]]]}},{"type":"Feature","properties":{"id":"lu-kowloon-tsuen-wan-10-02","class":"built_up","vegetationFraction":0.039,"pavedFraction":0.743,"waterFraction":0.044,"simulated":true},"geometry":{"type":"Polygon","coordinates":[[[114.1112,22.375999999999998],[114.1128,22.375999999999998],[114.1128,22.377599999999997],[114.1112,22.377599999999997],[114.1112,22.375999999999998]]]}},{"type":"Feature","properties":{"id":"lu-kowloon-tsuen-wan-10-03","class":"built_up","vegetationFraction":0.075,"pavedFraction":0.95,"waterFraction":0.046,"simulated":true},"geometry":{"type":"Polygon","coordinates":[[[114.1128,22.375999999999998],[114.11439999999999,22.375999999999998],[114.11439999999999,22.377599999999997],[114.1128,22.377599999999997],[114.1128,22.375999999999998]]]}},{"type":"Feature","properties":{"id":"lu-kowloon-tsuen-wan-10-04","class":"built_up","vegetationFraction":0.077,"pavedFraction":0.901,"waterFraction":0.023,"simulated":true},"geometry":{"type":"Polygon","coordinates":[[[114.11439999999999,22.375999999999998],[114.11599999999999,22.375999999999998],[114.11599999999999,22.377599999999997],[114.11439999999999,22.377599999999997],[114.11439999999999,22.375999999999998]]]}},{"type":"Feature","properties":{"id":"lu-kowloon-tsuen-wan-10-05","class":"built_up","vegetationFraction":0.082,"pavedFraction":0.897,"waterFraction":0.058,"simulated":true},"geometry":{"type":"Polygon","coordinates":[[[114.11599999999999,22.375999999999998],[114.11759999999998,22.375999999999998],[114.11759999999998,22.377599999999997],[114.11599999999999,22.377599999999997],[114.11599999999999,22.375999999999998]]]}},{"type":"Feature","properties":{"id":"lu-kowloon-tsuen-wan-10-06","class":"built_up","vegetationFraction":0.077,"pavedFraction":0.939,"waterFraction":0.028,"simulated":true},"geometry":{"type":"Polygon","coordinates":[[[114.11759999999998,22.375999999999998],[114.11919999999998,22.375999999999998],[114.11919999999998,22.377599999999997],[114.11759999999998,22.377599999999997],[114.11759999999998,22.375999999999998]]]}},{"type":"Feature","properties":{"id":"lu-kowloon-tsuen-wan-10-07","class":"built_up","vegetationFraction":0.069,"pavedFraction":0.95,"waterFraction":0.03,"simulated":true},"geometry":{"type":"Polygon","coordinates":[[[114.11919999999998,22.375999999999998],[114.12079999999997,22.375999999999998],[114.12079999999997,22.377599999999997],[114.11919999999998,22.377599999999997],[114.11919999999998,22.375999999999998]]]}},{"type":"Feature","properties":{"id":"lu-kowloon-tsuen-wan-10-08","class":"built_up","vegetationFraction":0.048,"pavedFraction":0.838,"waterFraction":0.035,"simulated":true},"geometry":{"type":"Polygon","coordinates":[[[114.12079999999997,22.375999999999998],[114.12239999999997,22.375999999999998],[114.12239999999997,22.377599999999997],[114.12079999999997,22.377599999999997],[114.12079999999997,22.375999999999998]]]}},{"type":"Feature","properties":{"id":"lu-kowloon-tsuen-wan-10-09","class":"built_up","vegetationFraction":0.05,"pavedFraction":0.848,"waterFraction":0.05,"simulated":true},"geometry":{"type":"Polygon","coordinates":[[[114.12239999999997,22.375999999999998],[114.12399999999997,22.375999999999998],[114.12399999999997,22.377599999999997],[114.12239999999997,22.377599999999997],[114.12239999999997,22.375999999999998]]]}},{"type":"Feature","properties":{"id":"lu-kowloon-tsuen-wan-10-10","class":"built_up","vegetationFraction":0.043,"pavedFraction":0.904,"waterFraction":0.039,"simulated":true},"geometry":{"type":"Polygon","coordinates":[[[114.12399999999997,22.375999999999998],[114.12559999999996,22.375999999999998],[114.12559999999996,22.377599999999997],[114.12399999999997,22.377599999999997],[114.12399999999997,22.375999999999998]]]}},{"type":"Feature","properties":{"id":"lu-kowloon-tsuen-wan-10-11","class":"built_up","vegetationFraction":0.077,"pavedFraction":0.778,"waterFraction":0.005,"simulated":true},"geometry":{"type":"Polygon","coordinates":[[[114.12559999999996,22.375999999999998],[114.12719999999996,22.375999999999998],[114.12719999999996,22.377599999999997],[114.12559999999996,22.377599999999997],[114.12559999999996,22.375999999999998]]]}},{"type":"Feature","properties":{"id":"lu-kowloon-tsuen-wan-10-12","class":"built_up","vegetationFraction":0.06,"pavedFraction":0.929,"waterFraction":0.052,"simulated":true},"geometry":{"type":"Polygon","coordinates":[[[114.12719999999996,22.375999999999998],[114.12879999999996,22.375999999999998],[114.12879999999996,22.377599999999997],[114.12719999999996,22.377599999999997],[114.12719999999996,22.375999999999998]]]}},{"type":"Feature","properties":{"id":"lu-kowloon-tsuen-wan-10-13","class":"built_up","vegetationFraction":0.078,"pavedFraction":0.855,"waterFraction":0.027,"simulated":true},"geometry":{"type":"Polygon","coordinates":[[[114.12879999999996,22.375999999999998],[114.13039999999995,22.375999999999998],[114.13039999999995,22.377599999999997],[114.12879999999996,22.377599999999997],[114.12879999999996,22.375999999999998]]]}},{"type":"Feature","properties":{"id":"lu-kowloon-tsuen-wan-10-14","class":"built_up","vegetationFraction":0.067,"pavedFraction":0.95,"waterFraction":0.01,"simulated":true},"geometry":{"type":"Polygon","coordinates":[[[114.13039999999995,22.375999999999998],[114.13199999999995,22.375999999999998],[114.13199999999995,22.377599999999997],[114.13039999999995,22.377599999999997],[114.13039999999995,22.375999999999998]]]}},{"type":"Feature","properties":{"id":"lu-kowloon-tsuen-wan-10-15","class":"built_up","vegetationFraction":0.032,"pavedFraction":0.95,"waterFraction":0.002,"simulated":true},"geometry":{"type":"Polygon","coordinates":[[[114.13199999999995,22.375999999999998],[114.13359999999994,22.375999999999998],[114.13359999999994,22.377599999999997],[114.13199999999995,22.377599999999997],[114.13199999999995,22.375999999999998]]]}},{"type":"Feature","properties":{"id":"lu-kowloon-tsuen-wan-10-16","class":"built_up","vegetationFraction":0.044,"pavedFraction":0.751,"waterFraction":0.037,"simulated":true},"geometry":{"type":"Polygon","coordinates":[[[114.13359999999994,22.375999999999998],[114.13519999999994,22.375999999999998],[114.13519999999994,22.377599999999997],[114.13359999999994,22.377599999999997],[114.13359999999994,22.375999999999998]]]}},{"type":"Feature","properties":{"id":"lu-kowloon-tsuen-wan-10-17","class":"built_up","vegetationFraction":0.07,"pavedFraction":0.814,"waterFraction":0.016,"simulated":true},"geometry":{"type":"Polygon","coordinates":[[[114.13519999999994,22.375999999999998],[114.13679999999994,22.375999999999998],[114.13679999999994,22.377599999999997],[114.13519999999994,22.377599999999997],[114.13519999999994,22.375999999999998]]]}},{"type":"Feature","properties":{"id":"lu-kowloon-tsuen-wan-10-18","class":"built_up","vegetationFraction":0.062,"pavedFraction":0.863,"waterFraction":0.058,"simulated":true},"geometry":{"type":"Polygon","coordinates":[[[114.13679999999994,22.375999999999998],[114.13839999999993,22.375999999999998],[114.13839999999993,22.377599999999997],[114.13679999999994,22.377599999999997],[114.13679999999994,22.375999999999998]]]}},{"type":"Feature","properties":{"id":"lu-kowloon-tsuen-wan-10-19","class":"built_up","vegetationFraction":0.076,"pavedFraction":0.95,"waterFraction":0.059,"simulated":true},"geometry":{"type":"Polygon","coordinates":[[[114.13839999999993,22.375999999999998],[114.13999999999993,22.375999999999998],[114.13999999999993,22.377599999999997],[114.13839999999993,22.377599999999997],[114.13839999999993,22.375999999999998]]]}},{"type":"Feature","properties":{"id":"lu-kowloon-tsuen-wan-10-20","class":"built_up","vegetationFraction":0.076,"pavedFraction":0.735,"waterFraction":0.028,"simulated":true},"geometry":{"type":"Polygon","coordinates":[[[114.13999999999993,22.375999999999998],[114.14159999999993,22.375999999999998],[114.14159999999993,22.377599999999997],[114.13999999999993,22.377599999999997],[114.13999999999993,22.375999999999998]]]}},{"type":"Feature","properties":{"id":"lu-kowloon-tsuen-wan-10-21","class":"built_up","vegetationFraction":0.043,"pavedFraction":0.768,"waterFraction":0.021,"simulated":true},"geometry":{"type":"Polygon","coordinates":[[[114.14159999999993,22.375999999999998],[114.14319999999992,22.375999999999998],[114.14319999999992,22.377599999999997],[114.14159999999993,22.377599999999997],[114.14159999999993,22.375999999999998]]]}},{"type":"Feature","properties":{"id":"lu-kowloon-tsuen-wan-11-00","class":"built_up","vegetationFraction":0.044,"pavedFraction":0.764,"waterFraction":0.007,"simulated":true},"geometry":{"type":"Polygon","coordinates":[[[114.108,22.377599999999997],[114.1096,22.377599999999997],[114.1096,22.379199999999997],[114.108,22.379199999999997],[114.108,22.377599999999997]]]}},{"type":"Feature","properties":{"id":"lu-kowloon-tsuen-wan-11-01","class":"built_up","vegetationFraction":0.055,"pavedFraction":0.948,"waterFraction":0.041,"simulated":true},"geometry":{"type":"Polygon","coordinates":[[[114.1096,22.377599999999997],[114.1112,22.377599999999997],[114.1112,22.379199999999997],[114.1096,22.379199999999997],[114.1096,22.377599999999997]]]}},{"type":"Feature","properties":{"id":"lu-kowloon-tsuen-wan-11-02","class":"built_up","vegetationFraction":0.053,"pavedFraction":0.777,"waterFraction":0.004,"simulated":true},"geometry":{"type":"Polygon","coordinates":[[[114.1112,22.377599999999997],[114.1128,22.377599999999997],[114.1128,22.379199999999997],[114.1112,22.379199999999997],[114.1112,22.377599999999997]]]}},{"type":"Feature","properties":{"id":"lu-kowloon-tsuen-wan-11-03","class":"built_up","vegetationFraction":0.055,"pavedFraction":0.741,"waterFraction":0.036,"simulated":true},"geometry":{"type":"Polygon","coordinates":[[[114.1128,22.377599999999997],[114.11439999999999,22.377599999999997],[114.11439999999999,22.379199999999997],[114.1128,22.379199999999997],[114.1128,22.377599999999997]]]}},{"type":"Feature","properties":{"id":"lu-kowloon-tsuen-wan-11-04","class":"built_up","vegetationFraction":0.03,"pavedFraction":0.877,"waterFraction":0.009,"simulated":true},"geometry":{"type":"Polygon","coordinates":[[[114.11439999999999,22.377599999999997],[114.11599999999999,22.377599999999997],[114.11599999999999,22.379199999999997],[114.11439999999999,22.379199999999997],[114.11439999999999,22.377599999999997]]]}},{"type":"Feature","properties":{"id":"lu-kowloon-tsuen-wan-11-05","class":"built_up","vegetationFraction":0.063,"pavedFraction":0.894,"waterFraction":0.014,"simulated":true},"geometry":{"type":"Polygon","coordinates":[[[114.11599999999999,22.377599999999997],[114.11759999999998,22.377599999999997],[114.11759999999998,22.379199999999997],[114.11599999999999,22.379199999999997],[114.11599999999999,22.377599999999997]]]}},{"type":"Feature","properties":{"id":"lu-kowloon-tsuen-wan-11-06","class":"built_up","vegetationFraction":0.033,"pavedFraction":0.95,"waterFraction":0.013,"simulated":true},"geometry":{"type":"Polygon","coordinates":[[[114.11759999999998,22.377599999999997],[114.11919999999998,22.377599999999997],[114.11919999999998,22.379199999999997],[114.11759999999998,22.379199999999997],[114.11759999999998,22.377599999999997]]]}},{"type":"Feature","properties":{"id":"lu-kowloon-tsuen-wan-11-07","class":"built_up","vegetationFraction":0.045,"pavedFraction":0.917,"waterFraction":0.035,"simulated":true},"geometry":{"type":"Polygon","coordinates":[[[114.11919999999998,22.377599999999997],[114.12079999999997,22.377599999999997],[114.12079999999997,22.379199999999997],[114.11919999999998,22.379199999999997],[114.11919999999998,22.377599999999997]]]}},{"type":"Feature","properties":{"id":"lu-kowloon-tsuen-wan-11-08","class":"built_up","vegetationFraction":0.05,"pavedFraction":0.832,"waterFraction":0.035,"simulated":true},"geometry":{"type":"Polygon","coordinates":[[[114.12079999999997,22.377599999999997],[114.12239999999997,22.377599999999997],[114.12239999999997,22.379199999999997],[114.12079999999997,22.379199999999997],[114.12079999999997,22.377599999999997]]]}},{"type":"Feature","properties":{"id":"lu-kowloon-tsuen-wan-11-09","class":"built_up","vegetationFraction":0.081,"pavedFraction":0.895,"waterFraction":0.045,"simulated":true},"geometry":{"type":"Polygon","coordinates":[[[114.12239999999997,22.377599999999997],[114.12399999999997,22.377599999999997],[114.12399999999997,22.379199999999997],[114.12239999999997,22.379199999999997],[114.12239999999997,22.377599999999997]]]}},{"type":"Feature","properties":{"id":"lu-kowloon-tsuen-wan-11-10","class":"built_up","vegetationFraction":0.042,"pavedFraction":0.822,"waterFraction":0.018,"simulated":true},"geometry":{"type":"Polygon","coordinates":[[[114.12399999999997,22.377599999999997],[114.12559999999996,22.377599999999997],[114.12559999999996,22.379199999999997],[114.12399999999997,22.379199999999997],[114.12399999999997,22.377599999999997]]]}},{"type":"Feature","properties":{"id":"lu-kowloon-tsuen-wan-11-11","class":"built_up","vegetationFraction":0.04,"pavedFraction":0.95,"waterFraction":0.016,"simulated":true},"geometry":{"type":"Polygon","coordinates":[[[114.12559999999996,22.377599999999997],[114.12719999999996,22.377599999999997],[114.12719999999996,22.379199999999997],[114.12559999999996,22.379199999999997],[114.12559999999996,22.377599999999997]]]}},{"type":"Feature","properties":{"id":"lu-kowloon-tsuen-wan-11-12","class":"built_up","vegetationFraction":0.066,"pavedFraction":0.841,"waterFraction":0.017,"simulated":true},"geometry":{"type":"Polygon","coordinates":[[[114.12719999999996,22.377599999999997],[114.12879999999996,22.377599999999997],[114.12879999999996,22.379199999999997],[114.12719999999996,22.379199999999997],[114.12719999999996,22.377599999999997]]]}},{"type":"Feature","properties":{"id":"lu-kowloon-tsuen-wan-11-13","class":"built_up","vegetationFraction":0.08,"pavedFraction":0.921,"waterFraction":0.031,"simulated":true},"geometry":{"type":"Polygon","coordinates":[[[114.12879999999996,22.377599999999997],[114.13039999999995,22.377599999999997],[114.13039999999995,22.379199999999997],[114.12879999999996,22.379199999999997],[114.12879999999996,22.377599999999997]]]}},{"type":"Feature","properties":{"id":"lu-kowloon-tsuen-wan-11-14","class":"built_up","vegetationFraction":0.072,"pavedFraction":0.823,"waterFraction":0.045,"simulated":true},"geometry":{"type":"Polygon","coordinates":[[[114.13039999999995,22.377599999999997],[114.13199999999995,22.377599999999997],[114.13199999999995,22.379199999999997],[114.13039999999995,22.379199999999997],[114.13039999999995,22.377599999999997]]]}},{"type":"Feature","properties":{"id":"lu-kowloon-tsuen-wan-11-15","class":"built_up","vegetationFraction":0.045,"pavedFraction":0.924,"waterFraction":0.008,"simulated":true},"geometry":{"type":"Polygon","coordinates":[[[114.13199999999995,22.377599999999997],[114.13359999999994,22.377599999999997],[114.13359999999994,22.379199999999997],[114.13199999999995,22.379199999999997],[114.13199999999995,22.377599999999997]]]}},{"type":"Feature","properties":{"id":"lu-kowloon-tsuen-wan-11-16","class":"built_up","vegetationFraction":0.044,"pavedFraction":0.95,"waterFraction":0.002,"simulated":true},"geometry":{"type":"Polygon","coordinates":[[[114.13359999999994,22.377599999999997],[114.13519999999994,22.377599999999997],[114.13519999999994,22.379199999999997],[114.13359999999994,22.379199999999997],[114.13359999999994,22.377599999999997]]]}},{"type":"Feature","properties":{"id":"lu-kowloon-tsuen-wan-11-17","class":"built_up","vegetationFraction":0.052,"pavedFraction":0.755,"waterFraction":0.023,"simulated":true},"geometry":{"type":"Polygon","coordinates":[[[114.13519999999994,22.377599999999997],[114.13679999999994,22.377599999999997],[114.13679999999994,22.379199999999997],[114.13519999999994,22.379199999999997],[114.13519999999994,22.377599999999997]]]}},{"type":"Feature","properties":{"id":"lu-kowloon-tsuen-wan-11-18","class":"built_up","vegetationFraction":0.037,"pavedFraction":0.881,"waterFraction":0.003,"simulated":true},"geometry":{"type":"Polygon","coordinates":[[[114.13679999999994,22.377599999999997],[114.13839999999993,22.377599999999997],[114.13839999999993,22.379199999999997],[114.13679999999994,22.379199999999997],[114.13679999999994,22.377599999999997]]]}},{"type":"Feature","properties":{"id":"lu-kowloon-tsuen-wan-11-19","class":"built_up","vegetationFraction":0.056,"pavedFraction":0.786,"waterFraction":0.013,"simulated":true},"geometry":{"type":"Polygon","coordinates":[[[114.13839999999993,22.377599999999997],[114.13999999999993,22.377599999999997],[114.13999999999993,22.379199999999997],[114.13839999999993,22.379199999999997],[114.13839999999993,22.377599999999997]]]}},{"type":"Feature","properties":{"id":"lu-kowloon-tsuen-wan-11-20","class":"built_up","vegetationFraction":0.058,"pavedFraction":0.95,"waterFraction":0.019,"simulated":true},"geometry":{"type":"Polygon","coordinates":[[[114.13999999999993,22.377599999999997],[114.14159999999993,22.377599999999997],[114.14159999999993,22.379199999999997],[114.13999999999993,22.379199999999997],[114.13999999999993,22.377599999999997]]]}},{"type":"Feature","properties":{"id":"lu-kowloon-tsuen-wan-11-21","class":"built_up","vegetationFraction":0.081,"pavedFraction":0.95,"waterFraction":0.055,"simulated":true},"geometry":{"type":"Polygon","coordinates":[[[114.14159999999993,22.377599999999997],[114.14319999999992,22.377599999999997],[114.14319999999992,22.379199999999997],[114.14159999999993,22.379199999999997],[114.14159999999993,22.377599999999997]]]}},{"type":"Feature","properties":{"id":"lu-kowloon-tsuen-wan-12-00","class":"built_up","vegetationFraction":0.108,"pavedFraction":0.747,"waterFraction":0.056,"simulated":true},"geometry":{"type":"Polygon","coordinates":[[[114.108,22.379199999999997],[114.1096,22.379199999999997],[114.1096,22.380799999999997],[114.108,22.380799999999997],[114.108,22.379199999999997]]]}},{"type":"Feature","properties":{"id":"lu-kowloon-tsuen-wan-12-01","class":"built_up","vegetationFraction":0.13,"pavedFraction":0.487,"waterFraction":0.019,"simulated":true},"geometry":{"type":"Polygon","coordinates":[[[114.1096,22.379199999999997],[114.1112,22.379199999999997],[114.1112,22.380799999999997],[114.1096,22.380799999999997],[114.1096,22.379199999999997]]]}},{"type":"Feature","properties":{"id":"lu-kowloon-tsuen-wan-12-02","class":"built_up","vegetationFraction":0.212,"pavedFraction":0.491,"waterFraction":0.055,"simulated":true},"geometry":{"type":"Polygon","coordinates":[[[114.1112,22.379199999999997],[114.1128,22.379199999999997],[114.1128,22.380799999999997],[114.1112,22.380799999999997],[114.1112,22.379199999999997]]]}},{"type":"Feature","properties":{"id":"lu-kowloon-tsuen-wan-12-03","class":"built_up","vegetationFraction":0.125,"pavedFraction":0.566,"waterFraction":0.042,"simulated":true},"geometry":{"type":"Polygon","coordinates":[[[114.1128,22.379199999999997],[114.11439999999999,22.379199999999997],[114.11439999999999,22.380799999999997],[114.1128,22.380799999999997],[114.1128,22.379199999999997]]]}},{"type":"Feature","properties":{"id":"lu-kowloon-tsuen-wan-12-04","class":"built_up","vegetationFraction":0.171,"pavedFraction":0.692,"waterFraction":0.055,"simulated":true},"geometry":{"type":"Polygon","coordinates":[[[114.11439999999999,22.379199999999997],[114.11599999999999,22.379199999999997],[114.11599999999999,22.380799999999997],[114.11439999999999,22.380799999999997],[114.11439999999999,22.379199999999997]]]}},{"type":"Feature","properties":{"id":"lu-kowloon-tsuen-wan-12-05","class":"built_up","vegetationFraction":0.126,"pavedFraction":0.709,"waterFraction":0.004,"simulated":true},"geometry":{"type":"Polygon","coordinates":[[[114.11599999999999,22.379199999999997],[114.11759999999998,22.379199999999997],[114.11759999999998,22.380799999999997],[114.11599999999999,22.380799999999997],[114.11599999999999,22.379199999999997]]]}},{"type":"Feature","properties":{"id":"lu-kowloon-tsuen-wan-12-06","class":"built_up","vegetationFraction":0.102,"pavedFraction":0.659,"waterFraction":0.036,"simulated":true},"geometry":{"type":"Polygon","coordinates":[[[114.11759999999998,22.379199999999997],[114.11919999999998,22.379199999999997],[114.11919999999998,22.380799999999997],[114.11759999999998,22.380799999999997],[114.11759999999998,22.379199999999997]]]}},{"type":"Feature","properties":{"id":"lu-kowloon-tsuen-wan-12-07","class":"built_up","vegetationFraction":0.131,"pavedFraction":0.565,"waterFraction":0.05,"simulated":true},"geometry":{"type":"Polygon","coordinates":[[[114.11919999999998,22.379199999999997],[114.12079999999997,22.379199999999997],[114.12079999999997,22.380799999999997],[114.11919999999998,22.380799999999997],[114.11919999999998,22.379199999999997]]]}},{"type":"Feature","properties":{"id":"lu-kowloon-tsuen-wan-12-08","class":"urban_open_space","vegetationFraction":0.257,"pavedFraction":0.622,"waterFraction":0.041,"simulated":true},"geometry":{"type":"Polygon","coordinates":[[[114.12079999999997,22.379199999999997],[114.12239999999997,22.379199999999997],[114.12239999999997,22.380799999999997],[114.12079999999997,22.380799999999997],[114.12079999999997,22.379199999999997]]]}},{"type":"Feature","properties":{"id":"lu-kowloon-tsuen-wan-12-09","class":"urban_open_space","vegetationFraction":0.252,"pavedFraction":0.488,"waterFraction":0.032,"simulated":true},"geometry":{"type":"Polygon","coordinates":[[[114.12239999999997,22.379199999999997],[114.12399999999997,22.379199999999997],[114.12399999999997,22.380799999999997],[114.12239999999997,22.380799999999997],[114.12239999999997,22.379199999999997]]]}},{"type":"Feature","properties":{"id":"lu-kowloon-tsuen-wan-12-10","class":"urban_open_space","vegetationFraction":0.253,"pavedFraction":0.667,"waterFraction":0.039,"simulated":true},"geometry":{"type":"Polygon","coordinates":[[[114.12399999999997,22.379199999999997],[114.12559999999996,22.379199999999997],[114.12559999999996,22.380799999999997],[114.12399999999997,22.380799999999997],[114.12399999999997,22.379199999999997]]]}},{"type":"Feature","properties":{"id":"lu-kowloon-tsuen-wan-12-11","class":"built_up","vegetationFraction":0.161,"pavedFraction":0.613,"waterFraction":0.027,"simulated":true},"geometry":{"type":"Polygon","coordinates":[[[114.12559999999996,22.379199999999997],[114.12719999999996,22.379199999999997],[114.12719999999996,22.380799999999997],[114.12559999999996,22.380799999999997],[114.12559999999996,22.379199999999997]]]}},{"type":"Feature","properties":{"id":"lu-kowloon-tsuen-wan-12-12","class":"built_up","vegetationFraction":0.214,"pavedFraction":0.729,"waterFraction":0.006,"simulated":true},"geometry":{"type":"Polygon","coordinates":[[[114.12719999999996,22.379199999999997],[114.12879999999996,22.379199999999997],[114.12879999999996,22.380799999999997],[114.12719999999996,22.380799999999997],[114.12719999999996,22.379199999999997]]]}},{"type":"Feature","properties":{"id":"lu-kowloon-tsuen-wan-12-13","class":"built_up","vegetationFraction":0.134,"pavedFraction":0.771,"waterFraction":0.053,"simulated":true},"geometry":{"type":"Polygon","coordinates":[[[114.12879999999996,22.379199999999997],[114.13039999999995,22.379199999999997],[114.13039999999995,22.380799999999997],[114.12879999999996,22.380799999999997],[114.12879999999996,22.379199999999997]]]}},{"type":"Feature","properties":{"id":"lu-kowloon-tsuen-wan-12-14","class":"built_up","vegetationFraction":0.229,"pavedFraction":0.559,"waterFraction":0.043,"simulated":true},"geometry":{"type":"Polygon","coordinates":[[[114.13039999999995,22.379199999999997],[114.13199999999995,22.379199999999997],[114.13199999999995,22.380799999999997],[114.13039999999995,22.380799999999997],[114.13039999999995,22.379199999999997]]]}},{"type":"Feature","properties":{"id":"lu-kowloon-tsuen-wan-12-15","class":"built_up","vegetationFraction":0.142,"pavedFraction":0.775,"waterFraction":0.009,"simulated":true},"geometry":{"type":"Polygon","coordinates":[[[114.13199999999995,22.379199999999997],[114.13359999999994,22.379199999999997],[114.13359999999994,22.380799999999997],[114.13199999999995,22.380799999999997],[114.13199999999995,22.379199999999997]]]}},{"type":"Feature","properties":{"id":"lu-kowloon-tsuen-wan-12-16","class":"built_up","vegetationFraction":0.159,"pavedFraction":0.728,"waterFraction":0.049,"simulated":true},"geometry":{"type":"Polygon","coordinates":[[[114.13359999999994,22.379199999999997],[114.13519999999994,22.379199999999997],[114.13519999999994,22.380799999999997],[114.13359999999994,22.380799999999997],[114.13359999999994,22.379199999999997]]]}},{"type":"Feature","properties":{"id":"lu-kowloon-tsuen-wan-12-17","class":"built_up","vegetationFraction":0.168,"pavedFraction":0.744,"waterFraction":0.015,"simulated":true},"geometry":{"type":"Polygon","coordinates":[[[114.13519999999994,22.379199999999997],[114.13679999999994,22.379199999999997],[114.13679999999994,22.380799999999997],[114.13519999999994,22.380799999999997],[114.13519999999994,22.379199999999997]]]}},{"type":"Feature","properties":{"id":"lu-kowloon-tsuen-wan-12-18","class":"built_up","vegetationFraction":0.249,"pavedFraction":0.494,"waterFraction":0.025,"simulated":true},"geometry":{"type":"Polygon","coordinates":[[[114.13679999999994,22.379199999999997],[114.13839999999993,22.379199999999997],[114.13839999999993,22.380799999999997],[114.13679999999994,22.380799999999997],[114.13679999999994,22.379199999999997]]]}},{"type":"Feature","properties":{"id":"lu-kowloon-tsuen-wan-12-19","class":"built_up","vegetationFraction":0.142,"pavedFraction":0.733,"waterFraction":0.035,"simulated":true},"geometry":{"type":"Polygon","coordinates":[[[114.13839999999993,22.379199999999997],[114.13999999999993,22.379199999999997],[114.13999999999993,22.380799999999997],[114.13839999999993,22.380799999999997],[114.13839999999993,22.379199999999997]]]}},{"type":"Feature","properties":{"id":"lu-kowloon-tsuen-wan-12-20","class":"built_up","vegetationFraction":0.118,"pavedFraction":0.726,"waterFraction":0.032,"simulated":true},"geometry":{"type":"Polygon","coordinates":[[[114.13999999999993,22.379199999999997],[114.14159999999993,22.379199999999997],[114.14159999999993,22.380799999999997],[114.13999999999993,22.380799999999997],[114.13999999999993,22.379199999999997]]]}},{"type":"Feature","properties":{"id":"lu-kowloon-tsuen-wan-12-21","class":"built_up","vegetationFraction":0.116,"pavedFraction":0.648,"waterFraction":0.007,"simulated":true},"geometry":{"type":"Polygon","coordinates":[[[114.14159999999993,22.379199999999997],[114.14319999999992,22.379199999999997],[114.14319999999992,22.380799999999997],[114.14159999999993,22.380799999999997],[114.14159999999993,22.379199999999997]]]}},{"type":"Feature","properties":{"id":"lu-kowloon-tsuen-wan-13-00","class":"built_up","vegetationFraction":0.143,"pavedFraction":0.568,"waterFraction":0.057,"simulated":true},"geometry":{"type":"Polygon","coordinates":[[[114.108,22.380799999999997],[114.1096,22.380799999999997],[114.1096,22.382399999999997],[114.108,22.382399999999997],[114.108,22.380799999999997]]]}},{"type":"Feature","properties":{"id":"lu-kowloon-tsuen-wan-13-01","class":"built_up","vegetationFraction":0.112,"pavedFraction":0.565,"waterFraction":0.021,"simulated":true},"geometry":{"type":"Polygon","coordinates":[[[114.1096,22.380799999999997],[114.1112,22.380799999999997],[114.1112,22.382399999999997],[114.1096,22.382399999999997],[114.1096,22.380799999999997]]]}},{"type":"Feature","properties":{"id":"lu-kowloon-tsuen-wan-13-02","class":"built_up","vegetationFraction":0.155,"pavedFraction":0.76,"waterFraction":0.04,"simulated":true},"geometry":{"type":"Polygon","coordinates":[[[114.1112,22.380799999999997],[114.1128,22.380799999999997],[114.1128,22.382399999999997],[114.1112,22.382399999999997],[114.1112,22.380799999999997]]]}},{"type":"Feature","properties":{"id":"lu-kowloon-tsuen-wan-13-03","class":"built_up","vegetationFraction":0.204,"pavedFraction":0.662,"waterFraction":0.015,"simulated":true},"geometry":{"type":"Polygon","coordinates":[[[114.1128,22.380799999999997],[114.11439999999999,22.380799999999997],[114.11439999999999,22.382399999999997],[114.1128,22.382399999999997],[114.1128,22.380799999999997]]]}},{"type":"Feature","properties":{"id":"lu-kowloon-tsuen-wan-13-04","class":"urban_open_space","vegetationFraction":0.264,"pavedFraction":0.678,"waterFraction":0.013,"simulated":true},"geometry":{"type":"Polygon","coordinates":[[[114.11439999999999,22.380799999999997],[114.11599999999999,22.380799999999997],[114.11599999999999,22.382399999999997],[114.11439999999999,22.382399999999997],[114.11439999999999,22.380799999999997]]]}},{"type":"Feature","properties":{"id":"lu-kowloon-tsuen-wan-13-05","class":"urban_open_space","vegetationFraction":0.26,"pavedFraction":0.734,"waterFraction":0.021,"simulated":true},"geometry":{"type":"Polygon","coordinates":[[[114.11599999999999,22.380799999999997],[114.11759999999998,22.380799999999997],[114.11759999999998,22.382399999999997],[114.11599999999999,22.382399999999997],[114.11599999999999,22.380799999999997]]]}},{"type":"Feature","properties":{"id":"lu-kowloon-tsuen-wan-13-06","class":"built_up","vegetationFraction":0.207,"pavedFraction":0.54,"waterFraction":0.007,"simulated":true},"geometry":{"type":"Polygon","coordinates":[[[114.11759999999998,22.380799999999997],[114.11919999999998,22.380799999999997],[114.11919999999998,22.382399999999997],[114.11759999999998,22.382399999999997],[114.11759999999998,22.380799999999997]]]}},{"type":"Feature","properties":{"id":"lu-kowloon-tsuen-wan-13-07","class":"built_up","vegetationFraction":0.149,"pavedFraction":0.693,"waterFraction":0.032,"simulated":true},"geometry":{"type":"Polygon","coordinates":[[[114.11919999999998,22.380799999999997],[114.12079999999997,22.380799999999997],[114.12079999999997,22.382399999999997],[114.11919999999998,22.382399999999997],[114.11919999999998,22.380799999999997]]]}},{"type":"Feature","properties":{"id":"lu-kowloon-tsuen-wan-13-08","class":"built_up","vegetationFraction":0.245,"pavedFraction":0.653,"waterFraction":0.051,"simulated":true},"geometry":{"type":"Polygon","coordinates":[[[114.12079999999997,22.380799999999997],[114.12239999999997,22.380799999999997],[114.12239999999997,22.382399999999997],[114.12079999999997,22.382399999999997],[114.12079999999997,22.380799999999997]]]}},{"type":"Feature","properties":{"id":"lu-kowloon-tsuen-wan-13-09","class":"urban_open_space","vegetationFraction":0.266,"pavedFraction":0.706,"waterFraction":0.037,"simulated":true},"geometry":{"type":"Polygon","coordinates":[[[114.12239999999997,22.380799999999997],[114.12399999999997,22.380799999999997],[114.12399999999997,22.382399999999997],[114.12239999999997,22.382399999999997],[114.12239999999997,22.380799999999997]]]}},{"type":"Feature","properties":{"id":"lu-kowloon-tsuen-wan-13-10","class":"built_up","vegetationFraction":0.137,"pavedFraction":0.501,"waterFraction":0.036,"simulated":true},"geometry":{"type":"Polygon","coordinates":[[[114.12399999999997,22.380799999999997],[114.12559999999996,22.380799999999997],[114.12559999999996,22.382399999999997],[114.12399999999997,22.382399999999997],[114.12399999999997,22.380799999999997]]]}},{"type":"Feature","properties":{"id":"lu-kowloon-tsuen-wan-13-11","class":"built_up","vegetationFraction":0.197,"pavedFraction":0.749,"waterFraction":0.044,"simulated":true},"geometry":{"type":"Polygon","coordinates":[[[114.12559999999996,22.380799999999997],[114.12719999999996,22.380799999999997],[114.12719999999996,22.382399999999997],[114.12559999999996,22.382399999999997],[114.12559999999996,22.380799999999997]]]}},{"type":"Feature","properties":{"id":"lu-kowloon-tsuen-wan-13-12","class":"built_up","vegetationFraction":0.18,"pavedFraction":0.521,"waterFraction":0.019,"simulated":true},"geometry":{"type":"Polygon","coordinates":[[[114.12719999999996,22.380799999999997],[114.12879999999996,22.380799999999997],[114.12879999999996,22.382399999999997],[114.12719999999996,22.382399999999997],[114.12719999999996,22.380799999999997]]]}},{"type":"Feature","properties":{"id":"lu-kowloon-tsuen-wan-13-13","class":"built_up","vegetationFraction":0.246,"pavedFraction":0.489,"waterFraction":0.029,"simulated":true},"geometry":{"type":"Polygon","coordinates":[[[114.12879999999996,22.380799999999997],[114.13039999999995,22.380799999999997],[114.13039999999995,22.382399999999997],[114.12879999999996,22.382399999999997],[114.12879999999996,22.380799999999997]]]}},{"type":"Feature","properties":{"id":"lu-kowloon-tsuen-wan-13-14","class":"built_up","vegetationFraction":0.107,"pavedFraction":0.531,"waterFraction":0.021,"simulated":true},"geometry":{"type":"Polygon","coordinates":[[[114.13039999999995,22.380799999999997],[114.13199999999995,22.380799999999997],[114.13199999999995,22.382399999999997],[114.13039999999995,22.382399999999997],[114.13039999999995,22.380799999999997]]]}},{"type":"Feature","properties":{"id":"lu-kowloon-tsuen-wan-13-15","class":"built_up","vegetationFraction":0.125,"pavedFraction":0.778,"waterFraction":0.014,"simulated":true},"geometry":{"type":"Polygon","coordinates":[[[114.13199999999995,22.380799999999997],[114.13359999999994,22.380799999999997],[114.13359999999994,22.382399999999997],[114.13199999999995,22.382399999999997],[114.13199999999995,22.380799999999997]]]}},{"type":"Feature","properties":{"id":"lu-kowloon-tsuen-wan-13-16","class":"built_up","vegetationFraction":0.247,"pavedFraction":0.719,"waterFraction":0.021,"simulated":true},"geometry":{"type":"Polygon","coordinates":[[[114.13359999999994,22.380799999999997],[114.13519999999994,22.380799999999997],[114.13519999999994,22.382399999999997],[114.13359999999994,22.382399999999997],[114.13359999999994,22.380799999999997]]]}},{"type":"Feature","properties":{"id":"lu-kowloon-tsuen-wan-13-17","class":"built_up","vegetationFraction":0.135,"pavedFraction":0.542,"waterFraction":0.04,"simulated":true},"geometry":{"type":"Polygon","coordinates":[[[114.13519999999994,22.380799999999997],[114.13679999999994,22.380799999999997],[114.13679999999994,22.382399999999997],[114.13519999999994,22.382399999999997],[114.13519999999994,22.380799999999997]]]}},{"type":"Feature","properties":{"id":"lu-kowloon-tsuen-wan-13-18","class":"built_up","vegetationFraction":0.108,"pavedFraction":0.673,"waterFraction":0.053,"simulated":true},"geometry":{"type":"Polygon","coordinates":[[[114.13679999999994,22.380799999999997],[114.13839999999993,22.380799999999997],[114.13839999999993,22.382399999999997],[114.13679999999994,22.382399999999997],[114.13679999999994,22.380799999999997]]]}},{"type":"Feature","properties":{"id":"lu-kowloon-tsuen-wan-13-19","class":"urban_open_space","vegetationFraction":0.261,"pavedFraction":0.78,"waterFraction":0.017,"simulated":true},"geometry":{"type":"Polygon","coordinates":[[[114.13839999999993,22.380799999999997],[114.13999999999993,22.380799999999997],[114.13999999999993,22.382399999999997],[114.13839999999993,22.382399999999997],[114.13839999999993,22.380799999999997]]]}},{"type":"Feature","properties":{"id":"lu-kowloon-tsuen-wan-13-20","class":"built_up","vegetationFraction":0.238,"pavedFraction":0.58,"waterFraction":0.028,"simulated":true},"geometry":{"type":"Polygon","coordinates":[[[114.13999999999993,22.380799999999997],[114.14159999999993,22.380799999999997],[114.14159999999993,22.382399999999997],[114.13999999999993,22.382399999999997],[114.13999999999993,22.380799999999997]]]}},{"type":"Feature","properties":{"id":"lu-kowloon-tsuen-wan-13-21","class":"built_up","vegetationFraction":0.126,"pavedFraction":0.755,"waterFraction":0.053,"simulated":true},"geometry":{"type":"Polygon","coordinates":[[[114.14159999999993,22.380799999999997],[114.14319999999992,22.380799999999997],[114.14319999999992,22.382399999999997],[114.14159999999993,22.382399999999997],[114.14159999999993,22.380799999999997]]]}}]}