{"type":"FeatureCollection","features":[{"type":"Feature","properties":{"id":"lu-nt-sai-kung-00-00","class":"urban_open_space","vegetationFraction":0.282,"pavedFraction":0.451,"waterFraction":0.024,"simulated":true},"geometry":{"type":"Polygon","coordinates":[[[114.25,22.305],[114.2516,22.305],[114.2516,22.3066],[114.25,22.3066],[114.25,22.305]]]}},{"type":"Feature","properties":{"id":"lu-nt-sai-kung-00-01","class":"green_space","vegetationFraction":0.425,"pavedFraction":0.485,"waterFraction":0.046,"simulated":true},"geometry":{"type":"Polygon","coordinates":[[[114.2516,22.305],[114.25319999999999,22.305],[114.25319999999999,22.3066],[114.2516,22.3066],[114.2516,22.305]]]}},{"type":"Feature","properties":{"id":"lu-nt-sai-kung-00-02","class":"green_space","vegetationFraction":0.412,"pavedFraction":0.541,"waterFraction":0.014,"simulated":true},"geometry":{"type":"Polygon","coordinates":[[[114.25319999999999,22.305],[114.25479999999999,22.305],[114.25479999999999,22.3066],[114.25319999999999,22.3066],[114.25319999999999,22.305]]]}},{"type":"Feature","properties":{"id":"lu-nt-sai-kung-00-03","class":"urban_open_space","vegetationFraction":0.4,"pavedFraction":0.606,"waterFraction":0.006,"simulated":true},"geometry":{"type":"Polygon","coordinates":[[[114.25479999999999,22.305],[114.25639999999999,22.305],[114.25639999999999,22.3066],[114.25479999999999,22.3066],[114.25479999999999,22.305]]]}},{"type":"Feature","properties":{"id":"lu-nt-sai-kung-00-04","class":"urban_open_space","vegetationFraction":0.334,"pavedFraction":0.475,"waterFraction":0.035,"simulated":true},"geometry":{"type":"Polygon","coordinates":[[[114.25639999999999,22.305],[114.25799999999998,22.305],[114.25799999999998,22.3066],[114.25639999999999,22.3066],[114.25639999999999,22.305]]]}},{"type":"Feature","properties":{"id":"lu-nt-sai-kung-00-05","class":"urban_open_space","vegetationFraction":0.385,"pavedFraction":0.621,"waterFraction":0.046,"simulated":true},"geometry":{"type":"Polygon","coordinates":[[[114.25799999999998,22.305],[114.25959999999998,22.305],[114.25959999999998,22.3066],[114.25799999999998,22.3066],[114.25799999999998,22.305]]]}},{"type":"Feature","properties":{"id":"lu-nt-sai-kung-00-06","class":"green_space","vegetationFraction":0.409,"pavedFraction":0.49,"waterFraction":0.036,"simulated":true},"geometry":{"type":"Polygon","coordinates":[[[114.25959999999998,22.305],[114.26119999999997,22.305],[114.26119999999997,22.3066],[114.25959999999998,22.3066],[114.25959999999998,22.305]]]}},{"type":"Feature","properties":{"id":"lu-nt-sai-kung-00-07","class":"urban_open_space","vegetationFraction":0.301,"pavedFraction":0.476,"waterFraction":0.045,"simulated":true},"geometry":{"type":"Polygon","coordinates":[[[114.26119999999997,22.305],[114.26279999999997,22.305],[114.26279999999997,22.3066],[114.26119999999997,22.3066],[114.26119999999997,22.305]]]}},{"type":"Feature","properties":{"id":"lu-nt-sai-kung-00-08","class":"urban_open_space","vegetationFraction":0.331,"pavedFraction":0.465,"waterFraction":0.056,"simulated":true},"geometry":{"type":"Polygon","coordinates":[[[114.26279999999997,22.305],[114.26439999999997,22.305],[114.26439999999997,22.3066],[114.26279999999997,22.3066],[114.26279999999997,22.305]]]}},{"type":"Feature","properties":{"id":"lu-nt-sai-kung-00-09","class":"urban_open_space","vegetationFraction":0.353,"pavedFraction":0.61,"waterFraction":0.004,"simulated":true},"geometry":{"type":"Polygon","coordinates":[[[114.26439999999997,22.305],[114.26599999999996,22.305],[114.26599999999996,22.3066],[114.26439999999997,22.3066],[114.26439999999997,22.305]]]}},{"type":"Feature","properties":{"id":"lu-nt-sai-kung-00-10","class":"urban_open_space","vegetationFraction":0.323,"pavedFraction":0.457,"waterFraction":0.004,"simulated":true},"geometry":{"type":"Polygon","coordinates":[[[114.26599999999996,22.305],[114.26759999999996,22.305],[114.26759999999996,22.3066],[114.26599999999996,22.3066],[114.26599999999996,22.305]]]}},{"type":"Feature","properties":{"id":"lu-nt-sai-kung-00-11","class":"urban_open_space","vegetationFraction":0.291,"pavedFraction":0.644,"waterFraction":0.053,"simulated":true},"geometry":{"type":"Polygon","coordinates":[[[114.26759999999996,22.305],[114.26919999999996,22.305],[114.26919999999996,22.3066],[114.26759999999996,22.3066],[114.26759999999996,22.305]]]}},{"type":"Feature","properties":{"id":"lu-nt-sai-kung-00-12","class":"urban_open_space","vegetationFraction":0.393,"pavedFraction":0.542,"waterFraction":0.007,"simulated":true},"geometry":{"type":"Polygon","coordinates":[[[114.26919999999996,22.305],[114.27079999999995,22.305],[114.27079999999995,22.3066],[114.26919999999996,22.3066],[114.26919999999996,22.305]]]}},{"type":"Feature","properties":{"id":"lu-nt-sai-kung-00-13","class":"urban_open_space","vegetationFraction":0.337,"pavedFraction":0.389,"waterFraction":0.021,"simulated":true},"geometry":{"type":"Polygon","coordinates":[[[114.27079999999995,22.305],[114.27239999999995,22.305],[114.27239999999995,22.3066],[114.27079999999995,22.3066],[114.27079999999995,22.305]]]}},{"type":"Feature","properties":{"id":"lu-nt-sai-kung-00-14","class":"green_space","vegetationFraction":0.414,"pavedFraction":0.478,"waterFraction":0.03,"simulated":true},"geometry":{"type":"Polygon","coordinates":[[[114.27239999999995,22.305],[114.27399999999994,22.305],[114.27399999999994,22.3066],[114.27239999999995,22.3066],[114.27239999999995,22.305]]]}},{"type":"Feature","properties":{"id":"lu-nt-sai-kung-00-15","class":"urban_open_space","vegetationFraction":0.333,"pavedFraction":0.417,"waterFraction":0.046,"simulated":true},"geometry":{"type":"Polygon","coordinates":[[[114.27399999999994,22.305],[114.27559999999994,22.305],[114.27559999999994,22.3066],[114.27399999999994,22.3066],[114.27399999999994,22.305]]]}},{"type":"Feature","properties":{"id":"lu-nt-sai-kung-00-16","class":"urban_open_space","vegetationFraction":0.358,"pavedFraction":0.534,"waterFraction":0.033,"simulated":true},"geometry":{"type":"Polygon","coordinates":[[[114.27559999999994,22.305],[114.27719999999994,22.305],[114.27719999999994,22.3066],[114.27559999999994,22.3066],[114.27559999999994,22.305]]]}},{"type":"Feature","properties":{"id":"lu-nt-sai-kung-00-17","class":"urban_open_space","vegetationFraction":0.334,"pavedFraction":0.564,"waterFraction":0.028,"simulated":true},"geometry":{"type":"Polygon","coordinates":[[[114.27719999999994,22.305],[114.27879999999993,22.305],[114.27879999999993,22.3066],[114.27719999999994,22.3066],[114.27719999999994,22.305]]]}},{"type":"Feature","properties":{"id":"lu-nt-sai-kung-00-18","class":"urban_open_space","vegetationFraction":0.325,"pavedFraction":0.556,"waterFraction":0.02,"simulated":true},"geometry":{"type":"Polygon","coordinates":[[[114.27879999999993,22.305],[114.28039999999993,22.305],[114.28039999999993,22.3066],[114.27879999999993,22.3066],[114.27879999999993,22.305]]]}},{"type":"Feature","properties":{"id":"lu-nt-sai-kung-00-19","class":"green_space","vegetationFraction":0.446,"pavedFraction":0.519,"waterFraction":0.034,"simulated":true},"geometry":{"type":"Polygon","coordinates":[[[114.28039999999993,22.305],[114.28199999999993,22.305],[114.28199999999993,22.3066],[114.28039999999993,22.3066],[114.28039999999993,22.305]]]}},{"type":"Feature","properties":{"id":"lu-nt-sai-kung-00-20","class":"urban_open_space","vegetationFraction":0.277,"pavedFraction":0.578,"waterFraction":0.043,"simulated":true},"geometry":{"type":"Polygon","coordinates":[[[114.28199999999993,22.305],[114.28359999999992,22.305],[114.28359999999992,22.3066],[114.28199999999993,22.3066],[114.28199999999993,22.305]]]}},{"type":"Feature","properties":{"id":"lu-nt-sai-kung-00-21","class":"urban_open_space","vegetationFraction":0.294,"pavedFraction":0.491,"waterFraction":0.006,"simulated":true},"geometry":{"type":"Polygon","coordinates":[[[114.28359999999992,22.305],[114.28519999999992,22.305],[114.28519999999992,22.3066],[114.28359999999992,22.3066],[114.28359999999992,22.305]]]}},{"type":"Feature","properties":{"id":"lu-nt-sai-kung-00-22","class":"urban_open_space","vegetationFraction":0.375,"pavedFraction":0.459,"waterFraction":0.054,"simulated":true},"geometry":{"type":"Polygon","coordinates":[[[114.28519999999992,22.305],[114.28679999999991,22.305],[114.28679999999991,22.3066],[114.28519999999992,22.3066],[114.28519999999992,22.305]]]}},{"type":"Feature","properties":{"id":"lu-nt-sai-kung-00-23","class":"urban_open_space","vegetationFraction":0.325,"pavedFraction":0.484,"waterFraction":0.021,"simulated":true},"geometry":{"type":"Polygon","coordinates":[[[114.28679999999991,22.305],[114.28839999999991,22.305],[114.28839999999991,22.3066],[114.28679999999991,22.3066],[114.28679999999991,22.305]]]}},{"type":"Feature","properties":{"id":"lu-nt-sai-kung-00-24","class":"urban_open_space","vegetationFraction":0.304,"pavedFraction":0.596,"waterFraction":0.044,"simulated":true},"geometry":{"type":"Polygon","coordinates":[[[114.28839999999991,22.305],[114.2899999999999,22.305],[114.2899999999999,22.3066],[114.28839999999991,22.3066],[114.28839999999991,22.305]]]}},{"type":"Feature","properties":{"id":"lu-nt-sai-kung-00-25","class":"urban_open_space","vegetationFraction":0.285,"pavedFraction":0.609,"waterFraction":0.056,"simulated":true},"geometry":{"type":"Polygon","coordinates":[[[114.2899999999999,22.305],[114.2915999999999,22.305],[114.2915999999999,22.3066],[114.2899999999999,22.3066],[114.2899999999999,22.305]]]}},{"type":"Feature","properties":{"id":"lu-nt-sai-kung-00-26","class":"green_space","vegetationFraction":0.447,"pavedFraction":0.415,"waterFraction":0.056,"simulated":true},"geometry":{"type":"Polygon","coordinates":[[[114.2915999999999,22.305],[114.2931999999999,22.305],[114.2931999999999,22.3066],[114.2915999999999,22.3066],[114.2915999999999,22.305]]]}},{"type":"Feature","properties":{"id":"lu-nt-sai-kung-00-27","class":"urban_open_space","vegetationFraction":0.349,"pavedFraction":0.538,"waterFraction":0.013,"simulated":true},"geometry":{"type":"Polygon","coordinates":[[[114.2931999999999,22.305],[114.2947999999999,22.305],[114.2947999999999,22.3066],[114.2931999999999,22.3066],[114.2931999999999,22.305]]]}},{"type":"Feature","properties":{"id":"lu-nt-sai-kung-00-28","class":"urban_open_space","vegetationFraction":0.397,"pavedFraction":0.581,"waterFraction":0.05,"simulated":true},"geometry":{"type":"Polygon","coordinates":[[[114.2947999999999,22.305],[114.29639999999989,22.305],[114.29639999999989,22.3066],[114.2947999999999,22.3066],[114.2947999999999,22.305]]]}},{"type":"Feature","properties":{"id":"lu-nt-sai-kung-00-29","class":"urban_open_space","vegetationFraction":0.378,"pavedFraction":0.438,"waterFraction":0.016,"simulated":true},"geometry":{"type":"Polygon","coordinates":[[[114.29639999999989,22.305],[114.29799999999989,22.305],[114.29799999999989,22.3066],[114.29639999999989,22.3066],[114.29639999999989,22.305]]]}},{"type":"Feature","properties":{"id":"lu-nt-sai-kung-00-30","class":"built_up","vegetationFraction":0.213,"pavedFraction":0.424,"waterFraction":0.026,"simulated":true},"geometry":{"type":"Polygon","coordinates":[[[114.29799999999989,22.305],[114.29959999999988,22.305],[114.29959999999988,22.3066],[114.29799999999989,22.3066],[114.29799999999989,22.305]]]}},{"type":"Feature","properties":{"id":"lu-nt-sai-kung-01-00","class":"built_up","vegetationFraction":0.208,"pavedFraction":0.461,"waterFraction":0.005,"simulated":true},"geometry":{"type":"Polygon","coordinates":[[[114.25,22.3066],[114.2516,22.3066],[114.2516,22.3082],[114.25,22.3082],[114.25,22.3066]]]}},{"type":"Feature","properties":{"id":"lu-nt-sai-kung-01-01","class":"built_up","vegetationFraction":0.216,"pavedFraction":0.423,"waterFraction":0.048,"simulated":true},"geometry":{"type":"Polygon","coordinates":[[[114.2516,22.3066],[114.25319999999999,22.3066],[114.25319999999999,22.3082],[114.2516,22.3082],[114.2516,22.3066]]]}},{"type":"Feature","properties":{"id":"lu-nt-sai-kung-01-02","class":"urban_open_space","vegetationFraction":0.331,"pavedFraction":0.396,"waterFraction":0.008,"simulated":true},"geometry":{"type":"Polygon","coordinates":[[[114.25319999999999,22.3066],[114.25479999999999,22.3066],[114.25479999999999,22.3082],[114.25319999999999,22.3082],[114.25319999999999,22.3066]]]}},{"type":"Feature","properties":{"id":"lu-nt-sai-kung-01-03","class":"urban_open_space","vegetationFraction":0.354,"pavedFraction":0.582,"waterFraction":0.052,"simulated":true},"geometry":{"type":"Polygon","coordinates":[[[114.25479999999999,22.3066],[114.25639999999999,22.3066],[114.25639999999999,22.3082],[114.25479999999999,22.3082],[114.25479999999999,22.3066]]]}},{"type":"Feature","properties":{"id":"lu-nt-sai-kung-01-04","class":"built_up","vegetationFraction":0.221,"pavedFraction":0.491,"waterFraction":0.011,"simulated":true},"geometry":{"type":"Polygon","coordinates":[[[114.25639999999999,22.3066],[114.25799999999998,22.3066],[114.25799999999998,22.3082],[114.25639999999999,22.3082],[114.25639999999999,22.3066]]]}},{"type":"Feature","properties":{"id":"lu-nt-sai-kung-01-05","class":"urban_open_space","vegetationFraction":0.395,"pavedFraction":0.459,"waterFraction":0.041,"simulated":true},"geometry":{"type":"Polygon","coordinates":[[[114.25799999999998,22.3066],[114.25959999999998,22.3066],[114.25959999999998,22.3082],[114.25799999999998,22.3082],[114.25799999999998,22.3066]]]}},{"type":"Feature","properties":{"id":"lu-nt-sai-kung-01-06","class":"urban_open_space","vegetationFraction":0.353,"pavedFraction":0.581,"waterFraction":0.02,"simulated":true},"geometry":{"type":"Polygon","coordinates":[[[114.25959999999998,22.3066],[114.26119999999997,22.3066],[114.26119999999997,22.3082],[114.25959999999998,22.3082],[114.25959999999998,22.3066]]]}},{"type":"Feature","properties":{"id":"lu-nt-sai-kung-01-07","class":"built_up","vegetationFraction":0.228,"pavedFraction":0.628,"waterFraction":0.019,"simulated":true},"geometry":{"type":"Polygon","coordinates":[[[114.26119999999997,22.3066],[114.26279999999997,22.3066],[114.26279999999997,22.3082],[114.26119999999997,22.3082],[114.26119999999997,22.3066]]]}},{"type":"Feature","properties":{"id":"lu-nt-sai-kung-01-08","class":"urban_open_space","vegetationFraction":0.355,"pavedFraction":0.538,"waterFraction":0.017,"simulated":true},"geometry":{"type":"Polygon","coordinates":[[[114.26279999999997,22.3066],[114.26439999999997,22.3066],[114.26439999999997,22.3082],[114.26279999999997,22.3082],[114.26279999999997,22.3066]]]}},{"type":"Feature","properties":{"id":"lu-nt-sai-kung-01-09","class":"urban_open_space","vegetationFraction":0.285,"pavedFraction":0.592,"waterFraction":0.056,"simulated":true},"geometry":{"type":"Polygon","coordinates":[[[114.26439999999997,22.3066],[114.26599999999996,22.3066],[114.26599999999996,22.3082],[114.26439999999997,22.3082],[114.26439999999997,22.3066]]]}},{"type":"Feature","properties":{"id":"lu-nt-sai-kung-01-10","class":"built_up","vegetationFraction":0.241,"pavedFraction":0.649,"waterFraction":0.01,"simulated":true},"geometry":{"type":"Polygon","coordinates":[[[114.26599999999996,22.3066],[114.26759999999996,22.3066],[114.26759999999996,22.3082],[114.26599999999996,22.3082],[114.26599999999996,22.3066]]]}},{"type":"Feature","properties":{"id":"lu-nt-sai-kung-01-11","class":"urban_open_space","vegetationFraction":0.34,"pavedFraction":0.641,"waterFraction":0.031,"simulated":true},"geometry":{"type":"Polygon","coordinates":[[[114.26759999999996,22.3066],[114.26919999999996,22.3066],[114.26919999999996,22.3082],[114.26759999999996,22.3082],[114.26759999999996,22.3066]]]}},{"type":"Feature","properties":{"id":"lu-nt-sai-kung-01-12","class":"green_space","vegetationFraction":0.438,"pavedFraction":0.464,"waterFraction":0.023,"simulated":true},"geometry":{"type":"Polygon","coordinates":[[[114.26919999999996,22.3066],[114.27079999999995,22.3066],[114.27079999999995,22.3082],[114.26919999999996,22.3082],[114.26919999999996,22.3066]]]}},{"type":"Feature","properties":{"id":"lu-nt-sai-kung-01-13","class":"built_up","vegetationFraction":0.247,"pavedFraction":0.499,"waterFraction":0.035,"simulated":true},"geometry":{"type":"Polygon","coordinates":[[[114.27079999999995,22.3066],[114.27239999999995,22.3066],[114.27239999999995,22.3082],[114.27079999999995,22.3082],[114.27079999999995,22.3066]]]}},{"type":"Feature","properties":{"id":"lu-nt-sai-kung-01-14","class":"urban_open_space","vegetationFraction":0.263,"pavedFraction":0.381,"waterFraction":0.013,"simulated":true},"geometry":{"type":"Polygon","coordinates":[[[114.27239999999995,22.3066],[114.27399999999994,22.3066],[114.27399999999994,22.3082],[114.27239999999995,22.3082],[114.27239999999995,22.3066]]]}},{"type":"Feature","properties":{"id":"lu-nt-sai-kung-01-15","class":"urban_open_space","vegetationFraction":0.357,"pavedFraction":0.471,"waterFraction":0.014,"simulated":true},"geometry":{"type":"Polygon","coordinates":[[[114.27399999999994,22.3066],[114.27559999999994,22.3066],[114.27559999999994,22.3082],[114.27399999999994,22.3082],[114.27399999999994,22.3066]]]}},{"type":"Feature","properties":{"id":"lu-nt-sai-kung-01-16","class":"urban_open_space","vegetationFraction":0.284,"pavedFraction":0.478,"waterFraction":0.027,"simulated":true},"geometry":{"type":"Polygon","coordinates":[[[114.27559999999994,22.3066],[114.27719999999994,22.3066],[114.27719999999994,22.3082],[114.27559999999994,22.3082],[114.27559999999994,22.3066]]]}},{"type":"Feature","properties":{"id":"lu-nt-sai-kung-01-17","class":"urban_open_space","vegetationFraction":0.396,"pavedFraction":0.409,"waterFraction":0.017,"simulated":true},"geometry":{"type":"Polygon","coordinates":[[[114.27719999999994,22.3066],[114.27879999999993,22.3066],[114.27879999999993,22.3082],[114.27719999999994,22.3082],[114.27719999999994,22.3066]]]}},{"type":"Feature","properties":{"id":"lu-nt-sai-kung-01-18","class":"urban_open_space","vegetationFraction":0.321,"pavedFraction":0.648,"waterFraction":0.005,"simulated":true},"geometry":{"type":"Polygon","coordinates":[[[114.27879999999993,22.3066],[114.28039999999993,22.3066],[114.28039999999993,22.3082],[114.27879999999993,22.3082],[114.27879999999993,22.3066]]]}},{"type":"Feature","properties":{"id":"lu-nt-sai-kung-01-19","class":"urban_open_space","vegetationFraction":0.296,"pavedFraction":0.386,"waterFraction":0.022,"simulated":true},"geometry":{"type":"Polygon","coordinates":[[[114.28039999999993,22.3066],[114.28199999999993,22.3066],[114.28199999999993,22.3082],[114.28039999999993,22.3082],[114.28039999999993,22.3066]]]}},{"type":"Feature","properties":{"id":"lu-nt-sai-kung-01-20","class":"urban_open_space","vegetationFraction":0.28,"pavedFraction":0.536,"waterFraction":0.013,"simulated":true},"geometry":{"type":"Polygon","coordinates":[[[114.28199999999993,22.3066],[114.28359999999992,22.3066],[114.28359999999992,22.3082],[114.28199999999993,22.3082],[114.28199999999993,22.3066]]]}},{"type":"Feature","properties":{"id":"lu-nt-sai-kung-01-21","class":"urban_open_space","vegetationFraction":0.346,"pavedFraction":0.391,"waterFraction":0.05,"simulated":true},"geometry":{"type":"Polygon","coordinates":[[[114.28359999999992,22.3066],[114.28519999999992,22.3066],[114.28519999999992,22.3082],[114.28359999999992,22.3082],[114.28359999999992,22.3066]]]}},{"type":"Feature","properties":{"id":"lu-nt-sai-kung-01-22","class":"built_up","vegetationFraction":0.238,"pavedFraction":0.498,"waterFraction":0.034,"simulated":true},"geometry":{"type":"Polygon","coordinates":[[[114.28519999999992,22.3066],[114.28679999999991,22.3066],[114.28679999999991,22.3082],[114.28519999999992,22.3082],[114.28519999999992,22.3066]]]}},{"type":"Feature","properties":{"id":"lu-nt-sai-kung-01-23","class":"built_up","vegetationFraction":0.247,"pavedFraction":0.403,"waterFraction":0.006,"simulated":true},"geometry":{"type":"Polygon","coordinates":[[[114.28679999999991,22.3066],[114.28839999999991,22.3066],[114.28839999999991,22.3082],[114.28679999999991,22.3082],[114.28679999999991,22.3066]]]}},{"type":"Feature","properties":{"id":"lu-nt-sai-kung-01-24","class":"urban_open_space","vegetationFraction":0.355,"pavedFraction":0.49,"waterFraction":0.056,"simulated":true},"geometry":{"type":"Polygon","coordinates":[[[114.28839999999991,22.3066],[114.2899999999999,22.3066],[114.2899999999999,22.3082],[114.28839999999991,22.3082],[114.28839999999991,22.3066]]]}},{"type":"Feature","properties":{"id":"lu-nt-sai-kung-01-25","class":"green_space","vegetationFraction":0.42,"pavedFraction":0.379,"waterFraction":0.041,"simulated":true},"geometry":{"type":"Polygon","coordinates":[[[114.2899999999999,22.3066],[114.2915999999999,22.3066],[114.2915999999999,22.3082],[114.2899999999999,22.3082],[114.2899999999999,22.3066]]]}},{"type":"Feature","properties":{"id":"lu-nt-sai-kung-01-26","class":"urban_open_space","vegetationFraction":0.34,"pavedFraction":0.602,"waterFraction":0.025,"simulated":true},"geometry":{"type":"Polygon","coordinates":[[[114.2915999999999,22.3066],[114.2931999999999,22.3066],[114.2931999999999,22.3082],[114.2915999999999,22.3082],[114.2915999999999,22.3066]]]}},{"type":"Feature","properties":{"id":"lu-nt-sai-kung-01-27","class":"built_up","vegetationFraction":0.223,"pavedFraction":0.464,"waterFraction":0.038,"simulated":true},"geometry":{"type":"Polygon","coordinates":[[[114.2931999999999,22.3066],[114.2947999999999,22.3066],[114.2947999999999,22.3082],[114.2931999999999,22.3082],[114.2931999999999,22.3066]]]}},{"type":"Feature","properties":{"id":"lu-nt-sai-kung-01-28","class":"urban_open_space","vegetationFraction":0.281,"pavedFraction":0.359,"waterFraction":0.008,"simulated":true},"geometry":{"type":"Polygon","coordinates":[[[114.2947999999999,22.3066],[114.29639999999989,22.3066],[114.29639999999989,22.3082],[114.2947999999999,22.3082],[114.2947999999999,22.3066]]]}},{"type":"Feature","properties":{"id":"lu-nt-sai-kung-01-29","class":"urban_open_space","vegetationFraction":0.369,"pavedFraction":0.472,"waterFraction":0.048,"simulated":true},"geometry":{"type":"Polygon","coordinates":[[[114.29639999999989,22.3066],[114.29799999999989,22.3066],[114.29799999999989,22.3082],[114.29639999999989,22.3082],[114.29639999999989,22.3066]]]}},{"type":"Feature","properties":{"id":"lu-nt-sai-kung-01-30","class":"urban_open_space","vegetationFraction":0.323,"pavedFraction":0.509,"waterFraction":0.015,"simulated":true},"geometry":{"type":"Polygon","coordinates":[[[114.29799999999989,22.3066],[114.29959999999988,22.3066],[114.29959999999988,22.3082],[114.29799999999989,22.3082],[114.29799999999989,22.3066]]]}},{"type":"Feature","properties":{"id":"lu-nt-sai-kung-02-00","class":"urban_open_space","vegetationFraction":0.364,"pavedFraction":0.457,"waterFraction":0.037,"simulated":true},"geometry":{"type":"Polygon","coordinates":[[[114.25,22.3082],[114.2516,22.3082],[114.2516,22.3098],[114.25,22.3098],[114.25,22.3082]]]}},{"type":"Feature","properties":{"id":"lu-nt-sai-kung-02-01","class":"urban_open_space","vegetationFraction":0.372,"pavedFraction":0.399,"waterFraction":0.002,"simulated":true},"geometry":{"type":"Polygon","coordinates":[[[114.2516,22.3082],[114.25319999999999,22.3082],[114.25319999999999,22.3098],[114.2516,22.3098],[114.2516,22.3082]]]}},{"type":"Feature","properties":{"id":"lu-nt-sai-kung-02-02","class":"urban_open_space","vegetationFraction":0.33,"pavedFraction":0.369,"waterFraction":0.036,"simulated":true},"geometry":{"type":"Polygon","coordinates":[[[114.25319999999999,22.3082],[114.25479999999999,22.3082],[114.25479999999999,22.3098],[114.25319999999999,22.3098],[114.25319999999999,22.3082]]]}},{"type":"Feature","properties":{"id":"lu-nt-sai-kung-02-03","class":"built_up","vegetationFraction":0.245,"pavedFraction":0.583,"waterFraction":0.04,"simulated":true},"geometry":{"type":"Polygon","coordinates":[[[114.25479999999999,22.3082],[114.25639999999999,22.3082],[114.25639999999999,22.3098],[114.25479999999999,22.3098],[114.25479999999999,22.3082]]]}},{"type":"Feature","properties":{"id":"lu-nt-sai-kung-02-04","class":"built_up","vegetationFraction":0.2,"pavedFraction":0.391,"waterFraction":0.019,"simulated":true},"geometry":{"type":"Polygon","coordinates":[[[114.25639999999999,22.3082],[114.25799999999998,22.3082],[114.25799999999998,22.3098],[114.25639999999999,22.3098],[114.25639999999999,22.3082]]]}},{"type":"Feature","properties":{"id":"lu-nt-sai-kung-02-05","class":"urban_open_space","vegetationFraction":0.264,"pavedFraction":0.59,"waterFraction":0.018,"simulated":true},"geometry":{"type":"Polygon","coordinates":[[[114.25799999999998,22.3082],[114.25959999999998,22.3082],[114.25959999999998,22.3098],[114.25799999999998,22.3098],[114.25799999999998,22.3082]]]}},{"type":"Feature","properties":{"id":"lu-nt-sai-kung-02-06","class":"urban_open_space","vegetationFraction":0.275,"pavedFraction":0.482,"waterFraction":0.045,"simulated":true},"geometry":{"type":"Polygon","coordinates":[[[114.25959999999998,22.3082],[114.26119999999997,22.3082],[114.26119999999997,22.3098],[114.25959999999998,22.3098],[114.25959999999998,22.3082]]]}},{"type":"Feature","properties":{"id":"lu-nt-sai-kung-02-07","class":"urban_open_space","vegetationFraction":0.361,"pavedFraction":0.555,"waterFraction":0.001,"simulated":true},"geometry":{"type":"Polygon","coordinates":[[[114.26119999999997,22.3082],[114.26279999999997,22.3082],[114.26279999999997,22.3098],[114.26119999999997,22.3098],[114.26119999999997,22.3082]]]}},{"type":"Feature","properties":{"id":"lu-nt-sai-kung-02-08","class":"built_up","vegetationFraction":0.23,"pavedFraction":0.63,"waterFraction":0.018,"simulated":true},"geometry":{"type":"Polygon","coordinates":[[[114.26279999999997,22.3082],[114.26439999999997,22.3082],[114.26439999999997,22.3098],[114.26279999999997,22.3098],[114.26279999999997,22.3082]]]}},{"type":"Feature","properties":{"id":"lu-nt-sai-kung-02-09","class":"urban_open_space","vegetationFraction":0.262,"pavedFraction":0.419,"waterFraction":0.026,"simulated":true},"geometry":{"type":"Polygon","coordinates":[[[114.26439999999997,22.3082],[114.26599999999996,22.3082],[114.26599999999996,22.3098],[114.26439999999997,22.3098],[114.26439999999997,22.3082]]]}},{"type":"Feature","properties":{"id":"lu-nt-sai-kung-02-10","class":"urban_open_space","vegetationFraction":0.28,"pavedFraction":0.355,"waterFraction":0.002,"simulated":true},"geometry":{"type":"Polygon","coordinates":[[[114.26599999999996,22.3082],[114.26759999999996,22.3082],[114.26759999999996,22.3098],[114.26599999999996,22.3098],[114.26599999999996,22.3082]]]}},{"type":"Feature","properties":{"id":"lu-nt-sai-kung-02-11","class":"urban_open_space","vegetationFraction":0.331,"pavedFraction":0.511,"waterFraction":0.006,"simulated":true},"geometry":{"type":"Polygon","coordinates":[[[114.26759999999996,22.3082],[114.26919999999996,22.3082],[114.26919999999996,22.3098],[114.26759999999996,22.3098],[114.26759999999996,22.3082]]]}},{"type":"Feature","properties":{"id":"lu-nt-sai-kung-02-12","class":"urban_open_space","vegetationFraction":0.397,"pavedFraction":0.479,"waterFraction":0.004,"simulated":true},"geometry":{"type":"Polygon","coordinates":[[[114.26919999999996,22.3082],[114.27079999999995,22.3082],[114.27079999999995,22.3098],[114.26919999999996,22.3098],[114.26919999999996,22.3082]]]}},{"type":"Feature","properties":{"id":"lu-nt-sai-kung-02-13","class":"built_up","vegetationFraction":0.223,"pavedFraction":0.539,"waterFraction":0.022,"simulated":true},"geometry":{"type":"Polygon","coordinates":[[[114.27079999999995,22.3082],[114.27239999999995,22.3082],[114.27239999999995,22.3098],[114.27079999999995,22.3098],[114.27079999999995,22.3082]]]}},{"type":"Feature","properties":{"id":"lu-nt-sai-kung-02-14","class":"green_space","vegetationFraction":0.431,"pavedFraction":0.468,"waterFraction":0.044,"simulated":true},"geometry":{"type":"Polygon","coordinates":[[[114.27239999999995,22.3082],[114.27399999999994,22.3082],[114.27399999999994,22.3098],[114.27239999999995,22.3098],[114.27239999999995,22.3082]]]}},{"type":"Feature","properties":{"id":"lu-nt-sai-kung-02-15","class":"urban_open_space","vegetationFraction":0.272,"pavedFraction":0.634,"waterFraction":0.05,"simulated":true},"geometry":{"type":"Polygon","coordinates":[[[114.27399999999994,22.3082],[114.27559999999994,22.3082],[114.27559999999994,22.3098],[114.27399999999994,22.3098],[114.27399999999994,22.3082]]]}},{"type":"Feature","properties":{"id":"lu-nt-sai-kung-02-16","class":"urban_open_space","vegetationFraction":0.328,"pavedFraction":0.354,"waterFraction":0.005,"simulated":true},"geometry":{"type":"Polygon","coordinates":[[[114.27559999999994,22.3082],[114.27719999999994,22.3082],[114.27719999999994,22.3098],[114.27559999999994,22.3098],[114.27559999999994,22.3082]]]}},{"type":"Feature","properties":{"id":"lu-nt-sai-kung-02-17","class":"built_up","vegetationFraction":0.226,"pavedFraction":0.616,"waterFraction":0.004,"simulated":true},"geometry":{"type":"Polygon","coordinates":[[[114.27719999999994,22.3082],[114.27879999999993,22.3082],[114.27879999999993,22.3098],[114.27719999999994,22.3098],[114.27719999999994,22.3082]]]}},{"type":"Feature","properties":{"id":"lu-nt-sai-kung-02-18","class":"built_up","vegetationFraction":0.245,"pavedFraction":0.581,"waterFraction":0.06,"simulated":true},"geometry":{"type":"Polygon","coordinates":[[[114.27879999999993,22.3082],[114.28039999999993,22.3082],[114.28039999999993,22.3098],[114.27879999999993,22.3098],[114.27879999999993,22.3082]]]}},{"type":"Feature","properties":{"id":"lu-nt-sai-kung-02-19","class":"green_space","vegetationFraction":0.404,"pavedFraction":0.546,"waterFraction":0.054,"simulated":true},"geometry":{"type":"Polygon","coordinates":[[[114.28039999999993,22.3082],[114.28199999999993,22.3082],[114.28199999999993,22.3098],[114.28039999999993,22.3098],[114.28039999999993,22.3082]]]}},{"type":"Feature","properties":{"id":"lu-nt-sai-kung-02-20","class":"urban_open_space","vegetationFraction":0.259,"pavedFraction":0.634,"waterFraction":0.053,"simulated":true},"geometry":{"type":"Polygon","coordinates":[[[114.28199999999993,22.3082],[114.28359999999992,22.3082],[114.28359999999992,22.3098],[114.28199999999993,22.3098],[114.28199999999993,22.3082]]]}},{"type":"Feature","properties":{"id":"lu-nt-sai-kung-02-21","class":"urban_open_space","vegetationFraction":0.358,"pavedFraction":0.543,"waterFraction":0.029,"simulated":true},"geometry":{"type":"Polygon","coordinates":[[[114.28359999999992,22.3082],[114.28519999999992,22.3082],[114.28519999999992,22.3098],[114.28359999999992,22.3098],[114.28359999999992,22.3082]]]}},{"type":"Feature","properties":{"id":"lu-nt-sai-kung-02-22","class":"green_space","vegetationFraction":0.421,"pavedFraction":0.518,"waterFraction":0.054,"simulated":true},"geometry":{"type":"Polygon","coordinates":[[[114.28519999999992,22.3082],[114.28679999999991,22.3082],[114.28679999999991,22.3098],[114.28519999999992,22.3098],[114.28519999999992,22.3082]]]}},{"type":"Feature","properties":{"id":"lu-nt-sai-kung-02-23","class":"urban_open_space","vegetationFraction":0.264,"pavedFraction":0.466,"waterFraction":0.039,"simulated":true},"geometry":{"type":"Polygon","coordinates":[[[114.28679999999991,22.3082],[114.28839999999991,22.3082],[114.28839999999991,22.3098],[114.28679999999991,22.3098],[114.28679999999991,22.3082]]]}},{"type":"Feature","properties":{"id":"lu-nt-sai-kung-02-24","class":"urban_open_space","vegetationFraction":0.348,"pavedFraction":0.645,"waterFraction":0.031,"simulated":true},"geometry":{"type":"Polygon","coordinates":[[[114.28839999999991,22.3082],[114.2899999999999,22.3082],[114.2899999999999,22.3098],[114.28839999999991,22.3098],[114.28839999999991,22.3082]]]}},{"type":"Feature","properties":{"id":"lu-nt-sai-kung-02-25","class":"urban_open_space","vegetationFraction":0.361,"pavedFraction":0.531,"waterFraction":0.023,"simulated":true},"geometry":{"type":"Polygon","coordinates":[[[114.2899999999999,22.3082],[114.2915999999999,22.3082],[114.2915999999999,22.3098],[114.2899999999999,22.3098],[114.2899999999999,22.3082]]]}},{"type":"Feature","properties":{"id":"lu-nt-sai-kung-02-26","class":"urban_open_space","vegetationFraction":0.27,"pavedFraction":0.557,"waterFraction":0.026,"simulated":true},"geometry":{"type":"Polygon","coordinates":[[[114.2915999999999,22.3082],[114.2931999999999,22.3082],[114.2931999999999,22.3098],[114.2915999999999,22.3098],[114.2915999999999,22.3082]]]}},{"type":"Feature","properties":{"id":"lu-nt-sai-kung-02-27","class":"urban_open_space","vegetationFraction":0.268,"pavedFraction":0.523,"waterFraction":0.056,"simulated":true},"geometry":{"type":"Polygon","coordinates":[[[114.2931999999999,22.3082],[114.2947999999999,22.3082],[114.2947999999999,22.3098],[114.2931999999999,22.3098],[114.2931999999999,22.3082]]]}},{"type":"Feature","properties":{"id":"lu-nt-sai-kung-02-28","class":"green_space","vegetationFraction":0.413,"pavedFraction":0.474,"waterFraction":0.041,"simulated":true},"geometry":{"type":"Polygon","coordinates":[[[114.2947999999999,22.3082],[114.29639999999989,22.3082],[114.29639999999989,22.3098],[114.2947999999999,22.3098],[114.2947999999999,22.3082]]]}},{"type":"Feature","properties":{"id":"lu-nt-sai-kung-02-29","class":"urban_open_space","vegetationFraction":0.346,"pavedFraction":0.65,"waterFraction":0.012,"simulated":true},"geometry":{"type":"Polygon","coordinates":[[[114.29639999999989,22.3082],[114.29799999999989,22.3082],[114.29799999999989,22.3098],[114.29639999999989,22.3098],[114.29639999999989,22.3082]]]}},{"type":"Feature","properties":{"id":"lu-nt-sai-kung-02-30","class":"green_space","vegetationFraction":0.438,"pavedFraction":0.584,"waterFraction":0.021,"simulated":true},"geometry":{"type":"Polygon","coordinates":[[[114.29799999999989,22.3082],[114.29959999999988,22.3082],[114.29959999999988,22.3098],[114.29799999999989,22.3098],[114.29799999999989,22.3082]]]}},{"type":"Feature","properties":{"id":"lu-nt-sai-kung-03-00","class":"built_up","vegetationFraction":0.217,"pavedFraction":0.581,"waterFraction":0.029,"simulated":true},"geometry":{"type":"Polygon","coordinates":[[[114.25,22.3098],[114.2516,22.3098],[114.2516,22.3114],[114.25,22.3114],[114.25,22.3098]]]}},{"type":"Feature","properties":{"id":"lu-nt-sai-kung-03-01","class":"urban_open_space","vegetationFraction":0.327,"pavedFraction":0.623,"waterFraction":0.019,"simulated":true},"geometry":{"type":"Polygon","coordinates":[[[114.2516,22.3098],[114.25319999999999,22.3098],[114.25319999999999,22.3114],[114.2516,22.3114],[114.2516,22.3098]]]}},{"type":"Feature","properties":{"id":"lu-nt-sai-kung-03-02","class":"green_space","vegetationFraction":0.403,"pavedFraction":0.469,"waterFraction":0.045,"simulated":true},"geometry":{"type":"Polygon","coordinates":[[[114.25319999999999,22.3098],[114.25479999999999,22.3098],[114.25479999999999,22.3114],[114.25319999999999,22.3114],[114.25319999999999,22.3098]]]}},{"type":"Feature","properties":{"id":"lu-nt-sai-kung-03-03","class":"urban_open_space","vegetationFraction":0.321,"pavedFraction":0.61,"waterFraction":0.009,"simulated":true},"geometry":{"type":"Polygon","coordinates":[[[114.25479999999999,22.3098],[114.25639999999999,22.3098],[114.25639999999999,22.3114],[114.25479999999999,22.3114],[114.25479999999999,22.3098]]]}},{"type":"Feature","properties":{"id":"lu-nt-sai-kung-03-04","class":"urban_open_space","vegetationFraction":0.275,"pavedFraction":0.558,"waterFraction":0.031,"simulated":true},"geometry":{"type":"Polygon","coordinates":[[[114.25639999999999,22.3098],[114.25799999999998,22.3098],[114.25799999999998,22.3114],[114.25639999999999,22.3114],[114.25639999999999,22.3098]]]}},{"type":"Feature","properties":{"id":"lu-nt-sai-kung-03-05","class":"urban_open_space","vegetationFraction":0.33,"pavedFraction":0.357,"waterFraction":0.018,"simulated":true},"geometry":{"type":"Polygon","coordinates":[[[114.25799999999998,22.3098],[114.25959999999998,22.3098],[114.25959999999998,22.3114],[114.25799999999998,22.3114],[114.25799999999998,22.3098]]]}},{"type":"Feature","properties":{"id":"lu-nt-sai-kung-03-06","class":"urban_open_space","vegetationFraction":0.283,"pavedFraction":0.399,"waterFraction":0.036,"simulated":true},"geometry":{"type":"Polygon","coordinates":[[[114.25959999999998,22.3098],[114.26119999999997,22.3098],[114.26119999999997,22.3114],[114.25959999999998,22.3114],[114.25959999999998,22.3098]]]}},{"type":"Feature","properties":{"id":"lu-nt-sai-kung-03-07","class":"built_up","vegetationFraction":0.248,"pavedFraction":0.552,"waterFraction":0.053,"simulated":true},"geometry":{"type":"Polygon","coordinates":[[[114.26119999999997,22.3098],[114.26279999999997,22.3098],[114.26279999999997,22.3114],[114.26119999999997,22.3114],[114.26119999999997,22.3098]]]}},{"type":"Feature","properties":{"id":"lu-nt-sai-kung-03-08","class":"urban_open_space","vegetationFraction":0.291,"pavedFraction":0.619,"waterFraction":0.052,"simulated":true},"geometry":{"type":"Polygon","coordinates":[[[114.26279999999997,22.3098],[114.26439999999997,22.3098],[114.26439999999997,22.3114],[114.26279999999997,22.3114],[114.26279999999997,22.3098]]]}},{"type":"Feature","properties":{"id":"lu-nt-sai-kung-03-09","class":"urban_open_space","vegetationFraction":0.359,"pavedFraction":0.643,"waterFraction":0.005,"simulated":true},"geometry":{"type":"Polygon","coordinates":[[[114.26439999999997,22.3098],[114.26599999999996,22.3098],[114.26599999999996,22.3114],[114.26439999999997,22.3114],[114.26439999999997,22.3098]]]}},{"type":"Feature","properties":{"id":"lu-nt-sai-kung-03-10","class":"urban_open_space","vegetationFraction":0.374,"pavedFraction":0.416,"waterFraction":0.051,"simulated":true},"geometry":{"type":"Polygon","coordinates":[[[114.26599999999996,22.3098],[114.26759999999996,22.3098],[114.26759999999996,22.3114],[114.26599999999996,22.3114],[114.26599999999996,22.3098]]]}},{"type":"Feature","properties":{"id":"lu-nt-sai-kung-03-11","class":"green_space","vegetationFraction":0.436,"pavedFraction":0.583,"waterFraction":0.016,"simulated":true},"geometry":{"type":"Polygon","coordinates":[[[114.26759999999996,22.3098],[114.26919999999996,22.3098],[114.26919999999996,22.3114],[114.26759999999996,22.3114],[114.26759999999996,22.3098]]]}},{"type":"Feature","properties":{"id":"lu-nt-sai-kung-03-12","class":"urban_open_space","vegetationFraction":0.391,"pavedFraction":0.429,"waterFraction":0.039,"simulated":true},"geometry":{"type":"Polygon","coordinates":[[[114.26919999999996,22.3098],[114.27079999999995,22.3098],[114.27079999999995,22.3114],[114.26919999999996,22.3114],[114.26919999999996,22.3098]]]}},{"type":"Feature","properties":{"id":"lu-nt-sai-kung-03-13","class":"urban_open_space","vegetationFraction":0.379,"pavedFraction":0.571,"waterFraction":0.016,"simulated":true},"geometry":{"type":"Polygon","coordinates":[[[114.27079999999995,22.3098],[114.27239999999995,22.3098],[114.27239999999995,22.3114],[114.27079999999995,22.3114],[114.27079999999995,22.3098]]]}},{"type":"Feature","properties":{"id":"lu-nt-sai-kung-03-14","class":"urban_open_space","vegetationFraction":0.302,"pavedFraction":0.612,"waterFraction":0.034,"simulated":true},"geometry":{"type":"Polygon","coordinates":[[[114.27239999999995,22.3098],[114.27399999999994,22.3098],[114.27399999999994,22.3114],[114.27239999999995,22.3114],[114.27239999999995,22.3098]]]}},{"type":"Feature","properties":{"id":"lu-nt-sai-kung-03-15","class":"urban_open_space","vegetationFraction":0.37,"pavedFraction":0.61,"waterFraction":0.035,"simulated":true},"geometry":{"type":"Polygon","coordinates":[[[114.27399999999994,22.3098],[114.27559999999994,22.3098],[114.27559999999994,22.3114],[114.27399999999994,22.3114],[114.27399999999994,22.3098]]]}},{"type":"Feature","properties":{"id":"lu-nt-sai-kung-03-16","class":"urban_open_space","vegetationFraction":0.369,"pavedFraction":0.482,"waterFraction":0.001,"simulated":true},"geometry":{"type":"Polygon","coordinates":[[[114.27559999999994,22.3098],[114.27719999999994,22.3098],[114.27719999999994,22.3114],[114.27559999999994,22.3114],[114.27559999999994,22.3098]]]}},{"type":"Feature","properties":{"id":"lu-nt-sai-kung-03-17","class":"green_space","vegetationFraction":0.449,"pavedFraction":0.47,"waterFraction":0.023,"simulated":true},"geometry":{"type":"Polygon","coordinates":[[[114.27719999999994,22.3098],[114.27879999999993,22.3098],[114.27879999999993,22.3114],[114.27719999999994,22.3114],[114.27719999999994,22.3098]]]}},{"type":"Feature","properties":{"id":"lu-nt-sai-kung-03-18","class":"urban_open_space","vegetationFraction":0.393,"pavedFraction":0.545,"waterFraction":0.033,"simulated":true},"geometry":{"type":"Polygon","coordinates":[[[114.27879999999993,22.3098],[114.28039999999993,22.3098],[114.28039999999993,22.3114],[114.27879999999993,22.3114],[114.27879999999993,22.3098]]]}},{"type":"Feature","properties":{"id":"lu-nt-sai-kung-03-19","class":"urban_open_space","vegetationFraction":0.277,"pavedFraction":0.435,"waterFraction":0.026,"simulated":true},"geometry":{"type":"Polygon","coordinates":[[[114.28039999999993,22.3098],[114.28199999999993,22.3098],[114.28199999999993,22.3114],[114.28039999999993,22.3114],[114.28039999999993,22.3098]]]}},{"type":"Feature","properties":{"id":"lu-nt-sai-kung-03-20","class":"green_space","vegetationFraction":0.432,"pavedFraction":0.358,"waterFraction":0.017,"simulated":true},"geometry":{"type":"Polygon","coordinates":[[[114.28199999999993,22.3098],[114.28359999999992,22.3098],[114.28359999999992,22.3114],[114.28199999999993,22.3114],[114.28199999999993,22.3098]]]}},{"type":"Feature","properties":{"id":"lu-nt-sai-kung-03-21","class":"built_up","vegetationFraction":0.239,"pavedFraction":0.403,"waterFraction":0.027,"simulated":true},"geometry":{"type":"Polygon","coordinates":[[[114.28359999999992,22.3098],[114.28519999999992,22.3098],[114.28519999999992,22.3114],[114.28359999999992,22.3114],[114.28359999999992,22.3098]]]}},{"type":"Feature","properties":{"id":"lu-nt-sai-kung-03-22","class":"urban_open_space","vegetationFraction":0.251,"pavedFraction":0.53,"waterFraction":0.041,"simulated":true},"geometry":{"type":"Polygon","coordinates":[[[114.28519999999992,22.3098],[114.28679999999991,22.3098],[114.28679999999991,22.3114],[114.28519999999992,22.3114],[114.28519999999992,22.3098]]]}},{"type":"Feature","properties":{"id":"lu-nt-sai-kung-03-23","class":"urban_open_space","vegetationFraction":0.276,"pavedFraction":0.495,"waterFraction":0.028,"simulated":true},"geometry":{"type":"Polygon","coordinates":[[[114.28679999999991,22.3098],[114.28839999999991,22.3098],[114.28839999999991,22.3114],[114.28679999999991,22.3114],[114.28679999999991,22.3098]]]}},{"type":"Feature","properties":{"id":"lu-nt-sai-kung-03-24","class":"built_up","vegetationFraction":0.206,"pavedFraction":0.591,"waterFraction":0.023,"simulated":true},"geometry":{"type":"Polygon","coordinates":[[[114.28839999999991,22.3098],[114.2899999999999,22.3098],[114.2899999999999,22.3114],[114.28839999999991,22.3114],[114.28839999999991,22.3098]]]}},{"type":"Feature","properties":{"id":"lu-nt-sai-kung-03-25","class":"urban_open_space","vegetationFraction":0.32,"pavedFraction":0.497,"waterFraction":0.023,"simulated":true},"geometry":{"type":"Polygon","coordinates":[[[114.2899999999999,22.3098],[114.2915999999999,22.3098],[114.2915999999999,22.3114],[114.2899999999999,22.3114],[114.2899999999999,22.3098]]]}},{"type":"Feature","properties":{"id":"lu-nt-sai-kung-03-26","class":"built_up","vegetationFraction":0.21,"pavedFraction":0.526,"waterFraction":0.06,"simulated":true},"geometry":{"type":"Polygon","coordinates":[[[114.2915999999999,22.3098],[114.2931999999999,22.3098],[114.2931999999999,22.3114],[114.2915999999999,22.3114],[114.2915999999999,22.3098]]]}},{"type":"Feature","properties":{"id":"lu-nt-sai-kung-03-27","class":"urban_open_space","vegetationFraction":0.364,"pavedFraction":0.561,"waterFraction":0.037,"simulated":true},"geometry":{"type":"Polygon","coordinates":[[[114.2931999999999,22.3098],[114.2947999999999,22.3098],[114.2947999999999,22.3114],[114.2931999999999,22.3114],[114.2931999999999,22.3098]]]}},{"type":"Feature","properties":{"id":"lu-nt-sai-kung-03-28","class":"built_up","vegetationFraction":0.214,"pavedFraction":0.621,"waterFraction":0.032,"simulated":true},"geometry":{"type":"Polygon","coordinates":[[[114.2947999999999,22.3098],[114.29639999999989,22.3098],[114.29639999999989,22.3114],[114.2947999999999,22.3114],[114.2947999999999,22.3098]]]}},{"type":"Feature","properties":{"id":"lu-nt-sai-kung-03-29","class":"urban_open_space","vegetationFraction":0.363,"pavedFraction":0.637,"waterFraction":0.033,"simulated":true},"geometry":{"type":"Polygon","coordinates":[[[114.29639999999989,22.3098],[114.29799999999989,22.3098],[114.29799999999989,22.3114],[114.29639999999989,22.3114],[114.29639999999989,22.3098]]]}},{"type":"Feature","properties":{"id":"lu-nt-sai-kung-03-30","class":"green_space","vegetationFraction":0.404,"pavedFraction":0.576,"waterFraction":0.005,"simulated":true},"geometry":{"type":"Polygon","coordinates":[[[114.29799999999989,22.3098],[114.29959999999988,22.3098],[114.29959999999988,22.3114],[114.29799999999989,22.3114],[114.29799999999989,22.3098]]]}},{"type":"Feature","properties":{"id":"lu-nt-sai-kung-04-00","class":"built_up","vegetationFraction":0.217,"pavedFraction":0.422,"waterFraction":0.048,"simulated":true},"geometry":{"type":"Polygon","coordinates":[[[114.25,22.3114],[114.2516,22.3114],[114.2516,22.313],[114.25,22.313],[114.25,22.3114]]]}},{"type":"Feature","properties":{"id":"lu-nt-sai-kung-04-01","class":"green_space","vegetationFraction":0.432,"pavedFraction":0.402,"waterFraction":0.024,"simulated":true},"geometry":{"type":"Polygon","coordinates":[[[114.2516,22.3114],[114.25319999999999,22.3114],[114.25319999999999,22.313],[114.2516,22.313],[114.2516,22.3114]]]}},{"type":"Feature","properties":{"id":"lu-nt-sai-kung-04-02","class":"urban_open_space","vegetationFraction":0.324,"pavedFraction":0.481,"waterFraction":0.037,"simulated":true},"geometry":{"type":"Polygon","coordinates":[[[114.25319999999999,22.3114],[114.25479999999999,22.3114],[114.25479999999999,22.313],[114.25319999999999,22.313],[114.25319999999999,22.3114]]]}},{"type":"Feature","properties":{"id":"lu-nt-sai-kung-04-03","class":"urban_open_space","vegetationFraction":0.392,"pavedFraction":0.563,"waterFraction":0.0,"simulated":true},"geometry":{"type":"Polygon","coordinates":[[[114.25479999999999,22.3114],[114.25639999999999,22.3114],[114.25639999999999,22.313],[114.25479999999999,22.313],[114.25479999999999,22.3114]]]}},{"type":"Feature","properties":{"id":"lu-nt-sai-kung-04-04","class":"built_up","vegetationFraction":0.229,"pavedFraction":0.379,"waterFraction":0.004,"simulated":true},"geometry":{"type":"Polygon","coordinates":[[[114.25639999999999,22.3114],[114.25799999999998,22.3114],[114.25799999999998,22.313],[114.25639999999999,22.313],[114.25639999999999,22.3114]]]}},{"type":"Feature","properties":{"id":"lu-nt-sai-kung-04-05","class":"urban_open_space","vegetationFraction":0.254,"pavedFraction":0.623,"waterFraction":0.041,"simulated":true},"geometry":{"type":"Polygon","coordinates":[[[114.25799999999998,22.3114],[114.25959999999998,22.3114],[114.25959999999998,22.313],[114.25799999999998,22.313],[114.25799999999998,22.3114]]]}},{"type":"Feature","properties":{"id":"lu-nt-sai-kung-04-06","class":"built_up","vegetationFraction":0.243,"pavedFraction":0.448,"waterFraction":0.027,"simulated":true},"geometry":{"type":"Polygon","coordinates":[[[114.25959999999998,22.3114],[114.26119999999997,22.3114],[114.26119999999997,22.313],[114.25959999999998,22.313],[114.25959999999998,22.3114]]]}},{"type":"Feature","properties":{"id":"lu-nt-sai-kung-04-07","class":"urban_open_space","vegetationFraction":0.324,"pavedFraction":0.602,"waterFraction":0.012,"simulated":true},"geometry":{"type":"Polygon","coordinates":[[[114.26119999999997,22.3114],[114.26279999999997,22.3114],[114.26279999999997,22.313],[114.26119999999997,22.313],[114.26119999999997,22.3114]]]}},{"type":"Feature","properties":{"id":"lu-nt-sai-kung-04-08","class":"urban_open_space","vegetationFraction":0.308,"pavedFraction":0.568,"waterFraction":0.008,"simulated":true},"geometry":{"type":"Polygon","coordinates":[[[114.26279999999997,22.3114],[114.26439999999997,22.3114],[114.26439999999997,22.313],[114.26279999999997,22.313],[114.26279999999997,22.3114]]]}},{"type":"Feature","properties":{"id":"lu-nt-sai-kung-04-09","class":"built_up","vegetationFraction":0.206,"pavedFraction":0.558,"waterFraction":0.044,"simulated":true},"geometry":{"type":"Polygon","coordinates":[[[114.26439999999997,22.3114],[114.26599999999996,22.3114],[114.26599999999996,22.313],[114.26439999999997,22.313],[114.26439999999997,22.3114]]]}},{"type":"Feature","properties":{"id":"lu-nt-sai-kung-04-10","class":"built_up","vegetationFraction":0.213,"pavedFraction":0.577,"waterFraction":0.05,"simulated":true},"geometry":{"type":"Polygon","coordinates":[[[114.26599999999996,22.3114],[114.26759999999996,22.3114],[114.26759999999996,22.313],[114.26599999999996,22.313],[114.26599999999996,22.3114]]]}},{"type":"Feature","properties":{"id":"lu-nt-sai-kung-04-11","class":"built_up","vegetationFraction":0.21,"pavedFraction":0.395,"waterFraction":0.04,"simulated":true},"geometry":{"type":"Polygon","coordinates":[[[114.26759999999996,22.3114],[114.26919999999996,22.3114],[114.26919999999996,22.313],[114.26759999999996,22.313],[114.26759999999996,22.3114]]]}},{"type":"Feature","properties":{"id":"lu-nt-sai-kung-04-12","class":"built_up","vegetationFraction":0.225,"pavedFraction":0.618,"waterFraction":0.023,"simulated":true},"geometry":{"type":"Polygon","coordinates":[[[114.26919999999996,22.3114],[114.27079999999995,22.3114],[114.27079999999995,22.313],[114.26919999999996,22.313],[114.26919999999996,22.3114]]]}},{"type":"Feature","properties":{"id":"lu-nt-sai-kung-04-13","class":"built_up","vegetationFraction":0.217,"pavedFraction":0.388,"waterFraction":0.018,"simulated":true},"geometry":{"type":"Polygon","coordinates":[[[114.27079999999995,22.3114],[114.27239999999995,22.3114],[114.27239999999995,22.313],[114.27079999999995,22.313],[114.27079999999995,22.3114]]]}},{"type":"Feature","properties":{"id":"lu-nt-sai-kung-04-14","class":"green_space","vegetationFraction":0.41,"pavedFraction":0.425,"waterFraction":0.045,"simulated":true},"geometry":{"type":"Polygon","coordinates":[[[114.27239999999995,22.3114],[114.27399999999994,22.3114],[114.27399999999994,22.313],[114.27239999999995,22.313],[114.27239999999995,22.3114]]]}},{"type":"Feature","properties":{"id":"lu-nt-sai-kung-04-15","class":"urban_open_space","vegetationFraction":0.255,"pavedFraction":0.569,"waterFraction":0.056,"simulated":true},"geometry":{"type":"Polygon","coordinates":[[[114.27399999999994,22.3114],[114.27559999999994,22.3114],[114.27559999999994,22.313],[114.27399999999994,22.313],[114.27399999999994,22.3114]]]}},{"type":"Feature","properties":{"id":"lu-nt-sai-kung-04-16","class":"built_up","vegetationFraction":0.249,"pavedFraction":0.391,"waterFraction":0.054,"simulated":true},"geometry":{"type":"Polygon","coordinates":[[[114.27559999999994,22.3114],[114.27719999999994,22.3114],[114.27719999999994,22.313],[114.27559999999994,22.313],[114.27559999999994,22.3114]]]}},{"type":"Feature","properties":{"id":"lu-nt-sai-kung-04-17","class":"urban_open_space","vegetationFraction":0.354,"pavedFraction":0.446,"waterFraction":0.038,"simulated":true},"geometry":{"type":"Polygon","coordinates":[[[114.27719999999994,22.3114],[114.27879999999993,22.3114],[114.27879999999993,22.313],[114.27719999999994,22.313],[114.27719999999994,22.3114]]]}},{"type":"Feature","properties":{"id":"lu-nt-sai-kung-04-18","class":"green_space","vegetationFraction":0.419,"pavedFraction":0.545,"waterFraction":0.048,"simulated":true},"geometry":{"type":"Polygon","coordinates":[[[114.27879999999993,22.3114],[114.28039999999993,22.3114],[114.28039999999993,22.313],[114.27879999999993,22.313],[114.27879999999993,22.3114]]]}},{"type":"Feature","properties":{"id":"lu-nt-sai-kung-04-19","class":"urban_open_space","vegetationFraction":0.261,"pavedFraction":0.589,"waterFraction":0.006,"simulated":true},"geometry":{"type":"Polygon","coordinates":[[[114.28039999999993,22.3114],[114.28199999999993,22.3114],[114.28199999999993,22.313],[114.28039999999993,22.313],[114.28039999999993,22.3114]]]}},{"type":"Feature","properties":{"id":"lu-nt-sai-kung-04-20","class":"urban_open_space","vegetationFraction":0.345,"pavedFraction":0.597,"waterFraction":0.051,"simulated":true},"geometry":{"type":"Polygon","coordinates":[[[114.28199999999993,22.3114],[114.28359999999992,22.3114],[114.28359999999992,22.313],[114.28199999999993,22.313],[114.28199999999993,22.3114]]]}},{"type":"Feature","properties":{"id":"lu-nt-sai-kung-04-21","class":"urban_open_space","vegetationFraction":0.359,"pavedFraction":0.546,"waterFraction":0.021,"simulated":true},"geometry":{"type":"Polygon","coordinates":[[[114.28359999999992,22.3114],[114.28519999999992,22.3114],[114.28519999999992,22.313],[114.28359999999992,22.313],[114.28359999999992,22.3114]]]}},{"type":"Feature","properties":{"id":"lu-nt-sai-kung-04-22","class":"urban_open_space","vegetationFraction":0.265,"pavedFraction":0.383,"waterFraction":0.005,"simulated":true},"geometry":{"type":"Polygon","coordinates":[[[114.28519999999992,22.3114],[114.28679999999991,22.3114],[114.28679999999991,22.313],[114.28519999999992,22.313],[114.28519999999992,22.3114]]]}},{"type":"Feature","properties":{"id":"lu-nt-sai-kung-04-23","class":"urban_open_space","vegetationFraction":0.322,"pavedFraction":0.628,"waterFraction":0.001,"simulated":true},"geometry":{"type":"Polygon","coordinates":[[[114.28679999999991,22.3114],[114.28839999999991,22.3114],[114.28839999999991,22.313],[114.28679999999991,22.313],[114.28679999999991,22.3114]]]}},{"type":"Feature","properties":{"id":"lu-nt-sai-kung-04-24","class":"urban_open_space","vegetationFraction":0.28,"pavedFraction":0.529,"waterFraction":0.009,"simulated":true},"geometry":{"type":"Polygon","coordinates":[[[114.28839999999991,22.3114],[114.2899999999999,22.3114],[114.2899999999999,22.313],[114.28839999999991,22.313],[114.28839999999991,22.3114]]]}},{"type":"Feature","properties":{"id":"lu-nt-sai-kung-04-25","class":"urban_open_space","vegetationFraction":0.345,"pavedFraction":0.421,"waterFraction":0.019,"simulated":true},"geometry":{"type":"Polygon","coordinates":[[[114.2899999999999,22.3114],[114.2915999999999,22.3114],[114.2915999999999,22.313],[114.2899999999999,22.313],[114.2899999999999,22.3114]]]}},{"type":"Feature","properties":{"id":"lu-nt-sai-kung-04-26","class":"green_space","vegetationFraction":0.436,"pavedFraction":0.386,"waterFraction":0.011,"simulated":true},"geometry":{"type":"Polygon","coordinates":[[[114.2915999999999,22.3114],[114.2931999999999,22.3114],[114.2931999999999,22.313],[114.2915999999999,22.313],[114.2915999999999,22.3114]]]}},{"type":"Feature","properties":{"id":"lu-nt-sai-kung-04-27","class":"urban_open_space","vegetationFraction":0.331,"pavedFraction":0.405,"waterFraction":0.01,"simulated":true},"geometry":{"type":"Polygon","coordinates":[[[114.2931999999999,22.3114],[114.2947999999999,22.3114],[114.2947999999999,22.313],[114.2931999999999,22.313],[114.2931999999999,22.3114]]]}},{"type":"Feature","properties":{"id":"lu-nt-sai-kung-04-28","class":"urban_open_space","vegetationFraction":0.374,"pavedFraction":0.486,"waterFraction":0.02,"simulated":true},"geometry":{"type":"Polygon","coordinates":[[[114.2947999999999,22.3114],[114.29639999999989,22.3114],[114.29639999999989,22.313],[114.2947999999999,22.313],[114.2947999999999,22.3114]]]}},{"type":"Feature","properties":{"id":"lu-nt-sai-kung-04-29","class":"urban_open_space","vegetationFraction":0.353,"pavedFraction":0.398,"waterFraction":0.054,"simulated":true},"geometry":{"type":"Polygon","coordinates":[[[114.29639999999989,22.3114],[114.29799999999989,22.3114],[114.29799999999989,22.313],[114.29639999999989,22.313],[114.29639999999989,22.3114]]]}},{"type":"Feature","properties":{"id":"lu-nt-sai-kung-04-30","class":"green_space","vegetationFraction":0.447,"pavedFraction":0.592,"waterFraction":0.051,"simulated":true},"geometry":{"type":"Polygon","coordinates":[[[114.29799999999989,22.3114],[114.29959999999988,22.3114],[114.29959999999988,22.313],[114.29799999999989,22.313],[114.29799999999989,22.3114]]]}},{"type":"Feature","properties":{"id":"lu-nt-sai-kung-05-00","class":"built_up","vegetationFraction":0.235,"pavedFraction":0.605,"waterFraction":0.039,"simulated":true},"geometry":{"type":"Polygon","coordinates":[[[114.25,22.313],[114.2516,22.313],[114.2516,22.3146],[114.25,22.3146],[114.25,22.313]]]}},{"type":"Feature","properties":{"id":"lu-nt-sai-kung-05-01","class":"green_space","vegetationFraction":0.428,"pavedFraction":0.569,"waterFraction":0.015,"simulated":true},"geometry":{"type":"Polygon","coordinates":[[[114.2516,22.313],[114.25319999999999,22.313],[114.25319999999999,22.3146],[114.2516,22.3146],[114.2516,22.313]]]}},{"type":"Feature","properties":{"id":"lu-nt-sai-kung-05-02","class":"urban_open_space","vegetationFraction":0.338,"pavedFraction":0.59,"waterFraction":0.006,"simulated":true},"geometry":{"type":"Polygon","coordinates":[[[114.25319999999999,22.313],[114.25479999999999,22.313],[114.25479999999999,22.3146],[114.25319999999999,22.3146],[114.25319999999999,22.313]]]}},{"type":"Feature","properties":{"id":"lu-nt-sai-kung-05-03","class":"urban_open_space","vegetationFraction":0.367,"pavedFraction":0.496,"waterFraction":0.05,"simulated":true},"geometry":{"type":"Polygon","coordinates":[[[114.25479999999999,22.313],[114.25639999999999,22.313],[114.25639999999999,22.3146],[114.25479999999999,22.3146],[114.25479999999999,22.313]]]}},{"type":"Feature","properties":{"id":"lu-nt-sai-kung-05-04","class":"green_space","vegetationFraction":0.406,"pavedFraction":0.523,"waterFraction":0.028,"simulated":true},"geometry":{"type":"Polygon","coordinates":[[[114.25639999999999,22.313],[114.25799999999998,22.313],[114.25799999999998,22.3146],[114.25639999999999,22.3146],[114.25639999999999,22.313]]]}},{"type":"Feature","properties":{"id":"lu-nt-sai-kung-05-05","class":"built_up","vegetationFraction":0.248,"pavedFraction":0.398,"waterFraction":0.004,"simulated":true},"geometry":{"type":"Polygon","coordinates":[[[114.25799999999998,22.313],[114.25959999999998,22.313],[114.25959999999998,22.3146],[114.25799999999998,22.3146],[114.25799999999998,22.313]]]}},{"type":"Feature","properties":{"id":"lu-nt-sai-kung-05-06","class":"green_space","vegetationFraction":0.43,"pavedFraction":0.544,"waterFraction":0.008,"simulated":true},"geometry":{"type":"Polygon","coordinates":[[[114.25959999999998,22.313],[114.26119999999997,22.313],[114.26119999999997,22.3146],[114.25959999999998,22.3146],[114.25959999999998,22.313]]]}},{"type":"Feature","properties":{"id":"lu-nt-sai-kung-05-07","class":"built_up","vegetationFraction":0.226,"pavedFraction":0.576,"waterFraction":0.033,"simulated":true},"geometry":{"type":"Polygon","coordinates":[[[114.26119999999997,22.313],[114.26279999999997,22.313],[114.26279999999997,22.3146],[114.26119999999997,22.3146],[114.26119999999997,22.313]]]}},{"type":"Feature","properties":{"id":"lu-nt-sai-kung-05-08","class":"green_space","vegetationFraction":0.418,"pavedFraction":0.614,"waterFraction":0.047,"simulated":true},"geometry":{"type":"Polygon","coordinates":[[[114.26279999999997,22.313],[114.26439999999997,22.313],[114.26439999999997,22.3146],[114.26279999999997,22.3146],[114.26279999999997,22.313]]]}},{"type":"Feature","properties":{"id":"lu-nt-sai-kung-05-09","class":"urban_open_space","vegetationFraction":0.382,"pavedFraction":0.517,"waterFraction":0.042,"simulated":true},"geometry":{"type":"Polygon","coordinates":[[[114.26439999999997,22.313],[114.26599999999996,22.313],[114.26599999999996,22.3146],[114.26439999999997,22.3146],[114.26439999999997,22.313]]]}},{"type":"Feature","properties":{"id":"lu-nt-sai-kung-05-10","class":"built_up","vegetationFraction":0.248,"pavedFraction":0.462,"waterFraction":0.002,"simulated":true},"geometry":{"type":"Polygon","coordinates":[[[114.26599999999996,22.313],[114.26759999999996,22.313],[114.26759999999996,22.3146],[114.26599999999996,22.3146],[114.26599999999996,22.313]]]}},{"type":"Feature","properties":{"id":"lu-nt-sai-kung-05-11","class":"urban_open_space","vegetationFraction":0.391,"pavedFraction":0.425,"waterFraction":0.019,"simulated":true},"geometry":{"type":"Polygon","coordinates":[[[114.26759999999996,22.313],[114.26919999999996,22.313],[114.26919999999996,22.3146],[114.26759999999996,22.3146],[114.26759999999996,22.313]]]}},{"type":"Feature","properties":{"id":"lu-nt-sai-kung-05-12","class":"urban_open_space","vegetationFraction":0.277,"pavedFraction":0.445,"waterFraction":0.012,"simulated":true},"geometry":{"type":"Polygon","coordinates":[[[114.26919999999996,22.313],[114.27079999999995,22.313],[114.27079999999995,22.3146],[114.26919999999996,22.3146],[114.26919999999996,22.313]]]}},{"type":"Feature","properties":{"id":"lu-nt-sai-kung-05-13","class":"urban_open_space","vegetationFraction":0.353,"pavedFraction":0.498,"waterFraction":0.022,"simulated":true},"geometry":{"type":"Polygon","coordinates":[[[114.27079999999995,22.313],[114.27239999999995,22.313],[114.27239999999995,22.3146],[114.27079999999995,22.3146],[114.27079999999995,22.313]]]}},{"type":"Feature","properties":{"id":"lu-nt-sai-kung-05-14","class":"urban_open_space","vegetationFraction":0.357,"pavedFraction":0.483,"waterFraction":0.002,"simulated":true},"geometry":{"type":"Polygon","coordinates":[[[114.27239999999995,22.313],[114.27399999999994,22.313],[114.27399999999994,22.3146],[114.27239999999995,22.3146],[114.27239999999995,22.313]]]}},{"type":"Feature","properties":{"id":"lu-nt-sai-kung-05-15","class":"built_up","vegetationFraction":0.227,"pavedFraction":0.622,"waterFraction":0.031,"simulated":true},"geometry":{"type":"Polygon","coordinates":[[[114.27399999999994,22.313],[114.27559999999994,22.313],[114.27559999999994,22.3146],[114.27399999999994,22.3146],[114.27399999999994,22.313]]]}},{"type":"Feature","properties":{"id":"lu-nt-sai-kung-05-16","class":"built_up","vegetationFraction":0.212,"pavedFraction":0.439,"waterFraction":0.05,"simulated":true},"geometry":{"type":"Polygon","coordinates":[[[114.27559999999994,22.313],[114.27719999999994,22.313],[114.27719999999994,22.3146],[114.27559999999994,22.3146],[114.27559999999994,22.313]]]}},{"type":"Feature","properties":{"id":"lu-nt-sai-kung-05-17","class":"green_space","vegetationFraction":0.435,"pavedFraction":0.434,"waterFraction":0.038,"simulated":true},"geometry":{"type":"Polygon","coordinates":[[[114.27719999999994,22.313],[114.27879999999993,22.313],[114.27879999999993,22.3146],[114.27719999999994,22.3146],[114.27719999999994,22.313]]]}},{"type":"Feature","properties":{"id":"lu-nt-sai-kung-05-18","class":"urban_open_space","vegetationFraction":0.277,"pavedFraction":0.386,"waterFraction":0.011,"simulated":true},"geometry":{"type":"Polygon","coordinates":[[[114.27879999999993,22.313],[114.28039999999993,22.313],[114.28039999999993,22.3146],[114.27879999999993,22.3146],[114.27879999999993,22.313]]]}},{"type":"Feature","properties":{"id":"lu-nt-sai-kung-05-19","class":"green_space","vegetationFraction":0.428,"pavedFraction":0.416,"waterFraction":0.003,"simulated":true},"geometry":{"type":"Polygon","coordinates":[[[114.28039999999993,22.313],[114.28199999999993,22.313],[114.28199999999993,22.3146],[114.28039999999993,22.3146],[114.28039999999993,22.313]]]}},{"type":"Feature","properties":{"id":"lu-nt-sai-kung-05-20","class":"green_space","vegetationFraction":0.447,"pavedFraction":0.355,"waterFraction":0.051,"simulated":true},"geometry":{"type":"Polygon","coordinates":[[[114.28199999999993,22.313],[114.28359999999992,22.313],[114.28359999999992,22.3146],[114.28199999999993,22.3146],[114.28199999999993,22.313]]]}},{"type":"Feature","properties":{"id":"lu-nt-sai-kung-05-21","class":"urban_open_space","vegetationFraction":0.389,"pavedFraction":0.498,"waterFraction":0.011,"simulated":true},"geometry":{"type":"Polygon","coordinates":[[[114.28359999999992,22.313],[114.28519999999992,22.313],[114.28519999999992,22.3146],[114.28359999999992,22.3146],[114.28359999999992,22.313]]]}},{"type":"Feature","properties":{"id":"lu-nt-sai-kung-05-22","class":"urban_open_space","vegetationFraction":0.389,"pavedFraction":0.637,"waterFraction":0.045,"simulated":true},"geometry":{"type":"Polygon","coordinates":[[[114.28519999999992,22.313],[114.28679999999991,22.313],[114.28679999999991,22.3146],[114.28519999999992,22.3146],[114.28519999999992,22.313]]]}},{"type":"Feature","properties":{"id":"lu-nt-sai-kung-05-23","class":"urban_open_space","vegetationFraction":0.334,"pavedFraction":0.412,"waterFraction":0.054,"simulated":true},"geometry":{"type":"Polygon","coordinates":[[[114.28679999999991,22.313],[114.28839999999991,22.313],[114.28839999999991,22.3146],[114.28679999999991,22.3146],[114.28679999999991,22.313]]]}},{"type":"Feature","properties":{"id":"lu-nt-sai-kung-05-24","class":"urban_open_space","vegetationFraction":0.373,"pavedFraction":0.395,"waterFraction":0.052,"simulated":true},"geometry":{"type":"Polygon","coordinates":[[[114.28839999999991,22.313],[114.2899999999999,22.313],[114.2899999999999,22.3146],[114.28839999999991,22.3146],[114.28839999999991,22.313]]]}},{"type":"Feature","properties":{"id":"lu-nt-sai-kung-05-25","class":"urban_open_space","vegetationFraction":0.303,"pavedFraction":0.351,"waterFraction":0.0,"simulated":true},"geometry":{"type":"Polygon","coordinates":[[[114.2899999999999,22.313],[114.2915999999999,22.313],[114.2915999999999,22.3146],[114.2899999999999,22.3146],[114.2899999999999,22.313]]]}},{"type":"Feature","properties":{"id":"lu-nt-sai-kung-05-26","class":"urban_open_space","vegetationFraction":0.365,"pavedFraction":0.636,"waterFraction":0.0,"simulated":true},"geometry":{"type":"Polygon","coordinates":[[[114.2915999999999,22.313],[114.2931999999999,22.313],[114.2931999999999,22.3146],[114.2915999999999,22.3146],[114.2915999999999,22.313]]]}},{"type":"Feature","properties":{"id":"lu-nt-sai-kung-05-27","class":"urban_open_space","vegetationFraction":0.325,"pavedFraction":0.368,"waterFraction":0.057,"simulated":true},"geometry":{"type":"Polygon","coordinates":[[[114.2931999999999,22.313],[114.2947999999999,22.313],[114.2947999999999,22.3146],[114.2931999999999,22.3146],[114.2931999999999,22.313]]]}},{"type":"Feature","properties":{"id":"lu-nt-sai-kung-05-28","class":"green_space","vegetationFraction":0.425,"pavedFraction":0.614,"waterFraction":0.027,"simulated":true},"geometry":{"type":"Polygon","coordinates":[[[114.2947999999999,22.313],[114.29639999999989,22.313],[114.29639999999989,22.3146],[114.2947999999999,22.3146],[114.2947999999999,22.313]]]}},{"type":"Feature","properties":{"id":"lu-nt-sai-kung-05-29","class":"urban_open_space","vegetationFraction":0.391,"pavedFraction":0.555,"waterFraction":0.044,"simulated":true},"geometry":{"type":"Polygon","coordinates":[[[114.29639999999989,22.313],[114.29799999999989,22.313],[114.29799999999989,22.3146],[114.29639999999989,22.3146],[114.29639999999989,22.313]]]}},{"type":"Feature","properties":{"id":"lu-nt-sai-kung-05-30","class":"urban_open_space","vegetationFraction":0.383,"pavedFraction":0.556,"waterFraction":0.042,"simulated":true},"geometry":{"type":"Polygon","coordinates":[[[114.29799999999989,22.313],[114.29959999999988,22.313],[114.29959999999988,22.3146],[114.29799999999989,22.3146],[114.29799999999989,22.313]]]}},{"type":"Feature","properties":{"id":"lu-nt-sai-kung-06-00","class":"urban_open_space","vegetationFraction":0.312,"pavedFraction":0.532,"waterFraction":0.036,"simulated":true},"geometry":{"type":"Polygon","coordinates":[[[114.25,22.3146],[114.2516,22.3146],[114.2516,22.3162],[114.25,22.3162],[114.25,22.3146]]]}},{"type":"Feature","properties":{"id":"lu-nt-sai-kung-06-01","class":"built_up","vegetationFraction":0.227,"pavedFraction":0.359,"waterFraction":0.015,"simulated":true},"geometry":{"type":"Polygon","coordinates":[[[114.2516,22.3146],[114.25319999999999,22.3146],[114.25319999999999,22.3162],[114.2516,22.3162],[114.2516,22.3146]]]}},{"type":"Feature","properties":{"id":"lu-nt-sai-kung-06-02","class":"urban_open_space","vegetationFraction":0.353,"pavedFraction":0.617,"waterFraction":0.018,"simulated":true},"geometry":{"type":"Polygon","coordinates":[[[114.25319999999999,22.3146],[114.25479999999999,22.3146],[114.25479999999999,22.3162],[114.25319999999999,22.3162],[114.25319999999999,22.3146]]]}},{"type":"Feature","properties":{"id":"lu-nt-sai-kung-06-03","class":"built_up","vegetationFraction":0.21,"pavedFraction":0.65,"waterFraction":0.004,"simulated":true},"geometry":{"type":"Polygon","coordinates":[[[114.25479999999999,22.3146],[114.25639999999999,22.3146],[114.25639999999999,22.3162],[114.25479999999999,22.3162],[114.25479999999999,22.3146]]]}},{"type":"Feature","properties":{"id":"lu-nt-sai-kung-06-04","class":"built_up","vegetationFraction":0.247,"pavedFraction":0.391,"waterFraction":0.049,"simulated":true},"geometry":{"type":"Polygon","coordinates":[[[114.25639999999999,22.3146],[114.25799999999998,22.3146],[114.25799999999998,22.3162],[114.25639999999999,22.3162],[114.25639999999999,22.3146]]]}},{"type":"Feature","properties":{"id":"lu-nt-sai-kung-06-05","class":"urban_open_space","vegetationFraction":0.33,"pavedFraction":0.616,"waterFraction":0.053,"simulated":true},"geometry":{"type":"Polygon","coordinates":[[[114.25799999999998,22.3146],[114.25959999999998,22.3146],[114.25959999999998,22.3162],[114.25799999999998,22.3162],[114.25799999999998,22.3146]]]}},{"type":"Feature","properties":{"id":"lu-nt-sai-kung-06-06","class":"built_up","vegetationFraction":0.224,"pavedFraction":0.382,"waterFraction":0.002,"simulated":true},"geometry":{"type":"Polygon","coordinates":[[[114.25959999999998,22.3146],[114.26119999999997,22.3146],[114.26119999999997,22.3162],[114.25959999999998,22.3162],[114.25959999999998,22.3146]]]}},{"type":"Feature","properties":{"id":"lu-nt-sai-kung-06-07","class":"built_up","vegetationFraction":0.232,"pavedFraction":0.401,"waterFraction":0.004,"simulated":true},"geometry":{"type":"Polygon","coordinates":[[[114.26119999999997,22.3146],[114.26279999999997,22.3146],[114.26279999999997,22.3162],[114.26119999999997,22.3162],[114.26119999999997,22.3146]]]}},{"type":"Feature","properties":{"id":"lu-nt-sai-kung-06-08","class":"urban_open_space","vegetationFraction":0.258,"pavedFraction":0.355,"waterFraction":0.017,"simulated":true},"geometry":{"type":"Polygon","coordinates":[[[114.26279999999997,22.3146],[114.26439999999997,22.3146],[114.26439999999997,22.3162],[114.26279999999997,22.3162],[114.26279999999997,22.3146]]]}},{"type":"Feature","properties":{"id":"lu-nt-sai-kung-06-09","class":"green_space","vegetationFraction":0.45,"pavedFraction":0.588,"waterFraction":0.007,"simulated":true},"geometry":{"type":"Polygon","coordinates":[[[114.26439999999997,22.3146],[114.26599999999996,22.3146],[114.26599999999996,22.3162],[114.26439999999997,22.3162],[114.26439999999997,22.3146]]]}},{"type":"Feature","properties":{"id":"lu-nt-sai-kung-06-10","class":"urban_open_space","vegetationFraction":0.374,"pavedFraction":0.525,"waterFraction":0.058,"simulated":true},"geometry":{"type":"Polygon","coordinates":[[[114.26599999999996,22.3146],[114.26759999999996,22.3146],[114.26759999999996,22.3162],[114.26599999999996,22.3162],[114.26599999999996,22.3146]]]}},{"type":"Feature","properties":{"id":"lu-nt-sai-kung-06-11","class":"built_up","vegetationFraction":0.2,"pavedFraction":0.57,"waterFraction":0.04,"simulated":true},"geometry":{"type":"Polygon","coordinates":[[[114.26759999999996,22.3146],[114.26919999999996,22.3146],[114.26919999999996,22.3162],[114.26759999999996,22.3162],[114.26759999999996,22.3146]]]}},{"type":"Feature","properties":{"id":"lu-nt-sai-kung-06-12","class":"built_up","vegetationFraction":0.205,"pavedFraction":0.466,"waterFraction":0.029,"simulated":true},"geometry":{"type":"Polygon","coordinates":[[[114.26919999999996,22.3146],[114.27079999999995,22.3146],[114.27079999999995,22.3162],[114.26919999999996,22.3162],[114.26919999999996,22.3146]]]}},{"type":"Feature","properties":{"id":"lu-nt-sai-kung-06-13","class":"urban_open_space","vegetationFraction":0.39,"pavedFraction":0.428,"waterFraction":0.04,"simulated":true},"geometry":{"type":"Polygon","coordinates":[[[114.27079999999995,22.3146],[114.27239999999995,22.3146],[114.27239999999995,22.3162],[114.27079999999995,22.3162],[114.27079999999995,22.3146]]]}},{"type":"Feature","properties":{"id":"lu-nt-sai-kung-06-14","class":"urban_open_space","vegetationFraction":0.374,"pavedFraction":0.603,"waterFraction":0.002,"simulated":true},"geometry":{"type":"Polygon","coordinates":[[[114.27239999999995,22.3146],[114.27399999999994,22.3146],[114.27399999999994,22.3162],[114.27239999999995,22.3162],[114.27239999999995,22.3146]]]}},{"type":"Feature","properties":{"id":"lu-nt-sai-kung-06-15","class":"green_space","vegetationFraction":0.418,"pavedFraction":0.617,"waterFraction":0.004,"simulated":true},"geometry":{"type":"Polygon","coordinates":[[[114.27399999999994,22.3146],[114.27559999999994,22.3146],[114.27559999999994,22.3162],[114.27399999999994,22.3162],[114.27399999999994,22.3146]]]}},{"type":"Feature","properties":{"id":"lu-nt-sai-kung-06-16","class":"urban_open_space","vegetationFraction":0.355,"pavedFraction":0.394,"waterFraction":0.05,"simulated":true},"geometry":{"type":"Polygon","coordinates":[[[114.27559999999994,22.3146],[114.27719999999994,22.3146],[114.27719999999994,22.3162],[114.27559999999994,22.3162],[114.27559999999994,22.3146]]]}},{"type":"Feature","properties":{"id":"lu-nt-sai-kung-06-17","class":"built_up","vegetationFraction":0.207,"pavedFraction":0.532,"waterFraction":0.009,"simulated":true},"geometry":{"type":"Polygon","coordinates":[[[114.27719999999994,22.3146],[114.27879999999993,22.3146],[114.27879999999993,22.3162],[114.27719999999994,22.3162],[114.27719999999994,22.3146]]]}},{"type":"Feature","properties":{"id":"lu-nt-sai-kung-06-18","class":"urban_open_space","vegetationFraction":0.302,"pavedFraction":0.492,"waterFraction":0.033,"simulated":true},"geometry":{"type":"Polygon","coordinates":[[[114.27879999999993,22.3146],[114.28039999999993,22.3146],[114.28039999999993,22.3162],[114.27879999999993,22.3162],[114.27879999999993,22.3146]]]}},{"type":"Feature","properties":{"id":"lu-nt-sai-kung-06-19","class":"built_up","vegetationFraction":0.232,"pavedFraction":0.645,"waterFraction":0.042,"simulated":true},"geometry":{"type":"Polygon","coordinates":[[[114.28039999999993,22.3146],[114.28199999999993,22.3146],[114.28199999999993,22.3162],[114.28039999999993,22.3162],[114.28039999999993,22.3146]]]}},{"type":"Feature","properties":{"id":"lu-nt-sai-kung-06-20","class":"urban_open_space","vegetationFraction":0.261,"pavedFraction":0.535,"waterFraction":0.015,"simulated":true},"geometry":{"type":"Polygon","coordinates":[[[114.28199999999993,22.3146],[114.28359999999992,22.3146],[114.28359999999992,22.3162],[114.28199999999993,22.3162],[114.28199999999993,22.3146]]]}},{"type":"Feature","properties":{"id":"lu-nt-sai-kung-06-21","class":"urban_open_space","vegetationFraction":0.277,"pavedFraction":0.446,"waterFraction":0.046,"simulated":true},"geometry":{"type":"Polygon","coordinates":[[[114.28359999999992,22.3146],[114.28519999999992,22.3146],[114.28519999999992,22.3162],[114.28359999999992,22.3162],[114.28359999999992,22.3146]]]}},{"type":"Feature","properties":{"id":"lu-nt-sai-kung-06-22","class":"built_up","vegetationFraction":0.222,"pavedFraction":0.468,"waterFraction":0.056,"simulated":true},"geometry":{"type":"Polygon","coordinates":[[[114.28519999999992,22.3146],[114.28679999999991,22.3146],[114.28679999999991,22.3162],[114.28519999999992,22.3162],[114.28519999999992,22.3146]]]}},{"type":"Feature","properties":{"id":"lu-nt-sai-kung-06-23","class":"built_up","vegetationFraction":0.239,"pavedFraction":0.419,"waterFraction":0.055,"simulated":true},"geometry":{"type":"Polygon","coordinates":[[[114.28679999999991,22.3146],[114.28839999999991,22.3146],[114.28839999999991,22.3162],[114.28679999999991,22.3162],[114.28679999999991,22.3146]]]}},{"type":"Feature","properties":{"id":"lu-nt-sai-kung-06-24","class":"urban_open_space","vegetationFraction":0.293,"pavedFraction":0.519,"waterFraction":0.052,"simulated":true},"geometry":{"type":"Polygon","coordinates":[[[114.28839999999991,22.3146],[114.2899999999999,22.3146],[114.2899999999999,22.3162],[114.28839999999991,22.3162],[114.28839999999991,22.3146]]]}},{"type":"Feature","properties":{"id":"lu-nt-sai-kung-06-25","class":"built_up","vegetationFraction":0.202,"pavedFraction":0.402,"waterFraction":0.01,"simulated":true},"geometry":{"type":"Polygon","coordinates":[[[114.2899999999999,22.3146],[114.2915999999999,22.3146],[114.2915999999999,22.3162],[114.2899999999999,22.3162],[114.2899999999999,22.3146]]]}},{"type":"Feature","properties":{"id":"lu-nt-sai-kung-06-26","class":"built_up","vegetationFraction":0.2,"pavedFraction":0.588,"waterFraction":0.031,"simulated":true},"geometry":{"type":"Polygon","coordinates":[[[114.2915999999999,22.3146],[114.2931999999999,22.3146],[114.2931999999999,22.3162],[114.2915999999999,22.3162],[114.2915999999999,22.3146]]]}},{"type":"Feature","properties":{"id":"lu-nt-sai-kung-06-27","class":"urban_open_space","vegetationFraction":0.364,"pavedFraction":0.499,"waterFraction":0.056,"simulated":true},"geometry":{"type":"Polygon","coordinates":[[[114.2931999999999,22.3146],[114.2947999999999,22.3146],[114.2947999999999,22.3162],[114.2931999999999,22.3162],[114.2931999999999,22.3146]]]}},{"type":"Feature","properties":{"id":"lu-nt-sai-kung-06-28","class":"urban_open_space","vegetationFraction":0.299,"pavedFraction":0.51,"waterFraction":0.031,"simulated":true},"geometry":{"type":"Polygon","coordinates":[[[114.2947999999999,22.3146],[114.29639999999989,22.3146],[114.29639999999989,22.3162],[114.2947999999999,22.3162],[114.2947999999999,22.3146]]]}},{"type":"Feature","properties":{"id":"lu-nt-sai-kung-06-29","class":"urban_open_space","vegetationFraction":0.339,"pavedFraction":0.389,"waterFraction":0.008,"simulated":true},"geometry":{"type":"Polygon","coordinates":[[[114.29639999999989,22.3146],[114.29799999999989,22.3146],[114.29799999999989,22.3162],[114.29639999999989,22.3162],[114.29639999999989,22.3146]]]}},{"type":"Feature","properties":{"id":"lu-nt-sai-kung-06-30","class":"urban_open_space","vegetationFraction":0.361,"pavedFraction":0.378,"waterFraction":0.007,"simulated":true},"geometry":{"type":"Polygon","coordinates":[[[114.29799999999989,22.3146],[114.29959999999988,22.3146],[114.29959999999988,22.3162],[114.29799999999989,22.3162],[114.29799999999989,22.3146]]]}},{"type":"Feature","properties":{"id":"lu-nt-sai-kung-07-00","class":"built_up","vegetationFraction":0.229,"pavedFraction":0.51,"waterFraction":0.007,"simulated":true},"geometry":{"type":"Polygon","coordinates":[[[114.25,22.3162],[114.2516,22.3162],[114.2516,22.3178],[114.25,22.3178],[114.25,22.3162]]]}},{"type":"Feature","properties":{"id":"lu-nt-sai-kung-07-01","class":"green_space","vegetationFraction":0.417,"pavedFraction":0.436,"waterFraction":0.024,"simulated":true},"geometry":{"type":"Polygon","coordinates":[[[114.2516,22.3162],[114.25319999999999,22.3162],[114.25319999999999,22.3178],[114.2516,22.3178],[114.2516,22.3162]]]}},{"type":"Feature","properties":{"id":"lu-nt-sai-kung-07-02","class":"urban_open_space","vegetationFraction":0.264,"pavedFraction":0.462,"waterFraction":0.023,"simulated":true},"geometry":{"type":"Polygon","coordinates":[[[114.25319999999999,22.3162],[114.25479999999999,22.3162],[114.25479999999999,22.3178],[114.25319999999999,22.3178],[114.25319999999999,22.3162]]]}},{"type":"Feature","properties":{"id":"lu-nt-sai-kung-07-03","class":"urban_open_space","vegetationFraction":0.345,"pavedFraction":0.416,"waterFraction":0.051,"simulated":true},"geometry":{"type":"Polygon","coordinates":[[[114.25479999999999,22.3162],[114.25639999999999,22.3162],[114.25639999999999,22.3178],[114.25479999999999,22.3178],[114.25479999999999,22.3162]]]}},{"type":"Feature","properties":{"id":"lu-nt-sai-kung-07-04","class":"green_space","vegetationFraction":0.402,"pavedFraction":0.392,"waterFraction":0.031,"simulated":true},"geometry":{"type":"Polygon","coordinates":[[[114.25639999999999,22.3162],[114.25799999999998,22.3162],[114.25799999999998,22.3178],[114.25639999999999,22.3178],[114.25639999999999,22.3162]]]}},{"type":"Feature","properties":{"id":"lu-nt-sai-kung-07-05","class":"urban_open_space","vegetationFraction":0.28,"pavedFraction":0.416,"waterFraction":0.051,"simulated":true},"geometry":{"type":"Polygon","coordinates":[[[114.25799999999998,22.3162],[114.25959999999998,22.3162],[114.25959999999998,22.3178],[114.25799999999998,22.3178],[114.25799999999998,22.3162]]]}},{"type":"Feature","properties":{"id":"lu-nt-sai-kung-07-06","class":"urban_open_space","vegetationFraction":0.355,"pavedFraction":0.597,"waterFraction":0.003,"simulated":true},"geometry":{"type":"Polygon","coordinates":[[[114.25959999999998,22.3162],[114.26119999999997,22.3162],[114.26119999999997,22.3178],[114.25959999999998,22.3178],[114.25959999999998,22.3162]]]}},{"type":"Feature","properties":{"id":"lu-nt-sai-kung-07-07","class":"urban_open_space","vegetationFraction":0.387,"pavedFraction":0.617,"waterFraction":0.026,"simulated":true},"geometry":{"type":"Polygon","coordinates":[[[114.26119999999997,22.3162],[114.26279999999997,22.3162],[114.26279999999997,22.3178],[114.26119999999997,22.3178],[114.26119999999997,22.3162]]]}},{"type":"Feature","properties":{"id":"lu-nt-sai-kung-07-08","class":"urban_open_space","vegetationFraction":0.39,"pavedFraction":0.57,"waterFraction":0.052,"simulated":true},"geometry":{"type":"Polygon","coordinates":[[[114.26279999999997,22.3162],[114.26439999999997,22.3162],[114.26439999999997,22.3178],[114.26279999999997,22.3178],[114.26279999999997,22.3162]]]}},{"type":"Feature","properties":{"id":"lu-nt-sai-kung-07-09","class":"urban_open_space","vegetationFraction":0.307,"pavedFraction":0.621,"waterFraction":0.034,"simulated":true},"geometry":{"type":"Polygon","coordinates":[[[114.26439999999997,22.3162],[114.26599999999996,22.3162],[114.26599999999996,22.3178],[114.26439999999997,22.3178],[114.26439999999997,22.3162]]]}},{"type":"Feature","properties":{"id":"lu-nt-sai-kung-07-10","class":"built_up","vegetationFraction":0.224,"pavedFraction":0.626,"waterFraction":0.054,"simulated":true},"geometry":{"type":"Polygon","coordinates":[[[114.26599999999996,22.3162],[114.26759999999996,22.3162],[114.26759999999996,22.3178],[114.26599999999996,22.3178],[114.26599999999996,22.3162]]]}},{"type":"Feature","properties":{"id":"lu-nt-sai-kung-07-11","class":"built_up","vegetationFraction":0.233,"pavedFraction":0.51,"waterFraction":0.038,"simulated":true},"geometry":{"type":"Polygon","coordinates":[[[114.26759999999996,22.3162],[114.26919999999996,22.3162],[114.26919999999996,22.3178],[114.26759999999996,22.3178],[114.26759999999996,22.3162]]]}},{"type":"Feature","properties":{"id":"lu-nt-sai-kung-07-12","class":"built_up","vegetationFraction":0.229,"pavedFraction":0.55,"waterFraction":0.047,"simulated":true},"geometry":{"type":"Polygon","coordinates":[[[114.26919999999996,22.3162],[114.27079999999995,22.3162],[114.27079999999995,22.3178],[114.26919999999996,22.3178],[114.26919999999996,22.3162]]]}},{"type":"Feature","properties":{"id":"lu-nt-sai-kung-07-13","class":"built_up","vegetationFraction":0.225,"pavedFraction":0.491,"waterFraction":0.019,"simulated":true},"geometry":{"type":"Polygon","coordinates":[[[114.27079999999995,22.3162],[114.27239999999995,22.3162],[114.27239999999995,22.3178],[114.27079999999995,22.3178],[114.27079999999995,22.3162]]]}},{"type":"Feature","properties":{"id":"lu-nt-sai-kung-07-14","class":"green_space","vegetationFraction":0.434,"pavedFraction":0.611,"waterFraction":0.05,"simulated":true},"geometry":{"type":"Polygon","coordinates":[[[114.27239999999995,22.3162],[114.27399999999994,22.3162],[114.27399999999994,22.3178],[114.27239999999995,22.3178],[114.27239999999995,22.3162]]]}},{"type":"Feature","properties":{"id":"lu-nt-sai-kung-07-15","class":"urban_open_space","vegetationFraction":0.371,"pavedFraction":0.502,"waterFraction":0.01,"simulated":true},"geometry":{"type":"Polygon","coordinates":[[[114.27399999999994,22.3162],[114.27559999999994,22.3162],[114.27559999999994,22.3178],[114.27399999999994,22.3178],[114.27399999999994,22.3162]]]}},{"type":"Feature","properties":{"id":"lu-nt-sai-kung-07-16","class":"urban_open_space","vegetationFraction":0.39,"pavedFraction":0.618,"waterFraction":0.046,"simulated":true},"geometry":{"type":"Polygon","coordinates":[[[114.27559999999994,22.3162],[114.27719999999994,22.3162],[114.27719999999994,22.3178],[114.27559999999994,22.3178],[114.27559999999994,22.3162]]]}},{"type":"Feature","properties":{"id":"lu-nt-sai-kung-07-17","class":"urban_open_space","vegetationFraction":0.389,"pavedFraction":0.641,"waterFraction":0.024,"simulated":true},"geometry":{"type":"Polygon","coordinates":[[[114.27719999999994,22.3162],[114.27879999999993,22.3162],[114.27879999999993,22.3178],[114.27719999999994,22.3178],[114.27719999999994,22.3162]]]}},{"type":"Feature","properties":{"id":"lu-nt-sai-kung-07-18","class":"urban_open_space","vegetationFraction":0.267,"pavedFraction":0.594,"waterFraction":0.039,"simulated":true},"geometry":{"type":"Polygon","coordinates":[[[114.27879999999993,22.3162],[114.28039999999993,22.3162],[114.28039999999993,22.3178],[114.27879999999993,22.3178],[114.27879999999993,22.3162]]]}},{"type":"Feature","properties":{"id":"lu-nt-sai-kung-07-19","class":"urban_open_space","vegetationFraction":0.354,"pavedFraction":0.558,"waterFraction":0.046,"simulated":true},"geometry":{"type":"Polygon","coordinates":[[[114.28039999999993,22.3162],[114.28199999999993,22.3162],[114.28199999999993,22.3178],[114.28039999999993,22.3178],[114.28039999999993,22.3162]]]}},{"type":"Feature","properties":{"id":"lu-nt-sai-kung-07-20","class":"urban_open_space","vegetationFraction":0.345,"pavedFraction":0.506,"waterFraction":0.033,"simulated":true},"geometry":{"type":"Polygon","coordinates":[[[114.28199999999993,22.3162],[114.28359999999992,22.3162],[114.28359999999992,22.3178],[114.28199999999993,22.3178],[114.28199999999993,22.3162]]]}},{"type":"Feature","properties":{"id":"lu-nt-sai-kung-07-21","class":"urban_open_space","vegetationFraction":0.347,"pavedFraction":0.561,"waterFraction":0.018,"simulated":true},"geometry":{"type":"Polygon","coordinates":[[[114.28359999999992,22.3162],[114.28519999999992,22.3162],[114.28519999999992,22.3178],[114.28359999999992,22.3178],[114.28359999999992,22.3162]]]}},{"type":"Feature","properties":{"id":"lu-nt-sai-kung-07-22","class":"built_up","vegetationFraction":0.204,"pavedFraction":0.591,"waterFraction":0.035,"simulated":true},"geometry":{"type":"Polygon","coordinates":[[[114.28519999999992,22.3162],[114.28679999999991,22.3162],[114.28679999999991,22.3178],[114.28519999999992,22.3178],[114.28519999999992,22.3162]]]}},{"type":"Feature","properties":{"id":"lu-nt-sai-kung-07-23","class":"built_up","vegetationFraction":0.212,"pavedFraction":0.596,"waterFraction":0.058,"simulated":true},"geometry":{"type":"Polygon","coordinates":[[[114.28679999999991,22.3162],[114.28839999999991,22.3162],[114.28839999999991,22.3178],[114.28679999999991,22.3178],[114.28679999999991,22.3162]]]}},{"type":"Feature","properties":{"id":"lu-nt-sai-kung-07-24","class":"urban_open_space","vegetationFraction":0.279,"pavedFraction":0.529,"waterFraction":0.052,"simulated":true},"geometry":{"type":"Polygon","coordinates":[[[114.28839999999991,22.3162],[114.2899999999999,22.3162],[114.2899999999999,22.3178],[114.28839999999991,22.3178],[114.28839999999991,22.3162]]]}},{"type":"Feature","properties":{"id":"lu-nt-sai-kung-07-25","class":"green_space","vegetationFraction":0.404,"pavedFraction":0.634,"waterFraction":0.03,"simulated":true},"geometry":{"type":"Polygon","coordinates":[[[114.2899999999999,22.3162],[114.2915999999999,22.3162],[114.2915999999999,22.3178],[114.2899999999999,22.3178],[114.2899999999999,22.3162]]]}},{"type":"Feature","properties":{"id":"lu-nt-sai-kung-07-26","class":"urban_open_space","vegetationFraction":0.309,"pavedFraction":0.495,"waterFraction":0.001,"simulated":true},"geometry":{"type":"Polygon","coordinates":[[[114.2915999999999,22.3162],[114.2931999999999,22.3162],[114.2931999999999,22.3178],[114.2915999999999,22.3178],[114.2915999999999,22.3162]]]}},{"type":"Feature","properties":{"id":"lu-nt-sai-kung-07-27","class":"urban_open_space","vegetationFraction":0.359,"pavedFraction":0.604,"waterFraction":0.036,"simulated":true},"geometry":{"type":"Polygon","coordinates":[[[114.2931999999999,22.3162],[114.2947999999999,22.3162],[114.2947999999999,22.3178],[114.2931999999999,22.3178],[114.2931999999999,22.3162]]]}},{"type":"Feature","properties":{"id":"lu-nt-sai-kung-07-28","class":"urban_open_space","vegetationFraction":0.381,"pavedFraction":0.466,"waterFraction":0.003,"simulated":true},"geometry":{"type":"Polygon","coordinates":[[[114.2947999999999,22.3162],[114.29639999999989,22.3162],[114.29639999999989,22.3178],[114.2947999999999,22.3178],[114.2947999999999,22.3162]]]}},{"type":"Feature","properties":{"id":"lu-nt-sai-kung-07-29","class":"built_up","vegetationFraction":0.22,"pavedFraction":0.419,"waterFraction":0.05,"simulated":true},"geometry":{"type":"Polygon","coordinates":[[[114.29639999999989,22.3162],[114.29799999999989,22.3162],[114.29799999999989,22.3178],[114.29639999999989,22.3178],[114.29639999999989,22.3162]]]}},{"type":"Feature","properties":{"id":"lu-nt-sai-kung-07-30","class":"green_space","vegetationFraction":0.445,"pavedFraction":0.466,"waterFraction":0.023,"simulated":true},"geometry":{"type":"Polygon","coordinates":[[[114.29799999999989,22.3162],[114.29959999999988,22.3162],[114.29959999999988,22.3178],[114.29799999999989,22.3178],[114.29799999999989,22.3162]]]}},{"type":"Feature","properties":{"id":"lu-nt-sai-kung-08-00","class":"urban_open_space","vegetationFraction":0.289,"pavedFraction":0.586,"waterFraction":0.025,"simulated":true},"geometry":{"type":"Polygon","coordinates":[[[114.25,22.3178],[114.2516,22.3178],[114.2516,22.319399999999998],[114.25,22.319399999999998],[114.25,22.3178]]]}},{"type":"Feature","properties":{"id":"lu-nt-sai-kung-08-01","class":"urban_open_space","vegetationFraction":0.305,"pavedFraction":0.449,"waterFraction":0.042,"simulated":true},"geometry":{"type":"Polygon","coordinates":[[[114.2516,22.3178],[114.25319999999999,22.3178],[114.25319999999999,22.319399999999998],[114.2516,22.319399999999998],[114.2516,22.3178]]]}},{"type":"Feature","properties":{"id":"lu-nt-sai-kung-08-02","class":"built_up","vegetationFraction":0.213,"pavedFraction":0.389,"waterFraction":0.053,"simulated":true},"geometry":{"type":"Polygon","coordinates":[[[114.25319999999999,22.3178],[114.25479999999999,22.3178],[114.25479999999999,22.319399999999998],[114.25319999999999,22.319399999999998],[114.25319999999999,22.3178]]]}},{"type":"Feature","properties":{"id":"lu-nt-sai-kung-08-03","class":"urban_open_space","vegetationFraction":0.29,"pavedFraction":0.639,"waterFraction":0.018,"simulated":true},"geometry":{"type":"Polygon","coordinates":[[[114.25479999999999,22.3178],[114.25639999999999,22.3178],[114.25639999999999,22.319399999999998],[114.25479999999999,22.319399999999998],[114.25479999999999,22.3178]]]}},{"type":"Feature","properties":{"id":"lu-nt-sai-kung-08-04","class":"green_space","vegetationFraction":0.431,"pavedFraction":0.55,"waterFraction":0.043,"simulated":true},"geometry":{"type":"Polygon","coordinates":[[[114.25639999999999,22.3178],[114.25799999999998,22.3178],[114.25799999999998,22.319399999999998],[114.25639999999999,22.319399999999998],[114.25639999999999,22.3178]]]}},{"type":"Feature","properties":{"id":"lu-nt-sai-kung-08-05","class":"urban_open_space","vegetationFraction":0.296,"pavedFraction":0.443,"waterFraction":0.043,"simulated":true},"geometry":{"type":"Polygon","coordinates":[[[114.25799999999998,22.3178],[114.25959999999998,22.3178],[114.25959999999998,22.319399999999998],[114.25799999999998,22.319399999999998],[114.25799999999998,22.3178]]]}},{"type":"Feature","properties":{"id":"lu-nt-sai-kung-08-06","class":"urban_open_space","vegetationFraction":0.376,"pavedFraction":0.599,"waterFraction":0.038,"simulated":true},"geometry":{"type":"Polygon","coordinates":[[[114.25959999999998,22.3178],[114.26119999999997,22.3178],[114.26119999999997,22.319399999999998],[114.25959999999998,22.319399999999998],[114.25959999999998,22.3178]]]}},{"type":"Feature","properties":{"id":"lu-nt-sai-kung-08-07","class":"urban_open_space","vegetationFraction":0.307,"pavedFraction":0.483,"waterFraction":0.035,"simulated":true},"geometry":{"type":"Polygon","coordinates":[[[114.26119999999997,22.3178],[114.26279999999997,22.3178],[114.26279999999997,22.319399999999998],[114.26119999999997,22.319399999999998],[114.26119999999997,22.3178]]]}},{"type":"Feature","properties":{"id":"lu-nt-sai-kung-08-08","class":"green_space","vegetationFraction":0.418,"pavedFraction":0.388,"waterFraction":0.011,"simulated":true},"geometry":{"type":"Polygon","coordinates":[[[114.26279999999997,22.3178],[114.26439999999997,22.3178],[114.26439999999997,22.319399999999998],[114.26279999999997,22.319399999999998],[114.26279999999997,22.3178]]]}},{"type":"Feature","properties":{"id":"lu-nt-sai-kung-08-09","class":"urban_open_space","vegetationFraction":0.36,"pavedFraction":0.454,"waterFraction":0.051,"simulated":true},"geometry":{"type":"Polygon","coordinates":[[[114.26439999999997,22.3178],[114.26599999999996,22.3178],[114.26599999999996,22.319399999999998],[114.26439999999997,22.319399999999998],[114.26439999999997,22.3178]]]}},{"type":"Feature","properties":{"id":"lu-nt-sai-kung-08-10","class":"urban_open_space","vegetationFraction":0.385,"pavedFraction":0.394,"waterFraction":0.039,"simulated":true},"geometry":{"type":"Polygon","coordinates":[[[114.26599999999996,22.3178],[114.26759999999996,22.3178],[114.26759999999996,22.319399999999998],[114.26599999999996,22.319399999999998],[114.26599999999996,22.3178]]]}},{"type":"Feature","properties":{"id":"lu-nt-sai-kung-08-11","class":"green_space","vegetationFraction":0.41,"pavedFraction":0.45,"waterFraction":0.04,"simulated":true},"geometry":{"type":"Polygon","coordinates":[[[114.26759999999996,22.3178],[114.26919999999996,22.3178],[114.26919999999996,22.319399999999998],[114.26759999999996,22.319399999999998],[114.26759999999996,22.3178]]]}},{"type":"Feature","properties":{"id":"lu-nt-sai-kung-08-12","class":"urban_open_space","vegetationFraction":0.322,"pavedFraction":0.526,"waterFraction":0.023,"simulated":true},"geometry":{"type":"Polygon","coordinates":[[[114.26919999999996,22.3178],[114.27079999999995,22.3178],[114.27079999999995,22.319399999999998],[114.26919999999996,22.319399999999998],[114.26919999999996,22.3178]]]}},{"type":"Feature","properties":{"id":"lu-nt-sai-kung-08-13","class":"green_space","vegetationFraction":0.431,"pavedFraction":0.408,"waterFraction":0.03,"simulated":true},"geometry":{"type":"Polygon","coordinates":[[[114.27079999999995,22.3178],[114.27239999999995,22.3178],[114.27239999999995,22.319399999999998],[114.27079999999995,22.319399999999998],[114.27079999999995,22.3178]]]}},{"type":"Feature","properties":{"id":"lu-nt-sai-kung-08-14","class":"urban_open_space","vegetationFraction":0.258,"pavedFraction":0.499,"waterFraction":0.035,"simulated":true},"geometry":{"type":"Polygon","coordinates":[[[114.27239999999995,22.3178],[114.27399999999994,22.3178],[114.27399999999994,22.319399999999998],[114.27239999999995,22.319399999999998],[114.27239999999995,22.3178]]]}},{"type":"Feature","properties":{"id":"lu-nt-sai-kung-08-15","class":"urban_open_space","vegetationFraction":0.389,"pavedFraction":0.559,"waterFraction":0.01,"simulated":true},"geometry":{"type":"Polygon","coordinates":[[[114.27399999999994,22.3178],[114.27559999999994,22.3178],[114.27559999999994,22.319399999999998],[114.27399999999994,22.319399999999998],[114.27399999999994,22.3178]]]}},{"type":"Feature","properties":{"id":"lu-nt-sai-kung-08-16","class":"urban_open_space","vegetationFraction":0.375,"pavedFraction":0.47,"waterFraction":0.006,"simulated":true},"geometry":{"type":"Polygon","coordinates":[[[114.27559999999994,22.3178],[114.27719999999994,22.3178],[114.27719999999994,22.319399999999998],[114.27559999999994,22.319399999999998],[114.27559999999994,22.3178]]]}},{"type":"Feature","properties":{"id":"lu-nt-sai-kung-08-17","class":"urban_open_space","vegetationFraction":0.258,"pavedFraction":0.458,"waterFraction":0.034,"simulated":true},"geometry":{"type":"Polygon","coordinates":[[[114.27719999999994,22.3178],[114.27879999999993,22.3178],[114.27879999999993,22.319399999999998],[114.27719999999994,22.319399999999998],[114.27719999999994,22.3178]]]}},{"type":"Feature","properties":{"id":"lu-nt-sai-kung-08-18","class":"urban_open_space","vegetationFraction":0.274,"pavedFraction":0.504,"waterFraction":0.004,"simulated":true},"geometry":{"type":"Polygon","coordinates":[[[114.27879999999993,22.3178],[114.28039999999993,22.3178],[114.28039999999993,22.319399999999998],[114.27879999999993,22.319399999999998],[114.27879999999993,22.3178]]]}},{"type":"Feature","properties":{"id":"lu-nt-sai-kung-08-19","class":"urban_open_space","vegetationFraction":0.312,"pavedFraction":0.408,"waterFraction":0.056,"simulated":true},"geometry":{"type":"Polygon","coordinates":[[[114.28039999999993,22.3178],[114.28199999999993,22.3178],[114.28199999999993,22.319399999999998],[114.28039999999993,22.319399999999998],[114.28039999999993,22.3178]]]}},{"type":"Feature","properties":{"id":"lu-nt-sai-kung-08-20","class":"green_space","vegetationFraction":0.414,"pavedFraction":0.516,"waterFraction":0.038,"simulated":true},"geometry":{"type":"Polygon","coordinates":[[[114.28199999999993,22.3178],[114.28359999999992,22.3178],[114.28359999999992,22.319399999999998],[114.28199999999993,22.319399999999998],[114.28199999999993,22.3178]]]}},{"type":"Feature","properties":{"id":"lu-nt-sai-kung-08-21","class":"urban_open_space","vegetationFraction":0.394,"pavedFraction":0.581,"waterFraction":0.016,"simulated":true},"geometry":{"type":"Polygon","coordinates":[[[114.28359999999992,22.3178],[114.28519999999992,22.3178],[114.28519999999992,22.319399999999998],[114.28359999999992,22.319399999999998],[114.28359999999992,22.3178]]]}},{"type":"Feature","properties":{"id":"lu-nt-sai-kung-08-22","class":"urban_open_space","vegetationFraction":0.258,"pavedFraction":0.352,"waterFraction":0.01,"simulated":true},"geometry":{"type":"Polygon","coordinates":[[[114.28519999999992,22.3178],[114.28679999999991,22.3178],[114.28679999999991,22.319399999999998],[114.28519999999992,22.319399999999998],[114.28519999999992,22.3178]]]}},{"type":"Feature","properties":{"id":"lu-nt-sai-kung-08-23","class":"urban_open_space","vegetationFraction":0.288,"pavedFraction":0.501,"waterFraction":0.014,"simulated":true},"geometry":{"type":"Polygon","coordinates":[[[114.28679999999991,22.3178],[114.28839999999991,22.3178],[114.28839999999991,22.319399999999998],[114.28679999999991,22.319399999999998],[114.28679999999991,22.3178]]]}},{"type":"Feature","properties":{"id":"lu-nt-sai-kung-08-24","class":"green_space","vegetationFraction":0.443,"pavedFraction":0.35,"waterFraction":0.044,"simulated":true},"geometry":{"type":"Polygon","coordinates":[[[114.28839999999991,22.3178],[114.2899999999999,22.3178],[114.2899999999999,22.319399999999998],[114.28839999999991,22.319399999999998],[114.28839999999991,22.3178]]]}},{"type":"Feature","properties":{"id":"lu-nt-sai-kung-08-25","class":"built_up","vegetationFraction":0.231,"pavedFraction":0.579,"waterFraction":0.018,"simulated":true},"geometry":{"type":"Polygon","coordinates":[[[114.2899999999999,22.3178],[114.2915999999999,22.3178],[114.2915999999999,22.319399999999998],[114.2899999999999,22.319399999999998],[114.2899999999999,22.3178]]]}},{"type":"Feature","properties":{"id":"lu-nt-sai-kung-08-26","class":"urban_open_space","vegetationFraction":0.361,"pavedFraction":0.523,"waterFraction":0.034,"simulated":true},"geometry":{"type":"Polygon","coordinates":[[[114.2915999999999,22.3178],[114.2931999999999,22.3178],[114.2931999999999,22.319399999999998],[114.2915999999999,22.319399999999998],[114.2915999999999,22.3178]]]}},{"type":"Feature","properties":{"id":"lu-nt-sai-kung-08-27","class":"built_up","vegetationFraction":0.201,"pavedFraction":0.477,"waterFraction":0.044,"simulated":true},"geometry":{"type":"Polygon","coordinates":[[[114.2931999999999,22.3178],[114.2947999999999,22.3178],[114.2947999999999,22.319399999999998],[114.2931999999999,22.319399999999998],[114.2931999999999,22.3178]]]}},{"type":"Feature","properties":{"id":"lu-nt-sai-kung-08-28","class":"green_space","vegetationFraction":0.435,"pavedFraction":0.508,"waterFraction":0.044,"simulated":true},"geometry":{"type":"Polygon","coordinates":[[[114.2947999999999,22.3178],[114.29639999999989,22.3178],[114.29639999999989,22.319399999999998],[114.2947999999999,22.319399999999998],[114.2947999999999,22.3178]]]}},{"type":"Feature","properties":{"id":"lu-nt-sai-kung-08-29","class":"green_space","vegetationFraction":0.433,"pavedFraction":0.61,"waterFraction":0.023,"simulated":true},"geometry":{"type":"Polygon","coordinates":[[[114.29639999999989,22.3178],[114.29799999999989,22.3178],[114.29799999999989,22.319399999999998],[114.29639999999989,22.319399999999998],[114.29639999999989,22.3178]]]}},{"type":"Feature","properties":{"id":"lu-nt-sai-kung-08-30","class":"urban_open_space","vegetationFraction":0.267,"pavedFraction":0.632,"waterFraction":0.056,"simulated":true},"geometry":{"type":"Polygon","coordinates":[[[114.29799999999989,22.3178],[114.29959999999988,22.3178],[114.29959999999988,22.319399999999998],[114.29799999999989,22.319399999999998],[114.29799999999989,22.3178]]]}},{"type":"Feature","properties":{"id":"lu-nt-sai-kung-09-00","class":"urban_open_space","vegetationFraction":0.343,"pavedFraction":0.478,"waterFraction":0.01,"simulated":true},"geometry":{"type":"Polygon","coordinates":[[[114.25,22.319399999999998],[114.2516,22.319399999999998],[114.2516,22.320999999999998],[114.25,22.320999999999998],[114.25,22.319399999999998]]]}},{"type":"Feature","properties":{"id":"lu-nt-sai-kung-09-01","class":"built_up","vegetationFraction":0.211,"pavedFraction":0.617,"waterFraction":0.051,"simulated":true},"geometry":{"type":"Polygon","coordinates":[[[114.2516,22.319399999999998],[114.25319999999999,22.319399999999998],[114.25319999999999,22.320999999999998],[114.2516,22.320999999999998],[114.2516,22.319399999999998]]]}},{"type":"Feature","properties":{"id":"lu-nt-sai-kung-09-02","class":"urban_open_space","vegetationFraction":0.399,"pavedFraction":0.469,"waterFraction":0.035,"simulated":true},"geometry":{"type":"Polygon","coordinates":[[[114.25319999999999,22.319399999999998],[114.25479999999999,22.319399999999998],[114.25479999999999,22.320999999999998],[114.25319999999999,22.320999999999998],[114.25319999999999,22.319399999999998]]]}},{"type":"Feature","properties":{"id":"lu-nt-sai-kung-09-03","class":"built_up","vegetationFraction":0.228,"pavedFraction":0.609,"waterFraction":0.02,"simulated":true},"geometry":{"type":"Polygon","coordinates":[[[114.25479999999999,22.319399999999998],[114.25639999999999,22.319399999999998],[114.25639999999999,22.320999999999998],[114.25479999999999,22.320999999999998],[114.25479999999999,22.319399999999998]]]}},{"type":"Feature","properties":{"id":"lu-nt-sai-kung-09-04","class":"urban_open_space","vegetationFraction":0.31,"pavedFraction":0.358,"waterFraction":0.029,"simulated":true},"geometry":{"type":"Polygon","coordinates":[[[114.25639999999999,22.319399999999998],[114.25799999999998,22.319399999999998],[114.25799999999998,22.320999999999998],[114.25639999999999,22.320999999999998],[114.25639999999999,22.319399999999998]]]}},{"type":"Feature","properties":{"id":"lu-nt-sai-kung-09-05","class":"built_up","vegetationFraction":0.229,"pavedFraction":0.569,"waterFraction":0.012,"simulated":true},"geometry":{"type":"Polygon","coordinates":[[[114.25799999999998,22.319399999999998],[114.25959999999998,22.319399999999998],[114.25959999999998,22.320999999999998],[114.25799999999998,22.320999999999998],[114.25799999999998,22.319399999999998]]]}},{"type":"Feature","properties":{"id":"lu-nt-sai-kung-09-06","class":"urban_open_space","vegetationFraction":0.265,"pavedFraction":0.53,"waterFraction":0.034,"simulated":true},"geometry":{"type":"Polygon","coordinates":[[[114.25959999999998,22.319399999999998],[114.26119999999997,22.319399999999998],[114.26119999999997,22.320999999999998],[114.25959999999998,22.320999999999998],[114.25959999999998,22.319399999999998]]]}},{"type":"Feature","properties":{"id":"lu-nt-sai-kung-09-07","class":"urban_open_space","vegetationFraction":0.263,"pavedFraction":0.424,"waterFraction":0.042,"simulated":true},"geometry":{"type":"Polygon","coordinates":[[[114.26119999999997,22.319399999999998],[114.26279999999997,22.319399999999998],[114.26279999999997,22.320999999999998],[114.26119999999997,22.320999999999998],[114.26119999999997,22.319399999999998]]]}},{"type":"Feature","properties":{"id":"lu-nt-sai-kung-09-08","class":"green_space","vegetationFraction":0.431,"pavedFraction":0.499,"waterFraction":0.028,"simulated":true},"geometry":{"type":"Polygon","coordinates":[[[114.26279999999997,22.319399999999998],[114.26439999999997,22.319399999999998],[114.26439999999997,22.320999999999998],[114.26279999999997,22.320999999999998],[114.26279999999997,22.319399999999998]]]}},{"type":"Feature","properties":{"id":"lu-nt-sai-kung-09-09","class":"green_space","vegetationFraction":0.418,"pavedFraction":0.359,"waterFraction":0.055,"simulated":true},"geometry":{"type":"Polygon","coordinates":[[[114.26439999999997,22.319399999999998],[114.26599999999996,22.319399999999998],[114.26599999999996,22.320999999999998],[114.26439999999997,22.320999999999998],[114.26439999999997,22.319399999999998]]]}},{"type":"Feature","properties":{"id":"lu-nt-sai-kung-09-10","class":"urban_open_space","vegetationFraction":0.38,"pavedFraction":0.595,"waterFraction":0.005,"simulated":true},"geometry":{"type":"Polygon","coordinates":[[[114.26599999999996,22.319399999999998],[114.26759999999996,22.319399999999998],[114.26759999999996,22.320999999999998],[114.26599999999996,22.320999999999998],[114.26599999999996,22.319399999999998]]]}},{"type":"Feature","properties":{"id":"lu-nt-sai-kung-09-11","class":"urban_open_space","vegetationFraction":0.381,"pavedFraction":0.421,"waterFraction":0.034,"simulated":true},"geometry":{"type":"Polygon","coordinates":[[[114.26759999999996,22.319399999999998],[114.26919999999996,22.319399999999998],[114.26919999999996,22.320999999999998],[114.26759999999996,22.320999999999998],[114.26759999999996,22.319399999999998]]]}},{"type":"Feature","properties":{"id":"lu-nt-sai-kung-09-12","class":"green_space","vegetationFraction":0.447,"pavedFraction":0.619,"waterFraction":0.013,"simulated":true},"geometry":{"type":"Polygon","coordinates":[[[114.26919999999996,22.319399999999998],[114.27079999999995,22.319399999999998],[114.27079999999995,22.320999999999998],[114.26919999999996,22.320999999999998],[114.26919999999996,22.319399999999998]]]}},{"type":"Feature","properties":{"id":"lu-nt-sai-kung-09-13","class":"urban_open_space","vegetationFraction":0.256,"pavedFraction":0.432,"waterFraction":0.037,"simulated":true},"geometry":{"type":"Polygon","coordinates":[[[114.27079999999995,22.319399999999998],[114.27239999999995,22.319399999999998],[114.27239999999995,22.320999999999998],[114.27079999999995,22.320999999999998],[114.27079999999995,22.319399999999998]]]}},{"type":"Feature","properties":{"id":"lu-nt-sai-kung-09-14","class":"built_up","vegetationFraction":0.25,"pavedFraction":0.55,"waterFraction":0.046,"simulated":true},"geometry":{"type":"Polygon","coordinates":[[[114.27239999999995,22.319399999999998],[114.27399999999994,22.319399999999998],[114.27399999999994,22.320999999999998],[114.27239999999995,22.320999999999998],[114.27239999999995,22.319399999999998]]]}},{"type":"Feature","properties":{"id":"lu-nt-sai-kung-09-15","class":"built_up","vegetationFraction":0.249,"pavedFraction":0.542,"waterFraction":0.016,"simulated":true},"geometry":{"type":"Polygon","coordinates":[[[114.27399999999994,22.319399999999998],[114.27559999999994,22.319399999999998],[114.27559999999994,22.320999999999998],[114.27399999999994,22.320999999999998],[114.27399999999994,22.319399999999998]]]}},{"type":"Feature","properties":{"id":"lu-nt-sai-kung-09-16","class":"urban_open_space","vegetationFraction":0.259,"pavedFraction":0.452,"waterFraction":0.011,"simulated":true},"geometry":{"type":"Polygon","coordinates":[[[114.27559999999994,22.319399999999998],[114.27719999999994,22.319399999999998],[114.27719999999994,22.320999999999998],[114.27559999999994,22.320999999999998],[114.27559999999994,22.319399999999998]]]}},{"type":"Feature","properties":{"id":"lu-nt-sai-kung-09-17","class":"green_space","vegetationFraction":0.402,"pavedFraction":0.492,"waterFraction":0.006,"simulated":true},"geometry":{"type":"Polygon","coordinates":[[[114.27719999999994,22.319399999999998],[114.27879999999993,22.319399999999998],[114.27879999999993,22.320999999999998],[114.27719999999994,22.320999999999998],[114.27719999999994,22.319399999999998]]]}},{"type":"Feature","properties":{"id":"lu-nt-sai-kung-09-18","class":"urban_open_space","vegetationFraction":0.367,"pavedFraction":0.558,"waterFraction":0.044,"simulated":true},"geometry":{"type":"Polygon","coordinates":[[[114.27879999999993,22.319399999999998],[114.28039999999993,22.319399999999998],[114.28039999999993,22.320999999999998],[114.27879999999993,22.320999999999998],[114.27879999999993,22.319399999999998]]]}},{"type":"Feature","properties":{"id":"lu-nt-sai-kung-09-19","class":"urban_open_space","vegetationFraction":0.286,"pavedFraction":0.526,"waterFraction":0.04,"simulated":true},"geometry":{"type":"Polygon","coordinates":[[[114.28039999999993,22.319399999999998],[114.28199999999993,22.319399999999998],[114.28199999999993,22.320999999999998],[114.28039999999993,22.320999999999998],[114.28039999999993,22.319399999999998]]]}},{"type":"Feature","properties":{"id":"lu-nt-sai-kung-09-20","class":"urban_open_space","vegetationFraction":0.346,"pavedFraction":0.501,"waterFraction":0.052,"simulated":true},"geometry":{"type":"Polygon","coordinates":[[[114.28199999999993,22.319399999999998],[114.28359999999992,22.319399999999998],[114.28359999999992,22.320999999999998],[114.28199999999993,22.320999999999998],[114.28199999999993,22.319399999999998]]]}},{"type":"Feature","properties":{"id":"lu-nt-sai-kung-09-21","class":"urban_open_space","vegetationFraction":0.303,"pavedFraction":0.508,"waterFraction":0.047,"simulated":true},"geometry":{"type":"Polygon","coordinates":[[[114.28359999999992,22.319399999999998],[114.28519999999992,22.319399999999998],[114.28519999999992,22.320999999999998],[114.28359999999992,22.320999999999998],[114.28359999999992,22.319399999999998]]]}},{"type":"Feature","properties":{"id":"lu-nt-sai-kung-09-22","class":"urban_open_space","vegetationFraction":0.319,"pavedFraction":0.603,"waterFraction":0.057,"simulated":true},"geometry":{"type":"Polygon","coordinates":[[[114.28519999999992,22.319399999999998],[114.28679999999991,22.319399999999998],[114.28679999999991,22.320999999999998],[114.28519999999992,22.320999999999998],[114.28519999999992,22.319399999999998]]]}},{"type":"Feature","properties":{"id":"lu-nt-sai-kung-09-23","class":"green_space","vegetationFraction":0.432,"pavedFraction":0.494,"waterFraction":0.008,"simulated":true},"geometry":{"type":"Polygon","coordinates":[[[114.28679999999991,22.319399999999998],[114.28839999999991,22.319399999999998],[114.28839999999991,22.320999999999998],[114.28679999999991,22.320999999999998],[114.28679999999991,22.319399999999998]]]}},{"type":"Feature","properties":{"id":"lu-nt-sai-kung-09-24","class":"green_space","vegetationFraction":0.439,"pavedFraction":0.628,"waterFraction":0.013,"simulated":true},"geometry":{"type":"Polygon","coordinates":[[[114.28839999999991,22.319399999999998],[114.2899999999999,22.319399999999998],[114.2899999999999,22.320999999999998],[114.28839999999991,22.320999999999998],[114.28839999999991,22.319399999999998]]]}},{"type":"Feature","properties":{"id":"lu-nt-sai-kung-09-25","class":"built_up","vegetationFraction":0.223,"pavedFraction":0.585,"waterFraction":0.028,"simulated":true},"geometry":{"type":"Polygon","coordinates":[[[114.2899999999999,22.319399999999998],[114.2915999999999,22.319399999999998],[114.2915999999999,22.320999999999998],[114.2899999999999,22.320999999999998],[114.2899999999999,22.319399999999998]]]}},{"type":"Feature","properties":{"id":"lu-nt-sai-kung-09-26","class":"urban_open_space","vegetationFraction":0.299,"pavedFraction":0.496,"waterFraction":0.048,"simulated":true},"geometry":{"type":"Polygon","coordinates":[[[114.2915999999999,22.319399999999998],[114.2931999999999,22.319399999999998],[114.2931999999999,22.320999999999998],[114.2915999999999,22.320999999999998],[114.2915999999999,22.319399999999998]]]}},{"type":"Feature","properties":{"id":"lu-nt-sai-kung-09-27","class":"urban_open_space","vegetationFraction":0.391,"pavedFraction":0.476,"waterFraction":0.005,"simulated":true},"geometry":{"type":"Polygon","coordinates":[[[114.2931999999999,22.319399999999998],[114.2947999999999,22.319399999999998],[114.2947999999999,22.320999999999998],[114.2931999999999,22.320999999999998],[114.2931999999999,22.319399999999998]]]}},{"type":"Feature","properties":{"id":"lu-nt-sai-kung-09-28","class":"urban_open_space","vegetationFraction":0.365,"pavedFraction":0.374,"waterFraction":0.032,"simulated":true},"geometry":{"type":"Polygon","coordinates":[[[114.2947999999999,22.319399999999998],[114.29639999999989,22.319399999999998],[114.29639999999989,22.320999999999998],[114.2947999999999,22.320999999999998],[114.2947999999999,22.319399999999998]]]}},{"type":"Feature","properties":{"id":"lu-nt-sai-kung-09-29","class":"built_up","vegetationFraction":0.223,"pavedFraction":0.452,"waterFraction":0.041,"simulated":true},"geometry":{"type":"Polygon","coordinates":[[[114.29639999999989,22.319399999999998],[114.29799999999989,22.319399999999998],[114.29799999999989,22.320999999999998],[114.29639999999989,22.320999999999998],[114.29639999999989,22.319399999999998]]]}},{"type":"Feature","properties":{"id":"lu-nt-sai-kung-09-30","class":"urban_open_space","vegetationFraction":0.371,"pavedFraction":0.47,"waterFraction":0.05,"simulated":true},"geometry":{"type":"Polygon","coordinates":[[[114.29799999999989,22.319399999999998],[114.29959999999988,22.319399999999998],[114.29959999999988,22.320999999999998],[114.29799999999989,22.320999999999998],[114.29799999999989,22.319399999999998]]]}},{"type":"Feature","properties":{"id":"lu-nt-sai-kung-10-00","class":"urban_open_space","vegetationFraction":0.32,"pavedFraction":0.643,"waterFraction":0.042,"simulated":true},"geometry":{"type":"Polygon","coordinates":[[[114.25,22.320999999999998],[114.2516,22.320999999999998],[114.2516,22.322599999999998],[114.25,22.322599999999998],[114.25,22.320999999999998]]]}},{"type":"Feature","properties":{"id":"lu-nt-sai-kung-10-01","class":"urban_open_space","vegetationFraction":0.306,"pavedFraction":0.474,"waterFraction":0.022,"simulated":true},"geometry":{"type":"Polygon","coordinates":[[[114.2516,22.320999999999998],[114.25319999999999,22.320999999999998],[114.25319999999999,22.322599999999998],[114.2516,22.322599999999998],[114.2516,22.320999999999998]]]}},{"type":"Feature","properties":{"id":"lu-nt-sai-kung-10-02","class":"green_space","vegetationFraction":0.43,"pavedFraction":0.451,"waterFraction":0.003,"simulated":true},"geometry":{"type":"Polygon","coordinates":[[[114.25319999999999,22.320999999999998],[114.25479999999999,22.320999999999998],[114.25479999999999,22.322599999999998],[114.25319999999999,22.322599999999998],[114.25319999999999,22.320999999999998]]]}},{"type":"Feature","properties":{"id":"lu-nt-sai-kung-10-03","class":"urban_open_space","vegetationFraction":0.253,"pavedFraction":0.452,"waterFraction":0.007,"simulated":true},"geometry":{"type":"Polygon","coordinates":[[[114.25479999999999,22.320999999999998],[114.25639999999999,22.320999999999998],[114.25639999999999,22.322599999999998],[114.25479999999999,22.322599999999998],[114.25479999999999,22.320999999999998]]]}},{"type":"Feature","properties":{"id":"lu-nt-sai-kung-10-04","class":"urban_open_space","vegetationFraction":0.386,"pavedFraction":0.542,"waterFraction":0.022,"simulated":true},"geometry":{"type":"Polygon","coordinates":[[[114.25639999999999,22.320999999999998],[114.25799999999998,22.320999999999998],[114.25799999999998,22.322599999999998],[114.25639999999999,22.322599999999998],[114.25639999999999,22.320999999999998]]]}},{"type":"Feature","properties":{"id":"lu-nt-sai-kung-10-05","class":"green_space","vegetationFraction":0.415,"pavedFraction":0.51,"waterFraction":0.047,"simulated":true},"geometry":{"type":"Polygon","coordinates":[[[114.25799999999998,22.320999999999998],[114.25959999999998,22.320999999999998],[114.25959999999998,22.322599999999998],[114.25799999999998,22.322599999999998],[114.25799999999998,22.320999999999998]]]}},{"type":"Feature","properties":{"id":"lu-nt-sai-kung-10-06","class":"green_space","vegetationFraction":0.406,"pavedFraction":0.499,"waterFraction":0.005,"simulated":true},"geometry":{"type":"Polygon","coordinates":[[[114.25959999999998,22.320999999999998],[114.26119999999997,22.320999999999998],[114.26119999999997,22.322599999999998],[114.25959999999998,22.322599999999998],[114.25959999999998,22.320999999999998]]]}},{"type":"Feature","properties":{"id":"lu-nt-sai-kung-10-07","class":"urban_open_space","vegetationFraction":0.287,"pavedFraction":0.478,"waterFraction":0.041,"simulated":true},"geometry":{"type":"Polygon","coordinates":[[[114.26119999999997,22.320999999999998],[114.26279999999997,22.320999999999998],[114.26279999999997,22.322599999999998],[114.26119999999997,22.322599999999998],[114.26119999999997,22.320999999999998]]]}},{"type":"Feature","properties":{"id":"lu-nt-sai-kung-10-08","class":"urban_open_space","vegetationFraction":0.349,"pavedFraction":0.49,"waterFraction":0.047,"simulated":true},"geometry":{"type":"Polygon","coordinates":[[[114.26279999999997,22.320999999999998],[114.26439999999997,22.320999999999998],[114.26439999999997,22.322599999999998],[114.26279999999997,22.322599999999998],[114.26279999999997,22.320999999999998]]]}},{"type":"Feature","properties":{"id":"lu-nt-sai-kung-10-09","class":"urban_open_space","vegetationFraction":0.356,"pavedFraction":0.571,"waterFraction":0.056,"simulated":true},"geometry":{"type":"Polygon","coordinates":[[[114.26439999999997,22.320999999999998],[114.26599999999996,22.320999999999998],[114.26599999999996,22.322599999999998],[114.26439999999997,22.322599999999998],[114.26439999999997,22.320999999999998]]]}},{"type":"Feature","properties":{"id":"lu-nt-sai-kung-10-10","class":"urban_open_space","vegetationFraction":0.392,"pavedFraction":0.355,"waterFraction":0.053,"simulated":true},"geometry":{"type":"Polygon","coordinates":[[[114.26599999999996,22.320999999999998],[114.26759999999996,22.320999999999998],[114.26759999999996,22.322599999999998],[114.26599999999996,22.322599999999998],[114.26599999999996,22.320999999999998]]]}},{"type":"Feature","properties":{"id":"lu-nt-sai-kung-10-11","class":"urban_open_space","vegetationFraction":0.285,"pavedFraction":0.509,"waterFraction":0.029,"simulated":true},"geometry":{"type":"Polygon","coordinates":[[[114.26759999999996,22.320999999999998],[114.26919999999996,22.320999999999998],[114.26919999999996,22.322599999999998],[114.26759999999996,22.322599999999998],[114.26759999999996,22.320999999999998]]]}},{"type":"Feature","properties":{"id":"lu-nt-sai-kung-10-12","class":"built_up","vegetationFraction":0.222,"pavedFraction":0.397,"waterFraction":0.051,"simulated":true},"geometry":{"type":"Polygon","coordinates":[[[114.26919999999996,22.320999999999998],[114.27079999999995,22.320999999999998],[114.27079999999995,22.322599999999998],[114.26919999999996,22.322599999999998],[114.26919999999996,22.320999999999998]]]}},{"type":"Feature","properties":{"id":"lu-nt-sai-kung-10-13","class":"built_up","vegetationFraction":0.214,"pavedFraction":0.449,"waterFraction":0.004,"simulated":true},"geometry":{"type":"Polygon","coordinates":[[[114.27079999999995,22.320999999999998],[114.27239999999995,22.320999999999998],[114.27239999999995,22.322599999999998],[114.27079999999995,22.322599999999998],[114.27079999999995,22.320999999999998]]]}},{"type":"Feature","properties":{"id":"lu-nt-sai-kung-10-14","class":"urban_open_space","vegetationFraction":0.264,"pavedFraction":0.55,"waterFraction":0.038,"simulated":true},"geometry":{"type":"Polygon","coordinates":[[[114.27239999999995,22.320999999999998],[114.27399999999994,22.320999999999998],[114.27399999999994,22.322599999999998],[114.27239999999995,22.322599999999998],[114.27239999999995,22.320999999999998]]]}},{"type":"Feature","properties":{"id":"lu-nt-sai-kung-10-15","class":"urban_open_space","vegetationFraction":0.317,"pavedFraction":0.524,"waterFraction":0.014,"simulated":true},"geometry":{"type":"Polygon","coordinates":[[[114.27399999999994,22.320999999999998],[114.27559999999994,22.320999999999998],[114.27559999999994,22.322599999999998],[114.27399999999994,22.322599999999998],[114.27399999999994,22.320999999999998]]]}},{"type":"Feature","properties":{"id":"lu-nt-sai-kung-10-16","class":"urban_open_space","vegetationFraction":0.361,"pavedFraction":0.477,"waterFraction":0.003,"simulated":true},"geometry":{"type":"Polygon","coordinates":[[[114.27559999999994,22.320999999999998],[114.27719999999994,22.320999999999998],[114.27719999999994,22.322599999999998],[114.27559999999994,22.322599999999998],[114.27559999999994,22.320999999999998]]]}},{"type":"Feature","properties":{"id":"lu-nt-sai-kung-10-17","class":"urban_open_space","vegetationFraction":0.322,"pavedFraction":0.436,"waterFraction":0.034,"simulated":true},"geometry":{"type":"Polygon","coordinates":[[[114.27719999999994,22.320999999999998],[114.27879999999993,22.320999999999998],[114.27879999999993,22.322599999999998],[114.27719999999994,22.322599999999998],[114.27719999999994,22.320999999999998]]]}},{"type":"Feature","properties":{"id":"lu-nt-sai-kung-10-18","class":"urban_open_space","vegetationFraction":0.382,"pavedFraction":0.606,"waterFraction":0.055,"simulated":true},"geometry":{"type":"Polygon","coordinates":[[[114.27879999999993,22.320999999999998],[114.28039999999993,22.320999999999998],[114.28039999999993,22.322599999999998],[114.27879999999993,22.322599999999998],[114.27879999999993,22.320999999999998]]]}},{"type":"Feature","properties":{"id":"lu-nt-sai-kung-10-19","class":"urban_open_space","vegetationFraction":0.305,"pavedFraction":0.401,"waterFraction":0.024,"simulated":true},"geometry":{"type":"Polygon","coordinates":[[[114.28039999999993,22.320999999999998],[114.28199999999993,22.320999999999998],[114.28199999999993,22.322599999999998],[114.28039999999993,22.322599999999998],[114.28039999999993,22.320999999999998]]]}},{"type":"Feature","properties":{"id":"lu-nt-sai-kung-10-20","class":"urban_open_space","vegetationFraction":0.378,"pavedFraction":0.523,"waterFraction":0.028,"simulated":true},"geometry":{"type":"Polygon","coordinates":[[[114.28199999999993,22.320999999999998],[114.28359999999992,22.320999999999998],[114.28359999999992,22.322599999999998],[114.28199999999993,22.322599999999998],[114.28199999999993,22.320999999999998]]]}},{"type":"Feature","properties":{"id":"lu-nt-sai-kung-10-21","class":"green_space","vegetationFraction":0.407,"pavedFraction":0.648,"waterFraction":0.012,"simulated":true},"geometry":{"type":"Polygon","coordinates":[[[114.28359999999992,22.320999999999998],[114.28519999999992,22.320999999999998],[114.28519999999992,22.322599999999998],[114.28359999999992,22.322599999999998],[114.28359999999992,22.320999999999998]]]}},{"type":"Feature","properties":{"id":"lu-nt-sai-kung-10-22","class":"built_up","vegetationFraction":0.212,"pavedFraction":0.566,"waterFraction":0.024,"simulated":true},"geometry":{"type":"Polygon","coordinates":[[[114.28519999999992,22.320999999999998],[114.28679999999991,22.320999999999998],[114.28679999999991,22.322599999999998],[114.28519999999992,22.322599999999998],[114.28519999999992,22.320999999999998]]]}},{"type":"Feature","properties":{"id":"lu-nt-sai-kung-10-23","class":"green_space","vegetationFraction":0.437,"pavedFraction":0.512,"waterFraction":0.002,"simulated":true},"geometry":{"type":"Polygon","coordinates":[[[114.28679999999991,22.320999999999998],[114.28839999999991,22.320999999999998],[114.28839999999991,22.322599999999998],[114.28679999999991,22.322599999999998],[114.28679999999991,22.320999999999998]]]}},{"type":"Feature","properties":{"id":"lu-nt-sai-kung-10-24","class":"built_up","vegetationFraction":0.24,"pavedFraction":0.475,"waterFraction":0.001,"simulated":true},"geometry":{"type":"Polygon","coordinates":[[[114.28839999999991,22.320999999999998],[114.2899999999999,22.320999999999998],[114.2899999999999,22.322599999999998],[114.28839999999991,22.322599999999998],[114.28839999999991,22.320999999999998]]]}},{"type":"Feature","properties":{"id":"lu-nt-sai-kung-10-25","class":"urban_open_space","vegetationFraction":0.392,"pavedFraction":0.379,"waterFraction":0.057,"simulated":true},"geometry":{"type":"Polygon","coordinates":[[[114.2899999999999,22.320999999999998],[114.2915999999999,22.320999999999998],[114.2915999999999,22.322599999999998],[114.2899999999999,22.322599999999998],[114.2899999999999,22.320999999999998]]]}},{"type":"Feature","properties":{"id":"lu-nt-sai-kung-10-26","class":"urban_open_space","vegetationFraction":0.285,"pavedFraction":0.594,"waterFraction":0.047,"simulated":true},"geometry":{"type":"Polygon","coordinates":[[[114.2915999999999,22.320999999999998],[114.2931999999999,22.320999999999998],[114.2931999999999,22.322599999999998],[114.2915999999999,22.322599999999998],[114.2915999999999,22.320999999999998]]]}},{"type":"Feature","properties":{"id":"lu-nt-sai-kung-10-27","class":"urban_open_space","vegetationFraction":0.318,"pavedFraction":0.358,"waterFraction":0.053,"simulated":true},"geometry":{"type":"Polygon","coordinates":[[[114.2931999999999,22.320999999999998],[114.2947999999999,22.320999999999998],[114.2947999999999,22.322599999999998],[114.2931999999999,22.322599999999998],[114.2931999999999,22.320999999999998]]]}},{"type":"Feature","properties":{"id":"lu-nt-sai-kung-10-28","class":"green_space","vegetationFraction":0.445,"pavedFraction":0.604,"waterFraction":0.055,"simulated":true},"geometry":{"type":"Polygon","coordinates":[[[114.2947999999999,22.320999999999998],[114.29639999999989,22.320999999999998],[114.29639999999989,22.322599999999998],[114.2947999999999,22.322599999999998],[114.2947999999999,22.320999999999998]]]}},{"type":"Feature","properties":{"id":"lu-nt-sai-kung-10-29","class":"green_space","vegetationFraction":0.412,"pavedFraction":0.628,"waterFraction":0.048,"simulated":true},"geometry":{"type":"Polygon","coordinates":[[[114.29639999999989,22.320999999999998],[114.29799999999989,22.320999999999998],[114.29799999999989,22.322599999999998],[114.29639999999989,22.322599999999998],[114.29639999999989,22.320999999999998]]]}},{"type":"Feature","properties":{"id":"lu-nt-sai-kung-10-30","class":"built_up","vegetationFraction":0.236,"pavedFraction":0.646,"waterFraction":0.047,"simulated":true},"geometry":{"type":"Polygon","coordinates":[[[114.29799999999989,22.320999999999998],[114.29959999999988,22.320999999999998],[114.29959999999988,22.322599999999998],[114.29799999999989,22.322599999999998],[114.29799999999989,22.320999999999998]]]}},{"type":"Feature","properties":{"id":"lu-nt-sai-kung-11-00","class":"built_up","vegetationFraction":0.225,"pavedFraction":0.499,"waterFraction":0.015,"simulated":true},"geometry":{"type":"Polygon","coordinates":[[[114.25,22.322599999999998],[114.2516,22.322599999999998],[114.2516,22.324199999999998],[114.25,22.324199999999998],[114.25,22.322599999999998]]]}},{"type":"Feature","properties":{"id":"lu-nt-sai-kung-11-01","class":"urban_open_space","vegetationFraction":0.388,"pavedFraction":0.47,"waterFraction":0.057,"simulated":true},"geometry":{"type":"Polygon","coordinates":[[[114.2516,22.322599999999998],[114.25319999999999,22.322599999999998],[114.25319999999999,22.324199999999998],[114.2516,22.324199999999998],[114.2516,22.322599999999998]]]}},{"type":"Feature","properties":{"id":"lu-nt-sai-kung-11-02","class":"urban_open_space","vegetationFraction":0.378,"pavedFraction":0.585,"waterFraction":0.017,"simulated":true},"geometry":{"type":"Polygon","coordinates":[[[114.25319999999999,22.322599999999998],[114.25479999999999,22.322599999999998],[114.25479999999999,22.324199999999998],[114.25319999999999,22.324199999999998],[114.25319999999999,22.322599999999998]]]}},{"type":"Feature","properties":{"id":"lu-nt-sai-kung-11-03","class":"urban_open_space","vegetationFraction":0.283,"pavedFraction":0.454,"waterFraction":0.023,"simulated":true},"geometry":{"type":"Polygon","coordinates":[[[114.25479999999999,22.322599999999998],[114.25639999999999,22.322599999999998],[114.25639999999999,22.324199999999998],[114.25479999999999,22.324199999999998],[114.25479999999999,22.322599999999998]]]}},{"type":"Feature","properties":{"id":"lu-nt-sai-kung-11-04","class":"urban_open_space","vegetationFraction":0.298,"pavedFraction":0.602,"waterFraction":0.051,"simulated":true},"geometry":{"type":"Polygon","coordinates":[[[114.25639999999999,22.322599999999998],[114.25799999999998,22.322599999999998],[114.25799999999998,22.324199999999998],[114.25639999999999,22.324199999999998],[114.25639999999999,22.322599999999998]]]}},{"type":"Feature","properties":{"id":"lu-nt-sai-kung-11-05","class":"built_up","vegetationFraction":0.218,"pavedFraction":0.479,"waterFraction":0.035,"simulated":true},"geometry":{"type":"Polygon","coordinates":[[[114.25799999999998,22.322599999999998],[114.25959999999998,22.322599999999998],[114.25959999999998,22.324199999999998],[114.25799999999998,22.324199999999998],[114.25799999999998,22.322599999999998]]]}},{"type":"Feature","properties":{"id":"lu-nt-sai-kung-11-06","class":"urban_open_space","vegetationFraction":0.281,"pavedFraction":0.398,"waterFraction":0.011,"simulated":true},"geometry":{"type":"Polygon","coordinates":[[[114.25959999999998,22.322599999999998],[114.26119999999997,22.322599999999998],[114.26119999999997,22.324199999999998],[114.25959999999998,22.324199999999998],[114.25959999999998,22.322599999999998]]]}},{"type":"Feature","properties":{"id":"lu-nt-sai-kung-11-07","class":"urban_open_space","vegetationFraction":0.28,"pavedFraction":0.412,"waterFraction":0.021,"simulated":true},"geometry":{"type":"Polygon","coordinates":[[[114.26119999999997,22.322599999999998],[114.26279999999997,22.322599999999998],[114.26279999999997,22.324199999999998],[114.26119999999997,22.324199999999998],[114.26119999999997,22.322599999999998]]]}},{"type":"Feature","properties":{"id":"lu-nt-sai-kung-11-08","class":"urban_open_space","vegetationFraction":0.374,"pavedFraction":0.396,"waterFraction":0.027,"simulated":true},"geometry":{"type":"Polygon","coordinates":[[[114.26279999999997,22.322599999999998],[114.26439999999997,22.322599999999998],[114.26439999999997,22.324199999999998],[114.26279999999997,22.324199999999998],[114.26279999999997,22.322599999999998]]]}},{"type":"Feature","properties":{"id":"lu-nt-sai-kung-11-09","class":"urban_open_space","vegetationFraction":0.365,"pavedFraction":0.529,"waterFraction":0.04,"simulated":true},"geometry":{"type":"Polygon","coordinates":[[[114.26439999999997,22.322599999999998],[114.26599999999996,22.322599999999998],[114.26599999999996,22.324199999999998],[114.26439999999997,22.324199999999998],[114.26439999999997,22.322599999999998]]]}},{"type":"Feature","properties":{"id":"lu-nt-sai-kung-11-10","class":"urban_open_space","vegetationFraction":0.258,"pavedFraction":0.572,"waterFraction":0.044,"simulated":true},"geometry":{"type":"Polygon","coordinates":[[[114.26599999999996,22.322599999999998],[114.26759999999996,22.322599999999998],[114.26759999999996,22.324199999999998],[114.26599999999996,22.324199999999998],[114.26599999999996,22.322599999999998]]]}},{"type":"Feature","properties":{"id":"lu-nt-sai-kung-11-11","class":"built_up","vegetationFraction":0.211,"pavedFraction":0.638,"waterFraction":0.006,"simulated":true},"geometry":{"type":"Polygon","coordinates":[[[114.26759999999996,22.322599999999998],[114.26919999999996,22.322599999999998],[114.26919999999996,22.324199999999998],[114.26759999999996,22.324199999999998],[114.26759999999996,22.322599999999998]]]}},{"type":"Feature","properties":{"id":"lu-nt-sai-kung-11-12","class":"built_up","vegetationFraction":0.201,"pavedFraction":0.471,"waterFraction":0.006,"simulated":true},"geometry":{"type":"Polygon","coordinates":[[[114.26919999999996,22.322599999999998],[114.27079999999995,22.322599999999998],[114.27079999999995,22.324199999999998],[114.26919999999996,22.324199999999998],[114.26919999999996,22.322599999999998]]]}},{"type":"Feature","properties":{"id":"lu-nt-sai-kung-11-13","class":"urban_open_space","vegetationFraction":0.267,"pavedFraction":0.55,"waterFraction":0.031,"simulated":true},"geometry":{"type":"Polygon","coordinates":[[[114.27079999999995,22.322599999999998],[114.27239999999995,22.322599999999998],[114.27239999999995,22.324199999999998],[114.27079999999995,22.324199999999998],[114.27079999999995,22.322599999999998]]]}},{"type":"Feature","properties":{"id":"lu-nt-sai-kung-11-14","class":"green_space","vegetationFraction":0.411,"pavedFraction":0.568,"waterFraction":0.043,"simulated":true},"geometry":{"type":"Polygon","coordinates":[[[114.27239999999995,22.322599999999998],[114.27399999999994,22.322599999999998],[114.27399999999994,22.324199999999998],[114.27239999999995,22.324199999999998],[114.27239999999995,22.322599999999998]]]}},{"type":"Feature","properties":{"id":"lu-nt-sai-kung-11-15","class":"built_up","vegetationFraction":0.21,"pavedFraction":0.566,"waterFraction":0.02,"simulated":true},"geometry":{"type":"Polygon","coordinates":[[[114.27399999999994,22.322599999999998],[114.27559999999994,22.322599999999998],[114.27559999999994,22.324199999999998],[114.27399999999994,22.324199999999998],[114.27399999999994,22.322599999999998]]]}},{"type":"Feature","properties":{"id":"lu-nt-sai-kung-11-16","class":"urban_open_space","vegetationFraction":0.396,"pavedFraction":0.606,"waterFraction":0.011,"simulated":true},"geometry":{"type":"Polygon","coordinates":[[[114.27559999999994,22.322599999999998],[114.27719999999994,22.322599999999998],[114.27719999999994,22.324199999999998],[114.27559999999994,22.324199999999998],[114.27559999999994,22.322599999999998]]]}},{"type":"Feature","properties":{"id":"lu-nt-sai-kung-11-17","class":"urban_open_space","vegetationFraction":0.253,"pavedFraction":0.636,"waterFraction":0.02,"simulated":true},"geometry":{"type":"Polygon","coordinates":[[[114.27719999999994,22.322599999999998],[114.27879999999993,22.322599999999998],[114.27879999999993,22.324199999999998],[114.27719999999994,22.324199999999998],[114.27719999999994,22.322599999999998]]]}},{"type":"Feature","properties":{"id":"lu-nt-sai-kung-11-18","class":"urban_open_space","vegetationFraction":0.378,"pavedFraction":0.518,"waterFraction":0.011,"simulated":true},"geometry":{"type":"Polygon","coordinates":[[[114.27879999999993,22.322599999999998],[114.28039999999993,22.322599999999998],[114.28039999999993,22.324199999999998],[114.27879999999993,22.324199999999998],[114.27879999999993,22.322599999999998]]]}},{"type":"Feature","properties":{"id":"lu-nt-sai-kung-11-19","class":"built_up","vegetationFraction":0.232,"pavedFraction":0.461,"waterFraction":0.053,"simulated":true},"geometry":{"type":"Polygon","coordinates":[[[114.28039999999993,22.322599999999998],[114.28199999999993,22.322599999999998],[114.28199999999993,22.324199999999998],[114.28039999999993,22.324199999999998],[114.28039999999993,22.322599999999998]]]}},{"type":"Feature","properties":{"id":"lu-nt-sai-kung-11-20","class":"urban_open_space","vegetationFraction":0.285,"pavedFraction":0.451,"waterFraction":0.044,"simulated":true},"geometry":{"type":"Polygon","coordinates":[[[114.28199999999993,22.322599999999998],[114.28359999999992,22.322599999999998],[114.28359999999992,22.324199999999998],[114.28199999999993,22.324199999999998],[114.28199999999993,22.322599999999998]]]}},{"type":"Feature","properties":{"id":"lu-nt-sai-kung-11-21","class":"built_up","vegetationFraction":0.24,"pavedFraction":0.442,"waterFraction":0.031,"simulated":true},"geometry":{"type":"Polygon","coordinates":[[[114.28359999999992,22.322599999999998],[114.28519999999992,22.322599999999998],[114.28519999999992,22.324199999999998],[114.28359999999992,22.324199999999998],[114.28359999999992,22.322599999999998]]]}},{"type":"Feature","properties":{"id":"lu-nt-sai-kung-11-22","class":"urban_open_space","vegetationFraction":0.305,"pavedFraction":0.544,"waterFraction":0.048,"simulated":true},"geometry":{"type":"Polygon","coordinates":[[[114.28519999999992,22.322599999999998],[114.28679999999991,22.322599999999998],[114.28679999999991,22.324199999999998],[114.28519999999992,22.324199999999998],[114.28519999999992,22.322599999999998]]]}},{"type":"Feature","properties":{"id":"lu-nt-sai-kung-11-23","class":"built_up","vegetationFraction":0.225,"pavedFraction":0.648,"waterFraction":0.046,"simulated":true},"geometry":{"type":"Polygon","coordinates":[[[114.28679999999991,22.322599999999998],[114.28839999999991,22.322599999999998],[114.28839999999991,22.324199999999998],[114.28679999999991,22.324199999999998],[114.28679999999991,22.322599999999998]]]}},{"type":"Feature","properties":{"id":"lu-nt-sai-kung-11-24","class":"urban_open_space","vegetationFraction":0.361,"pavedFraction":0.418,"waterFraction":0.027,"simulated":true},"geometry":{"type":"Polygon","coordinates":[[[114.28839999999991,22.322599999999998],[114.2899999999999,22.322599999999998],[114.2899999999999,22.324199999999998],[114.28839999999991,22.324199999999998],[114.28839999999991,22.322599999999998]]]}},{"type":"Feature","properties":{"id":"lu-nt-sai-kung-11-25","class":"built_up","vegetationFraction":0.211,"pavedFraction":0.621,"waterFraction":0.056,"simulated":true},"geometry":{"type":"Polygon","coordinates":[[[114.2899999999999,22.322599999999998],[114.2915999999999,22.322599999999998],[114.2915999999999,22.324199999999998],[114.2899999999999,22.324199999999998],[114.2899999999999,22.322599999999998]]]}},{"type":"Feature","properties":{"id":"lu-nt-sai-kung-11-26","class":"urban_open_space","vegetationFraction":0.289,"pavedFraction":0.39,"waterFraction":0.043,"simulated":true},"geometry":{"type":"Polygon","coordinates":[[[114.2915999999999,22.322599999999998],[114.2931999999999,22.322599999999998],[114.2931999999999,22.324199999999998],[114.2915999999999,22.324199999999998],[114.2915999999999,22.322599999999998]]]}},{"type":"Feature","properties":{"id":"lu-nt-sai-kung-11-27","class":"built_up","vegetationFraction":0.235,"pavedFraction":0.578,"waterFraction":0.035,"simulated":true},"geometry":{"type":"Polygon","coordinates":[[[114.2931999999999,22.322599999999998],[114.2947999999999,22.322599999999998],[114.2947999999999,22.324199999999998],[114.2931999999999,22.324199999999998],[114.2931999999999,22.322599999999998]]]}},{"type":"Feature","properties":{"id":"lu-nt-sai-kung-11-28","class":"urban_open_space","vegetationFraction":0.27,"pavedFraction":0.548,"waterFraction":0.034,"simulated":true},"geometry":{"type":"Polygon","coordinates":[[[114.2947999999999,22.322599999999998],[114.29639999999989,22.322599999999998],[114.29639999999989,22.324199999999998],[114.2947999999999,22.324199999999998],[114.2947999999999,22.322599999999998]]]}},{"type":"Feature","properties":{"id":"lu-nt-sai-kung-11-29","class":"green_space","vegetationFraction":0.403,"pavedFraction":0.519,"waterFraction":0.02,"simulated":true},"geometry":{"type":"Polygon","coordinates":[[[114.29639999999989,22.322599999999998],[114.29799999999989,22.322599999999998],[114.29799999999989,22.324199999999998],[114.29639999999989,22.324199999999998],[114.29639999999989,22.322599999999998]]]}},{"type":"Feature","properties":{"id":"lu-nt-sai-kung-11-30","class":"green_space","vegetationFraction":0.442,"pavedFraction":0.622,"waterFraction":0.01,"simulated":true},"geometry":{"type":"Polygon","coordinates":[[[114.29799999999989,22.322599999999998],[114.29959999999988,22.322599999999998],[114.29959999999988,22.324199999999998],[114.29799999999989,22.324199999999998],[114.29799999999989,22.322599999999998]]]}},{"type":"Feature","properties":{"id":"lu-nt-sai-kung-12-00","class":"urban_open_space","vegetationFraction":0.345,"pavedFraction":0.615,"waterFraction":0.059,"simulated":true},"geometry":{"type":"Polygon","coordinates":[[[114.25,22.324199999999998],[114.2516,22.324199999999998],[114.2516,22.325799999999997],[114.25,22.325799999999997],[114.25,22.324199999999998]]]}},{"type":"Feature","properties":{"id":"lu-nt-sai-kung-12-01","class":"built_up","vegetationFraction":0.209,"pavedFraction":0.422,"waterFraction":0.053,"simulated":true},"geometry":{"type":"Polygon","coordinates":[[[114.2516,22.324199999999998],[114.25319999999999,22.324199999999998],[114.25319999999999,22.325799999999997],[114.2516,22.325799999999997],[114.2516,22.324199999999998]]]}},{"type":"Feature","properties":{"id":"lu-nt-sai-kung-12-02","class":"urban_open_space","vegetationFraction":0.351,"pavedFraction":0.604,"waterFraction":0.033,"simulated":true},"geometry":{"type":"Polygon","coordinates":[[[114.25319999999999,22.324199999999998],[114.25479999999999,22.324199999999998],[114.25479999999999,22.325799999999997],[114.25319999999999,22.325799999999997],[114.25319999999999,22.324199999999998]]]}},{"type":"Feature","properties":{"id":"lu-nt-sai-kung-12-03","class":"green_space","vegetationFraction":0.425,"pavedFraction":0.459,"waterFraction":0.059,"simulated":true},"geometry":{"type":"Polygon","coordinates":[[[114.25479999999999,22.324199999999998],[114.25639999999999,22.324199999999998],[114.25639999999999,22.325799999999997],[114.25479999999999,22.325799999999997],[114.25479999999999,22.324199999999998]]]}},{"type":"Feature","properties":{"id":"lu-nt-sai-kung-12-04","class":"urban_open_space","vegetationFraction":0.27,"pavedFraction":0.628,"waterFraction":0.02,"simulated":true},"geometry":{"type":"Polygon","coordinates":[[[114.25639999999999,22.324199999999998],[114.25799999999998,22.324199999999998],[114.25799999999998,22.325799999999997],[114.25639999999999,22.325799999999997],[114.25639999999999,22.324199999999998]]]}},{"type":"Feature","properties":{"id":"lu-nt-sai-kung-12-05","class":"green_space","vegetationFraction":0.42,"pavedFraction":0.605,"waterFraction":0.007,"simulated":true},"geometry":{"type":"Polygon","coordinates":[[[114.25799999999998,22.324199999999998],[114.25959999999998,22.324199999999998],[114.25959999999998,22.325799999999997],[114.25799999999998,22.325799999999997],[114.25799999999998,22.324199999999998]]]}},{"type":"Feature","properties":{"id":"lu-nt-sai-kung-12-06","class":"built_up","vegetationFraction":0.241,"pavedFraction":0.63,"waterFraction":0.052,"simulated":true},"geometry":{"type":"Polygon","coordinates":[[[114.25959999999998,22.324199999999998],[114.26119999999997,22.324199999999998],[114.26119999999997,22.325799999999997],[114.25959999999998,22.325799999999997],[114.25959999999998,22.324199999999998]]]}},{"type":"Feature","properties":{"id":"lu-nt-sai-kung-12-07","class":"urban_open_space","vegetationFraction":0.319,"pavedFraction":0.464,"waterFraction":0.024,"simulated":true},"geometry":{"type":"Polygon","coordinates":[[[114.26119999999997,22.324199999999998],[114.26279999999997,22.324199999999998],[114.26279999999997,22.325799999999997],[114.26119999999997,22.325799999999997],[114.26119999999997,22.324199999999998]]]}},{"type":"Feature","properties":{"id":"lu-nt-sai-kung-12-08","class":"built_up","vegetationFraction":0.202,"pavedFraction":0.551,"waterFraction":0.048,"simulated":true},"geometry":{"type":"Polygon","coordinates":[[[114.26279999999997,22.324199999999998],[114.26439999999997,22.324199999999998],[114.26439999999997,22.325799999999997],[114.26279999999997,22.325799999999997],[114.26279999999997,22.324199999999998]]]}},{"type":"Feature","properties":{"id":"lu-nt-sai-kung-12-09","class":"urban_open_space","vegetationFraction":0.321,"pavedFraction":0.574,"waterFraction":0.033,"simulated":true},"geometry":{"type":"Polygon","coordinates":[[[114.26439999999997,22.324199999999998],[114.26599999999996,22.324199999999998],[114.26599999999996,22.325799999999997],[114.26439999999997,22.325799999999997],[114.26439999999997,22.324199999999998]]]}},{"type":"Feature","properties":{"id":"lu-nt-sai-kung-12-10","class":"urban_open_space","vegetationFraction":0.395,"pavedFraction":0.405,"waterFraction":0.014,"simulated":true},"geometry":{"type":"Polygon","coordinates":[[[114.26599999999996,22.324199999999998],[114.26759999999996,22.324199999999998],[114.26759999999996,22.325799999999997],[114.26599999999996,22.325799999999997],[114.26599999999996,22.324199999999998]]]}},{"type":"Feature","properties":{"id":"lu-nt-sai-kung-12-11","class":"green_space","vegetationFraction":0.403,"pavedFraction":0.434,"waterFraction":0.014,"simulated":true},"geometry":{"type":"Polygon","coordinates":[[[114.26759999999996,22.324199999999998],[114.26919999999996,22.324199999999998],[114.26919999999996,22.325799999999997],[114.26759999999996,22.325799999999997],[114.26759999999996,22.324199999999998]]]}},{"type":"Feature","properties":{"id":"lu-nt-sai-kung-12-12","class":"green_space","vegetationFraction":0.448,"pavedFraction":0.442,"waterFraction":0.013,"simulated":true},"geometry":{"type":"Polygon","coordinates":[[[114.26919999999996,22.324199999999998],[114.27079999999995,22.324199999999998],[114.27079999999995,22.325799999999997],[114.26919999999996,22.325799999999997],[114.26919999999996,22.324199999999998]]]}},{"type":"Feature","properties":{"id":"lu-nt-sai-kung-12-13","class":"green_space","vegetationFraction":0.415,"pavedFraction":0.359,"waterFraction":0.001,"simulated":true},"geometry":{"type":"Polygon","coordinates":[[[114.27079999999995,22.324199999999998],[114.27239999999995,22.324199999999998],[114.27239999999995,22.325799999999997],[114.27079999999995,22.325799999999997],[114.27079999999995,22.324199999999998]]]}},{"type":"Feature","properties":{"id":"lu-nt-sai-kung-12-14","class":"urban_open_space","vegetationFraction":0.347,"pavedFraction":0.515,"waterFraction":0.052,"simulated":true},"geometry":{"type":"Polygon","coordinates":[[[114.27239999999995,22.324199999999998],[114.27399999999994,22.324199999999998],[114.27399999999994,22.325799999999997],[114.27239999999995,22.325799999999997],[114.27239999999995,22.324199999999998]]]}},{"type":"Feature","properties":{"id":"lu-nt-sai-kung-12-15","class":"built_up","vegetationFraction":0.201,"pavedFraction":0.557,"waterFraction":0.053,"simulated":true},"geometry":{"type":"Polygon","coordinates":[[[114.27399999999994,22.324199999999998],[114.27559999999994,22.324199999999998],[114.27559999999994,22.325799999999997],[114.27399999999994,22.325799999999997],[114.27399999999994,22.324199999999998]]]}},{"type":"Feature","properties":{"id":"lu-nt-sai-kung-12-16","class":"urban_open_space","vegetationFraction":0.273,"pavedFraction":0.557,"waterFraction":0.006,"simulated":true},"geometry":{"type":"Polygon","coordinates":[[[114.27559999999994,22.324199999999998],[114.27719999999994,22.324199999999998],[114.27719999999994,22.325799999999997],[114.27559999999994,22.325799999999997],[114.27559999999994,22.324199999999998]]]}},{"type":"Feature","properties":{"id":"lu-nt-sai-kung-12-17","class":"built_up","vegetationFraction":0.204,"pavedFraction":0.378,"waterFraction":0.0,"simulated":true},"geometry":{"type":"Polygon","coordinates":[[[114.27719999999994,22.324199999999998],[114.27879999999993,22.324199999999998],[114.27879999999993,22.325799999999997],[114.27719999999994,22.325799999999997],[114.27719999999994,22.324199999999998]]]}},{"type":"Feature","properties":{"id":"lu-nt-sai-kung-12-18","class":"urban_open_space","vegetationFraction":0.344,"pavedFraction":0.458,"waterFraction":0.06,"simulated":true},"geometry":{"type":"Polygon","coordinates":[[[114.27879999999993,22.324199999999998],[114.28039999999993,22.324199999999998],[114.28039999999993,22.325799999999997],[114.27879999999993,22.325799999999997],[114.27879999999993,22.324199999999998]]]}},{"type":"Feature","properties":{"id":"lu-nt-sai-kung-12-19","class":"green_space","vegetationFraction":0.405,"pavedFraction":0.372,"waterFraction":0.033,"simulated":true},"geometry":{"type":"Polygon","coordinates":[[[114.28039999999993,22.324199999999998],[114.28199999999993,22.324199999999998],[114.28199999999993,22.325799999999997],[114.28039999999993,22.325799999999997],[114.28039999999993,22.324199999999998]]]}},{"type":"Feature","properties":{"id":"lu-nt-sai-kung-12-20","class":"green_space","vegetationFraction":0.437,"pavedFraction":0.614,"waterFraction":0.03,"simulated":true},"geometry":{"type":"Polygon","coordinates":[[[114.28199999999993,22.324199999999998],[114.28359999999992,22.324199999999998],[114.28359999999992,22.325799999999997],[114.28199999999993,22.325799999999997],[114.28199999999993,22.324199999999998]]]}},{"type":"Feature","properties":{"id":"lu-nt-sai-kung-12-21","class":"green_space","vegetationFraction":0.424,"pavedFraction":0.552,"waterFraction":0.039,"simulated":true},"geometry":{"type":"Polygon","coordinates":[[[114.28359999999992,22.324199999999998],[114.28519999999992,22.324199999999998],[114.28519999999992,22.325799999999997],[114.28359999999992,22.325799999999997],[114.28359999999992,22.324199999999998]]]}},{"type":"Feature","properties":{"id":"lu-nt-sai-kung-12-22","class":"urban_open_space","vegetationFraction":0.302,"pavedFraction":0.35,"waterFraction":0.0,"simulated":true},"geometry":{"type":"Polygon","coordinates":[[[114.28519999999992,22.324199999999998],[114.28679999999991,22.324199999999998],[114.28679999999991,22.325799999999997],[114.28519999999992,22.325799999999997],[114.28519999999992,22.324199999999998]]]}},{"type":"Feature","properties":{"id":"lu-nt-sai-kung-12-23","class":"urban_open_space","vegetationFraction":0.292,"pavedFraction":0.569,"waterFraction":0.022,"simulated":true},"geometry":{"type":"Polygon","coordinates":[[[114.28679999999991,22.324199999999998],[114.28839999999991,22.324199999999998],[114.28839999999991,22.325799999999997],[114.28679999999991,22.325799999999997],[114.28679999999991,22.324199999999998]]]}},{"type":"Feature","properties":{"id":"lu-nt-sai-kung-12-24","class":"green_space","vegetationFraction":0.411,"pavedFraction":0.519,"waterFraction":0.012,"simulated":true},"geometry":{"type":"Polygon","coordinates":[[[114.28839999999991,22.324199999999998],[114.2899999999999,22.324199999999998],[114.2899999999999,22.325799999999997],[114.28839999999991,22.325799999999997],[114.28839999999991,22.324199999999998]]]}},{"type":"Feature","properties":{"id":"lu-nt-sai-kung-12-25","class":"green_space","vegetationFraction":0.418,"pavedFraction":0.544,"waterFraction":0.036,"simulated":true},"geometry":{"type":"Polygon","coordinates":[[[114.2899999999999,22.324199999999998],[114.2915999999999,22.324199999999998],[114.2915999999999,22.325799999999997],[114.2899999999999,22.325799999999997],[114.2899999999999,22.324199999999998]]]}},{"type":"Feature","properties":{"id":"lu-nt-sai-kung-12-26","class":"green_space","vegetationFraction":0.416,"pavedFraction":0.362,"waterFraction":0.012,"simulated":true},"geometry":{"type":"Polygon","coordinates":[[[114.2915999999999,22.324199999999998],[114.2931999999999,22.324199999999998],[114.2931999999999,22.325799999999997],[114.2915999999999,22.325799999999997],[114.2915999999999,22.324199999999998]]]}},{"type":"Feature","properties":{"id":"lu-nt-sai-kung-12-27","class":"urban_open_space","vegetationFraction":0.294,"pavedFraction":0.422,"waterFraction":0.042,"simulated":true},"geometry":{"type":"Polygon","coordinates":[[[114.2931999999999,22.324199999999998],[114.2947999999999,22.324199999999998],[114.2947999999999,22.325799999999997],[114.2931999999999,22.325799999999997],[114.2931999999999,22.324199999999998]]]}},{"type":"Feature","properties":{"id":"lu-nt-sai-kung-12-28","class":"green_space","vegetationFraction":0.428,"pavedFraction":0.494,"waterFraction":0.013,"simulated":true},"geometry":{"type":"Polygon","coordinates":[[[114.2947999999999,22.324199999999998],[114.29639999999989,22.324199999999998],[114.29639999999989,22.325799999999997],[114.2947999999999,22.325799999999997],[114.2947999999999,22.324199999999998]]]}},{"type":"Feature","properties":{"id":"lu-nt-sai-kung-12-29","class":"built_up","vegetationFraction":0.223,"pavedFraction":0.624,"waterFraction":0.021,"simulated":true},"geometry":{"type":"Polygon","coordinates":[[[114.29639999999989,22.324199999999998],[114.29799999999989,22.324199999999998],[114.29799999999989,22.325799999999997],[114.29639999999989,22.325799999999997],[114.29639999999989,22.324199999999998]]]}},{"type":"Feature","properties":{"id":"lu-nt-sai-kung-12-30","class":"urban_open_space","vegetationFraction":0.358,"pavedFraction":0.454,"waterFraction":0.016,"simulated":true},"geometry":{"type":"Polygon","coordinates":[[[114.29799999999989,22.324199999999998],[114.29959999999988,22.324199999999998],[114.29959999999988,22.325799999999997],[114.29799999999989,22.325799999999997],[114.29799999999989,22.324199999999998]]]}},{"type":"Feature","properties":{"id":"lu-nt-sai-kung-13-00","class":"urban_open_space","vegetationFraction":0.291,"pavedFraction":0.411,"waterFraction":0.048,"simulated":true},"geometry":{"type":"Polygon","coordinates":[[[114.25,22.325799999999997],[114.2516,22.325799999999997],[114.2516,22.327399999999997],[114.25,22.327399999999997],[114.25,22.325799999999997]]]}},{"type":"Feature","properties":{"id":"lu-nt-sai-kung-13-01","class":"urban_open_space","vegetationFraction":0.273,"pavedFraction":0.355,"waterFraction":0.024,"simulated":true},"geometry":{"type":"Polygon","coordinates":[[[114.2516,22.325799999999997],[114.25319999999999,22.325799999999997],[114.25319999999999,22.327399999999997],[114.2516,22.327399999999997],[114.2516,22.325799999999997]]]}},{"type":"Feature","properties":{"id":"lu-nt-sai-kung-13-02","class":"green_space","vegetationFraction":0.445,"pavedFraction":0.504,"waterFraction":0.052,"simulated":true},"geometry":{"type":"Polygon","coordinates":[[[114.25319999999999,22.325799999999997],[114.25479999999999,22.325799999999997],[114.25479999999999,22.327399999999997],[114.25319999999999,22.327399999999997],[114.25319999999999,22.325799999999997]]]}},{"type":"Feature","properties":{"id":"lu-nt-sai-kung-13-03","class":"green_space","vegetationFraction":0.428,"pavedFraction":0.354,"waterFraction":0.018,"simulated":true},"geometry":{"type":"Polygon","coordinates":[[[114.25479999999999,22.325799999999997],[114.25639999999999,22.325799999999997],[114.25639999999999,22.327399999999997],[114.25479999999999,22.327399999999997],[114.25479999999999,22.325799999999997]]]}},{"type":"Feature","properties":{"id":"lu-nt-sai-kung-13-04","class":"urban_open_space","vegetationFraction":0.303,"pavedFraction":0.382,"waterFraction":0.041,"simulated":true},"geometry":{"type":"Polygon","coordinates":[[[114.25639999999999,22.325799999999997],[114.25799999999998,22.325799999999997],[114.25799999999998,22.327399999999997],[114.25639999999999,22.327399999999997],[114.25639999999999,22.325799999999997]]]}},{"type":"Feature","properties":{"id":"lu-nt-sai-kung-13-05","class":"urban_open_space","vegetationFraction":0.256,"pavedFraction":0.415,"waterFraction":0.047,"simulated":true},"geometry":{"type":"Polygon","coordinates":[[[114.25799999999998,22.325799999999997],[114.25959999999998,22.325799999999997],[114.25959999999998,22.327399999999997],[114.25799999999998,22.327399999999997],[114.25799999999998,22.325799999999997]]]}},{"type":"Feature","properties":{"id":"lu-nt-sai-kung-13-06","class":"urban_open_space","vegetationFraction":0.377,"pavedFraction":0.638,"waterFraction":0.032,"simulated":true},"geometry":{"type":"Polygon","coordinates":[[[114.25959999999998,22.325799999999997],[114.26119999999997,22.325799999999997],[114.26119999999997,22.327399999999997],[114.25959999999998,22.327399999999997],[114.25959999999998,22.325799999999997]]]}},{"type":"Feature","properties":{"id":"lu-nt-sai-kung-13-07","class":"urban_open_space","vegetationFraction":0.362,"pavedFraction":0.39,"waterFraction":0.048,"simulated":true},"geometry":{"type":"Polygon","coordinates":[[[114.26119999999997,22.325799999999997],[114.26279999999997,22.325799999999997],[114.26279999999997,22.327399999999997],[114.26119999999997,22.327399999999997],[114.26119999999997,22.325799999999997]]]}},{"type":"Feature","properties":{"id":"lu-nt-sai-kung-13-08","class":"built_up","vegetationFraction":0.212,"pavedFraction":0.414,"waterFraction":0.024,"simulated":true},"geometry":{"type":"Polygon","coordinates":[[[114.26279999999997,22.325799999999997],[114.26439999999997,22.325799999999997],[114.26439999999997,22.327399999999997],[114.26279999999997,22.327399999999997],[114.26279999999997,22.325799999999997]]]}},{"type":"Feature","properties":{"id":"lu-nt-sai-kung-13-09","class":"urban_open_space","vegetationFraction":0.339,"pavedFraction":0.543,"waterFraction":0.05,"simulated":true},"geometry":{"type":"Polygon","coordinates":[[[114.26439999999997,22.325799999999997],[114.26599999999996,22.325799999999997],[114.26599999999996,22.327399999999997],[114.26439999999997,22.327399999999997],[114.26439999999997,22.325799999999997]]]}},{"type":"Feature","properties":{"id":"lu-nt-sai-kung-13-10","class":"built_up","vegetationFraction":0.245,"pavedFraction":0.524,"waterFraction":0.046,"simulated":true},"geometry":{"type":"Polygon","coordinates":[[[114.26599999999996,22.325799999999997],[114.26759999999996,22.325799999999997],[114.26759999999996,22.327399999999997],[114.26599999999996,22.327399999999997],[114.26599999999996,22.325799999999997]]]}},{"type":"Feature","properties":{"id":"lu-nt-sai-kung-13-11","class":"urban_open_space","vegetationFraction":0.298,"pavedFraction":0.506,"waterFraction":0.054,"simulated":true},"geometry":{"type":"Polygon","coordinates":[[[114.26759999999996,22.325799999999997],[114.26919999999996,22.325799999999997],[114.26919999999996,22.327399999999997],[114.26759999999996,22.327399999999997],[114.26759999999996,22.325799999999997]]]}},{"type":"Feature","properties":{"id":"lu-nt-sai-kung-13-12","class":"built_up","vegetationFraction":0.207,"pavedFraction":0.603,"waterFraction":0.046,"simulated":true},"geometry":{"type":"Polygon","coordinates":[[[114.26919999999996,22.325799999999997],[114.27079999999995,22.325799999999997],[114.27079999999995,22.327399999999997],[114.26919999999996,22.327399999999997],[114.26919999999996,22.325799999999997]]]}},{"type":"Feature","properties":{"id":"lu-nt-sai-kung-13-13","class":"urban_open_space","vegetationFraction":0.367,"pavedFraction":0.468,"waterFraction":0.011,"simulated":true},"geometry":{"type":"Polygon","coordinates":[[[114.27079999999995,22.325799999999997],[114.27239999999995,22.325799999999997],[114.27239999999995,22.327399999999997],[114.27079999999995,22.327399999999997],[114.27079999999995,22.325799999999997]]]}},{"type":"Feature","properties":{"id":"lu-nt-sai-kung-13-14","class":"built_up","vegetationFraction":0.241,"pavedFraction":0.431,"waterFraction":0.039,"simulated":true},"geometry":{"type":"Polygon","coordinates":[[[114.27239999999995,22.325799999999997],[114.27399999999994,22.325799999999997],[114.27399999999994,22.327399999999997],[114.27239999999995,22.327399999999997],[114.27239999999995,22.325799999999997]]]}},{"type":"Feature","properties":{"id":"lu-nt-sai-kung-13-15","class":"built_up","vegetationFraction":0.239,"pavedFraction":0.37,"waterFraction":0.052,"simulated":true},"geometry":{"type":"Polygon","coordinates":[[[114.27399999999994,22.325799999999997],[114.27559999999994,22.325799999999997],[114.27559999999994,22.327399999999997],[114.27399999999994,22.327399999999997],[114.27399999999994,22.325799999999997]]]}},{"type":"Feature","properties":{"id":"lu-nt-sai-kung-13-16","class":"urban_open_space","vegetationFraction":0.384,"pavedFraction":0.394,"waterFraction":0.02,"simulated":true},"geometry":{"type":"Polygon","coordinates":[[[114.27559999999994,22.325799999999997],[114.27719999999994,22.325799999999997],[114.27719999999994,22.327399999999997],[114.27559999999994,22.327399999999997],[114.27559999999994,22.325799999999997]]]}},{"type":"Feature","properties":{"id":"lu-nt-sai-kung-13-17","class":"built_up","vegetationFraction":0.209,"pavedFraction":0.518,"waterFraction":0.041,"simulated":true},"geometry":{"type":"Polygon","coordinates":[[[114.27719999999994,22.325799999999997],[114.27879999999993,22.325799999999997],[114.27879999999993,22.327399999999997],[114.27719999999994,22.327399999999997],[114.27719999999994,22.325799999999997]]]}},{"type":"Feature","properties":{"id":"lu-nt-sai-kung-13-18","class":"green_space","vegetationFraction":0.438,"pavedFraction":0.468,"waterFraction":0.046,"simulated":true},"geometry":{"type":"Polygon","coordinates":[[[114.27879999999993,22.325799999999997],[114.28039999999993,22.325799999999997],[114.28039999999993,22.327399999999997],[114.27879999999993,22.327399999999997],[114.27879999999993,22.325799999999997]]]}},{"type":"Feature","properties":{"id":"lu-nt-sai-kung-13-19","class":"urban_open_space","vegetationFraction":0.326,"pavedFraction":0.456,"waterFraction":0.054,"simulated":true},"geometry":{"type":"Polygon","coordinates":[[[114.28039999999993,22.325799999999997],[114.28199999999993,22.325799999999997],[114.28199999999993,22.327399999999997],[114.28039999999993,22.327399999999997],[114.28039999999993,22.325799999999997]]]}},{"type":"Feature","properties":{"id":"lu-nt-sai-kung-13-20","class":"urban_open_space","vegetationFraction":0.343,"pavedFraction":0.366,"waterFraction":0.012,"simulated":true},"geometry":{"type":"Polygon","coordinates":[[[114.28199999999993,22.325799999999997],[114.28359999999992,22.325799999999997],[114.28359999999992,22.327399999999997],[114.28199999999993,22.327399999999997],[114.28199999999993,22.325799999999997]]]}},{"type":"Feature","properties":{"id":"lu-nt-sai-kung-13-21","class":"urban_open_space","vegetationFraction":0.277,"pavedFraction":0.495,"waterFraction":0.058,"simulated":true},"geometry":{"type":"Polygon","coordinates":[[[114.28359999999992,22.325799999999997],[114.28519999999992,22.325799999999997],[114.28519999999992,22.327399999999997],[114.28359999999992,22.327399999999997],[114.28359999999992,22.325799999999997]]]}},{"type":"Feature","properties":{"id":"lu-nt-sai-kung-13-22","class":"urban_open_space","vegetationFraction":0.351,"pavedFraction":0.617,"waterFraction":0.006,"simulated":true},"geometry":{"type":"Polygon","coordinates":[[[114.28519999999992,22.325799999999997],[114.28679999999991,22.325799999999997],[114.28679999999991,22.327399999999997],[114.28519999999992,22.327399999999997],[114.28519999999992,22.325799999999997]]]}},{"type":"Feature","properties":{"id":"lu-nt-sai-kung-13-23","class":"green_space","vegetationFraction":0.423,"pavedFraction":0.568,"waterFraction":0.047,"simulated":true},"geometry":{"type":"Polygon","coordinates":[[[114.28679999999991,22.325799999999997],[114.28839999999991,22.325799999999997],[114.28839999999991,22.327399999999997],[114.28679999999991,22.327399999999997],[114.28679999999991,22.325799999999997]]]}},{"type":"Feature","properties":{"id":"lu-nt-sai-kung-13-24","class":"urban_open_space","vegetationFraction":0.323,"pavedFraction":0.414,"waterFraction":0.032,"simulated":true},"geometry":{"type":"Polygon","coordinates":[[[114.28839999999991,22.325799999999997],[114.2899999999999,22.325799999999997],[114.2899999999999,22.327399999999997],[114.28839999999991,22.327399999999997],[114.28839999999991,22.325799999999997]]]}},{"type":"Feature","properties":{"id":"lu-nt-sai-kung-13-25","class":"green_space","vegetationFraction":0.41,"pavedFraction":0.51,"waterFraction":0.045,"simulated":true},"geometry":{"type":"Polygon","coordinates":[[[114.2899999999999,22.325799999999997],[114.2915999999999,22.325799999999997],[114.2915999999999,22.327399999999997],[114.2899999999999,22.327399999999997],[114.2899999999999,22.325799999999997]]]}},{"type":"Feature","properties":{"id":"lu-nt-sai-kung-13-26","class":"green_space","vegetationFraction":0.403,"pavedFraction":0.477,"waterFraction":0.029,"simulated":true},"geometry":{"type":"Polygon","coordinates":[[[114.2915999999999,22.325799999999997],[114.2931999999999,22.325799999999997],[114.2931999999999,22.327399999999997],[114.2915999999999,22.327399999999997],[114.2915999999999,22.325799999999997]]]}},{"type":"Feature","properties":{"id":"lu-nt-sai-kung-13-27","class":"built_up","vegetationFraction":0.225,"pavedFraction":0.491,"waterFraction":0.041,"simulated":true},"geometry":{"type":"Polygon","coordinates":[[[114.2931999999999,22.325799999999997],[114.2947999999999,22.325799999999997],[114.2947999999999,22.327399999999997],[114.2931999999999,22.327399999999997],[114.2931999999999,22.325799999999997]]]}},{"type":"Feature","properties":{"id":"lu-nt-sai-kung-13-28","class":"built_up","vegetationFraction":0.233,"pavedFraction":0.529,"waterFraction":0.042,"simulated":true},"geometry":{"type":"Polygon","coordinates":[[[114.2947999999999,22.325799999999997],[114.29639999999989,22.325799999999997],[114.29639999999989,22.327399999999997],[114.2947999999999,22.327399999999997],[114.2947999999999,22.325799999999997]]]}},{"type":"Feature","properties":{"id":"lu-nt-sai-kung-13-29","class":"built_up","vegetationFraction":0.221,"pavedFraction":0.649,"waterFraction":0.045,"simulated":true},"geometry":{"type":"Polygon","coordinates":[[[114.29639999999989,22.325799999999997],[114.29799999999989,22.325799999999997],[114.29799999999989,22.327399999999997],[114.29639999999989,22.327399999999997],[114.29639999999989,22.325799999999997]]]}},{"type":"Feature","properties":{"id":"lu-nt-sai-kung-13-30","class":"urban_open_space","vegetationFraction":0.335,"pavedFraction":0.625,"waterFraction":0.03,"simulated":true},"geometry":{"type":"Polygon","coordinates":[[[114.29799999999989,22.325799999999997],[114.29959999999988,22.325799999999997],[114.29959999999988,22.327399999999997],[114.29799999999989,22.327399999999997],[114.29799999999989,22.325799999999997]]]}},{"type":"Feature","properties":{"id":"lu-nt-sai-kung-14-00","class":"built_up","vegetationFraction":0.214,"pavedFraction":0.489,"waterFraction":0.016,"simulated":true},"geometry":{"type":"Polygon","coordinates":[[[114.25,22.327399999999997],[114.2516,22.327399999999997],[114.2516,22.328999999999997],[114.25,22.328999999999997],[114.25,22.327399999999997]]]}},{"type":"Feature","properties":{"id":"lu-nt-sai-kung-14-01","class":"urban_open_space","vegetationFraction":0.305,"pavedFraction":0.424,"waterFraction":0.043,"simulated":true},"geometry":{"type":"Polygon","coordinates":[[[114.2516,22.327399999999997],[114.25319999999999,22.327399999999997],[114.25319999999999,22.328999999999997],[114.2516,22.328999999999997],[114.2516,22.327399999999997]]]}},{"type":"Feature","properties":{"id":"lu-nt-sai-kung-14-02","class":"green_space","vegetationFraction":0.44,"pavedFraction":0.357,"waterFraction":0.045,"simulated":true},"geometry":{"type":"Polygon","coordinates":[[[114.25319999999999,22.327399999999997],[114.25479999999999,22.327399999999997],[114.25479999999999,22.328999999999997],[114.25319999999999,22.328999999999997],[114.25319999999999,22.327399999999997]]]}},{"type":"Feature","properties":{"id":"lu-nt-sai-kung-14-03","class":"built_up","vegetationFraction":0.227,"pavedFraction":0.643,"waterFraction":0.012,"simulated":true},"geometry":{"type":"Polygon","coordinates":[[[114.25479999999999,22.327399999999997],[114.25639999999999,22.327399999999997],[114.25639999999999,22.328999999999997],[114.25479999999999,22.328999999999997],[114.25479999999999,22.327399999999997]]]}},{"type":"Feature","properties":{"id":"lu-nt-sai-kung-14-04","class":"urban_open_space","vegetationFraction":0.309,"pavedFraction":0.626,"waterFraction":0.032,"simulated":true},"geometry":{"type":"Polygon","coordinates":[[[114.25639999999999,22.327399999999997],[114.25799999999998,22.327399999999997],[114.25799999999998,22.328999999999997],[114.25639999999999,22.328999999999997],[114.25639999999999,22.327399999999997]]]}},{"type":"Feature","properties":{"id":"lu-nt-sai-kung-14-05","class":"urban_open_space","vegetationFraction":0.37,"pavedFraction":0.486,"waterFraction":0.028,"simulated":true},"geometry":{"type":"Polygon","coordinates":[[[114.25799999999998,22.327399999999997],[114.25959999999998,22.327399999999997],[114.25959999999998,22.328999999999997],[114.25799999999998,22.328999999999997],[114.25799999999998,22.327399999999997]]]}},{"type":"Feature","properties":{"id":"lu-nt-sai-kung-14-06","class":"urban_open_space","vegetationFraction":0.344,"pavedFraction":0.461,"waterFraction":0.004,"simulated":true},"geometry":{"type":"Polygon","coordinates":[[[114.25959999999998,22.327399999999997],[114.26119999999997,22.327399999999997],[114.26119999999997,22.328999999999997],[114.25959999999998,22.328999999999997],[114.25959999999998,22.327399999999997]]]}},{"type":"Feature","properties":{"id":"lu-nt-sai-kung-14-07","class":"built_up","vegetationFraction":0.232,"pavedFraction":0.494,"waterFraction":0.017,"simulated":true},"geometry":{"type":"Polygon","coordinates":[[[114.26119999999997,22.327399999999997],[114.26279999999997,22.327399999999997],[114.26279999999997,22.328999999999997],[114.26119999999997,22.328999999999997],[114.26119999999997,22.327399999999997]]]}},{"type":"Feature","properties":{"id":"lu-nt-sai-kung-14-08","class":"green_space","vegetationFraction":0.429,"pavedFraction":0.566,"waterFraction":0.012,"simulated":true},"geometry":{"type":"Polygon","coordinates":[[[114.26279999999997,22.327399999999997],[114.26439999999997,22.327399999999997],[114.26439999999997,22.328999999999997],[114.26279999999997,22.328999999999997],[114.26279999999997,22.327399999999997]]]}},{"type":"Feature","properties":{"id":"lu-nt-sai-kung-14-09","class":"green_space","vegetationFraction":0.419,"pavedFraction":0.458,"waterFraction":0.001,"simulated":true},"geometry":{"type":"Polygon","coordinates":[[[114.26439999999997,22.327399999999997],[114.26599999999996,22.327399999999997],[114.26599999999996,22.328999999999997],[114.26439999999997,22.328999999999997],[114.26439999999997,22.327399999999997]]]}},{"type":"Feature","properties":{"id":"lu-nt-sai-kung-14-10","class":"built_up","vegetationFraction":0.246,"pavedFraction":0.358,"waterFraction":0.047,"simulated":true},"geometry":{"type":"Polygon","coordinates":[[[114.26599999999996,22.327399999999997],[114.26759999999996,22.327399999999997],[114.26759999999996,22.328999999999997],[114.26599999999996,22.328999999999997],[114.26599999999996,22.327399999999997]]]}},{"type":"Feature","properties":{"id":"lu-nt-sai-kung-14-11","class":"urban_open_space","vegetationFraction":0.358,"pavedFraction":0.391,"waterFraction":0.032,"simulated":true},"geometry":{"type":"Polygon","coordinates":[[[114.26759999999996,22.327399999999997],[114.26919999999996,22.327399999999997],[114.26919999999996,22.328999999999997],[114.26759999999996,22.328999999999997],[114.26759999999996,22.327399999999997]]]}},{"type":"Feature","properties":{"id":"lu-nt-sai-kung-14-12","class":"built_up","vegetationFraction":0.2,"pavedFraction":0.59,"waterFraction":0.048,"simulated":true},"geometry":{"type":"Polygon","coordinates":[[[114.26919999999996,22.327399999999997],[114.27079999999995,22.327399999999997],[114.27079999999995,22.328999999999997],[114.26919999999996,22.328999999999997],[114.26919999999996,22.327399999999997]]]}},{"type":"Feature","properties":{"id":"lu-nt-sai-kung-14-13","class":"urban_open_space","vegetationFraction":0.365,"pavedFraction":0.401,"waterFraction":0.016,"simulated":true},"geometry":{"type":"Polygon","coordinates":[[[114.27079999999995,22.327399999999997],[114.27239999999995,22.327399999999997],[114.27239999999995,22.328999999999997],[114.27079999999995,22.328999999999997],[114.27079999999995,22.327399999999997]]]}},{"type":"Feature","properties":{"id":"lu-nt-sai-kung-14-14","class":"urban_open_space","vegetationFraction":0.344,"pavedFraction":0.403,"waterFraction":0.007,"simulated":true},"geometry":{"type":"Polygon","coordinates":[[[114.27239999999995,22.327399999999997],[114.27399999999994,22.327399999999997],[114.27399999999994,22.328999999999997],[114.27239999999995,22.328999999999997],[114.27239999999995,22.327399999999997]]]}},{"type":"Feature","properties":{"id":"lu-nt-sai-kung-14-15","class":"urban_open_space","vegetationFraction":0.342,"pavedFraction":0.535,"waterFraction":0.047,"simulated":true},"geometry":{"type":"Polygon","coordinates":[[[114.27399999999994,22.327399999999997],[114.27559999999994,22.327399999999997],[114.27559999999994,22.328999999999997],[114.27399999999994,22.328999999999997],[114.27399999999994,22.327399999999997]]]}},{"type":"Feature","properties":{"id":"lu-nt-sai-kung-14-16","class":"urban_open_space","vegetationFraction":0.327,"pavedFraction":0.637,"waterFraction":0.033,"simulated":true},"geometry":{"type":"Polygon","coordinates":[[[114.27559999999994,22.327399999999997],[114.27719999999994,22.327399999999997],[114.27719999999994,22.328999999999997],[114.27559999999994,22.328999999999997],[114.27559999999994,22.327399999999997]]]}},{"type":"Feature","properties":{"id":"lu-nt-sai-kung-14-17","class":"urban_open_space","vegetationFraction":0.347,"pavedFraction":0.368,"waterFraction":0.026,"simulated":true},"geometry":{"type":"Polygon","coordinates":[[[114.27719999999994,22.327399999999997],[114.27879999999993,22.327399999999997],[114.27879999999993,22.328999999999997],[114.27719999999994,22.328999999999997],[114.27719999999994,22.327399999999997]]]}},{"type":"Feature","properties":{"id":"lu-nt-sai-kung-14-18","class":"urban_open_space","vegetationFraction":0.376,"pavedFraction":0.574,"waterFraction":0.046,"simulated":true},"geometry":{"type":"Polygon","coordinates":[[[114.27879999999993,22.327399999999997],[114.28039999999993,22.327399999999997],[114.28039999999993,22.328999999999997],[114.27879999999993,22.328999999999997],[114.27879999999993,22.327399999999997]]]}},{"type":"Feature","properties":{"id":"lu-nt-sai-kung-14-19","class":"urban_open_space","vegetationFraction":0.288,"pavedFraction":0.444,"waterFraction":0.036,"simulated":true},"geometry":{"type":"Polygon","coordinates":[[[114.28039999999993,22.327399999999997],[114.28199999999993,22.327399999999997],[114.28199999999993,22.328999999999997],[114.28039999999993,22.328999999999997],[114.28039999999993,22.327399999999997]]]}},{"type":"Feature","properties":{"id":"lu-nt-sai-kung-14-20","class":"urban_open_space","vegetationFraction":0.289,"pavedFraction":0.389,"waterFraction":0.012,"simulated":true},"geometry":{"type":"Polygon","coordinates":[[[114.28199999999993,22.327399999999997],[114.28359999999992,22.327399999999997],[114.28359999999992,22.328999999999997],[114.28199999999993,22.328999999999997],[114.28199999999993,22.327399999999997]]]}},{"type":"Feature","properties":{"id":"lu-nt-sai-kung-14-21","class":"urban_open_space","vegetationFraction":0.277,"pavedFraction":0.638,"waterFraction":0.042,"simulated":true},"geometry":{"type":"Polygon","coordinates":[[[114.28359999999992,22.327399999999997],[114.28519999999992,22.327399999999997],[114.28519999999992,22.328999999999997],[114.28359999999992,22.328999999999997],[114.28359999999992,22.327399999999997]]]}},{"type":"Feature","properties":{"id":"lu-nt-sai-kung-14-22","class":"urban_open_space","vegetationFraction":0.313,"pavedFraction":0.424,"waterFraction":0.049,"simulated":true},"geometry":{"type":"Polygon","coordinates":[[[114.28519999999992,22.327399999999997],[114.28679999999991,22.327399999999997],[114.28679999999991,22.328999999999997],[114.28519999999992,22.328999999999997],[114.28519999999992,22.327399999999997]]]}},{"type":"Feature","properties":{"id":"lu-nt-sai-kung-14-23","class":"built_up","vegetationFraction":0.249,"pavedFraction":0.417,"waterFraction":0.057,"simulated":true},"geometry":{"type":"Polygon","coordinates":[[[114.28679999999991,22.327399999999997],[114.28839999999991,22.327399999999997],[114.28839999999991,22.328999999999997],[114.28679999999991,22.328999999999997],[114.28679999999991,22.327399999999997]]]}},{"type":"Feature","properties":{"id":"lu-nt-sai-kung-14-24","class":"urban_open_space","vegetationFraction":0.353,"pavedFraction":0.472,"waterFraction":0.051,"simulated":true},"geometry":{"type":"Polygon","coordinates":[[[114.28839999999991,22.327399999999997],[114.2899999999999,22.327399999999997],[114.2899999999999,22.328999999999997],[114.28839999999991,22.328999999999997],[114.28839999999991,22.327399999999997]]]}},{"type":"Feature","properties":{"id":"lu-nt-sai-kung-14-25","class":"urban_open_space","vegetationFraction":0.292,"pavedFraction":0.469,"waterFraction":0.029,"simulated":true},"geometry":{"type":"Polygon","coordinates":[[[114.2899999999999,22.327399999999997],[114.2915999999999,22.327399999999997],[114.2915999999999,22.328999999999997],[114.2899999999999,22.328999999999997],[114.2899999999999,22.327399999999997]]]}},{"type":"Feature","properties":{"id":"lu-nt-sai-kung-14-26","class":"urban_open_space","vegetationFraction":0.372,"pavedFraction":0.538,"waterFraction":0.01,"simulated":true},"geometry":{"type":"Polygon","coordinates":[[[114.2915999999999,22.327399999999997],[114.2931999999999,22.327399999999997],[114.2931999999999,22.328999999999997],[114.2915999999999,22.328999999999997],[114.2915999999999,22.327399999999997]]]}},{"type":"Feature","properties":{"id":"lu-nt-sai-kung-14-27","class":"green_space","vegetationFraction":0.412,"pavedFraction":0.469,"waterFraction":0.019,"simulated":true},"geometry":{"type":"Polygon","coordinates":[[[114.2931999999999,22.327399999999997],[114.2947999999999,22.327399999999997],[114.2947999999999,22.328999999999997],[114.2931999999999,22.328999999999997],[114.2931999999999,22.327399999999997]]]}},{"type":"Feature","properties":{"id":"lu-nt-sai-kung-14-28","class":"green_space","vegetationFraction":0.418,"pavedFraction":0.554,"waterFraction":0.003,"simulated":true},"geometry":{"type":"Polygon","coordinates":[[[114.2947999999999,22.327399999999997],[114.29639999999989,22.327399999999997],[114.29639999999989,22.328999999999997],[114.2947999999999,22.328999999999997],[114.2947999999999,22.327399999999997]]]}},{"type":"Feature","properties":{"id":"lu-nt-sai-kung-14-29","class":"built_up","vegetationFraction":0.246,"pavedFraction":0.51,"waterFraction":0.009,"simulated":true},"geometry":{"type":"Polygon","coordinates":[[[114.29639999999989,22.327399999999997],[114.29799999999989,22.327399999999997],[114.29799999999989,22.328999999999997],[114.29639999999989,22.328999999999997],[114.29639999999989,22.327399999999997]]]}},{"type":"Feature","properties":{"id":"lu-nt-sai-kung-14-30","class":"green_space","vegetationFraction":0.433,"pavedFraction":0.504,"waterFraction":0.006,"simulated":true},"geometry":{"type":"Polygon","coordinates":[[[114.29799999999989,22.327399999999997],[114.29959999999988,22.327399999999997],[114.29959999999988,22.328999999999997],[114.29799999999989,22.328999999999997],[114.29799999999989,22.327399999999997]]]}},{"type":"Feature","properties":{"id":"lu-nt-sai-kung-15-00","class":"urban_open_space","vegetationFraction":0.395,"pavedFraction":0.426,"waterFraction":0.03,"simulated":true},"geometry":{"type":"Polygon","coordinates":[[[114.25,22.328999999999997],[114.2516,22.328999999999997],[114.2516,22.330599999999997],[114.25,22.330599999999997],[114.25,22.328999999999997]]]}},{"type":"Feature","properties":{"id":"lu-nt-sai-kung-15-01","class":"urban_open_space","vegetationFraction":0.313,"pavedFraction":0.509,"waterFraction":0.013,"simulated":true},"geometry":{"type":"Polygon","coordinates":[[[114.2516,22.328999999999997],[114.25319999999999,22.328999999999997],[114.25319999999999,22.330599999999997],[114.2516,22.330599999999997],[114.2516,22.328999999999997]]]}},{"type":"Feature","properties":{"id":"lu-nt-sai-kung-15-02","class":"urban_open_space","vegetationFraction":0.262,"pavedFraction":0.485,"waterFraction":0.011,"simulated":true},"geometry":{"type":"Polygon","coordinates":[[[114.25319999999999,22.328999999999997],[114.25479999999999,22.328999999999997],[114.25479999999999,22.330599999999997],[114.25319999999999,22.330599999999997],[114.25319999999999,22.328999999999997]]]}},{"type":"Feature","properties":{"id":"lu-nt-sai-kung-15-03","class":"built_up","vegetationFraction":0.217,"pavedFraction":0.356,"waterFraction":0.056,"simulated":true},"geometry":{"type":"Polygon","coordinates":[[[114.25479999999999,22.328999999999997],[114.25639999999999,22.328999999999997],[114.25639999999999,22.330599999999997],[114.25479999999999,22.330599999999997],[114.25479999999999,22.328999999999997]]]}},{"type":"Feature","properties":{"id":"lu-nt-sai-kung-15-04","class":"built_up","vegetationFraction":0.214,"pavedFraction":0.639,"waterFraction":0.024,"simulated":true},"geometry":{"type":"Polygon","coordinates":[[[114.25639999999999,22.328999999999997],[114.25799999999998,22.328999999999997],[114.25799999999998,22.330599999999997],[114.25639999999999,22.330599999999997],[114.25639999999999,22.328999999999997]]]}},{"type":"Feature","properties":{"id":"lu-nt-sai-kung-15-05","class":"urban_open_space","vegetationFraction":0.263,"pavedFraction":0.59,"waterFraction":0.014,"simulated":true},"geometry":{"type":"Polygon","coordinates":[[[114.25799999999998,22.328999999999997],[114.25959999999998,22.328999999999997],[114.25959999999998,22.330599999999997],[114.25799999999998,22.330599999999997],[114.25799999999998,22.328999999999997]]]}},{"type":"Feature","properties":{"id":"lu-nt-sai-kung-15-06","class":"urban_open_space","vegetationFraction":0.355,"pavedFraction":0.51,"waterFraction":0.001,"simulated":true},"geometry":{"type":"Polygon","coordinates":[[[114.25959999999998,22.328999999999997],[114.26119999999997,22.328999999999997],[114.26119999999997,22.330599999999997],[114.25959999999998,22.330599999999997],[114.25959999999998,22.328999999999997]]]}},{"type":"Feature","properties":{"id":"lu-nt-sai-kung-15-07","class":"urban_open_space","vegetationFraction":0.287,"pavedFraction":0.572,"waterFraction":0.051,"simulated":true},"geometry":{"type":"Polygon","coordinates":[[[114.26119999999997,22.328999999999997],[114.26279999999997,22.328999999999997],[114.26279999999997,22.330599999999997],[114.26119999999997,22.330599999999997],[114.26119999999997,22.328999999999997]]]}},{"type":"Feature","properties":{"id":"lu-nt-sai-kung-15-08","class":"urban_open_space","vegetationFraction":0.305,"pavedFraction":0.558,"waterFraction":0.008,"simulated":true},"geometry":{"type":"Polygon","coordinates":[[[114.26279999999997,22.328999999999997],[114.26439999999997,22.328999999999997],[114.26439999999997,22.330599999999997],[114.26279999999997,22.330599999999997],[114.26279999999997,22.328999999999997]]]}},{"type":"Feature","properties":{"id":"lu-nt-sai-kung-15-09","class":"green_space","vegetationFraction":0.446,"pavedFraction":0.606,"waterFraction":0.051,"simulated":true},"geometry":{"type":"Polygon","coordinates":[[[114.26439999999997,22.328999999999997],[114.26599999999996,22.328999999999997],[114.26599999999996,22.330599999999997],[114.26439999999997,22.330599999999997],[114.26439999999997,22.328999999999997]]]}},{"type":"Feature","properties":{"id":"lu-nt-sai-kung-15-10","class":"urban_open_space","vegetationFraction":0.29,"pavedFraction":0.468,"waterFraction":0.031,"simulated":true},"geometry":{"type":"Polygon","coordinates":[[[114.26599999999996,22.328999999999997],[114.26759999999996,22.328999999999997],[114.26759999999996,22.330599999999997],[114.26599999999996,22.330599999999997],[114.26599999999996,22.328999999999997]]]}},{"type":"Feature","properties":{"id":"lu-nt-sai-kung-15-11","class":"built_up","vegetationFraction":0.226,"pavedFraction":0.455,"waterFraction":0.029,"simulated":true},"geometry":{"type":"Polygon","coordinates":[[[114.26759999999996,22.328999999999997],[114.26919999999996,22.328999999999997],[114.26919999999996,22.330599999999997],[114.26759999999996,22.330599999999997],[114.26759999999996,22.328999999999997]]]}},{"type":"Feature","properties":{"id":"lu-nt-sai-kung-15-12","class":"urban_open_space","vegetationFraction":0.329,"pavedFraction":0.497,"waterFraction":0.025,"simulated":true},"geometry":{"type":"Polygon","coordinates":[[[114.26919999999996,22.328999999999997],[114.27079999999995,22.328999999999997],[114.27079999999995,22.330599999999997],[114.26919999999996,22.330599999999997],[114.26919999999996,22.328999999999997]]]}},{"type":"Feature","properties":{"id":"lu-nt-sai-kung-15-13","class":"green_space","vegetationFraction":0.415,"pavedFraction":0.528,"waterFraction":0.042,"simulated":true},"geometry":{"type":"Polygon","coordinates":[[[114.27079999999995,22.328999999999997],[114.27239999999995,22.328999999999997],[114.27239999999995,22.330599999999997],[114.27079999999995,22.330599999999997],[114.27079999999995,22.328999999999997]]]}},{"type":"Feature","properties":{"id":"lu-nt-sai-kung-15-14","class":"green_space","vegetationFraction":0.421,"pavedFraction":0.403,"waterFraction":0.06,"simulated":true},"geometry":{"type":"Polygon","coordinates":[[[114.27239999999995,22.328999999999997],[114.27399999999994,22.328999999999997],[114.27399999999994,22.330599999999997],[114.27239999999995,22.330599999999997],[114.27239999999995,22.328999999999997]]]}},{"type":"Feature","properties":{"id":"lu-nt-sai-kung-15-15","class":"urban_open_space","vegetationFraction":0.311,"pavedFraction":0.484,"waterFraction":0.045,"simulated":true},"geometry":{"type":"Polygon","coordinates":[[[114.27399999999994,22.328999999999997],[114.27559999999994,22.328999999999997],[114.27559999999994,22.330599999999997],[114.27399999999994,22.330599999999997],[114.27399999999994,22.328999999999997]]]}},{"type":"Feature","properties":{"id":"lu-nt-sai-kung-15-16","class":"urban_open_space","vegetationFraction":0.332,"pavedFraction":0.379,"waterFraction":0.016,"simulated":true},"geometry":{"type":"Polygon","coordinates":[[[114.27559999999994,22.328999999999997],[114.27719999999994,22.328999999999997],[114.27719999999994,22.330599999999997],[114.27559999999994,22.330599999999997],[114.27559999999994,22.328999999999997]]]}},{"type":"Feature","properties":{"id":"lu-nt-sai-kung-15-17","class":"built_up","vegetationFraction":0.227,"pavedFraction":0.408,"waterFraction":0.026,"simulated":true},"geometry":{"type":"Polygon","coordinates":[[[114.27719999999994,22.328999999999997],[114.27879999999993,22.328999999999997],[114.27879999999993,22.330599999999997],[114.27719999999994,22.330599999999997],[114.27719999999994,22.328999999999997]]]}},{"type":"Feature","properties":{"id":"lu-nt-sai-kung-15-18","class":"built_up","vegetationFraction":0.236,"pavedFraction":0.626,"waterFraction":0.003,"simulated":true},"geometry":{"type":"Polygon","coordinates":[[[114.27879999999993,22.328999999999997],[114.28039999999993,22.328999999999997],[114.28039999999993,22.330599999999997],[114.27879999999993,22.330599999999997],[114.27879999999993,22.328999999999997]]]}},{"type":"Feature","properties":{"id":"lu-nt-sai-kung-15-19","class":"urban_open_space","vegetationFraction":0.371,"pavedFraction":0.581,"waterFraction":0.011,"simulated":true},"geometry":{"type":"Polygon","coordinates":[[[114.28039999999993,22.328999999999997],[114.28199999999993,22.328999999999997],[114.28199999999993,22.330599999999997],[114.28039999999993,22.330599999999997],[114.28039999999993,22.328999999999997]]]}},{"type":"Feature","properties":{"id":"lu-nt-sai-kung-15-20","class":"urban_open_space","vegetationFraction":0.386,"pavedFraction":0.524,"waterFraction":0.007,"simulated":true},"geometry":{"type":"Polygon","coordinates":[[[114.28199999999993,22.328999999999997],[114.28359999999992,22.328999999999997],[114.28359999999992,22.330599999999997],[114.28199999999993,22.330599999999997],[114.28199999999993,22.328999999999997]]]}},{"type":"Feature","properties":{"id":"lu-nt-sai-kung-15-21","class":"urban_open_space","vegetationFraction":0.329,"pavedFraction":0.448,"waterFraction":0.042,"simulated":true},"geometry":{"type":"Polygon","coordinates":[[[114.28359999999992,22.328999999999997],[114.28519999999992,22.328999999999997],[114.28519999999992,22.330599999999997],[114.28359999999992,22.330599999999997],[114.28359999999992,22.328999999999997]]]}},{"type":"Feature","properties":{"id":"lu-nt-sai-kung-15-22","class":"urban_open_space","vegetationFraction":0.314,"pavedFraction":0.612,"waterFraction":0.036,"simulated":true},"geometry":{"type":"Polygon","coordinates":[[[114.28519999999992,22.328999999999997],[114.28679999999991,22.328999999999997],[114.28679999999991,22.330599999999997],[114.28519999999992,22.330599999999997],[114.28519999999992,22.328999999999997]]]}},{"type":"Feature","properties":{"id":"lu-nt-sai-kung-15-23","class":"urban_open_space","vegetationFraction":0.371,"pavedFraction":0.372,"waterFraction":0.059,"simulated":true},"geometry":{"type":"Polygon","coordinates":[[[114.28679999999991,22.328999999999997],[114.28839999999991,22.328999999999997],[114.28839999999991,22.330599999999997],[114.28679999999991,22.330599999999997],[114.28679999999991,22.328999999999997]]]}},{"type":"Feature","properties":{"id":"lu-nt-sai-kung-15-24","class":"green_space","vegetationFraction":0.432,"pavedFraction":0.383,"waterFraction":0.033,"simulated":true},"geometry":{"type":"Polygon","coordinates":[[[114.28839999999991,22.328999999999997],[114.2899999999999,22.328999999999997],[114.2899999999999,22.330599999999997],[114.28839999999991,22.330599999999997],[114.28839999999991,22.328999999999997]]]}},{"type":"Feature","properties":{"id":"lu-nt-sai-kung-15-25","class":"built_up","vegetationFraction":0.214,"pavedFraction":0.437,"waterFraction":0.045,"simulated":true},"geometry":{"type":"Polygon","coordinates":[[[114.2899999999999,22.328999999999997],[114.2915999999999,22.328999999999997],[114.2915999999999,22.330599999999997],[114.2899999999999,22.330599999999997],[114.2899999999999,22.328999999999997]]]}},{"type":"Feature","properties":{"id":"lu-nt-sai-kung-15-26","class":"built_up","vegetationFraction":0.242,"pavedFraction":0.523,"waterFraction":0.055,"simulated":true},"geometry":{"type":"Polygon","coordinates":[[[114.2915999999999,22.328999999999997],[114.2931999999999,22.328999999999997],[114.2931999999999,22.330599999999997],[114.2915999999999,22.330599999999997],[114.2915999999999,22.328999999999997]]]}},{"type":"Feature","properties":{"id":"lu-nt-sai-kung-15-27","class":"urban_open_space","vegetationFraction":0.257,"pavedFraction":0.382,"waterFraction":0.047,"simulated":true},"geometry":{"type":"Polygon","coordinates":[[[114.2931999999999,22.328999999999997],[114.2947999999999,22.328999999999997],[114.2947999999999,22.330599999999997],[114.2931999999999,22.330599999999997],[114.2931999999999,22.328999999999997]]]}},{"type":"Feature","properties":{"id":"lu-nt-sai-kung-15-28","class":"urban_open_space","vegetationFraction":0.366,"pavedFraction":0.388,"waterFraction":0.06,"simulated":true},"geometry":{"type":"Polygon","coordinates":[[[114.2947999999999,22.328999999999997],[114.29639999999989,22.328999999999997],[114.29639999999989,22.330599999999997],[114.2947999999999,22.330599999999997],[114.2947999999999,22.328999999999997]]]}},{"type":"Feature","properties":{"id":"lu-nt-sai-kung-15-29","class":"urban_open_space","vegetationFraction":0.363,"pavedFraction":0.509,"waterFraction":0.024,"simulated":true},"geometry":{"type":"Polygon","coordinates":[[[114.29639999999989,22.328999999999997],[114.29799999999989,22.328999999999997],[114.29799999999989,22.330599999999997],[114.29639999999989,22.330599999999997],[114.29639999999989,22.328999999999997]]]}},{"type":"Feature","properties":{"id":"lu-nt-sai-kung-15-30","class":"urban_open_space","vegetationFraction":0.291,"pavedFraction":0.41,"waterFraction":0.049,"simulated":true},"geometry":{"type":"Polygon","coordinates":[[[114.29799999999989,22.328999999999997],[114.29959999999988,22.328999999999997],[114.29959999999988,22.330599999999997],[114.29799999999989,22.330599999999997],[114.29799999999989,22.328999999999997]]]}},{"type":"Feature","properties":{"id":"lu-nt-sai-kung-16-00","class":"urban_open_space","vegetationFraction":0.386,"pavedFraction":0.588,"waterFraction":0.004,"simulated":true},"geometry":{"type":"Polygon","coordinates":[[[114.25,22.330599999999997],[114.2516,22.330599999999997],[114.2516,22.332199999999997],[114.25,22.332199999999997],[114.25,22.330599999999997]]]}},{"type":"Feature","properties":{"id":"lu-nt-sai-kung-16-01","class":"built_up","vegetationFraction":0.219,"pavedFraction":0.376,"waterFraction":0.043,"simulated":true},"geometry":{"type":"Polygon","coordinates":[[[114.2516,22.330599999999997],[114.25319999999999,22.330599999999997],[114.25319999999999,22.332199999999997],[114.2516,22.332199999999997],[114.2516,22.330599999999997]]]}},{"type":"Feature","properties":{"id":"lu-nt-sai-kung-16-02","class":"urban_open_space","vegetationFraction":0.319,"pavedFraction":0.571,"waterFraction":0.031,"simulated":true},"geometry":{"type":"Polygon","coordinates":[[[114.25319999999999,22.330599999999997],[114.25479999999999,22.330599999999997],[114.25479999999999,22.332199999999997],[114.25319999999999,22.332199999999997],[114.25319999999999,22.330599999999997]]]}},{"type":"Feature","properties":{"id":"lu-nt-sai-kung-16-03","class":"urban_open_space","vegetationFraction":0.317,"pavedFraction":0.539,"waterFraction":0.004,"simulated":true},"geometry":{"type":"Polygon","coordinates":[[[114.25479999999999,22.330599999999997],[114.25639999999999,22.330599999999997],[114.25639999999999,22.332199999999997],[114.25479999999999,22.332199999999997],[114.25479999999999,22.330599999999997]]]}},{"type":"Feature","properties":{"id":"lu-nt-sai-kung-16-04","class":"urban_open_space","vegetationFraction":0.29,"pavedFraction":0.617,"waterFraction":0.058,"simulated":true},"geometry":{"type":"Polygon","coordinates":[[[114.25639999999999,22.330599999999997],[114.25799999999998,22.330599999999997],[114.25799999999998,22.332199999999997],[114.25639999999999,22.332199999999997],[114.25639999999999,22.330599999999997]]]}},{"type":"Feature","properties":{"id":"lu-nt-sai-kung-16-05","class":"urban_open_space","vegetationFraction":0.373,"pavedFraction":0.612,"waterFraction":0.029,"simulated":true},"geometry":{"type":"Polygon","coordinates":[[[114.25799999999998,22.330599999999997],[114.25959999999998,22.330599999999997],[114.25959999999998,22.332199999999997],[114.25799999999998,22.332199999999997],[114.25799999999998,22.330599999999997]]]}},{"type":"Feature","properties":{"id":"lu-nt-sai-kung-16-06","class":"green_space","vegetationFraction":0.401,"pavedFraction":0.451,"waterFraction":0.044,"simulated":true},"geometry":{"type":"Polygon","coordinates":[[[114.25959999999998,22.330599999999997],[114.26119999999997,22.330599999999997],[114.26119999999997,22.332199999999997],[114.25959999999998,22.332199999999997],[114.25959999999998,22.330599999999997]]]}},{"type":"Feature","properties":{"id":"lu-nt-sai-kung-16-07","class":"urban_open_space","vegetationFraction":0.375,"pavedFraction":0.579,"waterFraction":0.024,"simulated":true},"geometry":{"type":"Polygon","coordinates":[[[114.26119999999997,22.330599999999997],[114.26279999999997,22.330599999999997],[114.26279999999997,22.332199999999997],[114.26119999999997,22.332199999999997],[114.26119999999997,22.330599999999997]]]}},{"type":"Feature","properties":{"id":"lu-nt-sai-kung-16-08","class":"green_space","vegetationFraction":0.427,"pavedFraction":0.565,"waterFraction":0.016,"simulated":true},"geometry":{"type":"Polygon","coordinates":[[[114.26279999999997,22.330599999999997],[114.26439999999997,22.330599999999997],[114.26439999999997,22.332199999999997],[114.26279999999997,22.332199999999997],[114.26279999999997,22.330599999999997]]]}},{"type":"Feature","properties":{"id":"lu-nt-sai-kung-16-09","class":"urban_open_space","vegetationFraction":0.384,"pavedFraction":0.616,"waterFraction":0.046,"simulated":true},"geometry":{"type":"Polygon","coordinates":[[[114.26439999999997,22.330599999999997],[114.26599999999996,22.330599999999997],[114.26599999999996,22.332199999999997],[114.26439999999997,22.332199999999997],[114.26439999999997,22.330599999999997]]]}},{"type":"Feature","properties":{"id":"lu-nt-sai-kung-16-10","class":"urban_open_space","vegetationFraction":0.336,"pavedFraction":0.436,"waterFraction":0.055,"simulated":true},"geometry":{"type":"Polygon","coordinates":[[[114.26599999999996,22.330599999999997],[114.26759999999996,22.330599999999997],[114.26759999999996,22.332199999999997],[114.26599999999996,22.332199999999997],[114.26599999999996,22.330599999999997]]]}},{"type":"Feature","properties":{"id":"lu-nt-sai-kung-16-11","class":"built_up","vegetationFraction":0.219,"pavedFraction":0.546,"waterFraction":0.024,"simulated":true},"geometry":{"type":"Polygon","coordinates":[[[114.26759999999996,22.330599999999997],[114.26919999999996,22.330599999999997],[114.26919999999996,22.332199999999997],[114.26759999999996,22.332199999999997],[114.26759999999996,22.330599999999997]]]}},{"type":"Feature","properties":{"id":"lu-nt-sai-kung-16-12","class":"urban_open_space","vegetationFraction":0.362,"pavedFraction":0.522,"waterFraction":0.049,"simulated":true},"geometry":{"type":"Polygon","coordinates":[[[114.26919999999996,22.330599999999997],[114.27079999999995,22.330599999999997],[114.27079999999995,22.332199999999997],[114.26919999999996,22.332199999999997],[114.26919999999996,22.330599999999997]]]}},{"type":"Feature","properties":{"id":"lu-nt-sai-kung-16-13","class":"urban_open_space","vegetationFraction":0.256,"pavedFraction":0.574,"waterFraction":0.011,"simulated":true},"geometry":{"type":"Polygon","coordinates":[[[114.27079999999995,22.330599999999997],[114.27239999999995,22.330599999999997],[114.27239999999995,22.332199999999997],[114.27079999999995,22.332199999999997],[114.27079999999995,22.330599999999997]]]}},{"type":"Feature","properties":{"id":"lu-nt-sai-kung-16-14","class":"built_up","vegetationFraction":0.238,"pavedFraction":0.618,"waterFraction":0.04,"simulated":true},"geometry":{"type":"Polygon","coordinates":[[[114.27239999999995,22.330599999999997],[114.27399999999994,22.330599999999997],[114.27399999999994,22.332199999999997],[114.27239999999995,22.332199999999997],[114.27239999999995,22.330599999999997]]]}},{"type":"Feature","properties":{"id":"lu-nt-sai-kung-16-15","class":"urban_open_space","vegetationFraction":0.295,"pavedFraction":0.618,"waterFraction":0.014,"simulated":true},"geometry":{"type":"Polygon","coordinates":[[[114.27399999999994,22.330599999999997],[114.27559999999994,22.330599999999997],[114.27559999999994,22.332199999999997],[114.27399999999994,22.332199999999997],[114.27399999999994,22.330599999999997]]]}},{"type":"Feature","properties":{"id":"lu-nt-sai-kung-16-16","class":"urban_open_space","vegetationFraction":0.318,"pavedFraction":0.596,"waterFraction":0.028,"simulated":true},"geometry":{"type":"Polygon","coordinates":[[[114.27559999999994,22.330599999999997],[114.27719999999994,22.330599999999997],[114.27719999999994,22.332199999999997],[114.27559999999994,22.332199999999997],[114.27559999999994,22.330599999999997]]]}},{"type":"Feature","properties":{"id":"lu-nt-sai-kung-16-17","class":"urban_open_space","vegetationFraction":0.258,"pavedFraction":0.603,"waterFraction":0.021,"simulated":true},"geometry":{"type":"Polygon","coordinates":[[[114.27719999999994,22.330599999999997],[114.27879999999993,22.330599999999997],[114.27879999999993,22.332199999999997],[114.27719999999994,22.332199999999997],[114.27719999999994,22.330599999999997]]]}},{"type":"Feature","properties":{"id":"lu-nt-sai-kung-16-18","class":"urban_open_space","vegetationFraction":0.356,"pavedFraction":0.631,"waterFraction":0.013,"simulated":true},"geometry":{"type":"Polygon","coordinates":[[[114.27879999999993,22.330599999999997],[114.28039999999993,22.330599999999997],[114.28039999999993,22.332199999999997],[114.27879999999993,22.332199999999997],[114.27879999999993,22.330599999999997]]]}},{"type":"Feature","properties":{"id":"lu-nt-sai-kung-16-19","class":"urban_open_space","vegetationFraction":0.308,"pavedFraction":0.466,"waterFraction":0.039,"simulated":true},"geometry":{"type":"Polygon","coordinates":[[[114.28039999999993,22.330599999999997],[114.28199999999993,22.330599999999997],[114.28199999999993,22.332199999999997],[114.28039999999993,22.332199999999997],[114.28039999999993,22.330599999999997]]]}},{"type":"Feature","properties":{"id":"lu-nt-sai-kung-16-20","class":"urban_open_space","vegetationFraction":0.268,"pavedFraction":0.629,"waterFraction":0.027,"simulated":true},"geometry":{"type":"Polygon","coordinates":[[[114.28199999999993,22.330599999999997],[114.28359999999992,22.330599999999997],[114.28359999999992,22.332199999999997],[114.28199999999993,22.332199999999997],[114.28199999999993,22.330599999999997]]]}},{"type":"Feature","properties":{"id":"lu-nt-sai-kung-16-21","class":"urban_open_space","vegetationFraction":0.353,"pavedFraction":0.594,"waterFraction":0.019,"simulated":true},"geometry":{"type":"Polygon","coordinates":[[[114.28359999999992,22.330599999999997],[114.28519999999992,22.330599999999997],[114.28519999999992,22.332199999999997],[114.28359999999992,22.332199999999997],[114.28359999999992,22.330599999999997]]]}},{"type":"Feature","properties":{"id":"lu-nt-sai-kung-16-22","class":"urban_open_space","vegetationFraction":0.256,"pavedFraction":0.604,"waterFraction":0.012,"simulated":true},"geometry":{"type":"Polygon","coordinates":[[[114.28519999999992,22.330599999999997],[114.28679999999991,22.330599999999997],[114.28679999999991,22.332199999999997],[114.28519999999992,22.332199999999997],[114.28519999999992,22.330599999999997]]]}},{"type":"Feature","properties":{"id":"lu-nt-sai-kung-16-23","class":"urban_open_space","vegetationFraction":0.262,"pavedFraction":0.601,"waterFraction":0.04,"simulated":true},"geometry":{"type":"Polygon","coordinates":[[[114.28679999999991,22.330599999999997],[114.28839999999991,22.330599999999997],[114.28839999999991,22.332199999999997],[114.28679999999991,22.332199999999997],[114.28679999999991,22.330599999999997]]]}},{"type":"Feature","properties":{"id":"lu-nt-sai-kung-16-24","class":"urban_open_space","vegetationFraction":0.392,"pavedFraction":0.386,"waterFraction":0.043,"simulated":true},"geometry":{"type":"Polygon","coordinates":[[[114.28839999999991,22.330599999999997],[114.2899999999999,22.330599999999997],[114.2899999999999,22.332199999999997],[114.28839999999991,22.332199999999997],[114.28839999999991,22.330599999999997]]]}},{"type":"Feature","properties":{"id":"lu-nt-sai-kung-16-25","class":"green_space","vegetationFraction":0.406,"pavedFraction":0.61,"waterFraction":0.045,"simulated":true},"geometry":{"type":"Polygon","coordinates":[[[114.2899999999999,22.330599999999997],[114.2915999999999,22.330599999999997],[114.2915999999999,22.332199999999997],[114.2899999999999,22.332199999999997],[114.2899999999999,22.330599999999997]]]}},{"type":"Feature","properties":{"id":"lu-nt-sai-kung-16-26","class":"urban_open_space","vegetationFraction":0.335,"pavedFraction":0.531,"waterFraction":0.055,"simulated":true},"geometry":{"type":"Polygon","coordinates":[[[114.2915999999999,22.330599999999997],[114.2931999999999,22.330599999999997],[114.2931999999999,22.332199999999997],[114.2915999999999,22.332199999999997],[114.2915999999999,22.330599999999997]]]}},{"type":"Feature","properties":{"id":"lu-nt-sai-kung-16-27","class":"green_space","vegetationFraction":0.45,"pavedFraction":0.622,"waterFraction":0.017,"simulated":true},"geometry":{"type":"Polygon","coordinates":[[[114.2931999999999,22.330599999999997],[114.2947999999999,22.330599999999997],[114.2947999999999,22.332199999999997],[114.2931999999999,22.332199999999997],[114.2931999999999,22.330599999999997]]]}},{"type":"Feature","properties":{"id":"lu-nt-sai-kung-16-28","class":"built_up","vegetationFraction":0.237,"pavedFraction":0.574,"waterFraction":0.031,"simulated":true},"geometry":{"type":"Polygon","coordinates":[[[114.2947999999999,22.330599999999997],[114.29639999999989,22.330599999999997],[114.29639999999989,22.332199999999997],[114.2947999999999,22.332199999999997],[114.2947999999999,22.330599999999997]]]}},{"type":"Feature","properties":{"id":"lu-nt-sai-kung-16-29","class":"urban_open_space","vegetationFraction":0.365,"pavedFraction":0.369,"waterFraction":0.02,"simulated":true},"geometry":{"type":"Polygon","coordinates":[[[114.29639999999989,22.330599999999997],[114.29799999999989,22.330599999999997],[114.29799999999989,22.332199999999997],[114.29639999999989,22.332199999999997],[114.29639999999989,22.330599999999997]]]}},{"type":"Feature","properties":{"id":"lu-nt-sai-kung-16-30","class":"urban_open_space","vegetationFraction":0.361,"pavedFraction":0.551,"waterFraction":0.014,"simulated":true},"geometry":{"type":"Polygon","coordinates":[[[114.29799999999989,22.330599999999997],[114.29959999999988,22.330599999999997],[114.29959999999988,22.332199999999997],[114.29799999999989,22.332199999999997],[114.29799999999989,22.330599999999997]]]}},{"type":"Feature","properties":{"id":"lu-nt-sai-kung-17-00","class":"green_space","vegetationFraction":0.425,"pavedFraction":0.544,"waterFraction":0.051,"simulated":true},"geometry":{"type":"Polygon","coordinates":[[[114.25,22.332199999999997],[114.2516,22.332199999999997],[114.2516,22.333799999999997],[114.25,22.333799999999997],[114.25,22.332199999999997]]]}},{"type":"Feature","properties":{"id":"lu-nt-sai-kung-17-01","class":"urban_open_space","vegetationFraction":0.354,"pavedFraction":0.632,"waterFraction":0.055,"simulated":true},"geometry":{"type":"Polygon","coordinates":[[[114.2516,22.332199999999997],[114.25319999999999,22.332199999999997],[114.25319999999999,22.333799999999997],[114.2516,22.333799999999997],[114.2516,22.332199999999997]]]}},{"type":"Feature","properties":{"id":"lu-nt-sai-kung-17-02","class":"urban_open_space","vegetationFraction":0.326,"pavedFraction":0.528,"waterFraction":0.039,"simulated":true},"geometry":{"type":"Polygon","coordinates":[[[114.25319999999999,22.332199999999997],[114.25479999999999,22.332199999999997],[114.25479999999999,22.333799999999997],[114.25319999999999,22.333799999999997],[114.25319999999999,22.332199999999997]]]}},{"type":"Feature","properties":{"id":"lu-nt-sai-kung-17-03","class":"urban_open_space","vegetationFraction":0.392,"pavedFraction":0.518,"waterFraction":0.02,"simulated":true},"geometry":{"type":"Polygon","coordinates":[[[114.25479999999999,22.332199999999997],[114.25639999999999,22.332199999999997],[114.25639999999999,22.333799999999997],[114.25479999999999,22.333799999999997],[114.25479999999999,22.332199999999997]]]}},{"type":"Feature","properties":{"id":"lu-nt-sai-kung-17-04","class":"urban_open_space","vegetationFraction":0.31,"pavedFraction":0.491,"waterFraction":0.014,"simulated":true},"geometry":{"type":"Polygon","coordinates":[[[114.25639999999999,22.332199999999997],[114.25799999999998,22.332199999999997],[114.25799999999998,22.333799999999997],[114.25639999999999,22.333799999999997],[114.25639999999999,22.332199999999997]]]}},{"type":"Feature","properties":{"id":"lu-nt-sai-kung-17-05","class":"green_space","vegetationFraction":0.416,"pavedFraction":0.457,"waterFraction":0.009,"simulated":true},"geometry":{"type":"Polygon","coordinates":[[[114.25799999999998,22.332199999999997],[114.25959999999998,22.332199999999997],[114.25959999999998,22.333799999999997],[114.25799999999998,22.333799999999997],[114.25799999999998,22.332199999999997]]]}},{"type":"Feature","properties":{"id":"lu-nt-sai-kung-17-06","class":"urban_open_space","vegetationFraction":0.306,"pavedFraction":0.492,"waterFraction":0.057,"simulated":true},"geometry":{"type":"Polygon","coordinates":[[[114.25959999999998,22.332199999999997],[114.26119999999997,22.332199999999997],[114.26119999999997,22.333799999999997],[114.25959999999998,22.333799999999997],[114.25959999999998,22.332199999999997]]]}},{"type":"Feature","properties":{"id":"lu-nt-sai-kung-17-07","class":"urban_open_space","vegetationFraction":0.26,"pavedFraction":0.523,"waterFraction":0.005,"simulated":true},"geometry":{"type":"Polygon","coordinates":[[[114.26119999999997,22.332199999999997],[114.26279999999997,22.332199999999997],[114.26279999999997,22.333799999999997],[114.26119999999997,22.333799999999997],[114.26119999999997,22.332199999999997]]]}},{"type":"Feature","properties":{"id":"lu-nt-sai-kung-17-08","class":"urban_open_space","vegetationFraction":0.26,"pavedFraction":0.577,"waterFraction":0.031,"simulated":true},"geometry":{"type":"Polygon","coordinates":[[[114.26279999999997,22.332199999999997],[114.26439999999997,22.332199999999997],[114.26439999999997,22.333799999999997],[114.26279999999997,22.333799999999997],[114.26279999999997,22.332199999999997]]]}},{"type":"Feature","properties":{"id":"lu-nt-sai-kung-17-09","class":"urban_open_space","vegetationFraction":0.373,"pavedFraction":0.478,"waterFraction":0.03,"simulated":true},"geometry":{"type":"Polygon","coordinates":[[[114.26439999999997,22.332199999999997],[114.26599999999996,22.332199999999997],[114.26599999999996,22.333799999999997],[114.26439999999997,22.333799999999997],[114.26439999999997,22.332199999999997]]]}},{"type":"Feature","properties":{"id":"lu-nt-sai-kung-17-10","class":"green_space","vegetationFraction":0.408,"pavedFraction":0.384,"waterFraction":0.045,"simulated":true},"geometry":{"type":"Polygon","coordinates":[[[114.26599999999996,22.332199999999997],[114.26759999999996,22.332199999999997],[114.26759999999996,22.333799999999997],[114.26599999999996,22.333799999999997],[114.26599999999996,22.332199999999997]]]}},{"type":"Feature","properties":{"id":"lu-nt-sai-kung-17-11","class":"built_up","vegetationFraction":0.212,"pavedFraction":0.581,"waterFraction":0.033,"simulated":true},"geometry":{"type":"Polygon","coordinates":[[[114.26759999999996,22.332199999999997],[114.26919999999996,22.332199999999997],[114.26919999999996,22.333799999999997],[114.26759999999996,22.333799999999997],[114.26759999999996,22.332199999999997]]]}},{"type":"Feature","properties":{"id":"lu-nt-sai-kung-17-12","class":"green_space","vegetationFraction":0.413,"pavedFraction":0.572,"waterFraction":0.048,"simulated":true},"geometry":{"type":"Polygon","coordinates":[[[114.26919999999996,22.332199999999997],[114.27079999999995,22.332199999999997],[114.27079999999995,22.333799999999997],[114.26919999999996,22.333799999999997],[114.26919999999996,22.332199999999997]]]}},{"type":"Feature","properties":{"id":"lu-nt-sai-kung-17-13","class":"urban_open_space","vegetationFraction":0.313,"pavedFraction":0.437,"waterFraction":0.013,"simulated":true},"geometry":{"type":"Polygon","coordinates":[[[114.27079999999995,22.332199999999997],[114.27239999999995,22.332199999999997],[114.27239999999995,22.333799999999997],[114.27079999999995,22.333799999999997],[114.27079999999995,22.332199999999997]]]}},{"type":"Feature","properties":{"id":"lu-nt-sai-kung-17-14","class":"urban_open_space","vegetationFraction":0.3,"pavedFraction":0.402,"waterFraction":0.037,"simulated":true},"geometry":{"type":"Polygon","coordinates":[[[114.27239999999995,22.332199999999997],[114.27399999999994,22.332199999999997],[114.27399999999994,22.333799999999997],[114.27239999999995,22.333799999999997],[114.27239999999995,22.332199999999997]]]}},{"type":"Feature","properties":{"id":"lu-nt-sai-kung-17-15","class":"built_up","vegetationFraction":0.203,"pavedFraction":0.363,"waterFraction":0.018,"simulated":true},"geometry":{"type":"Polygon","coordinates":[[[114.27399999999994,22.332199999999997],[114.27559999999994,22.332199999999997],[114.27559999999994,22.333799999999997],[114.27399999999994,22.333799999999997],[114.27399999999994,22.332199999999997]]]}},{"type":"Feature","properties":{"id":"lu-nt-sai-kung-17-16","class":"urban_open_space","vegetationFraction":0.28,"pavedFraction":0.39,"waterFraction":0.038,"simulated":true},"geometry":{"type":"Polygon","coordinates":[[[114.27559999999994,22.332199999999997],[114.27719999999994,22.332199999999997],[114.27719999999994,22.333799999999997],[114.27559999999994,22.333799999999997],[114.27559999999994,22.332199999999997]]]}},{"type":"Feature","properties":{"id":"lu-nt-sai-kung-17-17","class":"urban_open_space","vegetationFraction":0.357,"pavedFraction":0.569,"waterFraction":0.038,"simulated":true},"geometry":{"type":"Polygon","coordinates":[[[114.27719999999994,22.332199999999997],[114.27879999999993,22.332199999999997],[114.27879999999993,22.333799999999997],[114.27719999999994,22.333799999999997],[114.27719999999994,22.332199999999997]]]}},{"type":"Feature","properties":{"id":"lu-nt-sai-kung-17-18","class":"green_space","vegetationFraction":0.405,"pavedFraction":0.578,"waterFraction":0.013,"simulated":true},"geometry":{"type":"Polygon","coordinates":[[[114.27879999999993,22.332199999999997],[114.28039999999993,22.332199999999997],[114.28039999999993,22.333799999999997],[114.27879999999993,22.333799999999997],[114.27879999999993,22.332199999999997]]]}},{"type":"Feature","properties":{"id":"lu-nt-sai-kung-17-19","class":"built_up","vegetationFraction":0.247,"pavedFraction":0.492,"waterFraction":0.034,"simulated":true},"geometry":{"type":"Polygon","coordinates":[[[114.28039999999993,22.332199999999997],[114.28199999999993,22.332199999999997],[114.28199999999993,22.333799999999997],[114.28039999999993,22.333799999999997],[114.28039999999993,22.332199999999997]]]}},{"type":"Feature","properties":{"id":"lu-nt-sai-kung-17-20","class":"urban_open_space","vegetationFraction":0.305,"pavedFraction":0.561,"waterFraction":0.057,"simulated":true},"geometry":{"type":"Polygon","coordinates":[[[114.28199999999993,22.332199999999997],[114.28359999999992,22.332199999999997],[114.28359999999992,22.333799999999997],[114.28199999999993,22.333799999999997],[114.28199999999993,22.332199999999997]]]}},{"type":"Feature","properties":{"id":"lu-nt-sai-kung-17-21","class":"urban_open_space","vegetationFraction":0.35,"pavedFraction":0.516,"waterFraction":0.006,"simulated":true},"geometry":{"type":"Polygon","coordinates":[[[114.28359999999992,22.332199999999997],[114.28519999999992,22.332199999999997],[114.28519999999992,22.333799999999997],[114.28359999999992,22.333799999999997],[114.28359999999992,22.332199999999997]]]}},{"type":"Feature","properties":{"id":"lu-nt-sai-kung-17-22","class":"built_up","vegetationFraction":0.234,"pavedFraction":0.35,"waterFraction":0.035,"simulated":true},"geometry":{"type":"Polygon","coordinates":[[[114.28519999999992,22.332199999999997],[114.28679999999991,22.332199999999997],[114.28679999999991,22.333799999999997],[114.28519999999992,22.333799999999997],[114.28519999999992,22.332199999999997]]]}},{"type":"Feature","properties":{"id":"lu-nt-sai-kung-17-23","class":"green_space","vegetationFraction":0.426,"pavedFraction":0.438,"waterFraction":0.041,"simulated":true},"geometry":{"type":"Polygon","coordinates":[[[114.28679999999991,22.332199999999997],[114.28839999999991,22.332199999999997],[114.28839999999991,22.333799999999997],[114.28679999999991,22.333799999999997],[114.28679999999991,22.332199999999997]]]}},{"type":"Feature","properties":{"id":"lu-nt-sai-kung-17-24","class":"built_up","vegetationFraction":0.225,"pavedFraction":0.639,"waterFraction":0.036,"simulated":true},"geometry":{"type":"Polygon","coordinates":[[[114.28839999999991,22.332199999999997],[114.2899999999999,22.332199999999997],[114.2899999999999,22.333799999999997],[114.28839999999991,22.333799999999997],[114.28839999999991,22.332199999999997]]]}},{"type":"Feature","properties":{"id":"lu-nt-sai-kung-17-25","class":"built_up","vegetationFraction":0.221,"pavedFraction":0.39,"waterFraction":0.034,"simulated":true},"geometry":{"type":"Polygon","coordinates":[[[114.2899999999999,22.332199999999997],[114.2915999999999,22.332199999999997],[114.2915999999999,22.333799999999997],[114.2899999999999,22.333799999999997],[114.2899999999999,22.332199999999997]]]}},{"type":"Feature","properties":{"id":"lu-nt-sai-kung-17-26","class":"built_up","vegetationFraction":0.216,"pavedFraction":0.504,"waterFraction":0.045,"simulated":true},"geometry":{"type":"Polygon","coordinates":[[[114.2915999999999,22.332199999999997],[114.2931999999999,22.332199999999997],[114.2931999999999,22.333799999999997],[114.2915999999999,22.333799999999997],[114.2915999999999,22.332199999999997]]]}},{"type":"Feature","properties":{"id":"lu-nt-sai-kung-17-27","class":"urban_open_space","vegetationFraction":0.365,"pavedFraction":0.477,"waterFraction":0.039,"simulated":true},"geometry":{"type":"Polygon","coordinates":[[[114.2931999999999,22.332199999999997],[114.2947999999999,22.332199999999997],[114.2947999999999,22.333799999999997],[114.2931999999999,22.333799999999997],[114.2931999999999,22.332199999999997]]]}},{"type":"Feature","properties":{"id":"lu-nt-sai-kung-17-28","class":"green_space","vegetationFraction":0.425,"pavedFraction":0.474,"waterFraction":0.048,"simulated":true},"geometry":{"type":"Polygon","coordinates":[[[114.2947999999999,22.332199999999997],[114.29639999999989,22.332199999999997],[114.29639999999989,22.333799999999997],[114.2947999999999,22.333799999999997],[114.2947999999999,22.332199999999997]]]}},{"type":"Feature","properties":{"id":"lu-nt-sai-kung-17-29","class":"urban_open_space","vegetationFraction":0.352,"pavedFraction":0.476,"waterFraction":0.053,"simulated":true},"geometry":{"type":"Polygon","coordinates":[[[114.29639999999989,22.332199999999997],[114.29799999999989,22.332199999999997],[114.29799999999989,22.333799999999997],[114.29639999999989,22.333799999999997],[114.29639999999989,22.332199999999997]]]}},{"type":"Feature","properties":{"id":"lu-nt-sai-kung-17-30","class":"green_space","vegetationFraction":0.409,"pavedFraction":0.404,"waterFraction":0.019,"simulated":true},"geometry":{"type":"Polygon","coordinates":[[[114.29799999999989,22.332199999999997],[114.29959999999988,22.332199999999997],[114.29959999999988,22.333799999999997],[114.29799999999989,22.333799999999997],[114.29799999999989,22.332199999999997]]]}},{"type":"Feature","properties":{"id":"lu-nt-sai-kung-18-00","class":"green_space","vegetationFraction":0.443,"pavedFraction":0.625,"waterFraction":0.033,"simulated":true},"geometry":{"type":"Polygon","coordinates":[[[114.25,22.333799999999997],[114.2516,22.333799999999997],[114.2516,22.335399999999996],[114.25,22.335399999999996],[114.25,22.333799999999997]]]}},{"type":"Feature","properties":{"id":"lu-nt-sai-kung-18-01","class":"green_space","vegetationFraction":0.429,"pavedFraction":0.624,"waterFraction":0.001,"simulated":true},"geometry":{"type":"Polygon","coordinates":[[[114.2516,22.333799999999997],[114.25319999999999,22.333799999999997],[114.25319999999999,22.335399999999996],[114.2516,22.335399999999996],[114.2516,22.333799999999997]]]}},{"type":"Feature","properties":{"id":"lu-nt-sai-kung-18-02","class":"urban_open_space","vegetationFraction":0.352,"pavedFraction":0.49,"waterFraction":0.022,"simulated":true},"geometry":{"type":"Polygon","coordinates":[[[114.25319999999999,22.333799999999997],[114.25479999999999,22.333799999999997],[114.25479999999999,22.335399999999996],[114.25319999999999,22.335399999999996],[114.25319999999999,22.333799999999997]]]}},{"type":"Feature","properties":{"id":"lu-nt-sai-kung-18-03","class":"urban_open_space","vegetationFraction":0.368,"pavedFraction":0.388,"waterFraction":0.046,"simulated":true},"geometry":{"type":"Polygon","coordinates":[[[114.25479999999999,22.333799999999997],[114.25639999999999,22.333799999999997],[114.25639999999999,22.335399999999996],[114.25479999999999,22.335399999999996],[114.25479999999999,22.333799999999997]]]}},{"type":"Feature","properties":{"id":"lu-nt-sai-kung-18-04","class":"green_space","vegetationFraction":0.436,"pavedFraction":0.538,"waterFraction":0.012,"simulated":true},"geometry":{"type":"Polygon","coordinates":[[[114.25639999999999,22.333799999999997],[114.25799999999998,22.333799999999997],[114.25799999999998,22.335399999999996],[114.25639999999999,22.335399999999996],[114.25639999999999,22.333799999999997]]]}},{"type":"Feature","properties":{"id":"lu-nt-sai-kung-18-05","class":"urban_open_space","vegetationFraction":0.383,"pavedFraction":0.538,"waterFraction":0.004,"simulated":true},"geometry":{"type":"Polygon","coordinates":[[[114.25799999999998,22.333799999999997],[114.25959999999998,22.333799999999997],[114.25959999999998,22.335399999999996],[114.25799999999998,22.335399999999996],[114.25799999999998,22.333799999999997]]]}},{"type":"Feature","properties":{"id":"lu-nt-sai-kung-18-06","class":"built_up","vegetationFraction":0.214,"pavedFraction":0.544,"waterFraction":0.01,"simulated":true},"geometry":{"type":"Polygon","coordinates":[[[114.25959999999998,22.333799999999997],[114.26119999999997,22.333799999999997],[114.26119999999997,22.335399999999996],[114.25959999999998,22.335399999999996],[114.25959999999998,22.333799999999997]]]}},{"type":"Feature","properties":{"id":"lu-nt-sai-kung-18-07","class":"green_space","vegetationFraction":0.449,"pavedFraction":0.51,"waterFraction":0.017,"simulated":true},"geometry":{"type":"Polygon","coordinates":[[[114.26119999999997,22.333799999999997],[114.26279999999997,22.333799999999997],[114.26279999999997,22.335399999999996],[114.26119999999997,22.335399999999996],[114.26119999999997,22.333799999999997]]]}},{"type":"Feature","properties":{"id":"lu-nt-sai-kung-18-08","class":"urban_open_space","vegetationFraction":0.357,"pavedFraction":0.597,"waterFraction":0.024,"simulated":true},"geometry":{"type":"Polygon","coordinates":[[[114.26279999999997,22.333799999999997],[114.26439999999997,22.333799999999997],[114.26439999999997,22.335399999999996],[114.26279999999997,22.335399999999996],[114.26279999999997,22.333799999999997]]]}},{"type":"Feature","properties":{"id":"lu-nt-sai-kung-18-09","class":"urban_open_space","vegetationFraction":0.34,"pavedFraction":0.605,"waterFraction":0.005,"simulated":true},"geometry":{"type":"Polygon","coordinates":[[[114.26439999999997,22.333799999999997],[114.26599999999996,22.333799999999997],[114.26599999999996,22.335399999999996],[114.26439999999997,22.335399999999996],[114.26439999999997,22.333799999999997]]]}},{"type":"Feature","properties":{"id":"lu-nt-sai-kung-18-10","class":"urban_open_space","vegetationFraction":0.362,"pavedFraction":0.554,"waterFraction":0.048,"simulated":true},"geometry":{"type":"Polygon","coordinates":[[[114.26599999999996,22.333799999999997],[114.26759999999996,22.333799999999997],[114.26759999999996,22.335399999999996],[114.26599999999996,22.335399999999996],[114.26599999999996,22.333799999999997]]]}},{"type":"Feature","properties":{"id":"lu-nt-sai-kung-18-11","class":"built_up","vegetationFraction":0.204,"pavedFraction":0.541,"waterFraction":0.003,"simulated":true},"geometry":{"type":"Polygon","coordinates":[[[114.26759999999996,22.333799999999997],[114.26919999999996,22.333799999999997],[114.26919999999996,22.335399999999996],[114.26759999999996,22.335399999999996],[114.26759999999996,22.333799999999997]]]}},{"type":"Feature","properties":{"id":"lu-nt-sai-kung-18-12","class":"urban_open_space","vegetationFraction":0.281,"pavedFraction":0.558,"waterFraction":0.016,"simulated":true},"geometry":{"type":"Polygon","coordinates":[[[114.26919999999996,22.333799999999997],[114.27079999999995,22.333799999999997],[114.27079999999995,22.335399999999996],[114.26919999999996,22.335399999999996],[114.26919999999996,22.333799999999997]]]}},{"type":"Feature","properties":{"id":"lu-nt-sai-kung-18-13","class":"built_up","vegetationFraction":0.211,"pavedFraction":0.518,"waterFraction":0.009,"simulated":true},"geometry":{"type":"Polygon","coordinates":[[[114.27079999999995,22.333799999999997],[114.27239999999995,22.333799999999997],[114.27239999999995,22.335399999999996],[114.27079999999995,22.335399999999996],[114.27079999999995,22.333799999999997]]]}},{"type":"Feature","properties":{"id":"lu-nt-sai-kung-18-14","class":"urban_open_space","vegetationFraction":0.387,"pavedFraction":0.459,"waterFraction":0.009,"simulated":true},"geometry":{"type":"Polygon","coordinates":[[[114.27239999999995,22.333799999999997],[114.27399999999994,22.333799999999997],[114.27399999999994,22.335399999999996],[114.27239999999995,22.335399999999996],[114.27239999999995,22.333799999999997]]]}},{"type":"Feature","properties":{"id":"lu-nt-sai-kung-18-15","class":"built_up","vegetationFraction":0.248,"pavedFraction":0.595,"waterFraction":0.043,"simulated":true},"geometry":{"type":"Polygon","coordinates":[[[114.27399999999994,22.333799999999997],[114.27559999999994,22.333799999999997],[114.27559999999994,22.335399999999996],[114.27399999999994,22.335399999999996],[114.27399999999994,22.333799999999997]]]}},{"type":"Feature","properties":{"id":"lu-nt-sai-kung-18-16","class":"green_space","vegetationFraction":0.418,"pavedFraction":0.481,"waterFraction":0.035,"simulated":true},"geometry":{"type":"Polygon","coordinates":[[[114.27559999999994,22.333799999999997],[114.27719999999994,22.333799999999997],[114.27719999999994,22.335399999999996],[114.27559999999994,22.335399999999996],[114.27559999999994,22.333799999999997]]]}},{"type":"Feature","properties":{"id":"lu-nt-sai-kung-18-17","class":"urban_open_space","vegetationFraction":0.327,"pavedFraction":0.604,"waterFraction":0.008,"simulated":true},"geometry":{"type":"Polygon","coordinates":[[[114.27719999999994,22.333799999999997],[114.27879999999993,22.333799999999997],[114.27879999999993,22.335399999999996],[114.27719999999994,22.335399999999996],[114.27719999999994,22.333799999999997]]]}},{"type":"Feature","properties":{"id":"lu-nt-sai-kung-18-18","class":"urban_open_space","vegetationFraction":0.302,"pavedFraction":0.597,"waterFraction":0.008,"simulated":true},"geometry":{"type":"Polygon","coordinates":[[[114.27879999999993,22.333799999999997],[114.28039999999993,22.333799999999997],[114.28039999999993,22.335399999999996],[114.27879999999993,22.335399999999996],[114.27879999999993,22.333799999999997]]]}},{"type":"Feature","properties":{"id":"lu-nt-sai-kung-18-19","class":"built_up","vegetationFraction":0.205,"pavedFraction":0.515,"waterFraction":0.005,"simulated":true},"geometry":{"type":"Polygon","coordinates":[[[114.28039999999993,22.333799999999997],[114.28199999999993,22.333799999999997],[114.28199999999993,22.335399999999996],[114.28039999999993,22.335399999999996],[114.28039999999993,22.333799999999997]]]}},{"type":"Feature","properties":{"id":"lu-nt-sai-kung-18-20","class":"built_up","vegetationFraction":0.22,"pavedFraction":0.434,"waterFraction":0.054,"simulated":true},"geometry":{"type":"Polygon","coordinates":[[[114.28199999999993,22.333799999999997],[114.28359999999992,22.333799999999997],[114.28359999999992,22.335399999999996],[114.28199999999993,22.335399999999996],[114.28199999999993,22.333799999999997]]]}},{"type":"Feature","properties":{"id":"lu-nt-sai-kung-18-21","class":"green_space","vegetationFraction":0.442,"pavedFraction":0.389,"waterFraction":0.036,"simulated":true},"geometry":{"type":"Polygon","coordinates":[[[114.28359999999992,22.333799999999997],[114.28519999999992,22.333799999999997],[114.28519999999992,22.335399999999996],[114.28359999999992,22.335399999999996],[114.28359999999992,22.333799999999997]]]}},{"type":"Feature","properties":{"id":"lu-nt-sai-kung-18-22","class":"urban_open_space","vegetationFraction":0.388,"pavedFraction":0.423,"waterFraction":0.035,"simulated":true},"geometry":{"type":"Polygon","coordinates":[[[114.28519999999992,22.333799999999997],[114.28679999999991,22.333799999999997],[114.28679999999991,22.335399999999996],[114.28519999999992,22.335399999999996],[114.28519999999992,22.333799999999997]]]}},{"type":"Feature","properties":{"id":"lu-nt-sai-kung-18-23","class":"built_up","vegetationFraction":0.245,"pavedFraction":0.526,"waterFraction":0.05,"simulated":true},"geometry":{"type":"Polygon","coordinates":[[[114.28679999999991,22.333799999999997],[114.28839999999991,22.333799999999997],[114.28839999999991,22.335399999999996],[114.28679999999991,22.335399999999996],[114.28679999999991,22.333799999999997]]]}},{"type":"Feature","properties":{"id":"lu-nt-sai-kung-18-24","class":"urban_open_space","vegetationFraction":0.314,"pavedFraction":0.352,"waterFraction":0.042,"simulated":true},"geometry":{"type":"Polygon","coordinates":[[[114.28839999999991,22.333799999999997],[114.2899999999999,22.333799999999997],[114.2899999999999,22.335399999999996],[114.28839999999991,22.335399999999996],[114.28839999999991,22.333799999999997]]]}},{"type":"Feature","properties":{"id":"lu-nt-sai-kung-18-25","class":"urban_open_space","vegetationFraction":0.32,"pavedFraction":0.634,"waterFraction":0.025,"simulated":true},"geometry":{"type":"Polygon","coordinates":[[[114.2899999999999,22.333799999999997],[114.2915999999999,22.333799999999997],[114.2915999999999,22.335399999999996],[114.2899999999999,22.335399999999996],[114.2899999999999,22.333799999999997]]]}},{"type":"Feature","properties":{"id":"lu-nt-sai-kung-18-26","class":"urban_open_space","vegetationFraction":0.309,"pavedFraction":0.475,"waterFraction":0.028,"simulated":true},"geometry":{"type":"Polygon","coordinates":[[[114.2915999999999,22.333799999999997],[114.2931999999999,22.333799999999997],[114.2931999999999,22.335399999999996],[114.2915999999999,22.335399999999996],[114.2915999999999,22.333799999999997]]]}},{"type":"Feature","properties":{"id":"lu-nt-sai-kung-18-27","class":"urban_open_space","vegetationFraction":0.348,"pavedFraction":0.531,"waterFraction":0.043,"simulated":true},"geometry":{"type":"Polygon","coordinates":[[[114.2931999999999,22.333799999999997],[114.2947999999999,22.333799999999997],[114.2947999999999,22.335399999999996],[114.2931999999999,22.335399999999996],[114.2931999999999,22.333799999999997]]]}},{"type":"Feature","properties":{"id":"lu-nt-sai-kung-18-28","class":"urban_open_space","vegetationFraction":0.291,"pavedFraction":0.408,"waterFraction":0.029,"simulated":true},"geometry":{"type":"Polygon","coordinates":[[[114.2947999999999,22.333799999999997],[114.29639999999989,22.333799999999997],[114.29639999999989,22.335399999999996],[114.2947999999999,22.335399999999996],[114.2947999999999,22.333799999999997]]]}},{"type":"Feature","properties":{"id":"lu-nt-sai-kung-18-29","class":"urban_open_space","vegetationFraction":0.319,"pavedFraction":0.509,"waterFraction":0.031,"simulated":true},"geometry":{"type":"Polygon","coordinates":[[[114.29639999999989,22.333799999999997],[114.29799999999989,22.333799999999997],[114.29799999999989,22.335399999999996],[114.29639999999989,22.335399999999996],[114.29639999999989,22.333799999999997]]]}},{"type":"Feature","properties":{"id":"lu-nt-sai-kung-18-30","class":"urban_open_space","vegetationFraction":0.36,"pavedFraction":0.41,"waterFraction":0.05,"simulated":true},"geometry":{"type":"Polygon","coordinates":[[[114.29799999999989,22.333799999999997],[114.29959999999988,22.333799999999997],[114.29959999999988,22.335399999999996],[114.29799999999989,22.335399999999996],[114.29799999999989,22.333799999999997]]]}},{"type":"Feature","properties":{"id":"lu-nt-sai-kung-19-00","class":"urban_open_space","vegetationFraction":0.353,"pavedFraction":0.389,"waterFraction":0.037,"simulated":true},"geometry":{"type":"Polygon","coordinates":[[[114.25,22.335399999999996],[114.2516,22.335399999999996],[114.2516,22.336999999999996],[114.25,22.336999999999996],[114.25,22.335399999999996]]]}},{"type":"Feature","properties":{"id":"lu-nt-sai-kung-19-01","class":"built_up","vegetationFraction":0.233,"pavedFraction":0.366,"waterFraction":0.018,"simulated":true},"geometry":{"type":"Polygon","coordinates":[[[114.2516,22.335399999999996],[114.25319999999999,22.335399999999996],[114.25319999999999,22.336999999999996],[114.2516,22.336999999999996],[114.2516,22.335399999999996]]]}},{"type":"Feature","properties":{"id":"lu-nt-sai-kung-19-02","class":"urban_open_space","vegetationFraction":0.349,"pavedFraction":0.402,"waterFraction":0.002,"simulated":true},"geometry":{"type":"Polygon","coordinates":[[[114.25319999999999,22.335399999999996],[114.25479999999999,22.335399999999996],[114.25479999999999,22.336999999999996],[114.25319999999999,22.336999999999996],[114.25319999999999,22.335399999999996]]]}},{"type":"Feature","properties":{"id":"lu-nt-sai-kung-19-03","class":"urban_open_space","vegetationFraction":0.378,"pavedFraction":0.619,"waterFraction":0.022,"simulated":true},"geometry":{"type":"Polygon","coordinates":[[[114.25479999999999,22.335399999999996],[114.25639999999999,22.335399999999996],[114.25639999999999,22.336999999999996],[114.25479999999999,22.336999999999996],[114.25479999999999,22.335399999999996]]]}},{"type":"Feature","properties":{"id":"lu-nt-sai-kung-19-04","class":"urban_open_space","vegetationFraction":0.28,"pavedFraction":0.624,"waterFraction":0.047,"simulated":true},"geometry":{"type":"Polygon","coordinates":[[[114.25639999999999,22.335399999999996],[114.25799999999998,22.335399999999996],[114.25799999999998,22.336999999999996],[114.25639999999999,22.336999999999996],[114.25639999999999,22.335399999999996]]]}},{"type":"Feature","properties":{"id":"lu-nt-sai-kung-19-05","class":"built_up","vegetationFraction":0.206,"pavedFraction":0.423,"waterFraction":0.028,"simulated":true},"geometry":{"type":"Polygon","coordinates":[[[114.25799999999998,22.335399999999996],[114.25959999999998,22.335399999999996],[114.25959999999998,22.336999999999996],[114.25799999999998,22.336999999999996],[114.25799999999998,22.335399999999996]]]}},{"type":"Feature","properties":{"id":"lu-nt-sai-kung-19-06","class":"green_space","vegetationFraction":0.438,"pavedFraction":0.354,"waterFraction":0.059,"simulated":true},"geometry":{"type":"Polygon","coordinates":[[[114.25959999999998,22.335399999999996],[114.26119999999997,22.335399999999996],[114.26119999999997,22.336999999999996],[114.25959999999998,22.336999999999996],[114.25959999999998,22.335399999999996]]]}},{"type":"Feature","properties":{"id":"lu-nt-sai-kung-19-07","class":"built_up","vegetationFraction":0.237,"pavedFraction":0.534,"waterFraction":0.055,"simulated":true},"geometry":{"type":"Polygon","coordinates":[[[114.26119999999997,22.335399999999996],[114.26279999999997,22.335399999999996],[114.26279999999997,22.336999999999996],[114.26119999999997,22.336999999999996],[114.26119999999997,22.335399999999996]]]}},{"type":"Feature","properties":{"id":"lu-nt-sai-kung-19-08","class":"urban_open_space","vegetationFraction":0.269,"pavedFraction":0.405,"waterFraction":0.049,"simulated":true},"geometry":{"type":"Polygon","coordinates":[[[114.26279999999997,22.335399999999996],[114.26439999999997,22.335399999999996],[114.26439999999997,22.336999999999996],[114.26279999999997,22.336999999999996],[114.26279999999997,22.335399999999996]]]}},{"type":"Feature","properties":{"id":"lu-nt-sai-kung-19-09","class":"urban_open_space","vegetationFraction":0.389,"pavedFraction":0.464,"waterFraction":0.053,"simulated":true},"geometry":{"type":"Polygon","coordinates":[[[114.26439999999997,22.335399999999996],[114.26599999999996,22.335399999999996],[114.26599999999996,22.336999999999996],[114.26439999999997,22.336999999999996],[114.26439999999997,22.335399999999996]]]}},{"type":"Feature","properties":{"id":"lu-nt-sai-kung-19-10","class":"urban_open_space","vegetationFraction":0.382,"pavedFraction":0.419,"waterFraction":0.06,"simulated":true},"geometry":{"type":"Polygon","coordinates":[[[114.26599999999996,22.335399999999996],[114.26759999999996,22.335399999999996],[114.26759999999996,22.336999999999996],[114.26599999999996,22.336999999999996],[114.26599999999996,22.335399999999996]]]}},{"type":"Feature","properties":{"id":"lu-nt-sai-kung-19-11","class":"urban_open_space","vegetationFraction":0.267,"pavedFraction":0.441,"waterFraction":0.007,"simulated":true},"geometry":{"type":"Polygon","coordinates":[[[114.26759999999996,22.335399999999996],[114.26919999999996,22.335399999999996],[114.26919999999996,22.336999999999996],[114.26759999999996,22.336999999999996],[114.26759999999996,22.335399999999996]]]}},{"type":"Feature","properties":{"id":"lu-nt-sai-kung-19-12","class":"built_up","vegetationFraction":0.244,"pavedFraction":0.555,"waterFraction":0.039,"simulated":true},"geometry":{"type":"Polygon","coordinates":[[[114.26919999999996,22.335399999999996],[114.27079999999995,22.335399999999996],[114.27079999999995,22.336999999999996],[114.26919999999996,22.336999999999996],[114.26919999999996,22.335399999999996]]]}},{"type":"Feature","properties":{"id":"lu-nt-sai-kung-19-13","class":"urban_open_space","vegetationFraction":0.348,"pavedFraction":0.639,"waterFraction":0.022,"simulated":true},"geometry":{"type":"Polygon","coordinates":[[[114.27079999999995,22.335399999999996],[114.27239999999995,22.335399999999996],[114.27239999999995,22.336999999999996],[114.27079999999995,22.336999999999996],[114.27079999999995,22.335399999999996]]]}},{"type":"Feature","properties":{"id":"lu-nt-sai-kung-19-14","class":"urban_open_space","vegetationFraction":0.379,"pavedFraction":0.503,"waterFraction":0.034,"simulated":true},"geometry":{"type":"Polygon","coordinates":[[[114.27239999999995,22.335399999999996],[114.27399999999994,22.335399999999996],[114.27399999999994,22.336999999999996],[114.27239999999995,22.336999999999996],[114.27239999999995,22.335399999999996]]]}},{"type":"Feature","properties":{"id":"lu-nt-sai-kung-19-15","class":"urban_open_space","vegetationFraction":0.277,"pavedFraction":0.616,"waterFraction":0.013,"simulated":true},"geometry":{"type":"Polygon","coordinates":[[[114.27399999999994,22.335399999999996],[114.27559999999994,22.335399999999996],[114.27559999999994,22.336999999999996],[114.27399999999994,22.336999999999996],[114.27399999999994,22.335399999999996]]]}},{"type":"Feature","properties":{"id":"lu-nt-sai-kung-19-16","class":"urban_open_space","vegetationFraction":0.309,"pavedFraction":0.616,"waterFraction":0.041,"simulated":true},"geometry":{"type":"Polygon","coordinates":[[[114.27559999999994,22.335399999999996],[114.27719999999994,22.335399999999996],[114.27719999999994,22.336999999999996],[114.27559999999994,22.336999999999996],[114.27559999999994,22.335399999999996]]]}},{"type":"Feature","properties":{"id":"lu-nt-sai-kung-19-17","class":"urban_open_space","vegetationFraction":0.325,"pavedFraction":0.43,"waterFraction":0.002,"simulated":true},"geometry":{"type":"Polygon","coordinates":[[[114.27719999999994,22.335399999999996],[114.27879999999993,22.335399999999996],[114.27879999999993,22.336999999999996],[114.27719999999994,22.336999999999996],[114.27719999999994,22.335399999999996]]]}},{"type":"Feature","properties":{"id":"lu-nt-sai-kung-19-18","class":"built_up","vegetationFraction":0.207,"pavedFraction":0.415,"waterFraction":0.0,"simulated":true},"geometry":{"type":"Polygon","coordinates":[[[114.27879999999993,22.335399999999996],[114.28039999999993,22.335399999999996],[114.28039999999993,22.336999999999996],[114.27879999999993,22.336999999999996],[114.27879999999993,22.335399999999996]]]}},{"type":"Feature","properties":{"id":"lu-nt-sai-kung-19-19","class":"green_space","vegetationFraction":0.421,"pavedFraction":0.648,"waterFraction":0.014,"simulated":true},"geometry":{"type":"Polygon","coordinates":[[[114.28039999999993,22.335399999999996],[114.28199999999993,22.335399999999996],[114.28199999999993,22.336999999999996],[114.28039999999993,22.336999999999996],[114.28039999999993,22.335399999999996]]]}},{"type":"Feature","properties":{"id":"lu-nt-sai-kung-19-20","class":"urban_open_space","vegetationFraction":0.331,"pavedFraction":0.642,"waterFraction":0.037,"simulated":true},"geometry":{"type":"Polygon","coordinates":[[[114.28199999999993,22.335399999999996],[114.28359999999992,22.335399999999996],[114.28359999999992,22.336999999999996],[114.28199999999993,22.336999999999996],[114.28199999999993,22.335399999999996]]]}},{"type":"Feature","properties":{"id":"lu-nt-sai-kung-19-21","class":"built_up","vegetationFraction":0.246,"pavedFraction":0.462,"waterFraction":0.009,"simulated":true},"geometry":{"type":"Polygon","coordinates":[[[114.28359999999992,22.335399999999996],[114.28519999999992,22.335399999999996],[114.28519999999992,22.336999999999996],[114.28359999999992,22.336999999999996],[114.28359999999992,22.335399999999996]]]}},{"type":"Feature","properties":{"id":"lu-nt-sai-kung-19-22","class":"built_up","vegetationFraction":0.216,"pavedFraction":0.503,"waterFraction":0.017,"simulated":true},"geometry":{"type":"Polygon","coordinates":[[[114.28519999999992,22.335399999999996],[114.28679999999991,22.335399999999996],[114.28679999999991,22.336999999999996],[114.28519999999992,22.336999999999996],[114.28519999999992,22.335399999999996]]]}},{"type":"Feature","properties":{"id":"lu-nt-sai-kung-19-23","class":"built_up","vegetationFraction":0.213,"pavedFraction":0.501,"waterFraction":0.015,"simulated":true},"geometry":{"type":"Polygon","coordinates":[[[114.28679999999991,22.335399999999996],[114.28839999999991,22.335399999999996],[114.28839999999991,22.336999999999996],[114.28679999999991,22.336999999999996],[114.28679999999991,22.335399999999996]]]}},{"type":"Feature","properties":{"id":"lu-nt-sai-kung-19-24","class":"built_up","vegetationFraction":0.248,"pavedFraction":0.408,"waterFraction":0.015,"simulated":true},"geometry":{"type":"Polygon","coordinates":[[[114.28839999999991,22.335399999999996],[114.2899999999999,22.335399999999996],[114.2899999999999,22.336999999999996],[114.28839999999991,22.336999999999996],[114.28839999999991,22.335399999999996]]]}},{"type":"Feature","properties":{"id":"lu-nt-sai-kung-19-25","class":"urban_open_space","vegetationFraction":0.295,"pavedFraction":0.504,"waterFraction":0.025,"simulated":true},"geometry":{"type":"Polygon","coordinates":[[[114.2899999999999,22.335399999999996],[114.2915999999999,22.335399999999996],[114.2915999999999,22.336999999999996],[114.2899999999999,22.336999999999996],[114.2899999999999,22.335399999999996]]]}},{"type":"Feature","properties":{"id":"lu-nt-sai-kung-19-26","class":"urban_open_space","vegetationFraction":0.375,"pavedFraction":0.431,"waterFraction":0.035,"simulated":true},"geometry":{"type":"Polygon","coordinates":[[[114.2915999999999,22.335399999999996],[114.2931999999999,22.335399999999996],[114.2931999999999,22.336999999999996],[114.2915999999999,22.336999999999996],[114.2915999999999,22.335399999999996]]]}},{"type":"Feature","properties":{"id":"lu-nt-sai-kung-19-27","class":"urban_open_space","vegetationFraction":0.364,"pavedFraction":0.361,"waterFraction":0.012,"simulated":true},"geometry":{"type":"Polygon","coordinates":[[[114.2931999999999,22.335399999999996],[114.2947999999999,22.335399999999996],[114.2947999999999,22.336999999999996],[114.2931999999999,22.336999999999996],[114.2931999999999,22.335399999999996]]]}},{"type":"Feature","properties":{"id":"lu-nt-sai-kung-19-28","class":"green_space","vegetationFraction":0.448,"pavedFraction":0.362,"waterFraction":0.004,"simulated":true},"geometry":{"type":"Polygon","coordinates":[[[114.2947999999999,22.335399999999996],[114.29639999999989,22.335399999999996],[114.29639999999989,22.336999999999996],[114.2947999999999,22.336999999999996],[114.2947999999999,22.335399999999996]]]}},{"type":"Feature","properties":{"id":"lu-nt-sai-kung-19-29","class":"built_up","vegetationFraction":0.249,"pavedFraction":0.643,"waterFraction":0.009,"simulated":true},"geometry":{"type":"Polygon","coordinates":[[[114.29639999999989,22.335399999999996],[114.29799999999989,22.335399999999996],[114.29799999999989,22.336999999999996],[114.29639999999989,22.336999999999996],[114.29639999999989,22.335399999999996]]]}},{"type":"Feature","properties":{"id":"lu-nt-sai-kung-19-30","class":"built_up","vegetationFraction":0.208,"pavedFraction":0.437,"waterFraction":0.059,"simulated":true},"geometry":{"type":"Polygon","coordinates":[[[114.29799999999989,22.335399999999996],[114.29959999999988,22.335399999999996],[114.29959999999988,22.336999999999996],[114.29799999999989,22.336999999999996],[114.29799999999989,22.335399999999996]]]}},{"type":"Feature","properties":{"id":"lu-nt-sai-kung-20-00","class":"urban_open_space","vegetationFraction":0.394,"pavedFraction":0.648,"waterFraction":0.005,"simulated":true},"geometry":{"type":"Polygon","coordinates":[[[114.25,22.336999999999996],[114.2516,22.336999999999996],[114.2516,22.338599999999996],[114.25,22.338599999999996],[114.25,22.336999999999996]]]}},{"type":"Feature","properties":{"id":"lu-nt-sai-kung-20-01","class":"green_space","vegetationFraction":0.434,"pavedFraction":0.561,"waterFraction":0.034,"simulated":true},"geometry":{"type":"Polygon","coordinates":[[[114.2516,22.336999999999996],[114.25319999999999,22.336999999999996],[114.25319999999999,22.338599999999996],[114.2516,22.338599999999996],[114.2516,22.336999999999996]]]}},{"type":"Feature","properties":{"id":"lu-nt-sai-kung-20-02","class":"urban_open_space","vegetationFraction":0.382,"pavedFraction":0.624,"waterFraction":0.028,"simulated":true},"geometry":{"type":"Polygon","coordinates":[[[114.25319999999999,22.336999999999996],[114.25479999999999,22.336999999999996],[114.25479999999999,22.338599999999996],[114.25319999999999,22.338599999999996],[114.25319999999999,22.336999999999996]]]}},{"type":"Feature","properties":{"id":"lu-nt-sai-kung-20-03","class":"urban_open_space","vegetationFraction":0.33,"pavedFraction":0.438,"waterFraction":0.005,"simulated":true},"geometry":{"type":"Polygon","coordinates":[[[114.25479999999999,22.336999999999996],[114.25639999999999,22.336999999999996],[114.25639999999999,22.338599999999996],[114.25479999999999,22.338599999999996],[114.25479999999999,22.336999999999996]]]}},{"type":"Feature","properties":{"id":"lu-nt-sai-kung-20-04","class":"urban_open_space","vegetationFraction":0.275,"pavedFraction":0.629,"waterFraction":0.026,"simulated":true},"geometry":{"type":"Polygon","coordinates":[[[114.25639999999999,22.336999999999996],[114.25799999999998,22.336999999999996],[114.25799999999998,22.338599999999996],[114.25639999999999,22.338599999999996],[114.25639999999999,22.336999999999996]]]}},{"type":"Feature","properties":{"id":"lu-nt-sai-kung-20-05","class":"urban_open_space","vegetationFraction":0.396,"pavedFraction":0.526,"waterFraction":0.011,"simulated":true},"geometry":{"type":"Polygon","coordinates":[[[114.25799999999998,22.336999999999996],[114.25959999999998,22.336999999999996],[114.25959999999998,22.338599999999996],[114.25799999999998,22.338599999999996],[114.25799999999998,22.336999999999996]]]}},{"type":"Feature","properties":{"id":"lu-nt-sai-kung-20-06","class":"urban_open_space","vegetationFraction":0.305,"pavedFraction":0.563,"waterFraction":0.012,"simulated":true},"geometry":{"type":"Polygon","coordinates":[[[114.25959999999998,22.336999999999996],[114.26119999999997,22.336999999999996],[114.26119999999997,22.338599999999996],[114.25959999999998,22.338599999999996],[114.25959999999998,22.336999999999996]]]}},{"type":"Feature","properties":{"id":"lu-nt-sai-kung-20-07","class":"urban_open_space","vegetationFraction":0.393,"pavedFraction":0.384,"waterFraction":0.036,"simulated":true},"geometry":{"type":"Polygon","coordinates":[[[114.26119999999997,22.336999999999996],[114.26279999999997,22.336999999999996],[114.26279999999997,22.338599999999996],[114.26119999999997,22.338599999999996],[114.26119999999997,22.336999999999996]]]}},{"type":"Feature","properties":{"id":"lu-nt-sai-kung-20-08","class":"green_space","vegetationFraction":0.78,"pavedFraction":0.1,"waterFraction":0.059,"simulated":true},"geometry":{"type":"Polygon","coordinates":[[[114.26279999999997,22.336999999999996],[114.26439999999997,22.336999999999996],[114.26439999999997,22.338599999999996],[114.26279999999997,22.338599999999996],[114.26279999999997,22.336999999999996]]]}},{"type":"Feature","properties":{"id":"lu-nt-sai-kung-20-09","class":"green_space","vegetationFraction":0.78,"pavedFraction":0.1,"waterFraction":0.013,"simulated":true},"geometry":{"type":"Polygon","coordinates":[[[114.26439999999997,22.336999999999996],[114.26599999999996,22.336999999999996],[114.26599999999996,22.338599999999996],[114.26439999999997,22.338599999999996],[114.26439999999997,22.336999999999996]]]}},{"type":"Feature","properties":{"id":"lu-nt-sai-kung-20-10","class":"green_space","vegetationFraction":0.78,"pavedFraction":0.1,"waterFraction":0.051,"simulated":true},"geometry":{"type":"Polygon","coordinates":[[[114.26599999999996,22.336999999999996],[114.26759999999996,22.336999999999996],[114.26759999999996,22.338599999999996],[114.26599999999996,22.338599999999996],[114.26599999999996,22.336999999999996]]]}},{"type":"Feature","properties":{"id":"lu-nt-sai-kung-20-11","class":"green_space","vegetationFraction":0.78,"pavedFraction":0.1,"waterFraction":0.027,"simulated":true},"geometry":{"type":"Polygon","coordinates":[[[114.26759999999996,22.336999999999996],[114.26919999999996,22.336999999999996],[114.26919999999996,22.338599999999996],[114.26759999999996,22.338599999999996],[114.26759999999996,22.336999999999996]]]}},{"type":"Feature","properties":{"id":"lu-nt-sai-kung-20-12","class":"green_space","vegetationFraction":0.78,"pavedFraction":0.1,"waterFraction":0.012,"simulated":true},"geometry":{"type":"Polygon","coordinates":[[[114.26919999999996,22.336999999999996],[114.27079999999995,22.336999999999996],[114.27079999999995,22.338599999999996],[114.26919999999996,22.338599999999996],[114.26919999999996,22.336999999999996]]]}},{"type":"Feature","properties":{"id":"lu-nt-sai-kung-20-13","class":"green_space","vegetationFraction":0.78,"pavedFraction":0.1,"waterFraction":0.058,"simulated":true},"geometry":{"type":"Polygon","coordinates":[[[114.27079999999995,22.336999999999996],[114.27239999999995,22.336999999999996],[114.27239999999995,22.338599999999996],[114.27079999999995,22.338599999999996],[114.27079999999995,22.336999999999996]]]}},{"type":"Feature","properties":{"id":"lu-nt-sai-kung-20-14","class":"green_space","vegetationFraction":0.78,"pavedFraction":0.1,"waterFraction":0.028,"simulated":true},"geometry":{"type":"Polygon","coordinates":[[[114.27239999999995,22.336999999999996],[114.27399999999994,22.336999999999996],[114.27399999999994,22.338599999999996],[114.27239999999995,22.338599999999996],[114.27239999999995,22.336999999999996]]]}},{"type":"Feature","properties":{"id":"lu-nt-sai-kung-20-15","class":"green_space","vegetationFraction":0.78,"pavedFraction":0.1,"waterFraction":0.0,"simulated":true},"geometry":{"type":"Polygon","coordinates":[[[114.27399999999994,22.336999999999996],[114.27559999999994,22.336999999999996],[114.27559999999994,22.338599999999996],[114.27399999999994,22.338599999999996],[114.27399999999994,22.336999999999996]]]}},{"type":"Feature","properties":{"id":"lu-nt-sai-kung-20-16","class":"green_space","vegetationFraction":0.78,"pavedFraction":0.1,"waterFraction":0.054,"simulated":true},"geometry":{"type":"Polygon","coordinates":[[[114.27559999999994,22.336999999999996],[114.27719999999994,22.336999999999996],[114.27719999999994,22.338599999999996],[114.27559999999994,22.338599999999996],[114.27559999999994,22.336999999999996]]]}},{"type":"Feature","properties":{"id":"lu-nt-sai-kung-20-17","class":"urban_open_space","vegetationFraction":0.296,"pavedFraction":0.517,"waterFraction":0.048,"simulated":true},"geometry":{"type":"Polygon","coordinates":[[[114.27719999999994,22.336999999999996],[114.27879999999993,22.336999999999996],[114.27879999999993,22.338599999999996],[114.27719999999994,22.338599999999996],[114.27719999999994,22.336999999999996]]]}},{"type":"Feature","properties":{"id":"lu-nt-sai-kung-20-18","class":"urban_open_space","vegetationFraction":0.322,"pavedFraction":0.578,"waterFraction":0.005,"simulated":true},"geometry":{"type":"Polygon","coordinates":[[[114.27879999999993,22.336999999999996],[114.28039999999993,22.336999999999996],[114.28039999999993,22.338599999999996],[114.27879999999993,22.338599999999996],[114.27879999999993,22.336999999999996]]]}},{"type":"Feature","properties":{"id":"lu-nt-sai-kung-20-19","class":"built_up","vegetationFraction":0.219,"pavedFraction":0.39,"waterFraction":0.038,"simulated":true},"geometry":{"type":"Polygon","coordinates":[[[114.28039999999993,22.336999999999996],[114.28199999999993,22.336999999999996],[114.28199999999993,22.338599999999996],[114.28039999999993,22.338599999999996],[114.28039999999993,22.336999999999996]]]}},{"type":"Feature","properties":{"id":"lu-nt-sai-kung-20-20","class":"urban_open_space","vegetationFraction":0.335,"pavedFraction":0.432,"waterFraction":0.037,"simulated":true},"geometry":{"type":"Polygon","coordinates":[[[114.28199999999993,22.336999999999996],[114.28359999999992,22.336999999999996],[114.28359999999992,22.338599999999996],[114.28199999999993,22.338599999999996],[114.28199999999993,22.336999999999996]]]}},{"type":"Feature","properties":{"id":"lu-nt-sai-kung-20-21","class":"urban_open_space","vegetationFraction":0.35,"pavedFraction":0.562,"waterFraction":0.023,"simulated":true},"geometry":{"type":"Polygon","coordinates":[[[114.28359999999992,22.336999999999996],[114.28519999999992,22.336999999999996],[114.28519999999992,22.338599999999996],[114.28359999999992,22.338599999999996],[114.28359999999992,22.336999999999996]]]}},{"type":"Feature","properties":{"id":"lu-nt-sai-kung-20-22","class":"urban_open_space","vegetationFraction":0.334,"pavedFraction":0.379,"waterFraction":0.04,"simulated":true},"geometry":{"type":"Polygon","coordinates":[[[114.28519999999992,22.336999999999996],[114.28679999999991,22.336999999999996],[114.28679999999991,22.338599999999996],[114.28519999999992,22.338599999999996],[114.28519999999992,22.336999999999996]]]}},{"type":"Feature","properties":{"id":"lu-nt-sai-kung-20-23","class":"urban_open_space","vegetationFraction":0.342,"pavedFraction":0.377,"waterFraction":0.04,"simulated":true},"geometry":{"type":"Polygon","coordinates":[[[114.28679999999991,22.336999999999996],[114.28839999999991,22.336999999999996],[114.28839999999991,22.338599999999996],[114.28679999999991,22.338599999999996],[114.28679999999991,22.336999999999996]]]}},{"type":"Feature","properties":{"id":"lu-nt-sai-kung-20-24","class":"green_space","vegetationFraction":0.437,"pavedFraction":0.598,"waterFraction":0.043,"simulated":true},"geometry":{"type":"Polygon","coordinates":[[[114.28839999999991,22.336999999999996],[114.2899999999999,22.336999999999996],[114.2899999999999,22.338599999999996],[114.28839999999991,22.338599999999996],[114.28839999999991,22.336999999999996]]]}},{"type":"Feature","properties":{"id":"lu-nt-sai-kung-20-25","class":"urban_open_space","vegetationFraction":0.374,"pavedFraction":0.495,"waterFraction":0.012,"simulated":true},"geometry":{"type":"Polygon","coordinates":[[[114.2899999999999,22.336999999999996],[114.2915999999999,22.336999999999996],[114.2915999999999,22.338599999999996],[114.2899999999999,22.338599999999996],[114.2899999999999,22.336999999999996]]]}},{"type":"Feature","properties":{"id":"lu-nt-sai-kung-20-26","class":"urban_open_space","vegetationFraction":0.325,"pavedFraction":0.522,"waterFraction":0.056,"simulated":true},"geometry":{"type":"Polygon","coordinates":[[[114.2915999999999,22.336999999999996],[114.2931999999999,22.336999999999996],[114.2931999999999,22.338599999999996],[114.2915999999999,22.338599999999996],[114.2915999999999,22.336999999999996]]]}},{"type":"Feature","properties":{"id":"lu-nt-sai-kung-20-27","class":"green_space","vegetationFraction":0.428,"pavedFraction":0.498,"waterFraction":0.008,"simulated":true},"geometry":{"type":"Polygon","coordinates":[[[114.2931999999999,22.336999999999996],[114.2947999999999,22.336999999999996],[114.2947999999999,22.338599999999996],[114.2931999999999,22.338599999999996],[114.2931999999999,22.336999999999996]]]}},{"type":"Feature","properties":{"id":"lu-nt-sai-kung-20-28","class":"built_up","vegetationFraction":0.202,"pavedFraction":0.37,"waterFraction":0.03,"simulated":true},"geometry":{"type":"Polygon","coordinates":[[[114.2947999999999,22.336999999999996],[114.29639999999989,22.336999999999996],[114.29639999999989,22.338599999999996],[114.2947999999999,22.338599999999996],[114.2947999999999,22.336999999999996]]]}},{"type":"Feature","properties":{"id":"lu-nt-sai-kung-20-29","class":"built_up","vegetationFraction":0.219,"pavedFraction":0.414,"waterFraction":0.03,"simulated":true},"geometry":{"type":"Polygon","coordinates":[[[114.29639999999989,22.336999999999996],[114.29799999999989,22.336999999999996],[114.29799999999989,22.338599999999996],[114.29639999999989,22.338599999999996],[114.29639999999989,22.336999999999996]]]}},{"type":"Feature","properties":{"id":"lu-nt-sai-kung-20-30","class":"urban_open_space","vegetationFraction":0.305,"pavedFraction":0.45,"waterFraction":0.038,"simulated":true},"geometry":{"type":"Polygon","coordinates":[[[114.29799999999989,22.336999999999996],[114.29959999999988,22.336999999999996],[114.29959999999988,22.338599999999996],[114.29799999999989,22.338599999999996],[114.29799999999989,22.336999999999996]]]}},{"type":"Feature","properties":{"id":"lu-nt-sai-kung-21-00","class":"urban_open_space","vegetationFraction":0.383,"pavedFraction":0.506,"waterFraction":0.002,"simulated":true},"geometry":{"type":"Polygon","coordinates":[[[114.25,22.338599999999996],[114.2516,22.338599999999996],[114.2516,22.340199999999996],[114.25,22.340199999999996],[114.25,22.338599999999996]]]}},{"type":"Feature","properties":{"id":"lu-nt-sai-kung-21-01","class":"urban_open_space","vegetationFraction":0.274,"pavedFraction":0.494,"waterFraction":0.043,"simulated":true},"geometry":{"type":"Polygon","coordinates":[[[114.2516,22.338599999999996],[114.25319999999999,22.338599999999996],[114.25319999999999,22.340199999999996],[114.2516,22.340199999999996],[114.2516,22.338599999999996]]]}},{"type":"Feature","properties":{"id":"lu-nt-sai-kung-21-02","class":"urban_open_space","vegetationFraction":0.31,"pavedFraction":0.401,"waterFraction":0.059,"simulated":true},"geometry":{"type":"Polygon","coordinates":[[[114.25319999999999,22.338599999999996],[114.25479999999999,22.338599999999996],[114.25479999999999,22.340199999999996],[114.25319999999999,22.340199999999996],[114.25319999999999,22.338599999999996]]]}},{"type":"Feature","properties":{"id":"lu-nt-sai-kung-21-03","class":"urban_open_space","vegetationFraction":0.331,"pavedFraction":0.398,"waterFraction":0.045,"simulated":true},"geometry":{"type":"Polygon","coordinates":[[[114.25479999999999,22.338599999999996],[114.25639999999999,22.338599999999996],[114.25639999999999,22.340199999999996],[114.25479999999999,22.340199999999996],[114.25479999999999,22.338599999999996]]]}},{"type":"Feature","properties":{"id":"lu-nt-sai-kung-21-04","class":"built_up","vegetationFraction":0.225,"pavedFraction":0.411,"waterFraction":0.052,"simulated":true},"geometry":{"type":"Polygon","coordinates":[[[114.25639999999999,22.338599999999996],[114.25799999999998,22.338599999999996],[114.25799999999998,22.340199999999996],[114.25639999999999,22.340199999999996],[114.25639999999999,22.338599999999996]]]}},{"type":"Feature","properties":{"id":"lu-nt-sai-kung-21-05","class":"urban_open_space","vegetationFraction":0.342,"pavedFraction":0.472,"waterFraction":0.059,"simulated":true},"geometry":{"type":"Polygon","coordinates":[[[114.25799999999998,22.338599999999996],[114.25959999999998,22.338599999999996],[114.25959999999998,22.340199999999996],[114.25799999999998,22.340199999999996],[114.25799999999998,22.338599999999996]]]}},{"type":"Feature","properties":{"id":"lu-nt-sai-kung-21-06","class":"urban_open_space","vegetationFraction":0.372,"pavedFraction":0.428,"waterFraction":0.039,"simulated":true},"geometry":{"type":"Polygon","coordinates":[[[114.25959999999998,22.338599999999996],[114.26119999999997,22.338599999999996],[114.26119999999997,22.340199999999996],[114.25959999999998,22.340199999999996],[114.25959999999998,22.338599999999996]]]}},{"type":"Feature","properties":{"id":"lu-nt-sai-kung-21-07","class":"urban_open_space","vegetationFraction":0.346,"pavedFraction":0.605,"waterFraction":0.046,"simulated":true},"geometry":{"type":"Polygon","coordinates":[[[114.26119999999997,22.338599999999996],[114.26279999999997,22.338599999999996],[114.26279999999997,22.340199999999996],[114.26119999999997,22.340199999999996],[114.26119999999997,22.338599999999996]]]}},{"type":"Feature","properties":{"id":"lu-nt-sai-kung-21-08","class":"green_space","vegetationFraction":0.78,"pavedFraction":0.1,"waterFraction":0.02,"simulated":true},"geometry":{"type":"Polygon","coordinates":[[[114.26279999999997,22.338599999999996],[114.26439999999997,22.338599999999996],[114.26439999999997,22.340199999999996],[114.26279999999997,22.340199999999996],[114.26279999999997,22.338599999999996]]]}},{"type":"Feature","properties":{"id":"lu-nt-sai-kung-21-09","class":"green_space","vegetationFraction":0.78,"pavedFraction":0.1,"waterFraction":0.007,"simulated":true},"geometry":{"type":"Polygon","coordinates":[[[114.26439999999997,22.338599999999996],[114.26599999999996,22.338599999999996],[114.26599999999996,22.340199999999996],[114.26439999999997,22.340199999999996],[114.26439999999997,22.338599999999996]]]}},{"type":"Feature","properties":{"id":"lu-nt-sai-kung-21-10","class":"green_space","vegetationFraction":0.78,"pavedFraction":0.1,"waterFraction":0.006,"simulated":true},"geometry":{"type":"Polygon","coordinates":[[[114.26599999999996,22.338599999999996],[114.26759999999996,22.338599999999996],[114.26759999999996,22.340199999999996],[114.26599999999996,22.340199999999996],[114.26599999999996,22.338599999999996]]]}},{"type":"Feature","properties":{"id":"lu-nt-sai-kung-21-11","class":"green_space","vegetationFraction":0.78,"pavedFraction":0.1,"waterFraction":0.024,"simulated":true},"geometry":{"type":"Polygon","coordinates":[[[114.26759999999996,22.338599999999996],[114.26919999999996,22.338599999999996],[114.26919999999996,22.340199999999996],[114.26759999999996,22.340199999999996],[114.26759999999996,22.338599999999996]]]}},{"type":"Feature","properties":{"id":"lu-nt-sai-kung-21-12","class":"green_space","vegetationFraction":0.78,"pavedFraction":0.1,"waterFraction":0.03,"simulated":true},"geometry":{"type":"Polygon","coordinates":[[[114.26919999999996,22.338599999999996],[114.27079999999995,22.338599999999996],[114.27079999999995,22.340199999999996],[114.26919999999996,22.340199999999996],[114.26919999999996,22.338599999999996]]]}},{"type":"Feature","properties":{"id":"lu-nt-sai-kung-21-13","class":"green_space","vegetationFraction":0.78,"pavedFraction":0.1,"waterFraction":0.019,"simulated":true},"geometry":{"type":"Polygon","coordinates":[[[114.27079999999995,22.338599999999996],[114.27239999999995,22.338599999999996],[114.27239999999995,22.340199999999996],[114.27079999999995,22.340199999999996],[114.27079999999995,22.338599999999996]]]}},{"type":"Feature","properties":{"id":"lu-nt-sai-kung-21-14","class":"green_space","vegetationFraction":0.78,"pavedFraction":0.1,"waterFraction":0.052,"simulated":true},"geometry":{"type":"Polygon","coordinates":[[[114.27239999999995,22.338599999999996],[114.27399999999994,22.338599999999996],[114.27399999999994,22.340199999999996],[114.27239999999995,22.340199999999996],[114.27239999999995,22.338599999999996]]]}},{"type":"Feature","properties":{"id":"lu-nt-sai-kung-21-15","class":"green_space","vegetationFraction":0.78,"pavedFraction":0.1,"waterFraction":0.028,"simulated":true},"geometry":{"type":"Polygon","coordinates":[[[114.27399999999994,22.338599999999996],[114.27559999999994,22.338599999999996],[114.27559999999994,22.340199999999996],[114.27399999999994,22.340199999999996],[114.27399999999994,22.338599999999996]]]}},{"type":"Feature","properties":{"id":"lu-nt-sai-kung-21-16","class":"green_space","vegetationFraction":0.78,"pavedFraction":0.1,"waterFraction":0.019,"simulated":true},"geometry":{"type":"Polygon","coordinates":[[[114.27559999999994,22.338599999999996],[114.27719999999994,22.338599999999996],[114.27719999999994,22.340199999999996],[114.27559999999994,22.340199999999996],[114.27559999999994,22.338599999999996]]]}},{"type":"Feature","properties":{"id":"lu-nt-sai-kung-21-17","class":"urban_open_space","vegetationFraction":0.284,"pavedFraction":0.41,"waterFraction":0.023,"simulated":true},"geometry":{"type":"Polygon","coordinates":[[[114.27719999999994,22.338599999999996],[114.27879999999993,22.338599999999996],[114.27879999999993,22.340199999999996],[114.27719999999994,22.340199999999996],[114.27719999999994,22.338599999999996]]]}},{"type":"Feature","properties":{"id":"lu-nt-sai-kung-21-18","class":"built_up","vegetationFraction":0.242,"pavedFraction":0.421,"waterFraction":0.019,"simulated":true},"geometry":{"type":"Polygon","coordinates":[[[114.27879999999993,22.338599999999996],[114.28039999999993,22.338599999999996],[114.28039999999993,22.340199999999996],[114.27879999999993,22.340199999999996],[114.27879999999993,22.338599999999996]]]}},{"type":"Feature","properties":{"id":"lu-nt-sai-kung-21-19","class":"urban_open_space","vegetationFraction":0.349,"pavedFraction":0.529,"waterFraction":0.048,"simulated":true},"geometry":{"type":"Polygon","coordinates":[[[114.28039999999993,22.338599999999996],[114.28199999999993,22.338599999999996],[114.28199999999993,22.340199999999996],[114.28039999999993,22.340199999999996],[114.28039999999993,22.338599999999996]]]}},{"type":"Feature","properties":{"id":"lu-nt-sai-kung-21-20","class":"built_up","vegetationFraction":0.244,"pavedFraction":0.463,"waterFraction":0.045,"simulated":true},"geometry":{"type":"Polygon","coordinates":[[[114.28199999999993,22.338599999999996],[114.28359999999992,22.338599999999996],[114.28359999999992,22.340199999999996],[114.28199999999993,22.340199999999996],[114.28199999999993,22.338599999999996]]]}},{"type":"Feature","properties":{"id":"lu-nt-sai-kung-21-21","class":"built_up","vegetationFraction":0.217,"pavedFraction":0.595,"waterFraction":0.053,"simulated":true},"geometry":{"type":"Polygon","coordinates":[[[114.28359999999992,22.338599999999996],[114.28519999999992,22.338599999999996],[114.28519999999992,22.340199999999996],[114.28359999999992,22.340199999999996],[114.28359999999992,22.338599999999996]]]}},{"type":"Feature","properties":{"id":"lu-nt-sai-kung-21-22","class":"green_space","vegetationFraction":0.437,"pavedFraction":0.417,"waterFraction":0.043,"simulated":true},"geometry":{"type":"Polygon","coordinates":[[[114.28519999999992,22.338599999999996],[114.28679999999991,22.338599999999996],[114.28679999999991,22.340199999999996],[114.28519999999992,22.340199999999996],[114.28519999999992,22.338599999999996]]]}},{"type":"Feature","properties":{"id":"lu-nt-sai-kung-21-23","class":"urban_open_space","vegetationFraction":0.293,"pavedFraction":0.478,"waterFraction":0.051,"simulated":true},"geometry":{"type":"Polygon","coordinates":[[[114.28679999999991,22.338599999999996],[114.28839999999991,22.338599999999996],[114.28839999999991,22.340199999999996],[114.28679999999991,22.340199999999996],[114.28679999999991,22.338599999999996]]]}},{"type":"Feature","properties":{"id":"lu-nt-sai-kung-21-24","class":"green_space","vegetationFraction":0.427,"pavedFraction":0.551,"waterFraction":0.036,"simulated":true},"geometry":{"type":"Polygon","coordinates":[[[114.28839999999991,22.338599999999996],[114.2899999999999,22.338599999999996],[114.2899999999999,22.340199999999996],[114.28839999999991,22.340199999999996],[114.28839999999991,22.338599999999996]]]}},{"type":"Feature","properties":{"id":"lu-nt-sai-kung-21-25","class":"urban_open_space","vegetationFraction":0.351,"pavedFraction":0.382,"waterFraction":0.045,"simulated":true},"geometry":{"type":"Polygon","coordinates":[[[114.2899999999999,22.338599999999996],[114.2915999999999,22.338599999999996],[114.2915999999999,22.340199999999996],[114.2899999999999,22.340199999999996],[114.2899999999999,22.338599999999996]]]}},{"type":"Feature","properties":{"id":"lu-nt-sai-kung-21-26","class":"urban_open_space","vegetationFraction":0.389,"pavedFraction":0.638,"waterFraction":0.055,"simulated":true},"geometry":{"type":"Polygon","coordinates":[[[114.2915999999999,22.338599999999996],[114.2931999999999,22.338599999999996],[114.2931999999999,22.340199999999996],[114.2915999999999,22.340199999999996],[114.2915999999999,22.338599999999996]]]}},{"type":"Feature","properties":{"id":"lu-nt-sai-kung-21-27","class":"urban_open_space","vegetationFraction":0.315,"pavedFraction":0.496,"waterFraction":0.028,"simulated":true},"geometry":{"type":"Polygon","coordinates":[[[114.2931999999999,22.338599999999996],[114.2947999999999,22.338599999999996],[114.2947999999999,22.340199999999996],[114.2931999999999,22.340199999999996],[114.2931999999999,22.338599999999996]]]}},{"type":"Feature","properties":{"id":"lu-nt-sai-kung-21-28","class":"urban_open_space","vegetationFraction":0.311,"pavedFraction":0.558,"waterFraction":0.036,"simulated":true},"geometry":{"type":"Polygon","coordinates":[[[114.2947999999999,22.338599999999996],[114.29639999999989,22.338599999999996],[114.29639999999989,22.340199999999996],[114.2947999999999,22.340199999999996],[114.2947999999999,22.338599999999996]]]}},{"type":"Feature","properties":{"id":"lu-nt-sai-kung-21-29","class":"urban_open_space","vegetationFraction":0.323,"pavedFraction":0.535,"waterFraction":0.035,"simulated":true},"geometry":{"type":"Polygon","coordinates":[[[114.29639999999989,22.338599999999996],[114.29799999999989,22.338599999999996],[114.29799999999989,22.340199999999996],[114.29639999999989,22.340199999999996],[114.29639999999989,22.338599999999996]]]}},{"type":"Feature","properties":{"id":"lu-nt-sai-kung-21-30","class":"green_space","vegetationFraction":0.402,"pavedFraction":0.45,"waterFraction":0.004,"simulated":true},"geometry":{"type":"Polygon","coordinates":[[[114.29799999999989,22.338599999999996],[114.29959999999988,22.338599999999996],[114.29959999999988,22.340199999999996],[114.29799999999989,22.340199999999996],[114.29799999999989,22.338599999999996]]]}},{"type":"Feature","properties":{"id":"lu-nt-sai-kung-22-00","class":"urban_open_space","vegetationFraction":0.389,"pavedFraction":0.35,"waterFraction":0.014,"simulated":true},"geometry":{"type":"Polygon","coordinates":[[[114.25,22.340199999999996],[114.2516,22.340199999999996],[114.2516,22.341799999999996],[114.25,22.341799999999996],[114.25,22.340199999999996]]]}},{"type":"Feature","properties":{"id":"lu-nt-sai-kung-22-01","class":"urban_open_space","vegetationFraction":0.336,"pavedFraction":0.574,"waterFraction":0.06,"simulated":true},"geometry":{"type":"Polygon","coordinates":[[[114.2516,22.340199999999996],[114.25319999999999,22.340199999999996],[114.25319999999999,22.341799999999996],[114.2516,22.341799999999996],[114.2516,22.340199999999996]]]}},{"type":"Feature","properties":{"id":"lu-nt-sai-kung-22-02","class":"urban_open_space","vegetationFraction":0.318,"pavedFraction":0.649,"waterFraction":0.03,"simulated":true},"geometry":{"type":"Polygon","coordinates":[[[114.25319999999999,22.340199999999996],[114.25479999999999,22.340199999999996],[114.25479999999999,22.341799999999996],[114.25319999999999,22.341799999999996],[114.25319999999999,22.340199999999996]]]}},{"type":"Feature","properties":{"id":"lu-nt-sai-kung-22-03","class":"urban_open_space","vegetationFraction":0.389,"pavedFraction":0.635,"waterFraction":0.029,"simulated":true},"geometry":{"type":"Polygon","coordinates":[[[114.25479999999999,22.340199999999996],[114.25639999999999,22.340199999999996],[114.25639999999999,22.341799999999996],[114.25479999999999,22.341799999999996],[114.25479999999999,22.340199999999996]]]}},{"type":"Feature","properties":{"id":"lu-nt-sai-kung-22-04","class":"urban_open_space","vegetationFraction":0.301,"pavedFraction":0.552,"waterFraction":0.006,"simulated":true},"geometry":{"type":"Polygon","coordinates":[[[114.25639999999999,22.340199999999996],[114.25799999999998,22.340199999999996],[114.25799999999998,22.341799999999996],[114.25639999999999,22.341799999999996],[114.25639999999999,22.340199999999996]]]}},{"type":"Feature","properties":{"id":"lu-nt-sai-kung-22-05","class":"urban_open_space","vegetationFraction":0.254,"pavedFraction":0.586,"waterFraction":0.023,"simulated":true},"geometry":{"type":"Polygon","coordinates":[[[114.25799999999998,22.340199999999996],[114.25959999999998,22.340199999999996],[114.25959999999998,22.341799999999996],[114.25799999999998,22.341799999999996],[114.25799999999998,22.340199999999996]]]}},{"type":"Feature","properties":{"id":"lu-nt-sai-kung-22-06","class":"urban_open_space","vegetationFraction":0.395,"pavedFraction":0.569,"waterFraction":0.046,"simulated":true},"geometry":{"type":"Polygon","coordinates":[[[114.25959999999998,22.340199999999996],[114.26119999999997,22.340199999999996],[114.26119999999997,22.341799999999996],[114.25959999999998,22.341799999999996],[114.25959999999998,22.340199999999996]]]}},{"type":"Feature","properties":{"id":"lu-nt-sai-kung-22-07","class":"green_space","vegetationFraction":0.437,"pavedFraction":0.397,"waterFraction":0.048,"simulated":true},"geometry":{"type":"Polygon","coordinates":[[[114.26119999999997,22.340199999999996],[114.26279999999997,22.340199999999996],[114.26279999999997,22.341799999999996],[114.26119999999997,22.341799999999996],[114.26119999999997,22.340199999999996]]]}},{"type":"Feature","properties":{"id":"lu-nt-sai-kung-22-08","class":"green_space","vegetationFraction":0.78,"pavedFraction":0.1,"waterFraction":0.022,"simulated":true},"geometry":{"type":"Polygon","coordinates":[[[114.26279999999997,22.340199999999996],[114.26439999999997,22.340199999999996],[114.26439999999997,22.341799999999996],[114.26279999999997,22.341799999999996],[114.26279999999997,22.340199999999996]]]}},{"type":"Feature","properties":{"id":"lu-nt-sai-kung-22-09","class":"green_space","vegetationFraction":0.78,"pavedFraction":0.1,"waterFraction":0.053,"simulated":true},"geometry":{"type":"Polygon","coordinates":[[[114.26439999999997,22.340199999999996],[114.26599999999996,22.340199999999996],[114.26599999999996,22.341799999999996],[114.26439999999997,22.341799999999996],[114.26439999999997,22.340199999999996]]]}},{"type":"Feature","properties":{"id":"lu-nt-sai-kung-22-10","class":"green_space","vegetationFraction":0.78,"pavedFraction":0.1,"waterFraction":0.049,"simulated":true},"geometry":{"type":"Polygon","coordinates":[[[114.26599999999996,22.340199999999996],[114.26759999999996,22.340199999999996],[114.26759999999996,22.341799999999996],[114.26599999999996,22.341799999999996],[114.26599999999996,22.340199999999996]]]}},{"type":"Feature","properties":{"id":"lu-nt-sai-kung-22-11","class":"green_space","vegetationFraction":0.78,"pavedFraction":0.1,"waterFraction":0.01,"simulated":true},"geometry":{"type":"Polygon","coordinates":[[[114.26759999999996,22.340199999999996],[114.26919999999996,22.340199999999996],[114.26919999999996,22.341799999999996],[114.26759999999996,22.341799999999996],[114.26759999999996,22.340199999999996]]]}},{"type":"Feature","properties":{"id":"lu-nt-sai-kung-22-12","class":"green_space","vegetationFraction":0.78,"pavedFraction":0.1,"waterFraction":0.038,"simulated":true},"geometry":{"type":"Polygon","coordinates":[[[114.26919999999996,22.340199999999996],[114.27079999999995,22.340199999999996],[114.27079999999995,22.341799999999996],[114.26919999999996,22.341799999999996],[114.26919999999996,22.340199999999996]]]}},{"type":"Feature","properties":{"id":"lu-nt-sai-kung-22-13","class":"green_space","vegetationFraction":0.78,"pavedFraction":0.1,"waterFraction":0.037,"simulated":true},"geometry":{"type":"Polygon","coordinates":[[[114.27079999999995,22.340199999999996],[114.27239999999995,22.340199999999996],[114.27239999999995,22.341799999999996],[114.27079999999995,22.341799999999996],[114.27079999999995,22.340199999999996]]]}},{"type":"Feature","properties":{"id":"lu-nt-sai-kung-22-14","class":"green_space","vegetationFraction":0.78,"pavedFraction":0.1,"waterFraction":0.056,"simulated":true},"geometry":{"type":"Polygon","coordinates":[[[114.27239999999995,22.340199999999996],[114.27399999999994,22.340199999999996],[114.27399999999994,22.341799999999996],[114.27239999999995,22.341799999999996],[114.27239999999995,22.340199999999996]]]}},{"type":"Feature","properties":{"id":"lu-nt-sai-kung-22-15","class":"green_space","vegetationFraction":0.78,"pavedFraction":0.1,"waterFraction":0.009,"simulated":true},"geometry":{"type":"Polygon","coordinates":[[[114.27399999999994,22.340199999999996],[114.27559999999994,22.340199999999996],[114.27559999999994,22.341799999999996],[114.27399999999994,22.341799999999996],[114.27399999999994,22.340199999999996]]]}},{"type":"Feature","properties":{"id":"lu-nt-sai-kung-22-16","class":"green_space","vegetationFraction":0.78,"pavedFraction":0.1,"waterFraction":0.006,"simulated":true},"geometry":{"type":"Polygon","coordinates":[[[114.27559999999994,22.340199999999996],[114.27719999999994,22.340199999999996],[114.27719999999994,22.341799999999996],[114.27559999999994,22.341799999999996],[114.27559999999994,22.340199999999996]]]}},{"type":"Feature","properties":{"id":"lu-nt-sai-kung-22-17","class":"urban_open_space","vegetationFraction":0.275,"pavedFraction":0.563,"waterFraction":0.028,"simulated":true},"geometry":{"type":"Polygon","coordinates":[[[114.27719999999994,22.340199999999996],[114.27879999999993,22.340199999999996],[114.27879999999993,22.341799999999996],[114.27719999999994,22.341799999999996],[114.27719999999994,22.340199999999996]]]}},{"type":"Feature","properties":{"id":"lu-nt-sai-kung-22-18","class":"green_space","vegetationFraction":0.449,"pavedFraction":0.399,"waterFraction":0.019,"simulated":true},"geometry":{"type":"Polygon","coordinates":[[[114.27879999999993,22.340199999999996],[114.28039999999993,22.340199999999996],[114.28039999999993,22.341799999999996],[114.27879999999993,22.341799999999996],[114.27879999999993,22.340199999999996]]]}},{"type":"Feature","properties":{"id":"lu-nt-sai-kung-22-19","class":"green_space","vegetationFraction":0.44,"pavedFraction":0.379,"waterFraction":0.026,"simulated":true},"geometry":{"type":"Polygon","coordinates":[[[114.28039999999993,22.340199999999996],[114.28199999999993,22.340199999999996],[114.28199999999993,22.341799999999996],[114.28039999999993,22.341799999999996],[114.28039999999993,22.340199999999996]]]}},{"type":"Feature","properties":{"id":"lu-nt-sai-kung-22-20","class":"urban_open_space","vegetationFraction":0.299,"pavedFraction":0.649,"waterFraction":0.024,"simulated":true},"geometry":{"type":"Polygon","coordinates":[[[114.28199999999993,22.340199999999996],[114.28359999999992,22.340199999999996],[114.28359999999992,22.341799999999996],[114.28199999999993,22.341799999999996],[114.28199999999993,22.340199999999996]]]}},{"type":"Feature","properties":{"id":"lu-nt-sai-kung-22-21","class":"urban_open_space","vegetationFraction":0.348,"pavedFraction":0.522,"waterFraction":0.033,"simulated":true},"geometry":{"type":"Polygon","coordinates":[[[114.28359999999992,22.340199999999996],[114.28519999999992,22.340199999999996],[114.28519999999992,22.341799999999996],[114.28359999999992,22.341799999999996],[114.28359999999992,22.340199999999996]]]}},{"type":"Feature","properties":{"id":"lu-nt-sai-kung-22-22","class":"built_up","vegetationFraction":0.225,"pavedFraction":0.494,"waterFraction":0.047,"simulated":true},"geometry":{"type":"Polygon","coordinates":[[[114.28519999999992,22.340199999999996],[114.28679999999991,22.340199999999996],[114.28679999999991,22.341799999999996],[114.28519999999992,22.341799999999996],[114.28519999999992,22.340199999999996]]]}},{"type":"Feature","properties":{"id":"lu-nt-sai-kung-22-23","class":"built_up","vegetationFraction":0.215,"pavedFraction":0.541,"waterFraction":0.035,"simulated":true},"geometry":{"type":"Polygon","coordinates":[[[114.28679999999991,22.340199999999996],[114.28839999999991,22.340199999999996],[114.28839999999991,22.341799999999996],[114.28679999999991,22.341799999999996],[114.28679999999991,22.340199999999996]]]}},{"type":"Feature","properties":{"id":"lu-nt-sai-kung-22-24","class":"built_up","vegetationFraction":0.233,"pavedFraction":0.355,"waterFraction":0.053,"simulated":true},"geometry":{"type":"Polygon","coordinates":[[[114.28839999999991,22.340199999999996],[114.2899999999999,22.340199999999996],[114.2899999999999,22.341799999999996],[114.28839999999991,22.341799999999996],[114.28839999999991,22.340199999999996]]]}},{"type":"Feature","properties":{"id":"lu-nt-sai-kung-22-25","class":"urban_open_space","vegetationFraction":0.269,"pavedFraction":0.556,"waterFraction":0.024,"simulated":true},"geometry":{"type":"Polygon","coordinates":[[[114.2899999999999,22.340199999999996],[114.2915999999999,22.340199999999996],[114.2915999999999,22.341799999999996],[114.2899999999999,22.341799999999996],[114.2899999999999,22.340199999999996]]]}},{"type":"Feature","properties":{"id":"lu-nt-sai-kung-22-26","class":"urban_open_space","vegetationFraction":0.29,"pavedFraction":0.383,"waterFraction":0.027,"simulated":true},"geometry":{"type":"Polygon","coordinates":[[[114.2915999999999,22.340199999999996],[114.2931999999999,22.340199999999996],[114.2931999999999,22.341799999999996],[114.2915999999999,22.341799999999996],[114.2915999999999,22.340199999999996]]]}},{"type":"Feature","properties":{"id":"lu-nt-sai-kung-22-27","class":"built_up","vegetationFraction":0.239,"pavedFraction":0.379,"waterFraction":0.001,"simulated":true},"geometry":{"type":"Polygon","coordinates":[[[114.2931999999999,22.340199999999996],[114.2947999999999,22.340199999999996],[114.2947999999999,22.341799999999996],[114.2931999999999,22.341799999999996],[114.2931999999999,22.340199999999996]]]}},{"type":"Feature","properties":{"id":"lu-nt-sai-kung-22-28","class":"urban_open_space","vegetationFraction":0.323,"pavedFraction":0.382,"waterFraction":0.039,"simulated":true},"geometry":{"type":"Polygon","coordinates":[[[114.2947999999999,22.340199999999996],[114.29639999999989,22.340199999999996],[114.29639999999989,22.341799999999996],[114.2947999999999,22.341799999999996],[114.2947999999999,22.340199999999996]]]}},{"type":"Feature","properties":{"id":"lu-nt-sai-kung-22-29","class":"urban_open_space","vegetationFraction":0.309,"pavedFraction":0.556,"waterFraction":0.044,"simulated":true},"geometry":{"type":"Polygon","coordinates":[[[114.29639999999989,22.340199999999996],[114.29799999999989,22.340199999999996],[114.29799999999989,22.341799999999996],[114.29639999999989,22.341799999999996],[114.29639999999989,22.340199999999996]]]}},{"type":"Feature","properties":{"id":"lu-nt-sai-kung-22-30","class":"green_space","vegetationFraction":0.405,"pavedFraction":0.524,"waterFraction":0.013,"simulated":true},"geometry":{"type":"Polygon","coordinates":[[[114.29799999999989,22.340199999999996],[114.29959999999988,22.340199999999996],[114.29959999999988,22.341799999999996],[114.29799999999989,22.341799999999996],[114.29799999999989,22.340199999999996]]]}},{"type":"Feature","properties":{"id":"lu-nt-sai-kung-23-00","class":"green_space","vegetationFraction":0.419,"pavedFraction":0.502,"waterFraction":0.006,"simulated":true},"geometry":{"type":"Polygon","coordinates":[[[114.25,22.341799999999996],[114.2516,22.341799999999996],[114.2516,22.343399999999995],[114.25,22.343399999999995],[114.25,22.341799999999996]]]}},{"type":"Feature","properties":{"id":"lu-nt-sai-kung-23-01","class":"built_up","vegetationFraction":0.224,"pavedFraction":0.591,"waterFraction":0.028,"simulated":true},"geometry":{"type":"Polygon","coordinates":[[[114.2516,22.341799999999996],[114.25319999999999,22.341799999999996],[114.25319999999999,22.343399999999995],[114.2516,22.343399999999995],[114.2516,22.341799999999996]]]}},{"type":"Feature","properties":{"id":"lu-nt-sai-kung-23-02","class":"built_up","vegetationFraction":0.216,"pavedFraction":0.498,"waterFraction":0.055,"simulated":true},"geometry":{"type":"Polygon","coordinates":[[[114.25319999999999,22.341799999999996],[114.25479999999999,22.341799999999996],[114.25479999999999,22.343399999999995],[114.25319999999999,22.343399999999995],[114.25319999999999,22.341799999999996]]]}},{"type":"Feature","properties":{"id":"lu-nt-sai-kung-23-03","class":"built_up","vegetationFraction":0.225,"pavedFraction":0.501,"waterFraction":0.004,"simulated":true},"geometry":{"type":"Polygon","coordinates":[[[114.25479999999999,22.341799999999996],[114.25639999999999,22.341799999999996],[114.25639999999999,22.343399999999995],[114.25479999999999,22.343399999999995],[114.25479999999999,22.341799999999996]]]}},{"type":"Feature","properties":{"id":"lu-nt-sai-kung-23-04","class":"built_up","vegetationFraction":0.249,"pavedFraction":0.578,"waterFraction":0.007,"simulated":true},"geometry":{"type":"Polygon","coordinates":[[[114.25639999999999,22.341799999999996],[114.25799999999998,22.341799999999996],[114.25799999999998,22.343399999999995],[114.25639999999999,22.343399999999995],[114.25639999999999,22.341799999999996]]]}},{"type":"Feature","properties":{"id":"lu-nt-sai-kung-23-05","class":"built_up","vegetationFraction":0.206,"pavedFraction":0.558,"waterFraction":0.011,"simulated":true},"geometry":{"type":"Polygon","coordinates":[[[114.25799999999998,22.341799999999996],[114.25959999999998,22.341799999999996],[114.25959999999998,22.343399999999995],[114.25799999999998,22.343399999999995],[114.25799999999998,22.341799999999996]]]}},{"type":"Feature","properties":{"id":"lu-nt-sai-kung-23-06","class":"built_up","vegetationFraction":0.223,"pavedFraction":0.546,"waterFraction":0.034,"simulated":true},"geometry":{"type":"Polygon","coordinates":[[[114.25959999999998,22.341799999999996],[114.26119999999997,22.341799999999996],[114.26119999999997,22.343399999999995],[114.25959999999998,22.343399999999995],[114.25959999999998,22.341799999999996]]]}},{"type":"Feature","properties":{"id":"lu-nt-sai-kung-23-07","class":"green_space","vegetationFraction":0.441,"pavedFraction":0.521,"waterFraction":0.019,"simulated":true},"geometry":{"type":"Polygon","coordinates":[[[114.26119999999997,22.341799999999996],[114.26279999999997,22.341799999999996],[114.26279999999997,22.343399999999995],[114.26119999999997,22.343399999999995],[114.26119999999997,22.341799999999996]]]}},{"type":"Feature","properties":{"id":"lu-nt-sai-kung-23-08","class":"green_space","vegetationFraction":0.78,"pavedFraction":0.1,"waterFraction":0.027,"simulated":true},"geometry":{"type":"Polygon","coordinates":[[[114.26279999999997,22.341799999999996],[114.26439999999997,22.341799999999996],[114.26439999999997,22.343399999999995],[114.26279999999997,22.343399999999995],[114.26279999999997,22.341799999999996]]]}},{"type":"Feature","properties":{"id":"lu-nt-sai-kung-23-09","class":"green_space","vegetationFraction":0.78,"pavedFraction":0.1,"waterFraction":0.057,"simulated":true},"geometry":{"type":"Polygon","coordinates":[[[114.26439999999997,22.341799999999996],[114.26599999999996,22.341799999999996],[114.26599999999996,22.343399999999995],[114.26439999999997,22.343399999999995],[114.26439999999997,22.341799999999996]]]}},{"type":"Feature","properties":{"id":"lu-nt-sai-kung-23-10","class":"green_space","vegetationFraction":0.78,"pavedFraction":0.1,"waterFraction":0.006,"simulated":true},"geometry":{"type":"Polygon","coordinates":[[[114.26599999999996,22.341799999999996],[114.26759999999996,22.341799999999996],[114.26759999999996,22.343399999999995],[114.26599999999996,22.343399999999995],[114.26599999999996,22.341799999999996]]]}},{"type":"Feature","properties":{"id":"lu-nt-sai-kung-23-11","class":"green_space","vegetationFraction":0.78,"pavedFraction":0.1,"waterFraction":0.011,"simulated":true},"geometry":{"type":"Polygon","coordinates":[[[114.26759999999996,22.341799999999996],[114.26919999999996,22.341799999999996],[114.26919999999996,22.343399999999995],[114.26759999999996,22.343399999999995],[114.26759999999996,22.341799999999996]]]}},{"type":"Feature","properties":{"id":"lu-nt-sai-kung-23-12","class":"green_space","vegetationFraction":0.78,"pavedFraction":0.1,"waterFraction":0.048,"simulated":true},"geometry":{"type":"Polygon","coordinates":[[[114.26919999999996,22.341799999999996],[114.27079999999995,22.341799999999996],[114.27079999999995,22.343399999999995],[114.26919999999996,22.343399999999995],[114.26919999999996,22.341799999999996]]]}},{"type":"Feature","properties":{"id":"lu-nt-sai-kung-23-13","class":"green_space","vegetationFraction":0.78,"pavedFraction":0.1,"waterFraction":0.048,"simulated":true},"geometry":{"type":"Polygon","coordinates":[[[114.27079999999995,22.341799999999996],[114.27239999999995,22.341799999999996],[114.27239999999995,22.343399999999995],[114.27079999999995,22.343399999999995],[114.27079999999995,22.341799999999996]]]}},{"type":"Feature","properties":{"id":"lu-nt-sai-kung-23-14","class":"green_space","vegetationFraction":0.78,"pavedFraction":0.1,"waterFraction":0.01,"simulated":true},"geometry":{"type":"Polygon","coordinates":[[[114.27239999999995,22.341799999999996],[114.27399999999994,22.341799999999996],[114.27399999999994,22.343399999999995],[114.27239999999995,22.343399999999995],[114.27239999999995,22.341799999999996]]]}},{"type":"Feature","properties":{"id":"lu-nt-sai-kung-23-15","class":"green_space","vegetationFraction":0.78,"pavedFraction":0.1,"waterFraction":0.042,"simulated":true},"geometry":{"type":"Polygon","coordinates":[[[114.27399999999994,22.341799999999996],[114.27559999999994,22.341799999999996],[114.27559999999994,22.343399999999995],[114.27399999999994,22.343399999999995],[114.27399999999994,22.341799999999996]]]}},{"type":"Feature","properties":{"id":"lu-nt-sai-kung-23-16","class":"green_space","vegetationFraction":0.78,"pavedFraction":0.1,"waterFraction":0.037,"simulated":true},"geometry":{"type":"Polygon","coordinates":[[[114.27559999999994,22.341799999999996],[114.27719999999994,22.341799999999996],[114.27719999999994,22.343399999999995],[114.27559999999994,22.343399999999995],[114.27559999999994,22.341799999999996]]]}},{"type":"Feature","properties":{"id":"lu-nt-sai-kung-23-17","class":"urban_open_space","vegetationFraction":0.361,"pavedFraction":0.472,"waterFraction":0.055,"simulated":true},"geometry":{"type":"Polygon","coordinates":[[[114.27719999999994,22.341799999999996],[114.27879999999993,22.341799999999996],[114.27879999999993,22.343399999999995],[114.27719999999994,22.343399999999995],[114.27719999999994,22.341799999999996]]]}},{"type":"Feature","properties":{"id":"lu-nt-sai-kung-23-18","class":"green_space","vegetationFraction":0.426,"pavedFraction":0.428,"waterFraction":0.041,"simulated":true},"geometry":{"type":"Polygon","coordinates":[[[114.27879999999993,22.341799999999996],[114.28039999999993,22.341799999999996],[114.28039999999993,22.343399999999995],[114.27879999999993,22.343399999999995],[114.27879999999993,22.341799999999996]]]}},{"type":"Feature","properties":{"id":"lu-nt-sai-kung-23-19","class":"urban_open_space","vegetationFraction":0.306,"pavedFraction":0.531,"waterFraction":0.001,"simulated":true},"geometry":{"type":"Polygon","coordinates":[[[114.28039999999993,22.341799999999996],[114.28199999999993,22.341799999999996],[114.28199999999993,22.343399999999995],[114.28039999999993,22.343399999999995],[114.28039999999993,22.341799999999996]]]}},{"type":"Feature","properties":{"id":"lu-nt-sai-kung-23-20","class":"urban_open_space","vegetationFraction":0.356,"pavedFraction":0.462,"waterFraction":0.038,"simulated":true},"geometry":{"type":"Polygon","coordinates":[[[114.28199999999993,22.341799999999996],[114.28359999999992,22.341799999999996],[114.28359999999992,22.343399999999995],[114.28199999999993,22.343399999999995],[114.28199999999993,22.341799999999996]]]}},{"type":"Feature","properties":{"id":"lu-nt-sai-kung-23-21","class":"built_up","vegetationFraction":0.25,"pavedFraction":0.455,"waterFraction":0.053,"simulated":true},"geometry":{"type":"Polygon","coordinates":[[[114.28359999999992,22.341799999999996],[114.28519999999992,22.341799999999996],[114.28519999999992,22.343399999999995],[114.28359999999992,22.343399999999995],[114.28359999999992,22.341799999999996]]]}},{"type":"Feature","properties":{"id":"lu-nt-sai-kung-23-22","class":"green_space","vegetationFraction":0.414,"pavedFraction":0.51,"waterFraction":0.012,"simulated":true},"geometry":{"type":"Polygon","coordinates":[[[114.28519999999992,22.341799999999996],[114.28679999999991,22.341799999999996],[114.28679999999991,22.343399999999995],[114.28519999999992,22.343399999999995],[114.28519999999992,22.341799999999996]]]}},{"type":"Feature","properties":{"id":"lu-nt-sai-kung-23-23","class":"urban_open_space","vegetationFraction":0.271,"pavedFraction":0.491,"waterFraction":0.036,"simulated":true},"geometry":{"type":"Polygon","coordinates":[[[114.28679999999991,22.341799999999996],[114.28839999999991,22.341799999999996],[114.28839999999991,22.343399999999995],[114.28679999999991,22.343399999999995],[114.28679999999991,22.341799999999996]]]}},{"type":"Feature","properties":{"id":"lu-nt-sai-kung-23-24","class":"green_space","vegetationFraction":0.44,"pavedFraction":0.621,"waterFraction":0.036,"simulated":true},"geometry":{"type":"Polygon","coordinates":[[[114.28839999999991,22.341799999999996],[114.2899999999999,22.341799999999996],[114.2899999999999,22.343399999999995],[114.28839999999991,22.343399999999995],[114.28839999999991,22.341799999999996]]]}},{"type":"Feature","properties":{"id":"lu-nt-sai-kung-23-25","class":"green_space","vegetationFraction":0.404,"pavedFraction":0.596,"waterFraction":0.042,"simulated":true},"geometry":{"type":"Polygon","coordinates":[[[114.2899999999999,22.341799999999996],[114.2915999999999,22.341799999999996],[114.2915999999999,22.343399999999995],[114.2899999999999,22.343399999999995],[114.2899999999999,22.341799999999996]]]}},{"type":"Feature","properties":{"id":"lu-nt-sai-kung-23-26","class":"urban_open_space","vegetationFraction":0.384,"pavedFraction":0.391,"waterFraction":0.043,"simulated":true},"geometry":{"type":"Polygon","coordinates":[[[114.2915999999999,22.341799999999996],[114.2931999999999,22.341799999999996],[114.2931999999999,22.343399999999995],[114.2915999999999,22.343399999999995],[114.2915999999999,22.341799999999996]]]}},{"type":"Feature","properties":{"id":"lu-nt-sai-kung-23-27","class":"urban_open_space","vegetationFraction":0.339,"pavedFraction":0.532,"waterFraction":0.003,"simulated":true},"geometry":{"type":"Polygon","coordinates":[[[114.2931999999999,22.341799999999996],[114.2947999999999,22.341799999999996],[114.2947999999999,22.343399999999995],[114.2931999999999,22.343399999999995],[114.2931999999999,22.341799999999996]]]}},{"type":"Feature","properties":{"id":"lu-nt-sai-kung-23-28","class":"urban_open_space","vegetationFraction":0.368,"pavedFraction":0.542,"waterFraction":0.032,"simulated":true},"geometry":{"type":"Polygon","coordinates":[[[114.2947999999999,22.341799999999996],[114.29639999999989,22.341799999999996],[114.29639999999989,22.343399999999995],[114.2947999999999,22.343399999999995],[114.2947999999999,22.341799999999996]]]}},{"type":"Feature","properties":{"id":"lu-nt-sai-kung-23-29","class":"urban_open_space","vegetationFraction":0.279,"pavedFraction":0.475,"waterFraction":0.018,"simulated":true},"geometry":{"type":"Polygon","coordinates":[[[114.29639999999989,22.341799999999996],[114.29799999999989,22.341799999999996],[114.29799999999989,22.343399999999995],[114.29639999999989,22.343399999999995],[114.29639999999989,22.341799999999996]]]}},{"type":"Feature","properties":{"id":"lu-nt-sai-kung-23-30","class":"urban_open_space","vegetationFraction":0.283,"pavedFraction":0.437,"waterFraction":0.025,"simulated":true},"geometry":{"type":"Polygon","coordinates":[[[114.29799999999989,22.341799999999996],[114.29959999999988,22.341799999999996],[114.29959999999988,22.343399999999995],[114.29799999999989,22.343399999999995],[114.29799999999989,22.341799999999996]]]}},{"type":"Feature","properties":{"id":"lu-nt-sai-kung-24-00","class":"urban_open_space","vegetationFraction":0.312,"pavedFraction":0.559,"waterFraction":0.022,"simulated":true},"geometry":{"type":"Polygon","coordinates":[[[114.25,22.343399999999995],[114.2516,22.343399999999995],[114.2516,22.344999999999995],[114.25,22.344999999999995],[114.25,22.343399999999995]]]}},{"type":"Feature","properties":{"id":"lu-nt-sai-kung-24-01","class":"built_up","vegetationFraction":0.249,"pavedFraction":0.364,"waterFraction":0.033,"simulated":true},"geometry":{"type":"Polygon","coordinates":[[[114.2516,22.343399999999995],[114.25319999999999,22.343399999999995],[114.25319999999999,22.344999999999995],[114.2516,22.344999999999995],[114.2516,22.343399999999995]]]}},{"type":"Feature","properties":{"id":"lu-nt-sai-kung-24-02","class":"urban_open_space","vegetationFraction":0.26,"pavedFraction":0.536,"waterFraction":0.036,"simulated":true},"geometry":{"type":"Polygon","coordinates":[[[114.25319999999999,22.343399999999995],[114.25479999999999,22.343399999999995],[114.25479999999999,22.344999999999995],[114.25319999999999,22.344999999999995],[114.25319999999999,22.343399999999995]]]}},{"type":"Feature","properties":{"id":"lu-nt-sai-kung-24-03","class":"urban_open_space","vegetationFraction":0.282,"pavedFraction":0.615,"waterFraction":0.017,"simulated":true},"geometry":{"type":"Polygon","coordinates":[[[114.25479999999999,22.343399999999995],[114.25639999999999,22.343399999999995],[114.25639999999999,22.344999999999995],[114.25479999999999,22.344999999999995],[114.25479999999999,22.343399999999995]]]}},{"type":"Feature","properties":{"id":"lu-nt-sai-kung-24-04","class":"green_space","vegetationFraction":0.444,"pavedFraction":0.421,"waterFraction":0.059,"simulated":true},"geometry":{"type":"Polygon","coordinates":[[[114.25639999999999,22.343399999999995],[114.25799999999998,22.343399999999995],[114.25799999999998,22.344999999999995],[114.25639999999999,22.344999999999995],[114.25639999999999,22.343399999999995]]]}},{"type":"Feature","properties":{"id":"lu-nt-sai-kung-24-05","class":"urban_open_space","vegetationFraction":0.333,"pavedFraction":0.585,"waterFraction":0.006,"simulated":true},"geometry":{"type":"Polygon","coordinates":[[[114.25799999999998,22.343399999999995],[114.25959999999998,22.343399999999995],[114.25959999999998,22.344999999999995],[114.25799999999998,22.344999999999995],[114.25799999999998,22.343399999999995]]]}},{"type":"Feature","properties":{"id":"lu-nt-sai-kung-24-06","class":"built_up","vegetationFraction":0.213,"pavedFraction":0.39,"waterFraction":0.015,"simulated":true},"geometry":{"type":"Polygon","coordinates":[[[114.25959999999998,22.343399999999995],[114.26119999999997,22.343399999999995],[114.26119999999997,22.344999999999995],[114.25959999999998,22.344999999999995],[114.25959999999998,22.343399999999995]]]}},{"type":"Feature","properties":{"id":"lu-nt-sai-kung-24-07","class":"green_space","vegetationFraction":0.41,"pavedFraction":0.466,"waterFraction":0.037,"simulated":true},"geometry":{"type":"Polygon","coordinates":[[[114.26119999999997,22.343399999999995],[114.26279999999997,22.343399999999995],[114.26279999999997,22.344999999999995],[114.26119999999997,22.344999999999995],[114.26119999999997,22.343399999999995]]]}},{"type":"Feature","properties":{"id":"lu-nt-sai-kung-24-08","class":"green_space","vegetationFraction":0.78,"pavedFraction":0.1,"waterFraction":0.05,"simulated":true},"geometry":{"type":"Polygon","coordinates":[[[114.26279999999997,22.343399999999995],[114.26439999999997,22.343399999999995],[114.26439999999997,22.344999999999995],[114.26279999999997,22.344999999999995],[114.26279999999997,22.343399999999995]]]}},{"type":"Feature","properties":{"id":"lu-nt-sai-kung-24-09","class":"green_space","vegetationFraction":0.78,"pavedFraction":0.1,"waterFraction":0.029,"simulated":true},"geometry":{"type":"Polygon","coordinates":[[[114.26439999999997,22.343399999999995],[114.26599999999996,22.343399999999995],[114.26599999999996,22.344999999999995],[114.26439999999997,22.344999999999995],[114.26439999999997,22.343399999999995]]]}},{"type":"Feature","properties":{"id":"lu-nt-sai-kung-24-10","class":"green_space","vegetationFraction":0.78,"pavedFraction":0.1,"waterFraction":0.001,"simulated":true},"geometry":{"type":"Polygon","coordinates":[[[114.26599999999996,22.343399999999995],[114.26759999999996,22.343399999999995],[114.26759999999996,22.344999999999995],[114.26599999999996,22.344999999999995],[114.26599999999996,22.343399999999995]]]}},{"type":"Feature","properties":{"id":"lu-nt-sai-kung-24-11","class":"green_space","vegetationFraction":0.78,"pavedFraction":0.1,"waterFraction":0.058,"simulated":true},"geometry":{"type":"Polygon","coordinates":[[[114.26759999999996,22.343399999999995],[114.26919999999996,22.343399999999995],[114.26919999999996,22.344999999999995],[114.26759999999996,22.344999999999995],[114.26759999999996,22.343399999999995]]]}},{"type":"Feature","properties":{"id":"lu-nt-sai-kung-24-12","class":"green_space","vegetationFraction":0.78,"pavedFraction":0.1,"waterFraction":0.011,"simulated":true},"geometry":{"type":"Polygon","coordinates":[[[114.26919999999996,22.343399999999995],[114.27079999999995,22.343399999999995],[114.27079999999995,22.344999999999995],[114.26919999999996,22.344999999999995],[114.26919999999996,22.343399999999995]]]}},{"type":"Feature","properties":{"id":"lu-nt-sai-kung-24-13","class":"green_space","vegetationFraction":0.78,"pavedFraction":0.1,"waterFraction":0.056,"simulated":true},"geometry":{"type":"Polygon","coordinates":[[[114.27079999999995,22.343399999999995],[114.27239999999995,22.343399999999995],[114.27239999999995,22.344999999999995],[114.27079999999995,22.344999999999995],[114.27079999999995,22.343399999999995]]]}},{"type":"Feature","properties":{"id":"lu-nt-sai-kung-24-14","class":"green_space","vegetationFraction":0.78,"pavedFraction":0.1,"waterFraction":0.059,"simulated":true},"geometry":{"type":"Polygon","coordinates":[[[114.27239999999995,22.343399999999995],[114.27399999999994,22.343399999999995],[114.27399999999994,22.344999999999995],[114.27239999999995,22.344999999999995],[114.27239999999995,22.343399999999995]]]}},{"type":"Feature","properties":{"id":"lu-nt-sai-kung-24-15","class":"green_space","vegetationFraction":0.78,"pavedFraction":0.1,"waterFraction":0.01,"simulated":true},"geometry":{"type":"Polygon","coordinates":[[[114.27399999999994,22.343399999999995],[114.27559999999994,22.343399999999995],[114.27559999999994,22.344999999999995],[114.27399999999994,22.344999999999995],[114.27399999999994,22.343399999999995]]]}},{"type":"Feature","properties":{"id":"lu-nt-sai-kung-24-16","class":"green_space","vegetationFraction":0.78,"pavedFraction":0.1,"waterFraction":0.036,"simulated":true},"geometry":{"type":"Polygon","coordinates":[[[114.27559999999994,22.343399999999995],[114.27719999999994,22.343399999999995],[114.27719999999994,22.344999999999995],[114.27559999999994,22.344999999999995],[114.27559999999994,22.343399999999995]]]}},{"type":"Feature","properties":{"id":"lu-nt-sai-kung-24-17","class":"urban_open_space","vegetationFraction":0.352,"pavedFraction":0.531,"waterFraction":0.032,"simulated":true},"geometry":{"type":"Polygon","coordinates":[[[114.27719999999994,22.343399999999995],[114.27879999999993,22.343399999999995],[114.27879999999993,22.344999999999995],[114.27719999999994,22.344999999999995],[114.27719999999994,22.343399999999995]]]}},{"type":"Feature","properties":{"id":"lu-nt-sai-kung-24-18","class":"urban_open_space","vegetationFraction":0.358,"pavedFraction":0.371,"waterFraction":0.041,"simulated":true},"geometry":{"type":"Polygon","coordinates":[[[114.27879999999993,22.343399999999995],[114.28039999999993,22.343399999999995],[114.28039999999993,22.344999999999995],[114.27879999999993,22.344999999999995],[114.27879999999993,22.343399999999995]]]}},{"type":"Feature","properties":{"id":"lu-nt-sai-kung-24-19","class":"green_space","vegetationFraction":0.448,"pavedFraction":0.434,"waterFraction":0.044,"simulated":true},"geometry":{"type":"Polygon","coordinates":[[[114.28039999999993,22.343399999999995],[114.28199999999993,22.343399999999995],[114.28199999999993,22.344999999999995],[114.28039999999993,22.344999999999995],[114.28039999999993,22.343399999999995]]]}},{"type":"Feature","properties":{"id":"lu-nt-sai-kung-24-20","class":"green_space","vegetationFraction":0.401,"pavedFraction":0.615,"waterFraction":0.022,"simulated":true},"geometry":{"type":"Polygon","coordinates":[[[114.28199999999993,22.343399999999995],[114.28359999999992,22.343399999999995],[114.28359999999992,22.344999999999995],[114.28199999999993,22.344999999999995],[114.28199999999993,22.343399999999995]]]}},{"type":"Feature","properties":{"id":"lu-nt-sai-kung-24-21","class":"urban_open_space","vegetationFraction":0.306,"pavedFraction":0.561,"waterFraction":0.039,"simulated":true},"geometry":{"type":"Polygon","coordinates":[[[114.28359999999992,22.343399999999995],[114.28519999999992,22.343399999999995],[114.28519999999992,22.344999999999995],[114.28359999999992,22.344999999999995],[114.28359999999992,22.343399999999995]]]}},{"type":"Feature","properties":{"id":"lu-nt-sai-kung-24-22","class":"urban_open_space","vegetationFraction":0.31,"pavedFraction":0.61,"waterFraction":0.038,"simulated":true},"geometry":{"type":"Polygon","coordinates":[[[114.28519999999992,22.343399999999995],[114.28679999999991,22.343399999999995],[114.28679999999991,22.344999999999995],[114.28519999999992,22.344999999999995],[114.28519999999992,22.343399999999995]]]}},{"type":"Feature","properties":{"id":"lu-nt-sai-kung-24-23","class":"urban_open_space","vegetationFraction":0.346,"pavedFraction":0.382,"waterFraction":0.005,"simulated":true},"geometry":{"type":"Polygon","coordinates":[[[114.28679999999991,22.343399999999995],[114.28839999999991,22.343399999999995],[114.28839999999991,22.344999999999995],[114.28679999999991,22.344999999999995],[114.28679999999991,22.343399999999995]]]}},{"type":"Feature","properties":{"id":"lu-nt-sai-kung-24-24","class":"urban_open_space","vegetationFraction":0.278,"pavedFraction":0.449,"waterFraction":0.024,"simulated":true},"geometry":{"type":"Polygon","coordinates":[[[114.28839999999991,22.343399999999995],[114.2899999999999,22.343399999999995],[114.2899999999999,22.344999999999995],[114.28839999999991,22.344999999999995],[114.28839999999991,22.343399999999995]]]}},{"type":"Feature","properties":{"id":"lu-nt-sai-kung-24-25","class":"green_space","vegetationFraction":0.442,"pavedFraction":0.399,"waterFraction":0.033,"simulated":true},"geometry":{"type":"Polygon","coordinates":[[[114.2899999999999,22.343399999999995],[114.2915999999999,22.343399999999995],[114.2915999999999,22.344999999999995],[114.2899999999999,22.344999999999995],[114.2899999999999,22.343399999999995]]]}},{"type":"Feature","properties":{"id":"lu-nt-sai-kung-24-26","class":"urban_open_space","vegetationFraction":0.276,"pavedFraction":0.481,"waterFraction":0.051,"simulated":true},"geometry":{"type":"Polygon","coordinates":[[[114.2915999999999,22.343399999999995],[114.2931999999999,22.343399999999995],[114.2931999999999,22.344999999999995],[114.2915999999999,22.344999999999995],[114.2915999999999,22.343399999999995]]]}},{"type":"Feature","properties":{"id":"lu-nt-sai-kung-24-27","class":"green_space","vegetationFraction":0.41,"pavedFraction":0.629,"waterFraction":0.035,"simulated":true},"geometry":{"type":"Polygon","coordinates":[[[114.2931999999999,22.343399999999995],[114.2947999999999,22.343399999999995],[114.2947999999999,22.344999999999995],[114.2931999999999,22.344999999999995],[114.2931999999999,22.343399999999995]]]}},{"type":"Feature","properties":{"id":"lu-nt-sai-kung-24-28","class":"green_space","vegetationFraction":0.409,"pavedFraction":0.563,"waterFraction":0.008,"simulated":true},"geometry":{"type":"Polygon","coordinates":[[[114.2947999999999,22.343399999999995],[114.29639999999989,22.343399999999995],[114.29639999999989,22.344999999999995],[114.2947999999999,22.344999999999995],[114.2947999999999,22.343399999999995]]]}},{"type":"Feature","properties":{"id":"lu-nt-sai-kung-24-29","class":"green_space","vegetationFraction":0.434,"pavedFraction":0.641,"waterFraction":0.035,"simulated":true},"geometry":{"type":"Polygon","coordinates":[[[114.29639999999989,22.343399999999995],[114.29799999999989,22.343399999999995],[114.29799999999989,22.344999999999995],[114.29639999999989,22.344999999999995],[114.29639999999989,22.343399999999995]]]}},{"type":"Feature","properties":{"id":"lu-nt-sai-kung-24-30","class":"green_space","vegetationFraction":0.424,"pavedFraction":0.561,"waterFraction":0.025,"simulated":true},"geometry":{"type":"Polygon","coordinates":[[[114.29799999999989,22.343399999999995],[114.29959999999988,22.343399999999995],[114.29959999999988,22.344999999999995],[114.29799999999989,22.344999999999995],[114.29799999999989,22.343399999999995]]]}},{"type":"Feature","properties":{"id":"lu-nt-sai-kung-25-00","class":"green_space","vegetationFraction":0.431,"pavedFraction":0.534,"waterFraction":0.028,"simulated":true},"geometry":{"type":"Polygon","coordinates":[[[114.25,22.344999999999995],[114.2516,22.344999999999995],[114.2516,22.346599999999995],[114.25,22.346599999999995],[114.25,22.344999999999995]]]}},{"type":"Feature","properties":{"id":"lu-nt-sai-kung-25-01","class":"urban_open_space","vegetationFraction":0.273,"pavedFraction":0.41,"waterFraction":0.058,"simulated":true},"geometry":{"type":"Polygon","coordinates":[[[114.2516,22.344999999999995],[114.25319999999999,22.344999999999995],[114.25319999999999,22.346599999999995],[114.2516,22.346599999999995],[114.2516,22.344999999999995]]]}},{"type":"Feature","properties":{"id":"lu-nt-sai-kung-25-02","class":"green_space","vegetationFraction":0.435,"pavedFraction":0.458,"waterFraction":0.052,"simulated":true},"geometry":{"type":"Polygon","coordinates":[[[114.25319999999999,22.344999999999995],[114.25479999999999,22.344999999999995],[114.25479999999999,22.346599999999995],[114.25319999999999,22.346599999999995],[114.25319999999999,22.344999999999995]]]}},{"type":"Feature","properties":{"id":"lu-nt-sai-kung-25-03","class":"built_up","vegetationFraction":0.249,"pavedFraction":0.575,"waterFraction":0.009,"simulated":true},"geometry":{"type":"Polygon","coordinates":[[[114.25479999999999,22.344999999999995],[114.25639999999999,22.344999999999995],[114.25639999999999,22.346599999999995],[114.25479999999999,22.346599999999995],[114.25479999999999,22.344999999999995]]]}},{"type":"Feature","properties":{"id":"lu-nt-sai-kung-25-04","class":"urban_open_space","vegetationFraction":0.392,"pavedFraction":0.523,"waterFraction":0.038,"simulated":true},"geometry":{"type":"Polygon","coordinates":[[[114.25639999999999,22.344999999999995],[114.25799999999998,22.344999999999995],[114.25799999999998,22.346599999999995],[114.25639999999999,22.346599999999995],[114.25639999999999,22.344999999999995]]]}},{"type":"Feature","properties":{"id":"lu-nt-sai-kung-25-05","class":"urban_open_space","vegetationFraction":0.254,"pavedFraction":0.504,"waterFraction":0.024,"simulated":true},"geometry":{"type":"Polygon","coordinates":[[[114.25799999999998,22.344999999999995],[114.25959999999998,22.344999999999995],[114.25959999999998,22.346599999999995],[114.25799999999998,22.346599999999995],[114.25799999999998,22.344999999999995]]]}},{"type":"Feature","properties":{"id":"lu-nt-sai-kung-25-06","class":"urban_open_space","vegetationFraction":0.315,"pavedFraction":0.609,"waterFraction":0.048,"simulated":true},"geometry":{"type":"Polygon","coordinates":[[[114.25959999999998,22.344999999999995],[114.26119999999997,22.344999999999995],[114.26119999999997,22.346599999999995],[114.25959999999998,22.346599999999995],[114.25959999999998,22.344999999999995]]]}},{"type":"Feature","properties":{"id":"lu-nt-sai-kung-25-07","class":"green_space","vegetationFraction":0.427,"pavedFraction":0.456,"waterFraction":0.048,"simulated":true},"geometry":{"type":"Polygon","coordinates":[[[114.26119999999997,22.344999999999995],[114.26279999999997,22.344999999999995],[114.26279999999997,22.346599999999995],[114.26119999999997,22.346599999999995],[114.26119999999997,22.344999999999995]]]}},{"type":"Feature","properties":{"id":"lu-nt-sai-kung-25-08","class":"green_space","vegetationFraction":0.78,"pavedFraction":0.1,"waterFraction":0.006,"simulated":true},"geometry":{"type":"Polygon","coordinates":[[[114.26279999999997,22.344999999999995],[114.26439999999997,22.344999999999995],[114.26439999999997,22.346599999999995],[114.26279999999997,22.346599999999995],[114.26279999999997,22.344999999999995]]]}},{"type":"Feature","properties":{"id":"lu-nt-sai-kung-25-09","class":"green_space","vegetationFraction":0.78,"pavedFraction":0.1,"waterFraction":0.015,"simulated":true},"geometry":{"type":"Polygon","coordinates":[[[114.26439999999997,22.344999999999995],[114.26599999999996,22.344999999999995],[114.26599999999996,22.346599999999995],[114.26439999999997,22.346599999999995],[114.26439999999997,22.344999999999995]]]}},{"type":"Feature","properties":{"id":"lu-nt-sai-kung-25-10","class":"green_space","vegetationFraction":0.78,"pavedFraction":0.1,"waterFraction":0.0,"simulated":true},"geometry":{"type":"Polygon","coordinates":[[[114.26599999999996,22.344999999999995],[114.26759999999996,22.344999999999995],[114.26759999999996,22.346599999999995],[114.26599999999996,22.346599999999995],[114.26599999999996,22.344999999999995]]]}},{"type":"Feature","properties":{"id":"lu-nt-sai-kung-25-11","class":"green_space","vegetationFraction":0.78,"pavedFraction":0.1,"waterFraction":0.023,"simulated":true},"geometry":{"type":"Polygon","coordinates":[[[114.26759999999996,22.344999999999995],[114.26919999999996,22.344999999999995],[114.26919999999996,22.346599999999995],[114.26759999999996,22.346599999999995],[114.26759999999996,22.344999999999995]]]}},{"type":"Feature","properties":{"id":"lu-nt-sai-kung-25-12","class":"green_space","vegetationFraction":0.78,"pavedFraction":0.1,"waterFraction":0.035,"simulated":true},"geometry":{"type":"Polygon","coordinates":[[[114.26919999999996,22.344999999999995],[114.27079999999995,22.344999999999995],[114.27079999999995,22.346599999999995],[114.26919999999996,22.346599999999995],[114.26919999999996,22.344999999999995]]]}},{"type":"Feature","properties":{"id":"lu-nt-sai-kung-25-13","class":"green_space","vegetationFraction":0.78,"pavedFraction":0.1,"waterFraction":0.003,"simulated":true},"geometry":{"type":"Polygon","coordinates":[[[114.27079999999995,22.344999999999995],[114.27239999999995,22.344999999999995],[114.27239999999995,22.346599999999995],[114.27079999999995,22.346599999999995],[114.27079999999995,22.344999999999995]]]}},{"type":"Feature","properties":{"id":"lu-nt-sai-kung-25-14","class":"green_space","vegetationFraction":0.78,"pavedFraction":0.1,"waterFraction":0.043,"simulated":true},"geometry":{"type":"Polygon","coordinates":[[[114.27239999999995,22.344999999999995],[114.27399999999994,22.344999999999995],[114.27399999999994,22.346599999999995],[114.27239999999995,22.346599999999995],[114.27239999999995,22.344999999999995]]]}},{"type":"Feature","properties":{"id":"lu-nt-sai-kung-25-15","class":"green_space","vegetationFraction":0.78,"pavedFraction":0.1,"waterFraction":0.014,"simulated":true},"geometry":{"type":"Polygon","coordinates":[[[114.27399999999994,22.344999999999995],[114.27559999999994,22.344999999999995],[114.27559999999994,22.346599999999995],[114.27399999999994,22.346599999999995],[114.27399999999994,22.344999999999995]]]}},{"type":"Feature","properties":{"id":"lu-nt-sai-kung-25-16","class":"green_space","vegetationFraction":0.78,"pavedFraction":0.1,"waterFraction":0.05,"simulated":true},"geometry":{"type":"Polygon","coordinates":[[[114.27559999999994,22.344999999999995],[114.27719999999994,22.344999999999995],[114.27719999999994,22.346599999999995],[114.27559999999994,22.346599999999995],[114.27559999999994,22.344999999999995]]]}},{"type":"Feature","properties":{"id":"lu-nt-sai-kung-25-17","class":"urban_open_space","vegetationFraction":0.324,"pavedFraction":0.422,"waterFraction":0.03,"simulated":true},"geometry":{"type":"Polygon","coordinates":[[[114.27719999999994,22.344999999999995],[114.27879999999993,22.344999999999995],[114.27879999999993,22.346599999999995],[114.27719999999994,22.346599999999995],[114.27719999999994,22.344999999999995]]]}},{"type":"Feature","properties":{"id":"lu-nt-sai-kung-25-18","class":"urban_open_space","vegetationFraction":0.362,"pavedFraction":0.548,"waterFraction":0.007,"simulated":true},"geometry":{"type":"Polygon","coordinates":[[[114.27879999999993,22.344999999999995],[114.28039999999993,22.344999999999995],[114.28039999999993,22.346599999999995],[114.27879999999993,22.346599999999995],[114.27879999999993,22.344999999999995]]]}},{"type":"Feature","properties":{"id":"lu-nt-sai-kung-25-19","class":"built_up","vegetationFraction":0.203,"pavedFraction":0.501,"waterFraction":0.049,"simulated":true},"geometry":{"type":"Polygon","coordinates":[[[114.28039999999993,22.344999999999995],[114.28199999999993,22.344999999999995],[114.28199999999993,22.346599999999995],[114.28039999999993,22.346599999999995],[114.28039999999993,22.344999999999995]]]}},{"type":"Feature","properties":{"id":"lu-nt-sai-kung-25-20","class":"urban_open_space","vegetationFraction":0.378,"pavedFraction":0.568,"waterFraction":0.019,"simulated":true},"geometry":{"type":"Polygon","coordinates":[[[114.28199999999993,22.344999999999995],[114.28359999999992,22.344999999999995],[114.28359999999992,22.346599999999995],[114.28199999999993,22.346599999999995],[114.28199999999993,22.344999999999995]]]}},{"type":"Feature","properties":{"id":"lu-nt-sai-kung-25-21","class":"urban_open_space","vegetationFraction":0.36,"pavedFraction":0.496,"waterFraction":0.053,"simulated":true},"geometry":{"type":"Polygon","coordinates":[[[114.28359999999992,22.344999999999995],[114.28519999999992,22.344999999999995],[114.28519999999992,22.346599999999995],[114.28359999999992,22.346599999999995],[114.28359999999992,22.344999999999995]]]}},{"type":"Feature","properties":{"id":"lu-nt-sai-kung-25-22","class":"built_up","vegetationFraction":0.223,"pavedFraction":0.559,"waterFraction":0.004,"simulated":true},"geometry":{"type":"Polygon","coordinates":[[[114.28519999999992,22.344999999999995],[114.28679999999991,22.344999999999995],[114.28679999999991,22.346599999999995],[114.28519999999992,22.346599999999995],[114.28519999999992,22.344999999999995]]]}},{"type":"Feature","properties":{"id":"lu-nt-sai-kung-25-23","class":"green_space","vegetationFraction":0.425,"pavedFraction":0.521,"waterFraction":0.005,"simulated":true},"geometry":{"type":"Polygon","coordinates":[[[114.28679999999991,22.344999999999995],[114.28839999999991,22.344999999999995],[114.28839999999991,22.346599999999995],[114.28679999999991,22.346599999999995],[114.28679999999991,22.344999999999995]]]}},{"type":"Feature","properties":{"id":"lu-nt-sai-kung-25-24","class":"green_space","vegetationFraction":0.409,"pavedFraction":0.359,"waterFraction":0.016,"simulated":true},"geometry":{"type":"Polygon","coordinates":[[[114.28839999999991,22.344999999999995],[114.2899999999999,22.344999999999995],[114.2899999999999,22.346599999999995],[114.28839999999991,22.346599999999995],[114.28839999999991,22.344999999999995]]]}},{"type":"Feature","properties":{"id":"lu-nt-sai-kung-25-25","class":"built_up","vegetationFraction":0.231,"pavedFraction":0.419,"waterFraction":0.042,"simulated":true},"geometry":{"type":"Polygon","coordinates":[[[114.2899999999999,22.344999999999995],[114.2915999999999,22.344999999999995],[114.2915999999999,22.346599999999995],[114.2899999999999,22.346599999999995],[114.2899999999999,22.344999999999995]]]}},{"type":"Feature","properties":{"id":"lu-nt-sai-kung-25-26","class":"urban_open_space","vegetationFraction":0.326,"pavedFraction":0.541,"waterFraction":0.043,"simulated":true},"geometry":{"type":"Polygon","coordinates":[[[114.2915999999999,22.344999999999995],[114.2931999999999,22.344999999999995],[114.2931999999999,22.346599999999995],[114.2915999999999,22.346599999999995],[114.2915999999999,22.344999999999995]]]}},{"type":"Feature","properties":{"id":"lu-nt-sai-kung-25-27","class":"urban_open_space","vegetationFraction":0.284,"pavedFraction":0.372,"waterFraction":0.018,"simulated":true},"geometry":{"type":"Polygon","coordinates":[[[114.2931999999999,22.344999999999995],[114.2947999999999,22.344999999999995],[114.2947999999999,22.346599999999995],[114.2931999999999,22.346599999999995],[114.2931999999999,22.344999999999995]]]}},{"type":"Feature","properties":{"id":"lu-nt-sai-kung-25-28","class":"built_up","vegetationFraction":0.202,"pavedFraction":0.409,"waterFraction":0.003,"simulated":true},"geometry":{"type":"Polygon","coordinates":[[[114.2947999999999,22.344999999999995],[114.29639999999989,22.344999999999995],[114.29639999999989,22.346599999999995],[114.2947999999999,22.346599999999995],[114.2947999999999,22.344999999999995]]]}},{"type":"Feature","properties":{"id":"lu-nt-sai-kung-25-29","class":"urban_open_space","vegetationFraction":0.286,"pavedFraction":0.597,"waterFraction":0.058,"simulated":true},"geometry":{"type":"Polygon","coordinates":[[[114.29639999999989,22.344999999999995],[114.29799999999989,22.344999999999995],[114.29799999999989,22.346599999999995],[114.29639999999989,22.346599999999995],[114.29639999999989,22.344999999999995]]]}},{"type":"Feature","properties":{"id":"lu-nt-sai-kung-25-30","class":"built_up","vegetationFraction":0.206,"pavedFraction":0.609,"waterFraction":0.021,"simulated":true},"geometry":{"type":"Polygon","coordinates":[[[114.29799999999989,22.344999999999995],[114.29959999999988,22.344999999999995],[114.29959999999988,22.346599999999995],[114.29799999999989,22.346599999999995],[114.29799999999989,22.344999999999995]]]}},{"type":"Feature","properties":{"id":"lu-nt-sai-kung-26-00","class":"built_up","vegetationFraction":0.218,"pavedFraction":0.421,"waterFraction":0.008,"simulated":true},"geometry":{"type":"Polygon","coordinates":[[[114.25,22.346599999999995],[114.2516,22.346599999999995],[114.2516,22.348199999999995],[114.25,22.348199999999995],[114.25,22.346599999999995]]]}},{"type":"Feature","properties":{"id":"lu-nt-sai-kung-26-01","class":"green_space","vegetationFraction":0.443,"pavedFraction":0.498,"waterFraction":0.013,"simulated":true},"geometry":{"type":"Polygon","coordinates":[[[114.2516,22.346599999999995],[114.25319999999999,22.346599999999995],[114.25319999999999,22.348199999999995],[114.2516,22.348199999999995],[114.2516,22.346599999999995]]]}},{"type":"Feature","properties":{"id":"lu-nt-sai-kung-26-02","class":"built_up","vegetationFraction":0.209,"pavedFraction":0.583,"waterFraction":0.057,"simulated":true},"geometry":{"type":"Polygon","coordinates":[[[114.25319999999999,22.346599999999995],[114.25479999999999,22.346599999999995],[114.25479999999999,22.348199999999995],[114.25319999999999,22.348199999999995],[114.25319999999999,22.346599999999995]]]}},{"type":"Feature","properties":{"id":"lu-nt-sai-kung-26-03","class":"urban_open_space","vegetationFraction":0.259,"pavedFraction":0.538,"waterFraction":0.006,"simulated":true},"geometry":{"type":"Polygon","coordinates":[[[114.25479999999999,22.346599999999995],[114.25639999999999,22.346599999999995],[114.25639999999999,22.348199999999995],[114.25479999999999,22.348199999999995],[114.25479999999999,22.346599999999995]]]}},{"type":"Feature","properties":{"id":"lu-nt-sai-kung-26-04","class":"urban_open_space","vegetationFraction":0.277,"pavedFraction":0.472,"waterFraction":0.054,"simulated":true},"geometry":{"type":"Polygon","coordinates":[[[114.25639999999999,22.346599999999995],[114.25799999999998,22.346599999999995],[114.25799999999998,22.348199999999995],[114.25639999999999,22.348199999999995],[114.25639999999999,22.346599999999995]]]}},{"type":"Feature","properties":{"id":"lu-nt-sai-kung-26-05","class":"green_space","vegetationFraction":0.417,"pavedFraction":0.435,"waterFraction":0.054,"simulated":true},"geometry":{"type":"Polygon","coordinates":[[[114.25799999999998,22.346599999999995],[114.25959999999998,22.346599999999995],[114.25959999999998,22.348199999999995],[114.25799999999998,22.348199999999995],[114.25799999999998,22.346599999999995]]]}},{"type":"Feature","properties":{"id":"lu-nt-sai-kung-26-06","class":"urban_open_space","vegetationFraction":0.274,"pavedFraction":0.646,"waterFraction":0.047,"simulated":true},"geometry":{"type":"Polygon","coordinates":[[[114.25959999999998,22.346599999999995],[114.26119999999997,22.346599999999995],[114.26119999999997,22.348199999999995],[114.25959999999998,22.348199999999995],[114.25959999999998,22.346599999999995]]]}},{"type":"Feature","properties":{"id":"lu-nt-sai-kung-26-07","class":"urban_open_space","vegetationFraction":0.348,"pavedFraction":0.465,"waterFraction":0.049,"simulated":true},"geometry":{"type":"Polygon","coordinates":[[[114.26119999999997,22.346599999999995],[114.26279999999997,22.346599999999995],[114.26279999999997,22.348199999999995],[114.26119999999997,22.348199999999995],[114.26119999999997,22.346599999999995]]]}},{"type":"Feature","properties":{"id":"lu-nt-sai-kung-26-08","class":"green_space","vegetationFraction":0.78,"pavedFraction":0.1,"waterFraction":0.008,"simulated":true},"geometry":{"type":"Polygon","coordinates":[[[114.26279999999997,22.346599999999995],[114.26439999999997,22.346599999999995],[114.26439999999997,22.348199999999995],[114.26279999999997,22.348199999999995],[114.26279999999997,22.346599999999995]]]}},{"type":"Feature","properties":{"id":"lu-nt-sai-kung-26-09","class":"green_space","vegetationFraction":0.78,"pavedFraction":0.1,"waterFraction":0.057,"simulated":true},"geometry":{"type":"Polygon","coordinates":[[[114.26439999999997,22.346599999999995],[114.26599999999996,22.346599999999995],[114.26599999999996,22.348199999999995],[114.26439999999997,22.348199999999995],[114.26439999999997,22.346599999999995]]]}},{"type":"Feature","properties":{"id":"lu-nt-sai-kung-26-10","class":"green_space","vegetationFraction":0.78,"pavedFraction":0.1,"waterFraction":0.058,"simulated":true},"geometry":{"type":"Polygon","coordinates":[[[114.26599999999996,22.346599999999995],[114.26759999999996,22.346599999999995],[114.26759999999996,22.348199999999995],[114.26599999999996,22.348199999999995],[114.26599999999996,22.346599999999995]]]}},{"type":"Feature","properties":{"id":"lu-nt-sai-kung-26-11","class":"green_space","vegetationFraction":0.78,"pavedFraction":0.1,"waterFraction":0.042,"simulated":true},"geometry":{"type":"Polygon","coordinates":[[[114.26759999999996,22.346599999999995],[114.26919999999996,22.346599999999995],[114.26919999999996,22.348199999999995],[114.26759999999996,22.348199999999995],[114.26759999999996,22.346599999999995]]]}},{"type":"Feature","properties":{"id":"lu-nt-sai-kung-26-12","class":"green_space","vegetationFraction":0.78,"pavedFraction":0.1,"waterFraction":0.025,"simulated":true},"geometry":{"type":"Polygon","coordinates":[[[114.26919999999996,22.346599999999995],[114.27079999999995,22.346599999999995],[114.27079999999995,22.348199999999995],[114.26919999999996,22.348199999999995],[114.26919999999996,22.346599999999995]]]}},{"type":"Feature","properties":{"id":"lu-nt-sai-kung-26-13","class":"green_space","vegetationFraction":0.78,"pavedFraction":0.1,"waterFraction":0.059,"simulated":true},"geometry":{"type":"Polygon","coordinates":[[[114.27079999999995,22.346599999999995],[114.27239999999995,22.346599999999995],[114.27239999999995,22.348199999999995],[114.27079999999995,22.348199999999995],[114.27079999999995,22.346599999999995]]]}},{"type":"Feature","properties":{"id":"lu-nt-sai-kung-26-14","class":"green_space","vegetationFraction":0.78,"pavedFraction":0.1,"waterFraction":0.036,"simulated":true},"geometry":{"type":"Polygon","coordinates":[[[114.27239999999995,22.346599999999995],[114.27399999999994,22.346599999999995],[114.27399999999994,22.348199999999995],[114.27239999999995,22.348199999999995],[114.27239999999995,22.346599999999995]]]}},{"type":"Feature","properties":{"id":"lu-nt-sai-kung-26-15","class":"green_space","vegetationFraction":0.78,"pavedFraction":0.1,"waterFraction":0.041,"simulated":true},"geometry":{"type":"Polygon","coordinates":[[[114.27399999999994,22.346599999999995],[114.27559999999994,22.346599999999995],[114.27559999999994,22.348199999999995],[114.27399999999994,22.348199999999995],[114.27399999999994,22.346599999999995]]]}},{"type":"Feature","properties":{"id":"lu-nt-sai-kung-26-16","class":"green_space","vegetationFraction":0.78,"pavedFraction":0.1,"waterFraction":0.034,"simulated":true},"geometry":{"type":"Polygon","coordinates":[[[114.27559999999994,22.346599999999995],[114.27719999999994,22.346599999999995],[114.27719999999994,22.348199999999995],[114.27559999999994,22.348199999999995],[114.27559999999994,22.346599999999995]]]}},{"type":"Feature","properties":{"id":"lu-nt-sai-kung-26-17","class":"built_up","vegetationFraction":0.2,"pavedFraction":0.548,"waterFraction":0.039,"simulated":true},"geometry":{"type":"Polygon","coordinates":[[[114.27719999999994,22.346599999999995],[114.27879999999993,22.346599999999995],[114.27879999999993,22.348199999999995],[114.27719999999994,22.348199999999995],[114.27719999999994,22.346599999999995]]]}},{"type":"Feature","properties":{"id":"lu-nt-sai-kung-26-18","class":"urban_open_space","vegetationFraction":0.346,"pavedFraction":0.482,"waterFraction":0.001,"simulated":true},"geometry":{"type":"Polygon","coordinates":[[[114.27879999999993,22.346599999999995],[114.28039999999993,22.346599999999995],[114.28039999999993,22.348199999999995],[114.27879999999993,22.348199999999995],[114.27879999999993,22.346599999999995]]]}},{"type":"Feature","properties":{"id":"lu-nt-sai-kung-26-19","class":"green_space","vegetationFraction":0.404,"pavedFraction":0.575,"waterFraction":0.022,"simulated":true},"geometry":{"type":"Polygon","coordinates":[[[114.28039999999993,22.346599999999995],[114.28199999999993,22.346599999999995],[114.28199999999993,22.348199999999995],[114.28039999999993,22.348199999999995],[114.28039999999993,22.346599999999995]]]}},{"type":"Feature","properties":{"id":"lu-nt-sai-kung-26-20","class":"built_up","vegetationFraction":0.228,"pavedFraction":0.589,"waterFraction":0.038,"simulated":true},"geometry":{"type":"Polygon","coordinates":[[[114.28199999999993,22.346599999999995],[114.28359999999992,22.346599999999995],[114.28359999999992,22.348199999999995],[114.28199999999993,22.348199999999995],[114.28199999999993,22.346599999999995]]]}},{"type":"Feature","properties":{"id":"lu-nt-sai-kung-26-21","class":"built_up","vegetationFraction":0.223,"pavedFraction":0.383,"waterFraction":0.012,"simulated":true},"geometry":{"type":"Polygon","coordinates":[[[114.28359999999992,22.346599999999995],[114.28519999999992,22.346599999999995],[114.28519999999992,22.348199999999995],[114.28359999999992,22.348199999999995],[114.28359999999992,22.346599999999995]]]}},{"type":"Feature","properties":{"id":"lu-nt-sai-kung-26-22","class":"urban_open_space","vegetationFraction":0.377,"pavedFraction":0.405,"waterFraction":0.038,"simulated":true},"geometry":{"type":"Polygon","coordinates":[[[114.28519999999992,22.346599999999995],[114.28679999999991,22.346599999999995],[114.28679999999991,22.348199999999995],[114.28519999999992,22.348199999999995],[114.28519999999992,22.346599999999995]]]}},{"type":"Feature","properties":{"id":"lu-nt-sai-kung-26-23","class":"urban_open_space","vegetationFraction":0.323,"pavedFraction":0.431,"waterFraction":0.035,"simulated":true},"geometry":{"type":"Polygon","coordinates":[[[114.28679999999991,22.346599999999995],[114.28839999999991,22.346599999999995],[114.28839999999991,22.348199999999995],[114.28679999999991,22.348199999999995],[114.28679999999991,22.346599999999995]]]}},{"type":"Feature","properties":{"id":"lu-nt-sai-kung-26-24","class":"green_space","vegetationFraction":0.417,"pavedFraction":0.515,"waterFraction":0.002,"simulated":true},"geometry":{"type":"Polygon","coordinates":[[[114.28839999999991,22.346599999999995],[114.2899999999999,22.346599999999995],[114.2899999999999,22.348199999999995],[114.28839999999991,22.348199999999995],[114.28839999999991,22.346599999999995]]]}},{"type":"Feature","properties":{"id":"lu-nt-sai-kung-26-25","class":"urban_open_space","vegetationFraction":0.394,"pavedFraction":0.398,"waterFraction":0.04,"simulated":true},"geometry":{"type":"Polygon","coordinates":[[[114.2899999999999,22.346599999999995],[114.2915999999999,22.346599999999995],[114.2915999999999,22.348199999999995],[114.2899999999999,22.348199999999995],[114.2899999999999,22.346599999999995]]]}},{"type":"Feature","properties":{"id":"lu-nt-sai-kung-26-26","class":"urban_open_space","vegetationFraction":0.285,"pavedFraction":0.596,"waterFraction":0.018,"simulated":true},"geometry":{"type":"Polygon","coordinates":[[[114.2915999999999,22.346599999999995],[114.2931999999999,22.346599999999995],[114.2931999999999,22.348199999999995],[114.2915999999999,22.348199999999995],[114.2915999999999,22.346599999999995]]]}},{"type":"Feature","properties":{"id":"lu-nt-sai-kung-26-27","class":"urban_open_space","vegetationFraction":0.275,"pavedFraction":0.538,"waterFraction":0.013,"simulated":true},"geometry":{"type":"Polygon","coordinates":[[[114.2931999999999,22.346599999999995],[114.2947999999999,22.346599999999995],[114.2947999999999,22.348199999999995],[114.2931999999999,22.348199999999995],[114.2931999999999,22.346599999999995]]]}},{"type":"Feature","properties":{"id":"lu-nt-sai-kung-26-28","class":"urban_open_space","vegetationFraction":0.344,"pavedFraction":0.362,"waterFraction":0.024,"simulated":true},"geometry":{"type":"Polygon","coordinates":[[[114.2947999999999,22.346599999999995],[114.29639999999989,22.346599999999995],[114.29639999999989,22.348199999999995],[114.2947999999999,22.348199999999995],[114.2947999999999,22.346599999999995]]]}},{"type":"Feature","properties":{"id":"lu-nt-sai-kung-26-29","class":"urban_open_space","vegetationFraction":0.309,"pavedFraction":0.623,"waterFraction":0.053,"simulated":true},"geometry":{"type":"Polygon","coordinates":[[[114.29639999999989,22.346599999999995],[114.29799999999989,22.346599999999995],[114.29799999999989,22.348199999999995],[114.29639999999989,22.348199999999995],[114.29639999999989,22.346599999999995]]]}},{"type":"Feature","properties":{"id":"lu-nt-sai-kung-26-30","class":"urban_open_space","vegetationFraction":0.393,"pavedFraction":0.628,"waterFraction":0.029,"simulated":true},"geometry":{"type":"Polygon","coordinates":[[[114.29799999999989,22.346599999999995],[114.29959999999988,22.346599999999995],[114.29959999999988,22.348199999999995],[114.29799999999989,22.348199999999995],[114.29799999999989,22.346599999999995]]]}},{"type":"Feature","properties":{"id":"lu-nt-sai-kung-27-00","class":"urban_open_space","vegetationFraction":0.313,"pavedFraction":0.602,"waterFraction":0.039,"simulated":true},"geometry":{"type":"Polygon","coordinates":[[[114.25,22.348199999999995],[114.2516,22.348199999999995],[114.2516,22.349799999999995],[114.25,22.349799999999995],[114.25,22.348199999999995]]]}},{"type":"Feature","properties":{"id":"lu-nt-sai-kung-27-01","class":"green_space","vegetationFraction":0.442,"pavedFraction":0.502,"waterFraction":0.042,"simulated":true},"geometry":{"type":"Polygon","coordinates":[[[114.2516,22.348199999999995],[114.25319999999999,22.348199999999995],[114.25319999999999,22.349799999999995],[114.2516,22.349799999999995],[114.2516,22.348199999999995]]]}},{"type":"Feature","properties":{"id":"lu-nt-sai-kung-27-02","class":"urban_open_space","vegetationFraction":0.35,"pavedFraction":0.558,"waterFraction":0.03,"simulated":true},"geometry":{"type":"Polygon","coordinates":[[[114.25319999999999,22.348199999999995],[114.25479999999999,22.348199999999995],[114.25479999999999,22.349799999999995],[114.25319999999999,22.349799999999995],[114.25319999999999,22.348199999999995]]]}},{"type":"Feature","properties":{"id":"lu-nt-sai-kung-27-03","class":"urban_open_space","vegetationFraction":0.316,"pavedFraction":0.438,"waterFraction":0.044,"simulated":true},"geometry":{"type":"Polygon","coordinates":[[[114.25479999999999,22.348199999999995],[114.25639999999999,22.348199999999995],[114.25639999999999,22.349799999999995],[114.25479999999999,22.349799999999995],[114.25479999999999,22.348199999999995]]]}},{"type":"Feature","properties":{"id":"lu-nt-sai-kung-27-04","class":"built_up","vegetationFraction":0.204,"pavedFraction":0.637,"waterFraction":0.026,"simulated":true},"geometry":{"type":"Polygon","coordinates":[[[114.25639999999999,22.348199999999995],[114.25799999999998,22.348199999999995],[114.25799999999998,22.349799999999995],[114.25639999999999,22.349799999999995],[114.25639999999999,22.348199999999995]]]}},{"type":"Feature","properties":{"id":"lu-nt-sai-kung-27-05","class":"urban_open_space","vegetationFraction":0.295,"pavedFraction":0.458,"waterFraction":0.012,"simulated":true},"geometry":{"type":"Polygon","coordinates":[[[114.25799999999998,22.348199999999995],[114.25959999999998,22.348199999999995],[114.25959999999998,22.349799999999995],[114.25799999999998,22.349799999999995],[114.25799999999998,22.348199999999995]]]}},{"type":"Feature","properties":{"id":"lu-nt-sai-kung-27-06","class":"urban_open_space","vegetationFraction":0.296,"pavedFraction":0.388,"waterFraction":0.026,"simulated":true},"geometry":{"type":"Polygon","coordinates":[[[114.25959999999998,22.348199999999995],[114.26119999999997,22.348199999999995],[114.26119999999997,22.349799999999995],[114.25959999999998,22.349799999999995],[114.25959999999998,22.348199999999995]]]}},{"type":"Feature","properties":{"id":"lu-nt-sai-kung-27-07","class":"urban_open_space","vegetationFraction":0.261,"pavedFraction":0.579,"waterFraction":0.004,"simulated":true},"geometry":{"type":"Polygon","coordinates":[[[114.26119999999997,22.348199999999995],[114.26279999999997,22.348199999999995],[114.26279999999997,22.349799999999995],[114.26119999999997,22.349799999999995],[114.26119999999997,22.348199999999995]]]}},{"type":"Feature","properties":{"id":"lu-nt-sai-kung-27-08","class":"green_space","vegetationFraction":0.78,"pavedFraction":0.1,"waterFraction":0.032,"simulated":true},"geometry":{"type":"Polygon","coordinates":[[[114.26279999999997,22.348199999999995],[114.26439999999997,22.348199999999995],[114.26439999999997,22.349799999999995],[114.26279999999997,22.349799999999995],[114.26279999999997,22.348199999999995]]]}},{"type":"Feature","properties":{"id":"lu-nt-sai-kung-27-09","class":"green_space","vegetationFraction":0.78,"pavedFraction":0.1,"waterFraction":0.054,"simulated":true},"geometry":{"type":"Polygon","coordinates":[[[114.26439999999997,22.348199999999995],[114.26599999999996,22.348199999999995],[114.26599999999996,22.349799999999995],[114.26439999999997,22.349799999999995],[114.26439999999997,22.348199999999995]]]}},{"type":"Feature","properties":{"id":"lu-nt-sai-kung-27-10","class":"green_space","vegetationFraction":0.78,"pavedFraction":0.1,"waterFraction":0.017,"simulated":true},"geometry":{"type":"Polygon","coordinates":[[[114.26599999999996,22.348199999999995],[114.26759999999996,22.348199999999995],[114.26759999999996,22.349799999999995],[114.26599999999996,22.349799999999995],[114.26599999999996,22.348199999999995]]]}},{"type":"Feature","properties":{"id":"lu-nt-sai-kung-27-11","class":"green_space","vegetationFraction":0.78,"pavedFraction":0.1,"waterFraction":0.046,"simulated":true},"geometry":{"type":"Polygon","coordinates":[[[114.26759999999996,22.348199999999995],[114.26919999999996,22.348199999999995],[114.26919999999996,22.349799999999995],[114.26759999999996,22.349799999999995],[114.26759999999996,22.348199999999995]]]}},{"type":"Feature","properties":{"id":"lu-nt-sai-kung-27-12","class":"green_space","vegetationFraction":0.78,"pavedFraction":0.1,"waterFraction":0.019,"simulated":true},"geometry":{"type":"Polygon","coordinates":[[[114.26919999999996,22.348199999999995],[114.27079999999995,22.348199999999995],[114.27079999999995,22.349799999999995],[114.26919999999996,22.349799999999995],[114.26919999999996,22.348199999999995]]]}},{"type":"Feature","properties":{"id":"lu-nt-sai-kung-27-13","class":"green_space","vegetationFraction":0.78,"pavedFraction":0.1,"waterFraction":0.037,"simulated":true},"geometry":{"type":"Polygon","coordinates":[[[114.27079999999995,22.348199999999995],[114.27239999999995,22.348199999999995],[114.27239999999995,22.349799999999995],[114.27079999999995,22.349799999999995],[114.27079999999995,22.348199999999995]]]}},{"type":"Feature","properties":{"id":"lu-nt-sai-kung-27-14","class":"green_space","vegetationFraction":0.78,"pavedFraction":0.1,"waterFraction":0.0,"simulated":true},"geometry":{"type":"Polygon","coordinates":[[[114.27239999999995,22.348199999999995],[114.27399999999994,22.348199999999995],[114.27399999999994,22.349799999999995],[114.27239999999995,22.349799999999995],[114.27239999999995,22.348199999999995]]]}},{"type":"Feature","properties":{"id":"lu-nt-sai-kung-27-15","class":"green_space","vegetationFraction":0.78,"pavedFraction":0.1,"waterFraction":0.036,"simulated":true},"geometry":{"type":"Polygon","coordinates":[[[114.27399999999994,22.348199999999995],[114.27559999999994,22.348199999999995],[114.27559999999994,22.349799999999995],[114.27399999999994,22.349799999999995],[114.27399999999994,22.348199999999995]]]}},{"type":"Feature","properties":{"id":"lu-nt-sai-kung-27-16","class":"green_space","vegetationFraction":0.78,"pavedFraction":0.1,"waterFraction":0.041,"simulated":true},"geometry":{"type":"Polygon","coordinates":[[[114.27559999999994,22.348199999999995],[114.27719999999994,22.348199999999995],[114.27719999999994,22.349799999999995],[114.27559999999994,22.349799999999995],[114.27559999999994,22.348199999999995]]]}},{"type":"Feature","properties":{"id":"lu-nt-sai-kung-27-17","class":"green_space","vegetationFraction":0.434,"pavedFraction":0.537,"waterFraction":0.013,"simulated":true},"geometry":{"type":"Polygon","coordinates":[[[114.27719999999994,22.348199999999995],[114.27879999999993,22.348199999999995],[114.27879999999993,22.349799999999995],[114.27719999999994,22.349799999999995],[114.27719999999994,22.348199999999995]]]}},{"type":"Feature","properties":{"id":"lu-nt-sai-kung-27-18","class":"urban_open_space","vegetationFraction":0.331,"pavedFraction":0.471,"waterFraction":0.031,"simulated":true},"geometry":{"type":"Polygon","coordinates":[[[114.27879999999993,22.348199999999995],[114.28039999999993,22.348199999999995],[114.28039999999993,22.349799999999995],[114.27879999999993,22.349799999999995],[114.27879999999993,22.348199999999995]]]}},{"type":"Feature","properties":{"id":"lu-nt-sai-kung-27-19","class":"urban_open_space","vegetationFraction":0.308,"pavedFraction":0.586,"waterFraction":0.048,"simulated":true},"geometry":{"type":"Polygon","coordinates":[[[114.28039999999993,22.348199999999995],[114.28199999999993,22.348199999999995],[114.28199999999993,22.349799999999995],[114.28039999999993,22.349799999999995],[114.28039999999993,22.348199999999995]]]}},{"type":"Feature","properties":{"id":"lu-nt-sai-kung-27-20","class":"urban_open_space","vegetationFraction":0.309,"pavedFraction":0.569,"waterFraction":0.024,"simulated":true},"geometry":{"type":"Polygon","coordinates":[[[114.28199999999993,22.348199999999995],[114.28359999999992,22.348199999999995],[114.28359999999992,22.349799999999995],[114.28199999999993,22.349799999999995],[114.28199999999993,22.348199999999995]]]}},{"type":"Feature","properties":{"id":"lu-nt-sai-kung-27-21","class":"urban_open_space","vegetationFraction":0.287,"pavedFraction":0.406,"waterFraction":0.014,"simulated":true},"geometry":{"type":"Polygon","coordinates":[[[114.28359999999992,22.348199999999995],[114.28519999999992,22.348199999999995],[114.28519999999992,22.349799999999995],[114.28359999999992,22.349799999999995],[114.28359999999992,22.348199999999995]]]}},{"type":"Feature","properties":{"id":"lu-nt-sai-kung-27-22","class":"built_up","vegetationFraction":0.222,"pavedFraction":0.541,"waterFraction":0.048,"simulated":true},"geometry":{"type":"Polygon","coordinates":[[[114.28519999999992,22.348199999999995],[114.28679999999991,22.348199999999995],[114.28679999999991,22.349799999999995],[114.28519999999992,22.349799999999995],[114.28519999999992,22.348199999999995]]]}},{"type":"Feature","properties":{"id":"lu-nt-sai-kung-27-23","class":"urban_open_space","vegetationFraction":0.279,"pavedFraction":0.415,"waterFraction":0.058,"simulated":true},"geometry":{"type":"Polygon","coordinates":[[[114.28679999999991,22.348199999999995],[114.28839999999991,22.348199999999995],[114.28839999999991,22.349799999999995],[114.28679999999991,22.349799999999995],[114.28679999999991,22.348199999999995]]]}},{"type":"Feature","properties":{"id":"lu-nt-sai-kung-27-24","class":"built_up","vegetationFraction":0.248,"pavedFraction":0.449,"waterFraction":0.004,"simulated":true},"geometry":{"type":"Polygon","coordinates":[[[114.28839999999991,22.348199999999995],[114.2899999999999,22.348199999999995],[114.2899999999999,22.349799999999995],[114.28839999999991,22.349799999999995],[114.28839999999991,22.348199999999995]]]}},{"type":"Feature","properties":{"id":"lu-nt-sai-kung-27-25","class":"urban_open_space","vegetationFraction":0.393,"pavedFraction":0.378,"waterFraction":0.032,"simulated":true},"geometry":{"type":"Polygon","coordinates":[[[114.2899999999999,22.348199999999995],[114.2915999999999,22.348199999999995],[114.2915999999999,22.349799999999995],[114.2899999999999,22.349799999999995],[114.2899999999999,22.348199999999995]]]}},{"type":"Feature","properties":{"id":"lu-nt-sai-kung-27-26","class":"urban_open_space","vegetationFraction":0.33,"pavedFraction":0.394,"waterFraction":0.03,"simulated":true},"geometry":{"type":"Polygon","coordinates":[[[114.2915999999999,22.348199999999995],[114.2931999999999,22.348199999999995],[114.2931999999999,22.349799999999995],[114.2915999999999,22.349799999999995],[114.2915999999999,22.348199999999995]]]}},{"type":"Feature","properties":{"id":"lu-nt-sai-kung-27-27","class":"urban_open_space","vegetationFraction":0.374,"pavedFraction":0.43,"waterFraction":0.033,"simulated":true},"geometry":{"type":"Polygon","coordinates":[[[114.2931999999999,22.348199999999995],[114.2947999999999,22.348199999999995],[114.2947999999999,22.349799999999995],[114.2931999999999,22.349799999999995],[114.2931999999999,22.348199999999995]]]}},{"type":"Feature","properties":{"id":"lu-nt-sai-kung-27-28","class":"urban_open_space","vegetationFraction":0.39,"pavedFraction":0.488,"waterFraction":0.021,"simulated":true},"geometry":{"type":"Polygon","coordinates":[[[114.2947999999999,22.348199999999995],[114.29639999999989,22.348199999999995],[114.29639999999989,22.349799999999995],[114.2947999999999,22.349799999999995],[114.2947999999999,22.348199999999995]]]}},{"type":"Feature","properties":{"id":"lu-nt-sai-kung-27-29","class":"urban_open_space","vegetationFraction":0.302,"pavedFraction":0.549,"waterFraction":0.023,"simulated":true},"geometry":{"type":"Polygon","coordinates":[[[114.29639999999989,22.348199999999995],[114.29799999999989,22.348199999999995],[114.29799999999989,22.349799999999995],[114.29639999999989,22.349799999999995],[114.29639999999989,22.348199999999995]]]}},{"type":"Feature","properties":{"id":"lu-nt-sai-kung-27-30","class":"built_up","vegetationFraction":0.232,"pavedFraction":0.376,"waterFraction":0.028,"simulated":true},"geometry":{"type":"Polygon","coordinates":[[[114.29799999999989,22.348199999999995],[114.29959999999988,22.348199999999995],[114.29959999999988,22.349799999999995],[114.29799999999989,22.349799999999995],[114.29799999999989,22.348199999999995]]]}},{"type":"Feature","properties":{"id":"lu-nt-sai-kung-28-00","class":"green_space","vegetationFraction":0.425,"pavedFraction":0.402,"waterFraction":0.026,"simulated":true},"geometry":{"type":"Polygon","coordinates":[[[114.25,22.349799999999995],[114.2516,22.349799999999995],[114.2516,22.351399999999995],[114.25,22.351399999999995],[114.25,22.349799999999995]]]}},{"type":"Feature","properties":{"id":"lu-nt-sai-kung-28-01","class":"urban_open_space","vegetationFraction":0.335,"pavedFraction":0.454,"waterFraction":0.029,"simulated":true},"geometry":{"type":"Polygon","coordinates":[[[114.2516,22.349799999999995],[114.25319999999999,22.349799999999995],[114.25319999999999,22.351399999999995],[114.2516,22.351399999999995],[114.2516,22.349799999999995]]]}},{"type":"Feature","properties":{"id":"lu-nt-sai-kung-28-02","class":"urban_open_space","vegetationFraction":0.298,"pavedFraction":0.596,"waterFraction":0.048,"simulated":true},"geometry":{"type":"Polygon","coordinates":[[[114.25319999999999,22.349799999999995],[114.25479999999999,22.349799999999995],[114.25479999999999,22.351399999999995],[114.25319999999999,22.351399999999995],[114.25319999999999,22.349799999999995]]]}},{"type":"Feature","properties":{"id":"lu-nt-sai-kung-28-03","class":"built_up","vegetationFraction":0.206,"pavedFraction":0.57,"waterFraction":0.019,"simulated":true},"geometry":{"type":"Polygon","coordinates":[[[114.25479999999999,22.349799999999995],[114.25639999999999,22.349799999999995],[114.25639999999999,22.351399999999995],[114.25479999999999,22.351399999999995],[114.25479999999999,22.349799999999995]]]}},{"type":"Feature","properties":{"id":"lu-nt-sai-kung-28-04","class":"urban_open_space","vegetationFraction":0.371,"pavedFraction":0.591,"waterFraction":0.017,"simulated":true},"geometry":{"type":"Polygon","coordinates":[[[114.25639999999999,22.349799999999995],[114.25799999999998,22.349799999999995],[114.25799999999998,22.351399999999995],[114.25639999999999,22.351399999999995],[114.25639999999999,22.349799999999995]]]}},{"type":"Feature","properties":{"id":"lu-nt-sai-kung-28-05","class":"built_up","vegetationFraction":0.203,"pavedFraction":0.503,"waterFraction":0.023,"simulated":true},"geometry":{"type":"Polygon","coordinates":[[[114.25799999999998,22.349799999999995],[114.25959999999998,22.349799999999995],[114.25959999999998,22.351399999999995],[114.25799999999998,22.351399999999995],[114.25799999999998,22.349799999999995]]]}},{"type":"Feature","properties":{"id":"lu-nt-sai-kung-28-06","class":"urban_open_space","vegetationFraction":0.293,"pavedFraction":0.584,"waterFraction":0.048,"simulated":true},"geometry":{"type":"Polygon","coordinates":[[[114.25959999999998,22.349799999999995],[114.26119999999997,22.349799999999995],[114.26119999999997,22.351399999999995],[114.25959999999998,22.351399999999995],[114.25959999999998,22.349799999999995]]]}},{"type":"Feature","properties":{"id":"lu-nt-sai-kung-28-07","class":"urban_open_space","vegetationFraction":0.307,"pavedFraction":0.422,"waterFraction":0.015,"simulated":true},"geometry":{"type":"Polygon","coordinates":[[[114.26119999999997,22.349799999999995],[114.26279999999997,22.349799999999995],[114.26279999999997,22.351399999999995],[114.26119999999997,22.351399999999995],[114.26119999999997,22.349799999999995]]]}},{"type":"Feature","properties":{"id":"lu-nt-sai-kung-28-08","class":"green_space","vegetationFraction":0.78,"pavedFraction":0.1,"waterFraction":0.021,"simulated":true},"geometry":{"type":"Polygon","coordinates":[[[114.26279999999997,22.349799999999995],[114.26439999999997,22.349799999999995],[114.26439999999997,22.351399999999995],[114.26279999999997,22.351399999999995],[114.26279999999997,22.349799999999995]]]}},{"type":"Feature","properties":{"id":"lu-nt-sai-kung-28-09","class":"green_space","vegetationFraction":0.78,"pavedFraction":0.1,"waterFraction":0.039,"simulated":true},"geometry":{"type":"Polygon","coordinates":[[[114.26439999999997,22.349799999999995],[114.26599999999996,22.349799999999995],[114.26599999999996,22.351399999999995],[114.26439999999997,22.351399999999995],[114.26439999999997,22.349799999999995]]]}},{"type":"Feature","properties":{"id":"lu-nt-sai-kung-28-10","class":"green_space","vegetationFraction":0.78,"pavedFraction":0.1,"waterFraction":0.05,"simulated":true},"geometry":{"type":"Polygon","coordinates":[[[114.26599999999996,22.349799999999995],[114.26759999999996,22.349799999999995],[114.26759999999996,22.351399999999995],[114.26599999999996,22.351399999999995],[114.26599999999996,22.349799999999995]]]}},{"type":"Feature","properties":{"id":"lu-nt-sai-kung-28-11","class":"green_space","vegetationFraction":0.78,"pavedFraction":0.1,"waterFraction":0.041,"simulated":true},"geometry":{"type":"Polygon","coordinates":[[[114.26759999999996,22.349799999999995],[114.26919999999996,22.349799999999995],[114.26919999999996,22.351399999999995],[114.26759999999996,22.351399999999995],[114.26759999999996,22.349799999999995]]]}},{"type":"Feature","properties":{"id":"lu-nt-sai-kung-28-12","class":"green_space","vegetationFraction":0.78,"pavedFraction":0.1,"waterFraction":0.008,"simulated":true},"geometry":{"type":"Polygon","coordinates":[[[114.26919999999996,22.349799999999995],[114.27079999999995,22.349799999999995],[114.27079999999995,22.351399999999995],[114.26919999999996,22.351399999999995],[114.26919999999996,22.349799999999995]]]}},{"type":"Feature","properties":{"id":"lu-nt-sai-kung-28-13","class":"green_space","vegetationFraction":0.78,"pavedFraction":0.1,"waterFraction":0.01,"simulated":true},"geometry":{"type":"Polygon","coordinates":[[[114.27079999999995,22.349799999999995],[114.27239999999995,22.349799999999995],[114.27239999999995,22.351399999999995],[114.27079999999995,22.351399999999995],[114.27079999999995,22.349799999999995]]]}},{"type":"Feature","properties":{"id":"lu-nt-sai-kung-28-14","class":"green_space","vegetationFraction":0.78,"pavedFraction":0.1,"waterFraction":0.033,"simulated":true},"geometry":{"type":"Polygon","coordinates":[[[114.27239999999995,22.349799999999995],[114.27399999999994,22.349799999999995],[114.27399999999994,22.351399999999995],[114.27239999999995,22.351399999999995],[114.27239999999995,22.349799999999995]]]}},{"type":"Feature","properties":{"id":"lu-nt-sai-kung-28-15","class":"green_space","vegetationFraction":0.78,"pavedFraction":0.1,"waterFraction":0.046,"simulated":true},"geometry":{"type":"Polygon","coordinates":[[[114.27399999999994,22.349799999999995],[114.27559999999994,22.349799999999995],[114.27559999999994,22.351399999999995],[114.27399999999994,22.351399999999995],[114.27399999999994,22.349799999999995]]]}},{"type":"Feature","properties":{"id":"lu-nt-sai-kung-28-16","class":"green_space","vegetationFraction":0.78,"pavedFraction":0.1,"waterFraction":0.011,"simulated":true},"geometry":{"type":"Polygon","coordinates":[[[114.27559999999994,22.349799999999995],[114.27719999999994,22.349799999999995],[114.27719999999994,22.351399999999995],[114.27559999999994,22.351399999999995],[114.27559999999994,22.349799999999995]]]}},{"type":"Feature","properties":{"id":"lu-nt-sai-kung-28-17","class":"urban_open_space","vegetationFraction":0.31,"pavedFraction":0.586,"waterFraction":0.034,"simulated":true},"geometry":{"type":"Polygon","coordinates":[[[114.27719999999994,22.349799999999995],[114.27879999999993,22.349799999999995],[114.27879999999993,22.351399999999995],[114.27719999999994,22.351399999999995],[114.27719999999994,22.349799999999995]]]}},{"type":"Feature","properties":{"id":"lu-nt-sai-kung-28-18","class":"urban_open_space","vegetationFraction":0.385,"pavedFraction":0.535,"waterFraction":0.038,"simulated":true},"geometry":{"type":"Polygon","coordinates":[[[114.27879999999993,22.349799999999995],[114.28039999999993,22.349799999999995],[114.28039999999993,22.351399999999995],[114.27879999999993,22.351399999999995],[114.27879999999993,22.349799999999995]]]}},{"type":"Feature","properties":{"id":"lu-nt-sai-kung-28-19","class":"urban_open_space","vegetationFraction":0.305,"pavedFraction":0.416,"waterFraction":0.012,"simulated":true},"geometry":{"type":"Polygon","coordinates":[[[114.28039999999993,22.349799999999995],[114.28199999999993,22.349799999999995],[114.28199999999993,22.351399999999995],[114.28039999999993,22.351399999999995],[114.28039999999993,22.349799999999995]]]}},{"type":"Feature","properties":{"id":"lu-nt-sai-kung-28-20","class":"urban_open_space","vegetationFraction":0.289,"pavedFraction":0.375,"waterFraction":0.007,"simulated":true},"geometry":{"type":"Polygon","coordinates":[[[114.28199999999993,22.349799999999995],[114.28359999999992,22.349799999999995],[114.28359999999992,22.351399999999995],[114.28199999999993,22.351399999999995],[114.28199999999993,22.349799999999995]]]}},{"type":"Feature","properties":{"id":"lu-nt-sai-kung-28-21","class":"urban_open_space","vegetationFraction":0.371,"pavedFraction":0.611,"waterFraction":0.053,"simulated":true},"geometry":{"type":"Polygon","coordinates":[[[114.28359999999992,22.349799999999995],[114.28519999999992,22.349799999999995],[114.28519999999992,22.351399999999995],[114.28359999999992,22.351399999999995],[114.28359999999992,22.349799999999995]]]}},{"type":"Feature","properties":{"id":"lu-nt-sai-kung-28-22","class":"urban_open_space","vegetationFraction":0.28,"pavedFraction":0.424,"waterFraction":0.04,"simulated":true},"geometry":{"type":"Polygon","coordinates":[[[114.28519999999992,22.349799999999995],[114.28679999999991,22.349799999999995],[114.28679999999991,22.351399999999995],[114.28519999999992,22.351399999999995],[114.28519999999992,22.349799999999995]]]}},{"type":"Feature","properties":{"id":"lu-nt-sai-kung-28-23","class":"urban_open_space","vegetationFraction":0.371,"pavedFraction":0.522,"waterFraction":0.048,"simulated":true},"geometry":{"type":"Polygon","coordinates":[[[114.28679999999991,22.349799999999995],[114.28839999999991,22.349799999999995],[114.28839999999991,22.351399999999995],[114.28679999999991,22.351399999999995],[114.28679999999991,22.349799999999995]]]}},{"type":"Feature","properties":{"id":"lu-nt-sai-kung-28-24","class":"urban_open_space","vegetationFraction":0.335,"pavedFraction":0.595,"waterFraction":0.051,"simulated":true},"geometry":{"type":"Polygon","coordinates":[[[114.28839999999991,22.349799999999995],[114.2899999999999,22.349799999999995],[114.2899999999999,22.351399999999995],[114.28839999999991,22.351399999999995],[114.28839999999991,22.349799999999995]]]}},{"type":"Feature","properties":{"id":"lu-nt-sai-kung-28-25","class":"urban_open_space","vegetationFraction":0.306,"pavedFraction":0.409,"waterFraction":0.021,"simulated":true},"geometry":{"type":"Polygon","coordinates":[[[114.2899999999999,22.349799999999995],[114.2915999999999,22.349799999999995],[114.2915999999999,22.351399999999995],[114.2899999999999,22.351399999999995],[114.2899999999999,22.349799999999995]]]}},{"type":"Feature","properties":{"id":"lu-nt-sai-kung-28-26","class":"built_up","vegetationFraction":0.248,"pavedFraction":0.474,"waterFraction":0.055,"simulated":true},"geometry":{"type":"Polygon","coordinates":[[[114.2915999999999,22.349799999999995],[114.2931999999999,22.349799999999995],[114.2931999999999,22.351399999999995],[114.2915999999999,22.351399999999995],[114.2915999999999,22.349799999999995]]]}},{"type":"Feature","properties":{"id":"lu-nt-sai-kung-28-27","class":"built_up","vegetationFraction":0.225,"pavedFraction":0.631,"waterFraction":0.031,"simulated":true},"geometry":{"type":"Polygon","coordinates":[[[114.2931999999999,22.349799999999995],[114.2947999999999,22.349799999999995],[114.2947999999999,22.351399999999995],[114.2931999999999,22.351399999999995],[114.2931999999999,22.349799999999995]]]}},{"type":"Feature","properties":{"id":"lu-nt-sai-kung-28-28","class":"urban_open_space","vegetationFraction":0.395,"pavedFraction":0.604,"waterFraction":0.007,"simulated":true},"geometry":{"type":"Polygon","coordinates":[[[114.2947999999999,22.349799999999995],[114.29639999999989,22.349799999999995],[114.29639999999989,22.351399999999995],[114.2947999999999,22.351399999999995],[114.2947999999999,22.349799999999995]]]}},{"type":"Feature","properties":{"id":"lu-nt-sai-kung-28-29","class":"urban_open_space","vegetationFraction":0.368,"pavedFraction":0.431,"waterFraction":0.02,"simulated":true},"geometry":{"type":"Polygon","coordinates":[[[114.29639999999989,22.349799999999995],[114.29799999999989,22.349799999999995],[114.29799999999989,22.351399999999995],[114.29639999999989,22.351399999999995],[114.29639999999989,22.349799999999995]]]}},{"type":"Feature","properties":{"id":"lu-nt-sai-kung-28-30","class":"green_space","vegetationFraction":0.417,"pavedFraction":0.371,"waterFraction":0.004,"simulated":true},"geometry":{"type":"Polygon","coordinates":[[[114.29799999999989,22.349799999999995],[114.29959999999988,22.349799999999995],[114.29959999999988,22.351399999999995],[114.29799999999989,22.351399999999995],[114.29799999999989,22.349799999999995]]]}},{"type":"Feature","properties":{"id":"lu-nt-sai-kung-29-00","class":"urban_open_space","vegetationFraction":0.366,"pavedFraction":0.43,"waterFraction":0.018,"simulated":true},"geometry":{"type":"Polygon","coordinates":[[[114.25,22.351399999999995],[114.2516,22.351399999999995],[114.2516,22.352999999999994],[114.25,22.352999999999994],[114.25,22.351399999999995]]]}},{"type":"Feature","properties":{"id":"lu-nt-sai-kung-29-01","class":"urban_open_space","vegetationFraction":0.29,"pavedFraction":0.472,"waterFraction":0.009,"simulated":true},"geometry":{"type":"Polygon","coordinates":[[[114.2516,22.351399999999995],[114.25319999999999,22.351399999999995],[114.25319999999999,22.352999999999994],[114.2516,22.352999999999994],[114.2516,22.351399999999995]]]}},{"type":"Feature","properties":{"id":"lu-nt-sai-kung-29-02","class":"urban_open_space","vegetationFraction":0.304,"pavedFraction":0.565,"waterFraction":0.053,"simulated":true},"geometry":{"type":"Polygon","coordinates":[[[114.25319999999999,22.351399999999995],[114.25479999999999,22.351399999999995],[114.25479999999999,22.352999999999994],[114.25319999999999,22.352999999999994],[114.25319999999999,22.351399999999995]]]}},{"type":"Feature","properties":{"id":"lu-nt-sai-kung-29-03","class":"built_up","vegetationFraction":0.215,"pavedFraction":0.536,"waterFraction":0.017,"simulated":true},"geometry":{"type":"Polygon","coordinates":[[[114.25479999999999,22.351399999999995],[114.25639999999999,22.351399999999995],[114.25639999999999,22.352999999999994],[114.25479999999999,22.352999999999994],[114.25479999999999,22.351399999999995]]]}},{"type":"Feature","properties":{"id":"lu-nt-sai-kung-29-04","class":"urban_open_space","vegetationFraction":0.397,"pavedFraction":0.416,"waterFraction":0.039,"simulated":true},"geometry":{"type":"Polygon","coordinates":[[[114.25639999999999,22.351399999999995],[114.25799999999998,22.351399999999995],[114.25799999999998,22.352999999999994],[114.25639999999999,22.352999999999994],[114.25639999999999,22.351399999999995]]]}},{"type":"Feature","properties":{"id":"lu-nt-sai-kung-29-05","class":"urban_open_space","vegetationFraction":0.388,"pavedFraction":0.491,"waterFraction":0.011,"simulated":true},"geometry":{"type":"Polygon","coordinates":[[[114.25799999999998,22.351399999999995],[114.25959999999998,22.351399999999995],[114.25959999999998,22.352999999999994],[114.25799999999998,22.352999999999994],[114.25799999999998,22.351399999999995]]]}},{"type":"Feature","properties":{"id":"lu-nt-sai-kung-29-06","class":"built_up","vegetationFraction":0.23,"pavedFraction":0.472,"waterFraction":0.053,"simulated":true},"geometry":{"type":"Polygon","coordinates":[[[114.25959999999998,22.351399999999995],[114.26119999999997,22.351399999999995],[114.26119999999997,22.352999999999994],[114.25959999999998,22.352999999999994],[114.25959999999998,22.351399999999995]]]}},{"type":"Feature","properties":{"id":"lu-nt-sai-kung-29-07","class":"urban_open_space","vegetationFraction":0.394,"pavedFraction":0.428,"waterFraction":0.044,"simulated":true},"geometry":{"type":"Polygon","coordinates":[[[114.26119999999997,22.351399999999995],[114.26279999999997,22.351399999999995],[114.26279999999997,22.352999999999994],[114.26119999999997,22.352999999999994],[114.26119999999997,22.351399999999995]]]}},{"type":"Feature","properties":{"id":"lu-nt-sai-kung-29-08","class":"green_space","vegetationFraction":0.78,"pavedFraction":0.1,"waterFraction":0.05,"simulated":true},"geometry":{"type":"Polygon","coordinates":[[[114.26279999999997,22.351399999999995],[114.26439999999997,22.351399999999995],[114.26439999999997,22.352999999999994],[114.26279999999997,22.352999999999994],[114.26279999999997,22.351399999999995]]]}},{"type":"Feature","properties":{"id":"lu-nt-sai-kung-29-09","class":"green_space","vegetationFraction":0.78,"pavedFraction":0.1,"waterFraction":0.05,"simulated":true},"geometry":{"type":"Polygon","coordinates":[[[114.26439999999997,22.351399999999995],[114.26599999999996,22.351399999999995],[114.26599999999996,22.352999999999994],[114.26439999999997,22.352999999999994],[114.26439999999997,22.351399999999995]]]}},{"type":"Feature","properties":{"id":"lu-nt-sai-kung-29-10","class":"green_space","vegetationFraction":0.78,"pavedFraction":0.1,"waterFraction":0.009,"simulated":true},"geometry":{"type":"Polygon","coordinates":[[[114.26599999999996,22.351399999999995],[114.26759999999996,22.351399999999995],[114.26759999999996,22.352999999999994],[114.26599999999996,22.352999999999994],[114.26599999999996,22.351399999999995]]]}},{"type":"Feature","properties":{"id":"lu-nt-sai-kung-29-11","class":"green_space","vegetationFraction":0.78,"pavedFraction":0.1,"waterFraction":0.014,"simulated":true},"geometry":{"type":"Polygon","coordinates":[[[114.26759999999996,22.351399999999995],[114.26919999999996,22.351399999999995],[114.26919999999996,22.352999999999994],[114.26759999999996,22.352999999999994],[114.26759999999996,22.351399999999995]]]}},{"type":"Feature","properties":{"id":"lu-nt-sai-kung-29-12","class":"green_space","vegetationFraction":0.78,"pavedFraction":0.1,"waterFraction":0.009,"simulated":true},"geometry":{"type":"Polygon","coordinates":[[[114.26919999999996,22.351399999999995],[114.27079999999995,22.351399999999995],[114.27079999999995,22.352999999999994],[114.26919999999996,22.352999999999994],[114.26919999999996,22.351399999999995]]]}},{"type":"Feature","properties":{"id":"lu-nt-sai-kung-29-13","class":"green_space","vegetationFraction":0.78,"pavedFraction":0.1,"waterFraction":0.007,"simulated":true},"geometry":{"type":"Polygon","coordinates":[[[114.27079999999995,22.351399999999995],[114.27239999999995,22.351399999999995],[114.27239999999995,22.352999999999994],[114.27079999999995,22.352999999999994],[114.27079999999995,22.351399999999995]]]}},{"type":"Feature","properties":{"id":"lu-nt-sai-kung-29-14","class":"green_space","vegetationFraction":0.78,"pavedFraction":0.1,"waterFraction":0.021,"simulated":true},"geometry":{"type":"Polygon","coordinates":[[[114.27239999999995,22.351399999999995],[114.27399999999994,22.351399999999995],[114.27399999999994,22.352999999999994],[114.27239999999995,22.352999999999994],[114.27239999999995,22.351399999999995]]]}},{"type":"Feature","properties":{"id":"lu-nt-sai-kung-29-15","class":"green_space","vegetationFraction":0.78,"pavedFraction":0.1,"waterFraction":0.054,"simulated":true},"geometry":{"type":"Polygon","coordinates":[[[114.27399999999994,22.351399999999995],[114.27559999999994,22.351399999999995],[114.27559999999994,22.352999999999994],[114.27399999999994,22.352999999999994],[114.27399999999994,22.351399999999995]]]}},{"type":"Feature","properties":{"id":"lu-nt-sai-kung-29-16","class":"green_space","vegetationFraction":0.78,"pavedFraction":0.1,"waterFraction":0.012,"simulated":true},"geometry":{"type":"Polygon","coordinates":[[[114.27559999999994,22.351399999999995],[114.27719999999994,22.351399999999995],[114.27719999999994,22.352999999999994],[114.27559999999994,22.352999999999994],[114.27559999999994,22.351399999999995]]]}},{"type":"Feature","properties":{"id":"lu-nt-sai-kung-29-17","class":"urban_open_space","vegetationFraction":0.263,"pavedFraction":0.355,"waterFraction":0.054,"simulated":true},"geometry":{"type":"Polygon","coordinates":[[[114.27719999999994,22.351399999999995],[114.27879999999993,22.351399999999995],[114.27879999999993,22.352999999999994],[114.27719999999994,22.352999999999994],[114.27719999999994,22.351399999999995]]]}},{"type":"Feature","properties":{"id":"lu-nt-sai-kung-29-18","class":"built_up","vegetationFraction":0.246,"pavedFraction":0.351,"waterFraction":0.054,"simulated":true},"geometry":{"type":"Polygon","coordinates":[[[114.27879999999993,22.351399999999995],[114.28039999999993,22.351399999999995],[114.28039999999993,22.352999999999994],[114.27879999999993,22.352999999999994],[114.27879999999993,22.351399999999995]]]}},{"type":"Feature","properties":{"id":"lu-nt-sai-kung-29-19","class":"urban_open_space","vegetationFraction":0.343,"pavedFraction":0.403,"waterFraction":0.026,"simulated":true},"geometry":{"type":"Polygon","coordinates":[[[114.28039999999993,22.351399999999995],[114.28199999999993,22.351399999999995],[114.28199999999993,22.352999999999994],[114.28039999999993,22.352999999999994],[114.28039999999993,22.351399999999995]]]}},{"type":"Feature","properties":{"id":"lu-nt-sai-kung-29-20","class":"urban_open_space","vegetationFraction":0.266,"pavedFraction":0.416,"waterFraction":0.038,"simulated":true},"geometry":{"type":"Polygon","coordinates":[[[114.28199999999993,22.351399999999995],[114.28359999999992,22.351399999999995],[114.28359999999992,22.352999999999994],[114.28199999999993,22.352999999999994],[114.28199999999993,22.351399999999995]]]}},{"type":"Feature","properties":{"id":"lu-nt-sai-kung-29-21","class":"urban_open_space","vegetationFraction":0.296,"pavedFraction":0.434,"waterFraction":0.021,"simulated":true},"geometry":{"type":"Polygon","coordinates":[[[114.28359999999992,22.351399999999995],[114.28519999999992,22.351399999999995],[114.28519999999992,22.352999999999994],[114.28359999999992,22.352999999999994],[114.28359999999992,22.351399999999995]]]}},{"type":"Feature","properties":{"id":"lu-nt-sai-kung-29-22","class":"built_up","vegetationFraction":0.237,"pavedFraction":0.494,"waterFraction":0.042,"simulated":true},"geometry":{"type":"Polygon","coordinates":[[[114.28519999999992,22.351399999999995],[114.28679999999991,22.351399999999995],[114.28679999999991,22.352999999999994],[114.28519999999992,22.352999999999994],[114.28519999999992,22.351399999999995]]]}},{"type":"Feature","properties":{"id":"lu-nt-sai-kung-29-23","class":"urban_open_space","vegetationFraction":0.364,"pavedFraction":0.496,"waterFraction":0.024,"simulated":true},"geometry":{"type":"Polygon","coordinates":[[[114.28679999999991,22.351399999999995],[114.28839999999991,22.351399999999995],[114.28839999999991,22.352999999999994],[114.28679999999991,22.352999999999994],[114.28679999999991,22.351399999999995]]]}},{"type":"Feature","properties":{"id":"lu-nt-sai-kung-29-24","class":"urban_open_space","vegetationFraction":0.39,"pavedFraction":0.525,"waterFraction":0.014,"simulated":true},"geometry":{"type":"Polygon","coordinates":[[[114.28839999999991,22.351399999999995],[114.2899999999999,22.351399999999995],[114.2899999999999,22.352999999999994],[114.28839999999991,22.352999999999994],[114.28839999999991,22.351399999999995]]]}},{"type":"Feature","properties":{"id":"lu-nt-sai-kung-29-25","class":"green_space","vegetationFraction":0.43,"pavedFraction":0.374,"waterFraction":0.043,"simulated":true},"geometry":{"type":"Polygon","coordinates":[[[114.2899999999999,22.351399999999995],[114.2915999999999,22.351399999999995],[114.2915999999999,22.352999999999994],[114.2899999999999,22.352999999999994],[114.2899999999999,22.351399999999995]]]}},{"type":"Feature","properties":{"id":"lu-nt-sai-kung-29-26","class":"urban_open_space","vegetationFraction":0.39,"pavedFraction":0.496,"waterFraction":0.06,"simulated":true},"geometry":{"type":"Polygon","coordinates":[[[114.2915999999999,22.351399999999995],[114.2931999999999,22.351399999999995],[114.2931999999999,22.352999999999994],[114.2915999999999,22.352999999999994],[114.2915999999999,22.351399999999995]]]}},{"type":"Feature","properties":{"id":"lu-nt-sai-kung-29-27","class":"urban_open_space","vegetationFraction":0.255,"pavedFraction":0.385,"waterFraction":0.037,"simulated":true},"geometry":{"type":"Polygon","coordinates":[[[114.2931999999999,22.351399999999995],[114.2947999999999,22.351399999999995],[114.2947999999999,22.352999999999994],[114.2931999999999,22.352999999999994],[114.2931999999999,22.351399999999995]]]}},{"type":"Feature","properties":{"id":"lu-nt-sai-kung-29-28","class":"built_up","vegetationFraction":0.25,"pavedFraction":0.449,"waterFraction":0.035,"simulated":true},"geometry":{"type":"Polygon","coordinates":[[[114.2947999999999,22.351399999999995],[114.29639999999989,22.351399999999995],[114.29639999999989,22.352999999999994],[114.2947999999999,22.352999999999994],[114.2947999999999,22.351399999999995]]]}},{"type":"Feature","properties":{"id":"lu-nt-sai-kung-29-29","class":"green_space","vegetationFraction":0.45,"pavedFraction":0.511,"waterFraction":0.04,"simulated":true},"geometry":{"type":"Polygon","coordinates":[[[114.29639999999989,22.351399999999995],[114.29799999999989,22.351399999999995],[114.29799999999989,22.352999999999994],[114.29639999999989,22.352999999999994],[114.29639999999989,22.351399999999995]]]}},{"type":"Feature","properties":{"id":"lu-nt-sai-kung-29-30","class":"green_space","vegetationFraction":0.404,"pavedFraction":0.644,"waterFraction":0.008,"simulated":true},"geometry":{"type":"Polygon","coordinates":[[[114.29799999999989,22.351399999999995],[114.29959999999988,22.351399999999995],[114.29959999999988,22.352999999999994],[114.29799999999989,22.352999999999994],[114.29799999999989,22.351399999999995]]]}},{"type":"Feature","properties":{"id":"lu-nt-sai-kung-30-00","class":"urban_open_space","vegetationFraction":0.343,"pavedFraction":0.379,"waterFraction":0.06,"simulated":true},"geometry":{"type":"Polygon","coordinates":[[[114.25,22.352999999999994],[114.2516,22.352999999999994],[114.2516,22.354599999999994],[114.25,22.354599999999994],[114.25,22.352999999999994]]]}},{"type":"Feature","properties":{"id":"lu-nt-sai-kung-30-01","class":"urban_open_space","vegetationFraction":0.316,"pavedFraction":0.458,"waterFraction":0.012,"simulated":true},"geometry":{"type":"Polygon","coordinates":[[[114.2516,22.352999999999994],[114.25319999999999,22.352999999999994],[114.25319999999999,22.354599999999994],[114.2516,22.354599999999994],[114.2516,22.352999999999994]]]}},{"type":"Feature","properties":{"id":"lu-nt-sai-kung-30-02","class":"urban_open_space","vegetationFraction":0.256,"pavedFraction":0.63,"waterFraction":0.057,"simulated":true},"geometry":{"type":"Polygon","coordinates":[[[114.25319999999999,22.352999999999994],[114.25479999999999,22.352999999999994],[114.25479999999999,22.354599999999994],[114.25319999999999,22.354599999999994],[114.25319999999999,22.352999999999994]]]}},{"type":"Feature","properties":{"id":"lu-nt-sai-kung-30-03","class":"built_up","vegetationFraction":0.243,"pavedFraction":0.358,"waterFraction":0.008,"simulated":true},"geometry":{"type":"Polygon","coordinates":[[[114.25479999999999,22.352999999999994],[114.25639999999999,22.352999999999994],[114.25639999999999,22.354599999999994],[114.25479999999999,22.354599999999994],[114.25479999999999,22.352999999999994]]]}},{"type":"Feature","properties":{"id":"lu-nt-sai-kung-30-04","class":"green_space","vegetationFraction":0.435,"pavedFraction":0.421,"waterFraction":0.026,"simulated":true},"geometry":{"type":"Polygon","coordinates":[[[114.25639999999999,22.352999999999994],[114.25799999999998,22.352999999999994],[114.25799999999998,22.354599999999994],[114.25639999999999,22.354599999999994],[114.25639999999999,22.352999999999994]]]}},{"type":"Feature","properties":{"id":"lu-nt-sai-kung-30-05","class":"built_up","vegetationFraction":0.206,"pavedFraction":0.586,"waterFraction":0.017,"simulated":true},"geometry":{"type":"Polygon","coordinates":[[[114.25799999999998,22.352999999999994],[114.25959999999998,22.352999999999994],[114.25959999999998,22.354599999999994],[114.25799999999998,22.354599999999994],[114.25799999999998,22.352999999999994]]]}},{"type":"Feature","properties":{"id":"lu-nt-sai-kung-30-06","class":"built_up","vegetationFraction":0.231,"pavedFraction":0.506,"waterFraction":0.024,"simulated":true},"geometry":{"type":"Polygon","coordinates":[[[114.25959999999998,22.352999999999994],[114.26119999999997,22.352999999999994],[114.26119999999997,22.354599999999994],[114.25959999999998,22.354599999999994],[114.25959999999998,22.352999999999994]]]}},{"type":"Feature","properties":{"id":"lu-nt-sai-kung-30-07","class":"built_up","vegetationFraction":0.246,"pavedFraction":0.51,"waterFraction":0.019,"simulated":true},"geometry":{"type":"Polygon","coordinates":[[[114.26119999999997,22.352999999999994],[114.26279999999997,22.352999999999994],[114.26279999999997,22.354599999999994],[114.26119999999997,22.354599999999994],[114.26119999999997,22.352999999999994]]]}},{"type":"Feature","properties":{"id":"lu-nt-sai-kung-30-08","class":"green_space","vegetationFraction":0.78,"pavedFraction":0.1,"waterFraction":0.014,"simulated":true},"geometry":{"type":"Polygon","coordinates":[[[114.26279999999997,22.352999999999994],[114.26439999999997,22.352999999999994],[114.26439999999997,22.354599999999994],[114.26279999999997,22.354599999999994],[114.26279999999997,22.352999999999994]]]}},{"type":"Feature","properties":{"id":"lu-nt-sai-kung-30-09","class":"green_space","vegetationFraction":0.78,"pavedFraction":0.1,"waterFraction":0.032,"simulated":true},"geometry":{"type":"Polygon","coordinates":[[[114.26439999999997,22.352999999999994],[114.26599999999996,22.352999999999994],[114.26599999999996,22.354599999999994],[114.26439999999997,22.354599999999994],[114.26439999999997,22.352999999999994]]]}},{"type":"Feature","properties":{"id":"lu-nt-sai-kung-30-10","class":"green_space","vegetationFraction":0.78,"pavedFraction":0.1,"waterFraction":0.054,"simulated":true},"geometry":{"type":"Polygon","coordinates":[[[114.26599999999996,22.352999999999994],[114.26759999999996,22.352999999999994],[114.26759999999996,22.354599999999994],[114.26599999999996,22.354599999999994],[114.26599999999996,22.352999999999994]]]}},{"type":"Feature","properties":{"id":"lu-nt-sai-kung-30-11","class":"green_space","vegetationFraction":0.78,"pavedFraction":0.1,"waterFraction":0.051,"simulated":true},"geometry":{"type":"Polygon","coordinates":[[[114.26759999999996,22.352999999999994],[114.26919999999996,22.352999999999994],[114.26919999999996,22.354599999999994],[114.26759999999996,22.354599999999994],[114.26759999999996,22.352999999999994]]]}},{"type":"Feature","properties":{"id":"lu-nt-sai-kung-30-12","class":"green_space","vegetationFraction":0.78,"pavedFraction":0.1,"waterFraction":0.014,"simulated":true},"geometry":{"type":"Polygon","coordinates":[[[114.26919999999996,22.352999999999994],[114.27079999999995,22.352999999999994],[114.27079999999995,22.354599999999994],[114.26919999999996,22.354599999999994],[114.26919999999996,22.352999999999994]]]}},{"type":"Feature","properties":{"id":"lu-nt-sai-kung-30-13","class":"green_space","vegetationFraction":0.78,"pavedFraction":0.1,"waterFraction":0.028,"simulated":true},"geometry":{"type":"Polygon","coordinates":[[[114.27079999999995,22.352999999999994],[114.27239999999995,22.352999999999994],[114.27239999999995,22.354599999999994],[114.27079999999995,22.354599999999994],[114.27079999999995,22.352999999999994]]]}},{"type":"Feature","properties":{"id":"lu-nt-sai-kung-30-14","class":"green_space","vegetationFraction":0.78,"pavedFraction":0.1,"waterFraction":0.05,"simulated":true},"geometry":{"type":"Polygon","coordinates":[[[114.27239999999995,22.352999999999994],[114.27399999999994,22.352999999999994],[114.27399999999994,22.354599999999994],[114.27239999999995,22.354599999999994],[114.27239999999995,22.352999999999994]]]}},{"type":"Feature","properties":{"id":"lu-nt-sai-kung-30-15","class":"green_space","vegetationFraction":0.78,"pavedFraction":0.1,"waterFraction":0.045,"simulated":true},"geometry":{"type":"Polygon","coordinates":[[[114.27399999999994,22.352999999999994],[114.27559999999994,22.352999999999994],[114.27559999999994,22.354599999999994],[114.27399999999994,22.354599999999994],[114.27399999999994,22.352999999999994]]]}},{"type":"Feature","properties":{"id":"lu-nt-sai-kung-30-16","class":"green_space","vegetationFraction":0.78,"pavedFraction":0.1,"waterFraction":0.036,"simulated":true},"geometry":{"type":"Polygon","coordinates":[[[114.27559999999994,22.352999999999994],[114.27719999999994,22.352999999999994],[114.27719999999994,22.354599999999994],[114.27559999999994,22.354599999999994],[114.27559999999994,22.352999999999994]]]}},{"type":"Feature","properties":{"id":"lu-nt-sai-kung-30-17","class":"urban_open_space","vegetationFraction":0.318,"pavedFraction":0.577,"waterFraction":0.03,"simulated":true},"geometry":{"type":"Polygon","coordinates":[[[114.27719999999994,22.352999999999994],[114.27879999999993,22.352999999999994],[114.27879999999993,22.354599999999994],[114.27719999999994,22.354599999999994],[114.27719999999994,22.352999999999994]]]}},{"type":"Feature","properties":{"id":"lu-nt-sai-kung-30-18","class":"urban_open_space","vegetationFraction":0.383,"pavedFraction":0.557,"waterFraction":0.058,"simulated":true},"geometry":{"type":"Polygon","coordinates":[[[114.27879999999993,22.352999999999994],[114.28039999999993,22.352999999999994],[114.28039999999993,22.354599999999994],[114.27879999999993,22.354599999999994],[114.27879999999993,22.352999999999994]]]}},{"type":"Feature","properties":{"id":"lu-nt-sai-kung-30-19","class":"urban_open_space","vegetationFraction":0.321,"pavedFraction":0.444,"waterFraction":0.021,"simulated":true},"geometry":{"type":"Polygon","coordinates":[[[114.28039999999993,22.352999999999994],[114.28199999999993,22.352999999999994],[114.28199999999993,22.354599999999994],[114.28039999999993,22.354599999999994],[114.28039999999993,22.352999999999994]]]}},{"type":"Feature","properties":{"id":"lu-nt-sai-kung-30-20","class":"urban_open_space","vegetationFraction":0.335,"pavedFraction":0.537,"waterFraction":0.022,"simulated":true},"geometry":{"type":"Polygon","coordinates":[[[114.28199999999993,22.352999999999994],[114.28359999999992,22.352999999999994],[114.28359999999992,22.354599999999994],[114.28199999999993,22.354599999999994],[114.28199999999993,22.352999999999994]]]}},{"type":"Feature","properties":{"id":"lu-nt-sai-kung-30-21","class":"urban_open_space","vegetationFraction":0.376,"pavedFraction":0.629,"waterFraction":0.039,"simulated":true},"geometry":{"type":"Polygon","coordinates":[[[114.28359999999992,22.352999999999994],[114.28519999999992,22.352999999999994],[114.28519999999992,22.354599999999994],[114.28359999999992,22.354599999999994],[114.28359999999992,22.352999999999994]]]}},{"type":"Feature","properties":{"id":"lu-nt-sai-kung-30-22","class":"built_up","vegetationFraction":0.201,"pavedFraction":0.549,"waterFraction":0.056,"simulated":true},"geometry":{"type":"Polygon","coordinates":[[[114.28519999999992,22.352999999999994],[114.28679999999991,22.352999999999994],[114.28679999999991,22.354599999999994],[114.28519999999992,22.354599999999994],[114.28519999999992,22.352999999999994]]]}},{"type":"Feature","properties":{"id":"lu-nt-sai-kung-30-23","class":"urban_open_space","vegetationFraction":0.363,"pavedFraction":0.471,"waterFraction":0.022,"simulated":true},"geometry":{"type":"Polygon","coordinates":[[[114.28679999999991,22.352999999999994],[114.28839999999991,22.352999999999994],[114.28839999999991,22.354599999999994],[114.28679999999991,22.354599999999994],[114.28679999999991,22.352999999999994]]]}},{"type":"Feature","properties":{"id":"lu-nt-sai-kung-30-24","class":"green_space","vegetationFraction":0.421,"pavedFraction":0.541,"waterFraction":0.004,"simulated":true},"geometry":{"type":"Polygon","coordinates":[[[114.28839999999991,22.352999999999994],[114.2899999999999,22.352999999999994],[114.2899999999999,22.354599999999994],[114.28839999999991,22.354599999999994],[114.28839999999991,22.352999999999994]]]}},{"type":"Feature","properties":{"id":"lu-nt-sai-kung-30-25","class":"urban_open_space","vegetationFraction":0.4,"pavedFraction":0.429,"waterFraction":0.025,"simulated":true},"geometry":{"type":"Polygon","coordinates":[[[114.2899999999999,22.352999999999994],[114.2915999999999,22.352999999999994],[114.2915999999999,22.354599999999994],[114.2899999999999,22.354599999999994],[114.2899999999999,22.352999999999994]]]}},{"type":"Feature","properties":{"id":"lu-nt-sai-kung-30-26","class":"urban_open_space","vegetationFraction":0.291,"pavedFraction":0.597,"waterFraction":0.037,"simulated":true},"geometry":{"type":"Polygon","coordinates":[[[114.2915999999999,22.352999999999994],[114.2931999999999,22.352999999999994],[114.2931999999999,22.354599999999994],[114.2915999999999,22.354599999999994],[114.2915999999999,22.352999999999994]]]}},{"type":"Feature","properties":{"id":"lu-nt-sai-kung-30-27","class":"urban_open_space","vegetationFraction":0.334,"pavedFraction":0.352,"waterFraction":0.006,"simulated":true},"geometry":{"type":"Polygon","coordinates":[[[114.2931999999999,22.352999999999994],[114.2947999999999,22.352999999999994],[114.2947999999999,22.354599999999994],[114.2931999999999,22.354599999999994],[114.2931999999999,22.352999999999994]]]}},{"type":"Feature","properties":{"id":"lu-nt-sai-kung-30-28","class":"urban_open_space","vegetationFraction":0.374,"pavedFraction":0.397,"waterFraction":0.008,"simulated":true},"geometry":{"type":"Polygon","coordinates":[[[114.2947999999999,22.352999999999994],[114.29639999999989,22.352999999999994],[114.29639999999989,22.354599999999994],[114.2947999999999,22.354599999999994],[114.2947999999999,22.352999999999994]]]}},{"type":"Feature","properties":{"id":"lu-nt-sai-kung-30-29","class":"urban_open_space","vegetationFraction":0.295,"pavedFraction":0.61,"waterFraction":0.045,"simulated":true},"geometry":{"type":"Polygon","coordinates":[[[114.29639999999989,22.352999999999994],[114.29799999999989,22.352999999999994],[114.29799999999989,22.354599999999994],[114.29639999999989,22.354599999999994],[114.29639999999989,22.352999999999994]]]}},{"type":"Feature","properties":{"id":"lu-nt-sai-kung-30-30","class":"urban_open_space","vegetationFraction":0.351,"pavedFraction":0.442,"waterFraction":0.028,"simulated":true},"geometry":{"type":"Polygon","coordinates":[[[114.29799999999989,22.352999999999994],[114.29959999999988,22.352999999999994],[114.29959999999988,22.354599999999994],[114.29799999999989,22.354599999999994],[114.29799999999989,22.352999999999994]]]}},{"type":"Feature","properties":{"id":"lu-nt-sai-kung-31-00","class":"urban_open_space","vegetationFraction":0.263,"pavedFraction":0.565,"waterFraction":0.008,"simulated":true},"geometry":{"type":"Polygon","coordinates":[[[114.25,22.354599999999994],[114.2516,22.354599999999994],[114.2516,22.356199999999994],[114.25,22.356199999999994],[114.25,22.354599999999994]]]}},{"type":"Feature","properties":{"id":"lu-nt-sai-kung-31-01","class":"built_up","vegetationFraction":0.216,"pavedFraction":0.437,"waterFraction":0.007,"simulated":true},"geometry":{"type":"Polygon","coordinates":[[[114.2516,22.354599999999994],[114.25319999999999,22.354599999999994],[114.25319999999999,22.356199999999994],[114.2516,22.356199999999994],[114.2516,22.354599999999994]]]}},{"type":"Feature","properties":{"id":"lu-nt-sai-kung-31-02","class":"built_up","vegetationFraction":0.242,"pavedFraction":0.502,"waterFraction":0.028,"simulated":true},"geometry":{"type":"Polygon","coordinates":[[[114.25319999999999,22.354599999999994],[114.25479999999999,22.354599999999994],[114.25479999999999,22.356199999999994],[114.25319999999999,22.356199999999994],[114.25319999999999,22.354599999999994]]]}},{"type":"Feature","properties":{"id":"lu-nt-sai-kung-31-03","class":"built_up","vegetationFraction":0.23,"pavedFraction":0.495,"waterFraction":0.033,"simulated":true},"geometry":{"type":"Polygon","coordinates":[[[114.25479999999999,22.354599999999994],[114.25639999999999,22.354599999999994],[114.25639999999999,22.356199999999994],[114.25479999999999,22.356199999999994],[114.25479999999999,22.354599999999994]]]}},{"type":"Feature","properties":{"id":"lu-nt-sai-kung-31-04","class":"urban_open_space","vegetationFraction":0.356,"pavedFraction":0.438,"waterFraction":0.001,"simulated":true},"geometry":{"type":"Polygon","coordinates":[[[114.25639999999999,22.354599999999994],[114.25799999999998,22.354599999999994],[114.25799999999998,22.356199999999994],[114.25639999999999,22.356199999999994],[114.25639999999999,22.354599999999994]]]}},{"type":"Feature","properties":{"id":"lu-nt-sai-kung-31-05","class":"urban_open_space","vegetationFraction":0.328,"pavedFraction":0.526,"waterFraction":0.011,"simulated":true},"geometry":{"type":"Polygon","coordinates":[[[114.25799999999998,22.354599999999994],[114.25959999999998,22.354599999999994],[114.25959999999998,22.356199999999994],[114.25799999999998,22.356199999999994],[114.25799999999998,22.354599999999994]]]}},{"type":"Feature","properties":{"id":"lu-nt-sai-kung-31-06","class":"built_up","vegetationFraction":0.242,"pavedFraction":0.598,"waterFraction":0.016,"simulated":true},"geometry":{"type":"Polygon","coordinates":[[[114.25959999999998,22.354599999999994],[114.26119999999997,22.354599999999994],[114.26119999999997,22.356199999999994],[114.25959999999998,22.356199999999994],[114.25959999999998,22.354599999999994]]]}},{"type":"Feature","properties":{"id":"lu-nt-sai-kung-31-07","class":"urban_open_space","vegetationFraction":0.359,"pavedFraction":0.603,"waterFraction":0.014,"simulated":true},"geometry":{"type":"Polygon","coordinates":[[[114.26119999999997,22.354599999999994],[114.26279999999997,22.354599999999994],[114.26279999999997,22.356199999999994],[114.26119999999997,22.356199999999994],[114.26119999999997,22.354599999999994]]]}},{"type":"Feature","properties":{"id":"lu-nt-sai-kung-31-08","class":"green_space","vegetationFraction":0.78,"pavedFraction":0.1,"waterFraction":0.035,"simulated":true},"geometry":{"type":"Polygon","coordinates":[[[114.26279999999997,22.354599999999994],[114.26439999999997,22.354599999999994],[114.26439999999997,22.356199999999994],[114.26279999999997,22.356199999999994],[114.26279999999997,22.354599999999994]]]}},{"type":"Feature","properties":{"id":"lu-nt-sai-kung-31-09","class":"green_space","vegetationFraction":0.78,"pavedFraction":0.1,"waterFraction":0.012,"simulated":true},"geometry":{"type":"Polygon","coordinates":[[[114.26439999999997,22.354599999999994],[114.26599999999996,22.354599999999994],[114.26599999999996,22.356199999999994],[114.26439999999997,22.356199999999994],[114.26439999999997,22.354599999999994]]]}},{"type":"Feature","properties":{"id":"lu-nt-sai-kung-31-10","class":"green_space","vegetationFraction":0.78,"pavedFraction":0.1,"waterFraction":0.056,"simulated":true},"geometry":{"type":"Polygon","coordinates":[[[114.26599999999996,22.354599999999994],[114.26759999999996,22.354599999999994],[114.26759999999996,22.356199999999994],[114.26599999999996,22.356199999999994],[114.26599999999996,22.354599999999994]]]}},{"type":"Feature","properties":{"id":"lu-nt-sai-kung-31-11","class":"green_space","vegetationFraction":0.78,"pavedFraction":0.1,"waterFraction":0.045,"simulated":true},"geometry":{"type":"Polygon","coordinates":[[[114.26759999999996,22.354599999999994],[114.26919999999996,22.354599999999994],[114.26919999999996,22.356199999999994],[114.26759999999996,22.356199999999994],[114.26759999999996,22.354599999999994]]]}},{"type":"Feature","properties":{"id":"lu-nt-sai-kung-31-12","class":"green_space","vegetationFraction":0.78,"pavedFraction":0.1,"waterFraction":0.017,"simulated":true},"geometry":{"type":"Polygon","coordinates":[[[114.26919999999996,22.354599999999994],[114.27079999999995,22.354599999999994],[114.27079999999995,22.356199999999994],[114.26919999999996,22.356199999999994],[114.26919999999996,22.354599999999994]]]}},{"type":"Feature","properties":{"id":"lu-nt-sai-kung-31-13","class":"green_space","vegetationFraction":0.78,"pavedFraction":0.1,"waterFraction":0.019,"simulated":true},"geometry":{"type":"Polygon","coordinates":[[[114.27079999999995,22.354599999999994],[114.27239999999995,22.354599999999994],[114.27239999999995,22.356199999999994],[114.27079999999995,22.356199999999994],[114.27079999999995,22.354599999999994]]]}},{"type":"Feature","properties":{"id":"lu-nt-sai-kung-31-14","class":"green_space","vegetationFraction":0.78,"pavedFraction":0.1,"waterFraction":0.007,"simulated":true},"geometry":{"type":"Polygon","coordinates":[[[114.27239999999995,22.354599999999994],[114.27399999999994,22.354599999999994],[114.27399999999994,22.356199999999994],[114.27239999999995,22.356199999999994],[114.27239999999995,22.354599999999994]]]}},{"type":"Feature","properties":{"id":"lu-nt-sai-kung-31-15","class":"green_space","vegetationFraction":0.78,"pavedFraction":0.1,"waterFraction":0.018,"simulated":true},"geometry":{"type":"Polygon","coordinates":[[[114.27399999999994,22.354599999999994],[114.27559999999994,22.354599999999994],[114.27559999999994,22.356199999999994],[114.27399999999994,22.356199999999994],[114.27399999999994,22.354599999999994]]]}},{"type":"Feature","properties":{"id":"lu-nt-sai-kung-31-16","class":"green_space","vegetationFraction":0.78,"pavedFraction":0.1,"waterFraction":0.037,"simulated":true},"geometry":{"type":"Polygon","coordinates":[[[114.27559999999994,22.354599999999994],[114.27719999999994,22.354599999999994],[114.27719999999994,22.356199999999994],[114.27559999999994,22.356199999999994],[114.27559999999994,22.354599999999994]]]}},{"type":"Feature","properties":{"id":"lu-nt-sai-kung-31-17","class":"urban_open_space","vegetationFraction":0.355,"pavedFraction":0.561,"waterFraction":0.008,"simulated":true},"geometry":{"type":"Polygon","coordinates":[[[114.27719999999994,22.354599999999994],[114.27879999999993,22.354599999999994],[114.27879999999993,22.356199999999994],[114.27719999999994,22.356199999999994],[114.27719999999994,22.354599999999994]]]}},{"type":"Feature","properties":{"id":"lu-nt-sai-kung-31-18","class":"built_up","vegetationFraction":0.223,"pavedFraction":0.357,"waterFraction":0.06,"simulated":true},"geometry":{"type":"Polygon","coordinates":[[[114.27879999999993,22.354599999999994],[114.28039999999993,22.354599999999994],[114.28039999999993,22.356199999999994],[114.27879999999993,22.356199999999994],[114.27879999999993,22.354599999999994]]]}},{"type":"Feature","properties":{"id":"lu-nt-sai-kung-31-19","class":"urban_open_space","vegetationFraction":0.262,"pavedFraction":0.417,"waterFraction":0.021,"simulated":true},"geometry":{"type":"Polygon","coordinates":[[[114.28039999999993,22.354599999999994],[114.28199999999993,22.354599999999994],[114.28199999999993,22.356199999999994],[114.28039999999993,22.356199999999994],[114.28039999999993,22.354599999999994]]]}},{"type":"Feature","properties":{"id":"lu-nt-sai-kung-31-20","class":"urban_open_space","vegetationFraction":0.395,"pavedFraction":0.357,"waterFraction":0.06,"simulated":true},"geometry":{"type":"Polygon","coordinates":[[[114.28199999999993,22.354599999999994],[114.28359999999992,22.354599999999994],[114.28359999999992,22.356199999999994],[114.28199999999993,22.356199999999994],[114.28199999999993,22.354599999999994]]]}},{"type":"Feature","properties":{"id":"lu-nt-sai-kung-31-21","class":"urban_open_space","vegetationFraction":0.292,"pavedFraction":0.636,"waterFraction":0.054,"simulated":true},"geometry":{"type":"Polygon","coordinates":[[[114.28359999999992,22.354599999999994],[114.28519999999992,22.354599999999994],[114.28519999999992,22.356199999999994],[114.28359999999992,22.356199999999994],[114.28359999999992,22.354599999999994]]]}},{"type":"Feature","properties":{"id":"lu-nt-sai-kung-31-22","class":"built_up","vegetationFraction":0.212,"pavedFraction":0.352,"waterFraction":0.046,"simulated":true},"geometry":{"type":"Polygon","coordinates":[[[114.28519999999992,22.354599999999994],[114.28679999999991,22.354599999999994],[114.28679999999991,22.356199999999994],[114.28519999999992,22.356199999999994],[114.28519999999992,22.354599999999994]]]}},{"type":"Feature","properties":{"id":"lu-nt-sai-kung-31-23","class":"urban_open_space","vegetationFraction":0.298,"pavedFraction":0.536,"waterFraction":0.048,"simulated":true},"geometry":{"type":"Polygon","coordinates":[[[114.28679999999991,22.354599999999994],[114.28839999999991,22.354599999999994],[114.28839999999991,22.356199999999994],[114.28679999999991,22.356199999999994],[114.28679999999991,22.354599999999994]]]}},{"type":"Feature","properties":{"id":"lu-nt-sai-kung-31-24","class":"urban_open_space","vegetationFraction":0.342,"pavedFraction":0.476,"waterFraction":0.008,"simulated":true},"geometry":{"type":"Polygon","coordinates":[[[114.28839999999991,22.354599999999994],[114.2899999999999,22.354599999999994],[114.2899999999999,22.356199999999994],[114.28839999999991,22.356199999999994],[114.28839999999991,22.354599999999994]]]}},{"type":"Feature","properties":{"id":"lu-nt-sai-kung-31-25","class":"urban_open_space","vegetationFraction":0.372,"pavedFraction":0.372,"waterFraction":0.052,"simulated":true},"geometry":{"type":"Polygon","coordinates":[[[114.2899999999999,22.354599999999994],[114.2915999999999,22.354599999999994],[114.2915999999999,22.356199999999994],[114.2899999999999,22.356199999999994],[114.2899999999999,22.354599999999994]]]}},{"type":"Feature","properties":{"id":"lu-nt-sai-kung-31-26","class":"urban_open_space","vegetationFraction":0.328,"pavedFraction":0.634,"waterFraction":0.025,"simulated":true},"geometry":{"type":"Polygon","coordinates":[[[114.2915999999999,22.354599999999994],[114.2931999999999,22.354599999999994],[114.2931999999999,22.356199999999994],[114.2915999999999,22.356199999999994],[114.2915999999999,22.354599999999994]]]}},{"type":"Feature","properties":{"id":"lu-nt-sai-kung-31-27","class":"urban_open_space","vegetationFraction":0.351,"pavedFraction":0.394,"waterFraction":0.002,"simulated":true},"geometry":{"type":"Polygon","coordinates":[[[114.2931999999999,22.354599999999994],[114.2947999999999,22.354599999999994],[114.2947999999999,22.356199999999994],[114.2931999999999,22.356199999999994],[114.2931999999999,22.354599999999994]]]}},{"type":"Feature","properties":{"id":"lu-nt-sai-kung-31-28","class":"urban_open_space","vegetationFraction":0.346,"pavedFraction":0.589,"waterFraction":0.054,"simulated":true},"geometry":{"type":"Polygon","coordinates":[[[114.2947999999999,22.354599999999994],[114.29639999999989,22.354599999999994],[114.29639999999989,22.356199999999994],[114.2947999999999,22.356199999999994],[114.2947999999999,22.354599999999994]]]}},{"type":"Feature","properties":{"id":"lu-nt-sai-kung-31-29","class":"urban_open_space","vegetationFraction":0.375,"pavedFraction":0.485,"waterFraction":0.057,"simulated":true},"geometry":{"type":"Polygon","coordinates":[[[114.29639999999989,22.354599999999994],[114.29799999999989,22.354599999999994],[114.29799999999989,22.356199999999994],[114.29639999999989,22.356199999999994],[114.29639999999989,22.354599999999994]]]}},{"type":"Feature","properties":{"id":"lu-nt-sai-kung-31-30","class":"urban_open_space","vegetationFraction":0.393,"pavedFraction":0.591,"waterFraction":0.003,"simulated":true},"geometry":{"type":"Polygon","coordinates":[[[114.29799999999989,22.354599999999994],[114.29959999999988,22.354599999999994],[114.29959999999988,22.356199999999994],[114.29799999999989,22.356199999999994],[114.29799999999989,22.354599999999994]]]}},{"type":"Feature","properties":{"id":"lu-nt-sai-kung-32-00","class":"urban_open_space","vegetationFraction":0.375,"pavedFraction":0.371,"waterFraction":0.035,"simulated":true},"geometry":{"type":"Polygon","coordinates":[[[114.25,22.356199999999994],[114.2516,22.356199999999994],[114.2516,22.357799999999994],[114.25,22.357799999999994],[114.25,22.356199999999994]]]}},{"type":"Feature","properties":{"id":"lu-nt-sai-kung-32-01","class":"urban_open_space","vegetationFraction":0.386,"pavedFraction":0.497,"waterFraction":0.06,"simulated":true},"geometry":{"type":"Polygon","coordinates":[[[114.2516,22.356199999999994],[114.25319999999999,22.356199999999994],[114.25319999999999,22.357799999999994],[114.2516,22.357799999999994],[114.2516,22.356199999999994]]]}},{"type":"Feature","properties":{"id":"lu-nt-sai-kung-32-02","class":"green_space","vegetationFraction":0.415,"pavedFraction":0.543,"waterFraction":0.024,"simulated":true},"geometry":{"type":"Polygon","coordinates":[[[114.25319999999999,22.356199999999994],[114.25479999999999,22.356199999999994],[114.25479999999999,22.357799999999994],[114.25319999999999,22.357799999999994],[114.25319999999999,22.356199999999994]]]}},{"type":"Feature","properties":{"id":"lu-nt-sai-kung-32-03","class":"urban_open_space","vegetationFraction":0.365,"pavedFraction":0.509,"waterFraction":0.052,"simulated":true},"geometry":{"type":"Polygon","coordinates":[[[114.25479999999999,22.356199999999994],[114.25639999999999,22.356199999999994],[114.25639999999999,22.357799999999994],[114.25479999999999,22.357799999999994],[114.25479999999999,22.356199999999994]]]}},{"type":"Feature","properties":{"id":"lu-nt-sai-kung-32-04","class":"urban_open_space","vegetationFraction":0.371,"pavedFraction":0.491,"waterFraction":0.015,"simulated":true},"geometry":{"type":"Polygon","coordinates":[[[114.25639999999999,22.356199999999994],[114.25799999999998,22.356199999999994],[114.25799999999998,22.357799999999994],[114.25639999999999,22.357799999999994],[114.25639999999999,22.356199999999994]]]}},{"type":"Feature","properties":{"id":"lu-nt-sai-kung-32-05","class":"urban_open_space","vegetationFraction":0.315,"pavedFraction":0.451,"waterFraction":0.016,"simulated":true},"geometry":{"type":"Polygon","coordinates":[[[114.25799999999998,22.356199999999994],[114.25959999999998,22.356199999999994],[114.25959999999998,22.357799999999994],[114.25799999999998,22.357799999999994],[114.25799999999998,22.356199999999994]]]}},{"type":"Feature","properties":{"id":"lu-nt-sai-kung-32-06","class":"green_space","vegetationFraction":0.415,"pavedFraction":0.404,"waterFraction":0.008,"simulated":true},"geometry":{"type":"Polygon","coordinates":[[[114.25959999999998,22.356199999999994],[114.26119999999997,22.356199999999994],[114.26119999999997,22.357799999999994],[114.25959999999998,22.357799999999994],[114.25959999999998,22.356199999999994]]]}},{"type":"Feature","properties":{"id":"lu-nt-sai-kung-32-07","class":"built_up","vegetationFraction":0.24,"pavedFraction":0.611,"waterFraction":0.047,"simulated":true},"geometry":{"type":"Polygon","coordinates":[[[114.26119999999997,22.356199999999994],[114.26279999999997,22.356199999999994],[114.26279999999997,22.357799999999994],[114.26119999999997,22.357799999999994],[114.26119999999997,22.356199999999994]]]}},{"type":"Feature","properties":{"id":"lu-nt-sai-kung-32-08","class":"green_space","vegetationFraction":0.78,"pavedFraction":0.1,"waterFraction":0.029,"simulated":true},"geometry":{"type":"Polygon","coordinates":[[[114.26279999999997,22.356199999999994],[114.26439999999997,22.356199999999994],[114.26439999999997,22.357799999999994],[114.26279999999997,22.357799999999994],[114.26279999999997,22.356199999999994]]]}},{"type":"Feature","properties":{"id":"lu-nt-sai-kung-32-09","class":"green_space","vegetationFraction":0.78,"pavedFraction":0.1,"waterFraction":0.042,"simulated":true},"geometry":{"type":"Polygon","coordinates":[[[114.26439999999997,22.356199999999994],[114.26599999999996,22.356199999999994],[114.26599999999996,22.357799999999994],[114.26439999999997,22.357799999999994],[114.26439999999997,22.356199999999994]]]}},{"type":"Feature","properties":{"id":"lu-nt-sai-kung-32-10","class":"green_space","vegetationFraction":0.78,"pavedFraction":0.1,"waterFraction":0.041,"simulated":true},"geometry":{"type":"Polygon","coordinates":[[[114.26599999999996,22.356199999999994],[114.26759999999996,22.356199999999994],[114.26759999999996,22.357799999999994],[114.26599999999996,22.357799999999994],[114.26599999999996,22.356199999999994]]]}},{"type":"Feature","properties":{"id":"lu-nt-sai-kung-32-11","class":"green_space","vegetationFraction":0.78,"pavedFraction":0.1,"waterFraction":0.049,"simulated":true},"geometry":{"type":"Polygon","coordinates":[[[114.26759999999996,22.356199999999994],[114.26919999999996,22.356199999999994],[114.26919999999996,22.357799999999994],[114.26759999999996,22.357799999999994],[114.26759999999996,22.356199999999994]]]}},{"type":"Feature","properties":{"id":"lu-nt-sai-kung-32-12","class":"green_space","vegetationFraction":0.78,"pavedFraction":0.1,"waterFraction":0.047,"simulated":true},"geometry":{"type":"Polygon","coordinates":[[[114.26919999999996,22.356199999999994],[114.27079999999995,22.356199999999994],[114.27079999999995,22.357799999999994],[114.26919999999996,22.357799999999994],[114.26919999999996,22.356199999999994]]]}},{"type":"Feature","properties":{"id":"lu-nt-sai-kung-32-13","class":"green_space","vegetationFraction":0.78,"pavedFraction":0.1,"waterFraction":0.005,"simulated":true},"geometry":{"type":"Polygon","coordinates":[[[114.27079999999995,22.356199999999994],[114.27239999999995,22.356199999999994],[114.27239999999995,22.357799999999994],[114.27079999999995,22.357799999999994],[114.27079999999995,22.356199999999994]]]}},{"type":"Feature","properties":{"id":"lu-nt-sai-kung-32-14","class":"green_space","vegetationFraction":0.78,"pavedFraction":0.1,"waterFraction":0.001,"simulated":true},"geometry":{"type":"Polygon","coordinates":[[[114.27239999999995,22.356199999999994],[114.27399999999994,22.356199999999994],[114.27399999999994,22.357799999999994],[114.27239999999995,22.357799999999994],[114.27239999999995,22.356199999999994]]]}},{"type":"Feature","properties":{"id":"lu-nt-sai-kung-32-15","class":"green_space","vegetationFraction":0.78,"pavedFraction":0.1,"waterFraction":0.028,"simulated":true},"geometry":{"type":"Polygon","coordinates":[[[114.27399999999994,22.356199999999994],[114.27559999999994,22.356199999999994],[114.27559999999994,22.357799999999994],[114.27399999999994,22.357799999999994],[114.27399999999994,22.356199999999994]]]}},{"type":"Feature","properties":{"id":"lu-nt-sai-kung-32-16","class":"green_space","vegetationFraction":0.78,"pavedFraction":0.1,"waterFraction":0.021,"simulated":true},"geometry":{"type":"Polygon","coordinates":[[[114.27559999999994,22.356199999999994],[114.27719999999994,22.356199999999994],[114.27719999999994,22.357799999999994],[114.27559999999994,22.357799999999994],[114.27559999999994,22.356199999999994]]]}},{"type":"Feature","properties":{"id":"lu-nt-sai-kung-32-17","class":"urban_open_space","vegetationFraction":0.383,"pavedFraction":0.415,"waterFraction":0.022,"simulated":true},"geometry":{"type":"Polygon","coordinates":[[[114.27719999999994,22.356199999999994],[114.27879999999993,22.356199999999994],[114.27879999999993,22.357799999999994],[114.27719999999994,22.357799999999994],[114.27719999999994,22.356199999999994]]]}},{"type":"Feature","properties":{"id":"lu-nt-sai-kung-32-18","class":"urban_open_space","vegetationFraction":0.258,"pavedFraction":0.625,"waterFraction":0.002,"simulated":true},"geometry":{"type":"Polygon","coordinates":[[[114.27879999999993,22.356199999999994],[114.28039999999993,22.356199999999994],[114.28039999999993,22.357799999999994],[114.27879999999993,22.357799999999994],[114.27879999999993,22.356199999999994]]]}},{"type":"Feature","properties":{"id":"lu-nt-sai-kung-32-19","class":"urban_open_space","vegetationFraction":0.339,"pavedFraction":0.552,"waterFraction":0.035,"simulated":true},"geometry":{"type":"Polygon","coordinates":[[[114.28039999999993,22.356199999999994],[114.28199999999993,22.356199999999994],[114.28199999999993,22.357799999999994],[114.28039999999993,22.357799999999994],[114.28039999999993,22.356199999999994]]]}},{"type":"Feature","properties":{"id":"lu-nt-sai-kung-32-20","class":"green_space","vegetationFraction":0.404,"pavedFraction":0.504,"waterFraction":0.038,"simulated":true},"geometry":{"type":"Polygon","coordinates":[[[114.28199999999993,22.356199999999994],[114.28359999999992,22.356199999999994],[114.28359999999992,22.357799999999994],[114.28199999999993,22.357799999999994],[114.28199999999993,22.356199999999994]]]}},{"type":"Feature","properties":{"id":"lu-nt-sai-kung-32-21","class":"urban_open_space","vegetationFraction":0.261,"pavedFraction":0.503,"waterFraction":0.032,"simulated":true},"geometry":{"type":"Polygon","coordinates":[[[114.28359999999992,22.356199999999994],[114.28519999999992,22.356199999999994],[114.28519999999992,22.357799999999994],[114.28359999999992,22.357799999999994],[114.28359999999992,22.356199999999994]]]}},{"type":"Feature","properties":{"id":"lu-nt-sai-kung-32-22","class":"urban_open_space","vegetationFraction":0.322,"pavedFraction":0.454,"waterFraction":0.046,"simulated":true},"geometry":{"type":"Polygon","coordinates":[[[114.28519999999992,22.356199999999994],[114.28679999999991,22.356199999999994],[114.28679999999991,22.357799999999994],[114.28519999999992,22.357799999999994],[114.28519999999992,22.356199999999994]]]}},{"type":"Feature","properties":{"id":"lu-nt-sai-kung-32-23","class":"green_space","vegetationFraction":0.426,"pavedFraction":0.528,"waterFraction":0.049,"simulated":true},"geometry":{"type":"Polygon","coordinates":[[[114.28679999999991,22.356199999999994],[114.28839999999991,22.356199999999994],[114.28839999999991,22.357799999999994],[114.28679999999991,22.357799999999994],[114.28679999999991,22.356199999999994]]]}},{"type":"Feature","properties":{"id":"lu-nt-sai-kung-32-24","class":"urban_open_space","vegetationFraction":0.301,"pavedFraction":0.469,"waterFraction":0.037,"simulated":true},"geometry":{"type":"Polygon","coordinates":[[[114.28839999999991,22.356199999999994],[114.2899999999999,22.356199999999994],[114.2899999999999,22.357799999999994],[114.28839999999991,22.357799999999994],[114.28839999999991,22.356199999999994]]]}},{"type":"Feature","properties":{"id":"lu-nt-sai-kung-32-25","class":"built_up","vegetationFraction":0.209,"pavedFraction":0.356,"waterFraction":0.053,"simulated":true},"geometry":{"type":"Polygon","coordinates":[[[114.2899999999999,22.356199999999994],[114.2915999999999,22.356199999999994],[114.2915999999999,22.357799999999994],[114.2899999999999,22.357799999999994],[114.2899999999999,22.356199999999994]]]}},{"type":"Feature","properties":{"id":"lu-nt-sai-kung-32-26","class":"green_space","vegetationFraction":0.428,"pavedFraction":0.432,"waterFraction":0.043,"simulated":true},"geometry":{"type":"Polygon","coordinates":[[[114.2915999999999,22.356199999999994],[114.2931999999999,22.356199999999994],[114.2931999999999,22.357799999999994],[114.2915999999999,22.357799999999994],[114.2915999999999,22.356199999999994]]]}},{"type":"Feature","properties":{"id":"lu-nt-sai-kung-32-27","class":"urban_open_space","vegetationFraction":0.349,"pavedFraction":0.478,"waterFraction":0.036,"simulated":true},"geometry":{"type":"Polygon","coordinates":[[[114.2931999999999,22.356199999999994],[114.2947999999999,22.356199999999994],[114.2947999999999,22.357799999999994],[114.2931999999999,22.357799999999994],[114.2931999999999,22.356199999999994]]]}},{"type":"Feature","properties":{"id":"lu-nt-sai-kung-32-28","class":"urban_open_space","vegetationFraction":0.382,"pavedFraction":0.445,"waterFraction":0.052,"simulated":true},"geometry":{"type":"Polygon","coordinates":[[[114.2947999999999,22.356199999999994],[114.29639999999989,22.356199999999994],[114.29639999999989,22.357799999999994],[114.2947999999999,22.357799999999994],[114.2947999999999,22.356199999999994]]]}},{"type":"Feature","properties":{"id":"lu-nt-sai-kung-32-29","class":"built_up","vegetationFraction":0.225,"pavedFraction":0.504,"waterFraction":0.034,"simulated":true},"geometry":{"type":"Polygon","coordinates":[[[114.29639999999989,22.356199999999994],[114.29799999999989,22.356199999999994],[114.29799999999989,22.357799999999994],[114.29639999999989,22.357799999999994],[114.29639999999989,22.356199999999994]]]}},{"type":"Feature","properties":{"id":"lu-nt-sai-kung-32-30","class":"urban_open_space","vegetationFraction":0.32,"pavedFraction":0.601,"waterFraction":0.037,"simulated":true},"geometry":{"type":"Polygon","coordinates":[[[114.29799999999989,22.356199999999994],[114.29959999999988,22.356199999999994],[114.29959999999988,22.357799999999994],[114.29799999999989,22.357799999999994],[114.29799999999989,22.356199999999994]]]}},{"type":"Feature","properties":{"id":"lu-nt-sai-kung-33-00","class":"built_up","vegetationFraction":0.077,"pavedFraction":0.811,"waterFraction":0.018,"simulated":true},"geometry":{"type":"Polygon","coordinates":[[[114.25,22.357799999999994],[114.2516,22.357799999999994],[114.2516,22.359399999999994],[114.25,22.359399999999994],[114.25,22.357799999999994]]]}},{"type":"Feature","properties":{"id":"lu-nt-sai-kung-33-01","class":"built_up","vegetationFraction":0.081,"pavedFraction":0.88,"waterFraction":0.028,"simulated":true},"geometry":{"type":"Polygon","coordinates":[[[114.2516,22.357799999999994],[114.25319999999999,22.357799999999994],[114.25319999999999,22.359399999999994],[114.2516,22.359399999999994],[114.2516,22.357799999999994]]]}},{"type":"Feature","properties":{"id":"lu-nt-sai-kung-33-02","class":"built_up","vegetationFraction":0.083,"pavedFraction":0.635,"waterFraction":0.031,"simulated":true},"geometry":{"type":"Polygon","coordinates":[[[114.25319999999999,22.357799999999994],[114.25479999999999,22.357799999999994],[114.25479999999999,22.359399999999994],[114.25319999999999,22.359399999999994],[114.25319999999999,22.357799999999994]]]}},{"type":"Feature","properties":{"id":"lu-nt-sai-kung-33-03","class":"built_up","vegetationFraction":0.099,"pavedFraction":0.691,"waterFraction":0.039,"simulated":true},"geometry":{"type":"Polygon","coordinates":[[[114.25479999999999,22.357799999999994],[114.25639999999999,22.357799999999994],[114.25639999999999,22.359399999999994],[114.25479999999999,22.359399999999994],[114.25479999999999,22.357799999999994]]]}},{"type":"Feature","properties":{"id":"lu-nt-sai-kung-33-04","class":"built_up","vegetationFraction":0.111,"pavedFraction":0.8,"waterFraction":0.007,"simulated":true},"geometry":{"type":"Polygon","coordinates":[[[114.25639999999999,22.357799999999994],[114.25799999999998,22.357799999999994],[114.25799999999998,22.359399999999994],[114.25639999999999,22.359399999999994],[114.25639999999999,22.357799999999994]]]}},{"type":"Feature","properties":{"id":"lu-nt-sai-kung-33-05","class":"built_up","vegetationFraction":0.077,"pavedFraction":0.693,"waterFraction":0.024,"simulated":true},"geometry":{"type":"Polygon","coordinates":[[[114.25799999999998,22.357799999999994],[114.25959999999998,22.357799999999994],[114.25959999999998,22.359399999999994],[114.25799999999998,22.359399999999994],[114.25799999999998,22.357799999999994]]]}},{"type":"Feature","properties":{"id":"lu-nt-sai-kung-33-06","class":"built_up","vegetationFraction":0.072,"pavedFraction":0.612,"waterFraction":0.01,"simulated":true},"geometry":{"type":"Polygon","coordinates":[[[114.25959999999998,22.357799999999994],[114.26119999999997,22.357799999999994],[114.26119999999997,22.359399999999994],[114.25959999999998,22.359399999999994],[114.25959999999998,22.357799999999994]]]}},{"type":"Feature","properties":{"id":"lu-nt-sai-kung-33-07","class":"built_up","vegetationFraction":0.128,"pavedFraction":0.762,"waterFraction":0.001,"simulated":true},"geometry":{"type":"Polygon","coordinates":[[[114.26119999999997,22.357799999999994],[114.26279999999997,22.357799999999994],[114.26279999999997,22.359399999999994],[114.26119999999997,22.359399999999994],[114.26119999999997,22.357799999999994]]]}},{"type":"Feature","properties":{"id":"lu-nt-sai-kung-33-08","class":"green_space","vegetationFraction":0.78,"pavedFraction":0.1,"waterFraction":0.057,"simulated":true},"geometry":{"type":"Polygon","coordinates":[[[114.26279999999997,22.357799999999994],[114.26439999999997,22.357799999999994],[114.26439999999997,22.359399999999994],[114.26279999999997,22.359399999999994],[114.26279999999997,22.357799999999994]]]}},{"type":"Feature","properties":{"id":"lu-nt-sai-kung-33-09","class":"green_space","vegetationFraction":0.78,"pavedFraction":0.1,"waterFraction":0.026,"simulated":true},"geometry":{"type":"Polygon","coordinates":[[[114.26439999999997,22.357799999999994],[114.26599999999996,22.357799999999994],[114.26599999999996,22.359399999999994],[114.26439999999997,22.359399999999994],[114.26439999999997,22.357799999999994]]]}},{"type":"Feature","properties":{"id":"lu-nt-sai-kung-33-10","class":"green_space","vegetationFraction":0.78,"pavedFraction":0.1,"waterFraction":0.026,"simulated":true},"geometry":{"type":"Polygon","coordinates":[[[114.26599999999996,22.357799999999994],[114.26759999999996,22.357799999999994],[114.26759999999996,22.359399999999994],[114.26599999999996,22.359399999999994],[114.26599999999996,22.357799999999994]]]}},{"type":"Feature","properties":{"id":"lu-nt-sai-kung-33-11","class":"green_space","vegetationFraction":0.78,"pavedFraction":0.1,"waterFraction":0.054,"simulated":true},"geometry":{"type":"Polygon","coordinates":[[[114.26759999999996,22.357799999999994],[114.26919999999996,22.357799999999994],[114.26919999999996,22.359399999999994],[114.26759999999996,22.359399999999994],[114.26759999999996,22.357799999999994]]]}},{"type":"Feature","properties":{"id":"lu-nt-sai-kung-33-12","class":"green_space","vegetationFraction":0.78,"pavedFraction":0.1,"waterFraction":0.0,"simulated":true},"geometry":{"type":"Polygon","coordinates":[[[114.26919999999996,22.357799999999994],[114.27079999999995,22.357799999999994],[114.27079999999995,22.359399999999994],[114.26919999999996,22.359399999999994],[114.26919999999996,22.357799999999994]]]}},{"type":"Feature","properties":{"id":"lu-nt-sai-kung-33-13","class":"green_space","vegetationFraction":0.78,"pavedFraction":0.1,"waterFraction":0.018,"simulated":true},"geometry":{"type":"Polygon","coordinates":[[[114.27079999999995,22.357799999999994],[114.27239999999995,22.357799999999994],[114.27239999999995,22.359399999999994],[114.27079999999995,22.359399999999994],[114.27079999999995,22.357799999999994]]]}},{"type":"Feature","properties":{"id":"lu-nt-sai-kung-33-14","class":"green_space","vegetationFraction":0.78,"pavedFraction":0.1,"waterFraction":0.015,"simulated":true},"geometry":{"type":"Polygon","coordinates":[[[114.27239999999995,22.357799999999994],[114.27399999999994,22.357799999999994],[114.27399999999994,22.359399999999994],[114.27239999999995,22.359399999999994],[114.27239999999995,22.357799999999994]]]}},{"type":"Feature","properties":{"id":"lu-nt-sai-kung-33-15","class":"green_space","vegetationFraction":0.78,"pavedFraction":0.1,"waterFraction":0.034,"simulated":true},"geometry":{"type":"Polygon","coordinates":[[[114.27399999999994,22.357799999999994],[114.27559999999994,22.357799999999994],[114.27559999999994,22.359399999999994],[114.27399999999994,22.359399999999994],[114.27399999999994,22.357799999999994]]]}},{"type":"Feature","properties":{"id":"lu-nt-sai-kung-33-16","class":"green_space","vegetationFraction":0.78,"pavedFraction":0.1,"waterFraction":0.057,"simulated":true},"geometry":{"type":"Polygon","coordinates":[[[114.27559999999994,22.357799999999994],[114.27719999999994,22.357799999999994],[114.27719999999994,22.359399999999994],[114.27559999999994,22.359399999999994],[114.27559999999994,22.357799999999994]]]}},{"type":"Feature","properties":{"id":"lu-nt-sai-kung-33-17","class":"built_up","vegetationFraction":0.108,"pavedFraction":0.869,"waterFraction":0.025,"simulated":true},"geometry":{"type":"Polygon","coordinates":[[[114.27719999999994,22.357799999999994],[114.27879999999993,22.357799999999994],[114.27879999999993,22.359399999999994],[114.27719999999994,22.359399999999994],[114.27719999999994,22.357799999999994]]]}},{"type":"Feature","properties":{"id":"lu-nt-sai-kung-33-18","class":"built_up","vegetationFraction":0.071,"pavedFraction":0.874,"waterFraction":0.057,"simulated":true},"geometry":{"type":"Polygon","coordinates":[[[114.27879999999993,22.357799999999994],[114.28039999999993,22.357799999999994],[114.28039999999993,22.359399999999994],[114.27879999999993,22.359399999999994],[114.27879999999993,22.357799999999994]]]}},{"type":"Feature","properties":{"id":"lu-nt-sai-kung-33-19","class":"built_up","vegetationFraction":0.104,"pavedFraction":0.751,"waterFraction":0.029,"simulated":true},"geometry":{"type":"Polygon","coordinates":[[[114.28039999999993,22.357799999999994],[114.28199999999993,22.357799999999994],[114.28199999999993,22.359399999999994],[114.28039999999993,22.359399999999994],[114.28039999999993,22.357799999999994]]]}},{"type":"Feature","properties":{"id":"lu-nt-sai-kung-33-20","class":"built_up","vegetationFraction":0.087,"pavedFraction":0.752,"waterFraction":0.014,"simulated":true},"geometry":{"type":"Polygon","coordinates":[[[114.28199999999993,22.357799999999994],[114.28359999999992,22.357799999999994],[114.28359999999992,22.359399999999994],[114.28199999999993,22.359399999999994],[114.28199999999993,22.357799999999994]]]}},{"type":"Feature","properties":{"id":"lu-nt-sai-kung-33-21","class":"built_up","vegetationFraction":0.064,"pavedFraction":0.687,"waterFraction":0.0,"simulated":true},"geometry":{"type":"Polygon","coordinates":[[[114.28359999999992,22.357799999999994],[114.28519999999992,22.357799999999994],[114.28519999999992,22.359399999999994],[114.28359999999992,22.359399999999994],[114.28359999999992,22.357799999999994]]]}},{"type":"Feature","properties":{"id":"lu-nt-sai-kung-33-22","class":"built_up","vegetationFraction":0.075,"pavedFraction":0.688,"waterFraction":0.015,"simulated":true},"geometry":{"type":"Polygon","coordinates":[[[114.28519999999992,22.357799999999994],[114.28679999999991,22.357799999999994],[114.28679999999991,22.359399999999994],[114.28519999999992,22.359399999999994],[114.28519999999992,22.357799999999994]]]}},{"type":"Feature","properties":{"id":"lu-nt-sai-kung-33-23","class":"built_up","vegetationFraction":0.089,"pavedFraction":0.851,"waterFraction":0.005,"simulated":true},"geometry":{"type":"Polygon","coordinates":[[[114.28679999999991,22.357799999999994],[114.28839999999991,22.357799999999994],[114.28839999999991,22.359399999999994],[114.28679999999991,22.359399999999994],[114.28679999999991,22.357799999999994]]]}},{"type":"Feature","properties":{"id":"lu-nt-sai-kung-33-24","class":"built_up","vegetationFraction":0.089,"pavedFraction":0.667,"waterFraction":0.009,"simulated":true},"geometry":{"type":"Polygon","coordinates":[[[114.28839999999991,22.357799999999994],[114.2899999999999,22.357799999999994],[114.2899999999999,22.359399999999994],[114.28839999999991,22.359399999999994],[114.28839999999991,22.357799999999994]]]}},{"type":"Feature","properties":{"id":"lu-nt-sai-kung-33-25","class":"built_up","vegetationFraction":0.075,"pavedFraction":0.787,"waterFraction":0.009,"simulated":true},"geometry":{"type":"Polygon","coordinates":[[[114.2899999999999,22.357799999999994],[114.2915999999999,22.357799999999994],[114.2915999999999,22.359399999999994],[114.2899999999999,22.359399999999994],[114.2899999999999,22.357799999999994]]]}},{"type":"Feature","properties":{"id":"lu-nt-sai-kung-33-26","class":"built_up","vegetationFraction":0.064,"pavedFraction":0.889,"waterFraction":0.058,"simulated":true},"geometry":{"type":"Polygon","coordinates":[[[114.2915999999999,22.357799999999994],[114.2931999999999,22.357799999999994],[114.2931999999999,22.359399999999994],[114.2915999999999,22.359399999999994],[114.2915999999999,22.357799999999994]]]}},{"type":"Feature","properties":{"id":"lu-nt-sai-kung-33-27","class":"built_up","vegetationFraction":0.098,"pavedFraction":0.696,"waterFraction":0.056,"simulated":true},"geometry":{"type":"Polygon","coordinates":[[[114.2931999999999,22.357799999999994],[114.2947999999999,22.357799999999994],[114.2947999999999,22.359399999999994],[114.2931999999999,22.359399999999994],[114.2931999999999,22.357799999999994]]]}},{"type":"Feature","properties":{"id":"lu-nt-sai-kung-33-28","class":"built_up","vegetationFraction":0.085,"pavedFraction":0.882,"waterFraction":0.018,"simulated":true},"geometry":{"type":"Polygon","coordinates":[[[114.2947999999999,22.357799999999994],[114.29639999999989,22.357799999999994],[114.29639999999989,22.359399999999994],[114.2947999999999,22.359399999999994],[114.2947999999999,22.357799999999994]]]}},{"type":"Feature","properties":{"id":"lu-nt-sai-kung-33-29","class":"built_up","vegetationFraction":0.103,"pavedFraction":0.619,"waterFraction":0.032,"simulated":true},"geometry":{"type":"Polygon","coordinates":[[[114.29639999999989,22.357799999999994],[114.29799999999989,22.357799999999994],[114.29799999999989,22.359399999999994],[114.29639999999989,22.359399999999994],[114.29639999999989,22.357799999999994]]]}},{"type":"Feature","properties":{"id":"lu-nt-sai-kung-33-30","class":"built_up","vegetationFraction":0.064,"pavedFraction":0.816,"waterFraction":0.034,"simulated":true},"geometry":{"type":"Polygon","coordinates":[[[114.29799999999989,22.357799999999994],[114.29959999999988,22.357799999999994],[114.29959999999988,22.359399999999994],[114.29799999999989,22.359399999999994],[114.29799999999989,22.357799999999994]]]}},{"type":"Feature","properties":{"id":"lu-nt-sai-kung-34-00","class":"built_up","vegetationFraction":0.103,"pavedFraction":0.629,"waterFraction":0.058,"simulated":true},"geometry":{"type":"Polygon","coordinates":[[[114.25,22.359399999999994],[114.2516,22.359399999999994],[114.2516,22.360999999999994],[114.25,22.360999999999994],[114.25,22.359399999999994]]]}},{"type":"Feature","properties":{"id":"lu-nt-sai-kung-34-01","class":"built_up","vegetationFraction":0.116,"pavedFraction":0.644,"waterFraction":0.0,"simulated":true},"geometry":{"type":"Polygon","coordinates":[[[114.2516,22.359399999999994],[114.25319999999999,22.359399999999994],[114.25319999999999,22.360999999999994],[114.2516,22.360999999999994],[114.2516,22.359399999999994]]]}},{"type":"Feature","properties":{"id":"lu-nt-sai-kung-34-02","class":"built_up","vegetationFraction":0.117,"pavedFraction":0.667,"waterFraction":0.023,"simulated":true},"geometry":{"type":"Polygon","coordinates":[[[114.25319999999999,22.359399999999994],[114.25479999999999,22.359399999999994],[114.25479999999999,22.360999999999994],[114.25319999999999,22.360999999999994],[114.25319999999999,22.359399999999994]]]}},{"type":"Feature","properties":{"id":"lu-nt-sai-kung-34-03","class":"built_up","vegetationFraction":0.071,"pavedFraction":0.74,"waterFraction":0.033,"simulated":true},"geometry":{"type":"Polygon","coordinates":[[[114.25479999999999,22.359399999999994],[114.25639999999999,22.359399999999994],[114.25639999999999,22.360999999999994],[114.25479999999999,22.360999999999994],[114.25479999999999,22.359399999999994]]]}},{"type":"Feature","properties":{"id":"lu-nt-sai-kung-34-04","class":"built_up","vegetationFraction":0.072,"pavedFraction":0.631,"waterFraction":0.048,"simulated":true},"geometry":{"type":"Polygon","coordinates":[[[114.25639999999999,22.359399999999994],[114.25799999999998,22.359399999999994],[114.25799999999998,22.360999999999994],[114.25639999999999,22.360999999999994],[114.25639999999999,22.359399999999994]]]}},{"type":"Feature","properties":{"id":"lu-nt-sai-kung-34-05","class":"built_up","vegetationFraction":0.066,"pavedFraction":0.794,"waterFraction":0.012,"simulated":true},"geometry":{"type":"Polygon","coordinates":[[[114.25799999999998,22.359399999999994],[114.25959999999998,22.359399999999994],[114.25959999999998,22.360999999999994],[114.25799999999998,22.360999999999994],[114.25799999999998,22.359399999999994]]]}},{"type":"Feature","properties":{"id":"lu-nt-sai-kung-34-06","class":"built_up","vegetationFraction":0.076,"pavedFraction":0.625,"waterFraction":0.042,"simulated":true},"geometry":{"type":"Polygon","coordinates":[[[114.25959999999998,22.359399999999994],[114.26119999999997,22.359399999999994],[114.26119999999997,22.360999999999994],[114.25959999999998,22.360999999999994],[114.25959999999998,22.359399999999994]]]}},{"type":"Feature","properties":{"id":"lu-nt-sai-kung-34-07","class":"built_up","vegetationFraction":0.118,"pavedFraction":0.748,"waterFraction":0.01,"simulated":true},"geometry":{"type":"Polygon","coordinates":[[[114.26119999999997,22.359399999999994],[114.26279999999997,22.359399999999994],[114.26279999999997,22.360999999999994],[114.26119999999997,22.360999999999994],[114.26119999999997,22.359399999999994]]]}},{"type":"Feature","properties":{"id":"lu-nt-sai-kung-34-08","class":"green_space","vegetationFraction":0.78,"pavedFraction":0.1,"waterFraction":0.011,"simulated":true},"geometry":{"type":"Polygon","coordinates":[[[114.26279999999997,22.359399999999994],[114.26439999999997,22.359399999999994],[114.26439999999997,22.360999999999994],[114.26279999999997,22.360999999999994],[114.26279999999997,22.359399999999994]]]}},{"type":"Feature","properties":{"id":"lu-nt-sai-kung-34-09","class":"green_space","vegetationFraction":0.78,"pavedFraction":0.1,"waterFraction":0.019,"simulated":true},"geometry":{"type":"Polygon","coordinates":[[[114.26439999999997,22.359399999999994],[114.26599999999996,22.359399999999994],[114.26599999999996,22.360999999999994],[114.26439999999997,22.360999999999994],[114.26439999999997,22.359399999999994]]]}},{"type":"Feature","properties":{"id":"lu-nt-sai-kung-34-10","class":"green_space","vegetationFraction":0.78,"pavedFraction":0.1,"waterFraction":0.04,"simulated":true},"geometry":{"type":"Polygon","coordinates":[[[114.26599999999996,22.359399999999994],[114.26759999999996,22.359399999999994],[114.26759999999996,22.360999999999994],[114.26599999999996,22.360999999999994],[114.26599999999996,22.359399999999994]]]}},{"type":"Feature","properties":{"id":"lu-nt-sai-kung-34-11","class":"green_space","vegetationFraction":0.78,"pavedFraction":0.1,"waterFraction":0.006,"simulated":true},"geometry":{"type":"Polygon","coordinates":[[[114.26759999999996,22.359399999999994],[114.26919999999996,22.359399999999994],[114.26919999999996,22.360999999999994],[114.26759999999996,22.360999999999994],[114.26759999999996,22.359399999999994]]]}},{"type":"Feature","properties":{"id":"lu-nt-sai-kung-34-12","class":"green_space","vegetationFraction":0.78,"pavedFraction":0.1,"waterFraction":0.007,"simulated":true},"geometry":{"type":"Polygon","coordinates":[[[114.26919999999996,22.359399999999994],[114.27079999999995,22.359399999999994],[114.27079999999995,22.360999999999994],[114.26919999999996,22.360999999999994],[114.26919999999996,22.359399999999994]]]}},{"type":"Feature","properties":{"id":"lu-nt-sai-kung-34-13","class":"green_space","vegetationFraction":0.78,"pavedFraction":0.1,"waterFraction":0.054,"simulated":true},"geometry":{"type":"Polygon","coordinates":[[[114.27079999999995,22.359399999999994],[114.27239999999995,22.359399999999994],[114.27239999999995,22.360999999999994],[114.27079999999995,22.360999999999994],[114.27079999999995,22.359399999999994]]]}},{"type":"Feature","properties":{"id":"lu-nt-sai-kung-34-14","class":"green_space","vegetationFraction":0.78,"pavedFraction":0.1,"waterFraction":0.011,"simulated":true},"geometry":{"type":"Polygon","coordinates":[[[114.27239999999995,22.359399999999994],[114.27399999999994,22.359399999999994],[114.27399999999994,22.360999999999994],[114.27239999999995,22.360999999999994],[114.27239999999995,22.359399999999994]]]}},{"type":"Feature","properties":{"id":"lu-nt-sai-kung-34-15","class":"green_space","vegetationFraction":0.78,"pavedFraction":0.1,"waterFraction":0.014,"simulated":true},"geometry":{"type":"Polygon","coordinates":[[[114.27399999999994,22.359399999999994],[114.27559999999994,22.359399999999994],[114.27559999999994,22.360999999999994],[114.27399999999994,22.360999999999994],[114.27399999999994,22.359399999999994]]]}},{"type":"Feature","properties":{"id":"lu-nt-sai-kung-34-16","class":"green_space","vegetationFraction":0.78,"pavedFraction":0.1,"waterFraction":0.044,"simulated":true},"geometry":{"type":"Polygon","coordinates":[[[114.27559999999994,22.359399999999994],[114.27719999999994,22.359399999999994],[114.27719999999994,22.360999999999994],[114.27559999999994,22.360999999999994],[114.27559999999994,22.359399999999994]]]}},{"type":"Feature","properties":{"id":"lu-nt-sai-kung-34-17","class":"built_up","vegetationFraction":0.082,"pavedFraction":0.708,"waterFraction":0.049,"simulated":true},"geometry":{"type":"Polygon","coordinates":[[[114.27719999999994,22.359399999999994],[114.27879999999993,22.359399999999994],[114.27879999999993,22.360999999999994],[114.27719999999994,22.360999999999994],[114.27719999999994,22.359399999999994]]]}},{"type":"Feature","properties":{"id":"lu-nt-sai-kung-34-18","class":"built_up","vegetationFraction":0.127,"pavedFraction":0.692,"waterFraction":0.03,"simulated":true},"geometry":{"type":"Polygon","coordinates":[[[114.27879999999993,22.359399999999994],[114.28039999999993,22.359399999999994],[114.28039999999993,22.360999999999994],[114.27879999999993,22.360999999999994],[114.27879999999993,22.359399999999994]]]}},{"type":"Feature","properties":{"id":"lu-nt-sai-kung-34-19","class":"built_up","vegetationFraction":0.123,"pavedFraction":0.807,"waterFraction":0.048,"simulated":true},"geometry":{"type":"Polygon","coordinates":[[[114.28039999999993,22.359399999999994],[114.28199999999993,22.359399999999994],[114.28199999999993,22.360999999999994],[114.28039999999993,22.360999999999994],[114.28039999999993,22.359399999999994]]]}},{"type":"Feature","properties":{"id":"lu-nt-sai-kung-34-20","class":"built_up","vegetationFraction":0.127,"pavedFraction":0.665,"waterFraction":0.004,"simulated":true},"geometry":{"type":"Polygon","coordinates":[[[114.28199999999993,22.359399999999994],[114.28359999999992,22.359399999999994],[114.28359999999992,22.360999999999994],[114.28199999999993,22.360999999999994],[114.28199999999993,22.359399999999994]]]}},{"type":"Feature","properties":{"id":"lu-nt-sai-kung-34-21","class":"built_up","vegetationFraction":0.113,"pavedFraction":0.628,"waterFraction":0.058,"simulated":true},"geometry":{"type":"Polygon","coordinates":[[[114.28359999999992,22.359399999999994],[114.28519999999992,22.359399999999994],[114.28519999999992,22.360999999999994],[114.28359999999992,22.360999999999994],[114.28359999999992,22.359399999999994]]]}},{"type":"Feature","properties":{"id":"lu-nt-sai-kung-34-22","class":"built_up","vegetationFraction":0.128,"pavedFraction":0.822,"waterFraction":0.03,"simulated":true},"geometry":{"type":"Polygon","coordinates":[[[114.28519999999992,22.359399999999994],[114.28679999999991,22.359399999999994],[114.28679999999991,22.360999999999994],[114.28519999999992,22.360999999999994],[114.28519999999992,22.359399999999994]]]}},{"type":"Feature","properties":{"id":"lu-nt-sai-kung-34-23","class":"built_up","vegetationFraction":0.062,"pavedFraction":0.899,"waterFraction":0.042,"simulated":true},"geometry":{"type":"Polygon","coordinates":[[[114.28679999999991,22.359399999999994],[114.28839999999991,22.359399999999994],[114.28839999999991,22.360999999999994],[114.28679999999991,22.360999999999994],[114.28679999999991,22.359399999999994]]]}},{"type":"Feature","properties":{"id":"lu-nt-sai-kung-34-24","class":"built_up","vegetationFraction":0.07,"pavedFraction":0.702,"waterFraction":0.056,"simulated":true},"geometry":{"type":"Polygon","coordinates":[[[114.28839999999991,22.359399999999994],[114.2899999999999,22.359399999999994],[114.2899999999999,22.360999999999994],[114.28839999999991,22.360999999999994],[114.28839999999991,22.359399999999994]]]}},{"type":"Feature","properties":{"id":"lu-nt-sai-kung-34-25","class":"built_up","vegetationFraction":0.131,"pavedFraction":0.641,"waterFraction":0.03,"simulated":true},"geometry":{"type":"Polygon","coordinates":[[[114.2899999999999,22.359399999999994],[114.2915999999999,22.359399999999994],[114.2915999999999,22.360999999999994],[114.2899999999999,22.360999999999994],[114.2899999999999,22.359399999999994]]]}},{"type":"Feature","properties":{"id":"lu-nt-sai-kung-34-26","class":"built_up","vegetationFraction":0.103,"pavedFraction":0.745,"waterFraction":0.046,"simulated":true},"geometry":{"type":"Polygon","coordinates":[[[114.2915999999999,22.359399999999994],[114.2931999999999,22.359399999999994],[114.2931999999999,22.360999999999994],[114.2915999999999,22.360999999999994],[114.2915999999999,22.359399999999994]]]}},{"type":"Feature","properties":{"id":"lu-nt-sai-kung-34-27","class":"built_up","vegetationFraction":0.134,"pavedFraction":0.895,"waterFraction":0.052,"simulated":true},"geometry":{"type":"Polygon","coordinates":[[[114.2931999999999,22.359399999999994],[114.2947999999999,22.359399999999994],[114.2947999999999,22.360999999999994],[114.2931999999999,22.360999999999994],[114.2931999999999,22.359399999999994]]]}},{"type":"Feature","properties":{"id":"lu-nt-sai-kung-34-28","class":"built_up","vegetationFraction":0.102,"pavedFraction":0.618,"waterFraction":0.013,"simulated":true},"geometry":{"type":"Polygon","coordinates":[[[114.2947999999999,22.359399999999994],[114.29639999999989,22.359399999999994],[114.29639999999989,22.360999999999994],[114.2947999999999,22.360999999999994],[114.2947999999999,22.359399999999994]]]}},{"type":"Feature","properties":{"id":"lu-nt-sai-kung-34-29","class":"built_up","vegetationFraction":0.108,"pavedFraction":0.824,"waterFraction":0.04,"simulated":true},"geometry":{"type":"Polygon","coordinates":[[[114.29639999999989,22.359399999999994],[114.29799999999989,22.359399999999994],[114.29799999999989,22.360999999999994],[114.29639999999989,22.360999999999994],[114.29639999999989,22.359399999999994]]]}},{"type":"Feature","properties":{"id":"lu-nt-sai-kung-34-30","class":"built_up","vegetationFraction":0.105,"pavedFraction":0.778,"waterFraction":0.004,"simulated":true},"geometry":{"type":"Polygon","coordinates":[[[114.29799999999989,22.359399999999994],[114.29959999999988,22.359399999999994],[114.29959999999988,22.360999999999994],[114.29799999999989,22.360999999999994],[114.29799999999989,22.359399999999994]]]}},{"type":"Feature","properties":{"id":"lu-nt-sai-kung-35-00","class":"built_up","vegetationFraction":0.063,"pavedFraction":0.768,"waterFraction":0.045,"simulated":true},"geometry":{"type":"Polygon","coordinates":[[[114.25,22.360999999999994],[114.2516,22.360999999999994],[114.2516,22.362599999999993],[114.25,22.362599999999993],[114.25,22.360999999999994]]]}},{"type":"Feature","properties":{"id":"lu-nt-sai-kung-35-01","class":"built_up","vegetationFraction":0.114,"pavedFraction":0.747,"waterFraction":0.05,"simulated":true},"geometry":{"type":"Polygon","coordinates":[[[114.2516,22.360999999999994],[114.25319999999999,22.360999999999994],[114.25319999999999,22.362599999999993],[114.2516,22.362599999999993],[114.2516,22.360999999999994]]]}},{"type":"Feature","properties":{"id":"lu-nt-sai-kung-35-02","class":"built_up","vegetationFraction":0.064,"pavedFraction":0.665,"waterFraction":0.007,"simulated":true},"geometry":{"type":"Polygon","coordinates":[[[114.25319999999999,22.360999999999994],[114.25479999999999,22.360999999999994],[114.25479999999999,22.362599999999993],[114.25319999999999,22.362599999999993],[114.25319999999999,22.360999999999994]]]}},{"type":"Feature","properties":{"id":"lu-nt-sai-kung-35-03","class":"built_up","vegetationFraction":0.072,"pavedFraction":0.634,"waterFraction":0.008,"simulated":true},"geometry":{"type":"Polygon","coordinates":[[[114.25479999999999,22.360999999999994],[114.25639999999999,22.360999999999994],[114.25639999999999,22.362599999999993],[114.25479999999999,22.362599999999993],[114.25479999999999,22.360999999999994]]]}},{"type":"Feature","properties":{"id":"lu-nt-sai-kung-35-04","class":"built_up","vegetationFraction":0.081,"pavedFraction":0.781,"waterFraction":0.031,"simulated":true},"geometry":{"type":"Polygon","coordinates":[[[114.25639999999999,22.360999999999994],[114.25799999999998,22.360999999999994],[114.25799999999998,22.362599999999993],[114.25639999999999,22.362599999999993],[114.25639999999999,22.360999999999994]]]}},{"type":"Feature","properties":{"id":"lu-nt-sai-kung-35-05","class":"built_up","vegetationFraction":0.121,"pavedFraction":0.842,"waterFraction":0.04,"simulated":true},"geometry":{"type":"Polygon","coordinates":[[[114.25799999999998,22.360999999999994],[114.25959999999998,22.360999999999994],[114.25959999999998,22.362599999999993],[114.25799999999998,22.362599999999993],[114.25799999999998,22.360999999999994]]]}},{"type":"Feature","properties":{"id":"lu-nt-sai-kung-35-06","class":"built_up","vegetationFraction":0.106,"pavedFraction":0.88,"waterFraction":0.008,"simulated":true},"geometry":{"type":"Polygon","coordinates":[[[114.25959999999998,22.360999999999994],[114.26119999999997,22.360999999999994],[114.26119999999997,22.362599999999993],[114.25959999999998,22.362599999999993],[114.25959999999998,22.360999999999994]]]}},{"type":"Feature","properties":{"id":"lu-nt-sai-kung-35-07","class":"built_up","vegetationFraction":0.122,"pavedFraction":0.708,"waterFraction":0.01,"simulated":true},"geometry":{"type":"Polygon","coordinates":[[[114.26119999999997,22.360999999999994],[114.26279999999997,22.360999999999994],[114.26279999999997,22.362599999999993],[114.26119999999997,22.362599999999993],[114.26119999999997,22.360999999999994]]]}},{"type":"Feature","properties":{"id":"lu-nt-sai-kung-35-08","class":"green_space","vegetationFraction":0.78,"pavedFraction":0.1,"waterFraction":0.028,"simulated":true},"geometry":{"type":"Polygon","coordinates":[[[114.26279999999997,22.360999999999994],[114.26439999999997,22.360999999999994],[114.26439999999997,22.362599999999993],[114.26279999999997,22.362599999999993],[114.26279999999997,22.360999999999994]]]}},{"type":"Feature","properties":{"id":"lu-nt-sai-kung-35-09","class":"green_space","vegetationFraction":0.78,"pavedFraction":0.1,"waterFraction":0.043,"simulated":true},"geometry":{"type":"Polygon","coordinates":[[[114.26439999999997,22.360999999999994],[114.26599999999996,22.360999999999994],[114.26599999999996,22.362599999999993],[114.26439999999997,22.362599999999993],[114.26439999999997,22.360999999999994]]]}},{"type":"Feature","properties":{"id":"lu-nt-sai-kung-35-10","class":"green_space","vegetationFraction":0.78,"pavedFraction":0.1,"waterFraction":0.043,"simulated":true},"geometry":{"type":"Polygon","coordinates":[[[114.26599999999996,22.360999999999994],[114.26759999999996,22.360999999999994],[114.26759999999996,22.362599999999993],[114.26599999999996,22.362599999999993],[114.26599999999996,22.360999999999994]]]}},{"type":"Feature","properties":{"id":"lu-nt-sai-kung-35-11","class":"green_space","vegetationFraction":0.78,"pavedFraction":0.1,"waterFraction":0.037,"simulated":true},"geometry":{"type":"Polygon","coordinates":[[[114.26759999999996,22.360999999999994],[114.26919999999996,22.360999999999994],[114.26919999999996,22.362599999999993],[114.26759999999996,22.362599999999993],[114.26759999999996,22.360999999999994]]]}},{"type":"Feature","properties":{"id":"lu-nt-sai-kung-35-12","class":"green_space","vegetationFraction":0.78,"pavedFraction":0.1,"waterFraction":0.019,"simulated":true},"geometry":{"type":"Polygon","coordinates":[[[114.26919999999996,22.360999999999994],[114.27079999999995,22.360999999999994],[114.27079999999995,22.362599999999993],[114.26919999999996,22.362599999999993],[114.26919999999996,22.360999999999994]]]}},{"type":"Feature","properties":{"id":"lu-nt-sai-kung-35-13","class":"green_space","vegetationFraction":0.78,"pavedFraction":0.1,"waterFraction":0.027,"simulated":true},"geometry":{"type":"Polygon","coordinates":[[[114.27079999999995,22.360999999999994],[114.27239999999995,22.360999999999994],[114.27239999999995,22.362599999999993],[114.27079999999995,22.362599999999993],[114.27079999999995,22.360999999999994]]]}},{"type":"Feature","properties":{"id":"lu-nt-sai-kung-35-14","class":"green_space","vegetationFraction":0.78,"pavedFraction":0.1,"waterFraction":0.006,"simulated":true},"geometry":{"type":"Polygon","coordinates":[[[114.27239999999995,22.360999999999994],[114.27399999999994,22.360999999999994],[114.27399999999994,22.362599999999993],[114.27239999999995,22.362599999999993],[114.27239999999995,22.360999999999994]]]}},{"type":"Feature","properties":{"id":"lu-nt-sai-kung-35-15","class":"green_space","vegetationFraction":0.78,"pavedFraction":0.1,"waterFraction":0.018,"simulated":true},"geometry":{"type":"Polygon","coordinates":[[[114.27399999999994,22.360999999999994],[114.27559999999994,22.360999999999994],[114.27559999999994,22.362599999999993],[114.27399999999994,22.362599999999993],[114.27399999999994,22.360999999999994]]]}},{"type":"Feature","properties":{"id":"lu-nt-sai-kung-35-16","class":"green_space","vegetationFraction":0.78,"pavedFraction":0.1,"waterFraction":0.034,"simulated":true},"geometry":{"type":"Polygon","coordinates":[[[114.27559999999994,22.360999999999994],[114.27719999999994,22.360999999999994],[114.27719999999994,22.362599999999993],[114.27559999999994,22.362599999999993],[114.27559999999994,22.360999999999994]]]}},{"type":"Feature","properties":{"id":"lu-nt-sai-kung-35-17","class":"built_up","vegetationFraction":0.114,"pavedFraction":0.676,"waterFraction":0.043,"simulated":true},"geometry":{"type":"Polygon","coordinates":[[[114.27719999999994,22.360999999999994],[114.27879999999993,22.360999999999994],[114.27879999999993,22.362599999999993],[114.27719999999994,22.362599999999993],[114.27719999999994,22.360999999999994]]]}},{"type":"Feature","properties":{"id":"lu-nt-sai-kung-35-18","class":"built_up","vegetationFraction":0.109,"pavedFraction":0.622,"waterFraction":0.014,"simulated":true},"geometry":{"type":"Polygon","coordinates":[[[114.27879999999993,22.360999999999994],[114.28039999999993,22.360999999999994],[114.28039999999993,22.362599999999993],[114.27879999999993,22.362599999999993],[114.27879999999993,22.360999999999994]]]}},{"type":"Feature","properties":{"id":"lu-nt-sai-kung-35-19","class":"built_up","vegetationFraction":0.111,"pavedFraction":0.66,"waterFraction":0.006,"simulated":true},"geometry":{"type":"Polygon","coordinates":[[[114.28039999999993,22.360999999999994],[114.28199999999993,22.360999999999994],[114.28199999999993,22.362599999999993],[114.28039999999993,22.362599999999993],[114.28039999999993,22.360999999999994]]]}},{"type":"Feature","properties":{"id":"lu-nt-sai-kung-35-20","class":"built_up","vegetationFraction":0.071,"pavedFraction":0.886,"waterFraction":0.031,"simulated":true},"geometry":{"type":"Polygon","coordinates":[[[114.28199999999993,22.360999999999994],[114.28359999999992,22.360999999999994],[114.28359999999992,22.362599999999993],[114.28199999999993,22.362599999999993],[114.28199999999993,22.360999999999994]]]}},{"type":"Feature","properties":{"id":"lu-nt-sai-kung-35-21","class":"built_up","vegetationFraction":0.099,"pavedFraction":0.845,"waterFraction":0.036,"simulated":true},"geometry":{"type":"Polygon","coordinates":[[[114.28359999999992,22.360999999999994],[114.28519999999992,22.360999999999994],[114.28519999999992,22.362599999999993],[114.28359999999992,22.362599999999993],[114.28359999999992,22.360999999999994]]]}},{"type":"Feature","properties":{"id":"lu-nt-sai-kung-35-22","class":"built_up","vegetationFraction":0.132,"pavedFraction":0.614,"waterFraction":0.007,"simulated":true},"geometry":{"type":"Polygon","coordinates":[[[114.28519999999992,22.360999999999994],[114.28679999999991,22.360999999999994],[114.28679999999991,22.362599999999993],[114.28519999999992,22.362599999999993],[114.28519999999992,22.360999999999994]]]}},{"type":"Feature","properties":{"id":"lu-nt-sai-kung-35-23","class":"built_up","vegetationFraction":0.122,"pavedFraction":0.865,"waterFraction":0.052,"simulated":true},"geometry":{"type":"Polygon","coordinates":[[[114.28679999999991,22.360999999999994],[114.28839999999991,22.360999999999994],[114.28839999999991,22.362599999999993],[114.28679999999991,22.362599999999993],[114.28679999999991,22.360999999999994]]]}},{"type":"Feature","properties":{"id":"lu-nt-sai-kung-35-24","class":"built_up","vegetationFraction":0.126,"pavedFraction":0.64,"waterFraction":0.008,"simulated":true},"geometry":{"type":"Polygon","coordinates":[[[114.28839999999991,22.360999999999994],[114.2899999999999,22.360999999999994],[114.2899999999999,22.362599999999993],[114.28839999999991,22.362599999999993],[114.28839999999991,22.360999999999994]]]}},{"type":"Feature","properties":{"id":"lu-nt-sai-kung-35-25","class":"built_up","vegetationFraction":0.134,"pavedFraction":0.766,"waterFraction":0.025,"simulated":true},"geometry":{"type":"Polygon","coordinates":[[[114.2899999999999,22.360999999999994],[114.2915999999999,22.360999999999994],[114.2915999999999,22.362599999999993],[114.2899999999999,22.362599999999993],[114.2899999999999,22.360999999999994]]]}},{"type":"Feature","properties":{"id":"lu-nt-sai-kung-35-26","class":"built_up","vegetationFraction":0.097,"pavedFraction":0.735,"waterFraction":0.003,"simulated":true},"geometry":{"type":"Polygon","coordinates":[[[114.2915999999999,22.360999999999994],[114.2931999999999,22.360999999999994],[114.2931999999999,22.362599999999993],[114.2915999999999,22.362599999999993],[114.2915999999999,22.360999999999994]]]}},{"type":"Feature","properties":{"id":"lu-nt-sai-kung-35-27","class":"built_up","vegetationFraction":0.08,"pavedFraction":0.708,"waterFraction":0.036,"simulated":true},"geometry":{"type":"Polygon","coordinates":[[[114.2931999999999,22.360999999999994],[114.2947999999999,22.360999999999994],[114.2947999999999,22.362599999999993],[114.2931999999999,22.362599999999993],[114.2931999999999,22.360999999999994]]]}},{"type":"Feature","properties":{"id":"lu-nt-sai-kung-35-28","class":"built_up","vegetationFraction":0.099,"pavedFraction":0.667,"waterFraction":0.001,"simulated":true},"geometry":{"type":"Polygon","coordinates":[[[114.2947999999999,22.360999999999994],[114.29639999999989,22.360999999999994],[114.29639999999989,22.362599999999993],[114.2947999999999,22.362599999999993],[114.2947999999999,22.360999999999994]]]}},{"type":"Feature","properties":{"id":"lu-nt-sai-kung-35-29","class":"built_up","vegetationFraction":0.063,"pavedFraction":0.818,"waterFraction":0.052,"simulated":true},"geometry":{"type":"Polygon","coordinates":[[[114.29639999999989,22.360999999999994],[114.29799999999989,22.360999999999994],[114.29799999999989,22.362599999999993],[114.29639999999989,22.362599999999993],[114.29639999999989,22.360999999999994]]]}},{"type":"Feature","properties":{"id":"lu-nt-sai-kung-35-30","class":"built_up","vegetationFraction":0.064,"pavedFraction":0.659,"waterFraction":0.003,"simulated":true},"geometry":{"type":"Polygon","coordinates":[[[114.29799999999989,22.360999999999994],[114.29959999999988,22.360999999999994],[114.29959999999988,22.362599999999993],[114.29799999999989,22.362599999999993],[114.29799999999989,22.360999999999994]]]}},{"type":"Feature","properties":{"id":"lu-nt-sai-kung-36-00","class":"built_up","vegetationFraction":0.061,"pavedFraction":0.869,"waterFraction":0.032,"simulated":true},"geometry":{"type":"Polygon","coordinates":[[[114.25,22.362599999999993],[114.2516,22.362599999999993],[114.2516,22.364199999999993],[114.25,22.364199999999993],[114.25,22.362599999999993]]]}},{"type":"Feature","properties":{"id":"lu-nt-sai-kung-36-01","class":"built_up","vegetationFraction":0.119,"pavedFraction":0.664,"waterFraction":0.032,"simulated":true},"geometry":{"type":"Polygon","coordinates":[[[114.2516,22.362599999999993],[114.25319999999999,22.362599999999993],[114.25319999999999,22.364199999999993],[114.2516,22.364199999999993],[114.2516,22.362599999999993]]]}},{"type":"Feature","properties":{"id":"lu-nt-sai-kung-36-02","class":"built_up","vegetationFraction":0.115,"pavedFraction":0.764,"waterFraction":0.03,"simulated":true},"geometry":{"type":"Polygon","coordinates":[[[114.25319999999999,22.362599999999993],[114.25479999999999,22.362599999999993],[114.25479999999999,22.364199999999993],[114.25319999999999,22.364199999999993],[114.25319999999999,22.362599999999993]]]}},{"type":"Feature","properties":{"id":"lu-nt-sai-kung-36-03","class":"built_up","vegetationFraction":0.135,"pavedFraction":0.692,"waterFraction":0.049,"simulated":true},"geometry":{"type":"Polygon","coordinates":[[[114.25479999999999,22.362599999999993],[114.25639999999999,22.362599999999993],[114.25639999999999,22.364199999999993],[114.25479999999999,22.364199999999993],[114.25479999999999,22.362599999999993]]]}},{"type":"Feature","properties":{"id":"lu-nt-sai-kung-36-04","class":"built_up","vegetationFraction":0.12,"pavedFraction":0.788,"waterFraction":0.013,"simulated":true},"geometry":{"type":"Polygon","coordinates":[[[114.25639999999999,22.362599999999993],[114.25799999999998,22.362599999999993],[114.25799999999998,22.364199999999993],[114.25639999999999,22.364199999999993],[114.25639999999999,22.362599999999993]]]}},{"type":"Feature","properties":{"id":"lu-nt-sai-kung-36-05","class":"built_up","vegetationFraction":0.098,"pavedFraction":0.873,"waterFraction":0.05,"simulated":true},"geometry":{"type":"Polygon","coordinates":[[[114.25799999999998,22.362599999999993],[114.25959999999998,22.362599999999993],[114.25959999999998,22.364199999999993],[114.25799999999998,22.364199999999993],[114.25799999999998,22.362599999999993]]]}},{"type":"Feature","properties":{"id":"lu-nt-sai-kung-36-06","class":"built_up","vegetationFraction":0.113,"pavedFraction":0.722,"waterFraction":0.06,"simulated":true},"geometry":{"type":"Polygon","coordinates":[[[114.25959999999998,22.362599999999993],[114.26119999999997,22.362599999999993],[114.26119999999997,22.364199999999993],[114.25959999999998,22.364199999999993],[114.25959999999998,22.362599999999993]]]}},{"type":"Feature","properties":{"id":"lu-nt-sai-kung-36-07","class":"built_up","vegetationFraction":0.121,"pavedFraction":0.692,"waterFraction":0.06,"simulated":true},"geometry":{"type":"Polygon","coordinates":[[[114.26119999999997,22.362599999999993],[114.26279999999997,22.362599999999993],[114.26279999999997,22.364199999999993],[114.26119999999997,22.364199999999993],[114.26119999999997,22.362599999999993]]]}},{"type":"Feature","properties":{"id":"lu-nt-sai-kung-36-08","class":"built_up","vegetationFraction":0.091,"pavedFraction":0.704,"waterFraction":0.004,"simulated":true},"geometry":{"type":"Polygon","coordinates":[[[114.26279999999997,22.362599999999993],[114.26439999999997,22.362599999999993],[114.26439999999997,22.364199999999993],[114.26279999999997,22.364199999999993],[114.26279999999997,22.362599999999993]]]}},{"type":"Feature","properties":{"id":"lu-nt-sai-kung-36-09","class":"built_up","vegetationFraction":0.06,"pavedFraction":0.775,"waterFraction":0.058,"simulated":true},"geometry":{"type":"Polygon","coordinates":[[[114.26439999999997,22.362599999999993],[114.26599999999996,22.362599999999993],[114.26599999999996,22.364199999999993],[114.26439999999997,22.364199999999993],[114.26439999999997,22.362599999999993]]]}},{"type":"Feature","properties":{"id":"lu-nt-sai-kung-36-10","class":"built_up","vegetationFraction":0.126,"pavedFraction":0.681,"waterFraction":0.014,"simulated":true},"geometry":{"type":"Polygon","coordinates":[[[114.26599999999996,22.362599999999993],[114.26759999999996,22.362599999999993],[114.26759999999996,22.364199999999993],[114.26599999999996,22.364199999999993],[114.26599999999996,22.362599999999993]]]}},{"type":"Feature","properties":{"id":"lu-nt-sai-kung-36-11","class":"built_up","vegetationFraction":0.101,"pavedFraction":0.647,"waterFraction":0.051,"simulated":true},"geometry":{"type":"Polygon","coordinates":[[[114.26759999999996,22.362599999999993],[114.26919999999996,22.362599999999993],[114.26919999999996,22.364199999999993],[114.26759999999996,22.364199999999993],[114.26759999999996,22.362599999999993]]]}},{"type":"Feature","properties":{"id":"lu-nt-sai-kung-36-12","class":"built_up","vegetationFraction":0.119,"pavedFraction":0.675,"waterFraction":0.04,"simulated":true},"geometry":{"type":"Polygon","coordinates":[[[114.26919999999996,22.362599999999993],[114.27079999999995,22.362599999999993],[114.27079999999995,22.364199999999993],[114.26919999999996,22.364199999999993],[114.26919999999996,22.362599999999993]]]}},{"type":"Feature","properties":{"id":"lu-nt-sai-kung-36-13","class":"built_up","vegetationFraction":0.112,"pavedFraction":0.862,"waterFraction":0.03,"simulated":true},"geometry":{"type":"Polygon","coordinates":[[[114.27079999999995,22.362599999999993],[114.27239999999995,22.362599999999993],[114.27239999999995,22.364199999999993],[114.27079999999995,22.364199999999993],[114.27079999999995,22.362599999999993]]]}},{"type":"Feature","properties":{"id":"lu-nt-sai-kung-36-14","class":"built_up","vegetationFraction":0.064,"pavedFraction":0.656,"waterFraction":0.024,"simulated":true},"geometry":{"type":"Polygon","coordinates":[[[114.27239999999995,22.362599999999993],[114.27399999999994,22.362599999999993],[114.27399999999994,22.364199999999993],[114.27239999999995,22.364199999999993],[114.27239999999995,22.362599999999993]]]}},{"type":"Feature","properties":{"id":"lu-nt-sai-kung-36-15","class":"built_up","vegetationFraction":0.091,"pavedFraction":0.832,"waterFraction":0.032,"simulated":true},"geometry":{"type":"Polygon","coordinates":[[[114.27399999999994,22.362599999999993],[114.27559999999994,22.362599999999993],[114.27559999999994,22.364199999999993],[114.27399999999994,22.364199999999993],[114.27399999999994,22.362599999999993]]]}},{"type":"Feature","properties":{"id":"lu-nt-sai-kung-36-16","class":"built_up","vegetationFraction":0.071,"pavedFraction":0.692,"waterFraction":0.016,"simulated":true},"geometry":{"type":"Polygon","coordinates":[[[114.27559999999994,22.362599999999993],[114.27719999999994,22.362599999999993],[114.27719999999994,22.364199999999993],[114.27559999999994,22.364199999999993],[114.27559999999994,22.362599999999993]]]}},{"type":"Feature","properties":{"id":"lu-nt-sai-kung-36-17","class":"built_up","vegetationFraction":0.1,"pavedFraction":0.739,"waterFraction":0.002,"simulated":true},"geometry":{"type":"Polygon","coordinates":[[[114.27719999999994,22.362599999999993],[114.27879999999993,22.362599999999993],[114.27879999999993,22.364199999999993],[114.27719999999994,22.364199999999993],[114.27719999999994,22.362599999999993]]]}},{"type":"Feature","properties":{"id":"lu-nt-sai-kung-36-18","class":"built_up","vegetationFraction":0.097,"pavedFraction":0.895,"waterFraction":0.027,"simulated":true},"geometry":{"type":"Polygon","coordinates":[[[114.27879999999993,22.362599999999993],[114.28039999999993,22.362599999999993],[114.28039999999993,22.364199999999993],[114.27879999999993,22.364199999999993],[114.27879999999993,22.362599999999993]]]}},{"type":"Feature","properties":{"id":"lu-nt-sai-kung-36-19","class":"built_up","vegetationFraction":0.127,"pavedFraction":0.898,"waterFraction":0.0,"simulated":true},"geometry":{"type":"Polygon","coordinates":[[[114.28039999999993,22.362599999999993],[114.28199999999993,22.362599999999993],[114.28199999999993,22.364199999999993],[114.28039999999993,22.364199999999993],[114.28039999999993,22.362599999999993]]]}},{"type":"Feature","properties":{"id":"lu-nt-sai-kung-36-20","class":"built_up","vegetationFraction":0.067,"pavedFraction":0.886,"waterFraction":0.043,"simulated":true},"geometry":{"type":"Polygon","coordinates":[[[114.28199999999993,22.362599999999993],[114.28359999999992,22.362599999999993],[114.28359999999992,22.364199999999993],[114.28199999999993,22.364199999999993],[114.28199999999993,22.362599999999993]]]}},{"type":"Feature","properties":{"id":"lu-nt-sai-kung-36-21","class":"built_up","vegetationFraction":0.07,"pavedFraction":0.806,"waterFraction":0.01,"simulated":true},"geometry":{"type":"Polygon","coordinates":[[[114.28359999999992,22.362599999999993],[114.28519999999992,22.362599999999993],[114.28519999999992,22.364199999999993],[114.28359999999992,22.364199999999993],[114.28359999999992,22.362599999999993]]]}},{"type":"Feature","properties":{"id":"lu-nt-sai-kung-36-22","class":"built_up","vegetationFraction":0.114,"pavedFraction":0.828,"waterFraction":0.046,"simulated":true},"geometry":{"type":"Polygon","coordinates":[[[114.28519999999992,22.362599999999993],[114.28679999999991,22.362599999999993],[114.28679999999991,22.364199999999993],[114.28519999999992,22.364199999999993],[114.28519999999992,22.362599999999993]]]}},{"type":"Feature","properties":{"id":"lu-nt-sai-kung-36-23","class":"built_up","vegetationFraction":0.123,"pavedFraction":0.6,"waterFraction":0.007,"simulated":true},"geometry":{"type":"Polygon","coordinates":[[[114.28679999999991,22.362599999999993],[114.28839999999991,22.362599999999993],[114.28839999999991,22.364199999999993],[114.28679999999991,22.364199999999993],[114.28679999999991,22.362599999999993]]]}},{"type":"Feature","properties":{"id":"lu-nt-sai-kung-36-24","class":"built_up","vegetationFraction":0.066,"pavedFraction":0.764,"waterFraction":0.021,"simulated":true},"geometry":{"type":"Polygon","coordinates":[[[114.28839999999991,22.362599999999993],[114.2899999999999,22.362599999999993],[114.2899999999999,22.364199999999993],[114.28839999999991,22.364199999999993],[114.28839999999991,22.362599999999993]]]}},{"type":"Feature","properties":{"id":"lu-nt-sai-kung-36-25","class":"built_up","vegetationFraction":0.101,"pavedFraction":0.825,"waterFraction":0.044,"simulated":true},"geometry":{"type":"Polygon","coordinates":[[[114.2899999999999,22.362599999999993],[114.2915999999999,22.362599999999993],[114.2915999999999,22.364199999999993],[114.2899999999999,22.364199999999993],[114.2899999999999,22.362599999999993]]]}},{"type":"Feature","properties":{"id":"lu-nt-sai-kung-36-26","class":"built_up","vegetationFraction":0.104,"pavedFraction":0.884,"waterFraction":0.025,"simulated":true},"geometry":{"type":"Polygon","coordinates":[[[114.2915999999999,22.362599999999993],[114.2931999999999,22.362599999999993],[114.2931999999999,22.364199999999993],[114.2915999999999,22.364199999999993],[114.2915999999999,22.362599999999993]]]}},{"type":"Feature","properties":{"id":"lu-nt-sai-kung-36-27","class":"built_up","vegetationFraction":0.132,"pavedFraction":0.661,"waterFraction":0.053,"simulated":true},"geometry":{"type":"Polygon","coordinates":[[[114.2931999999999,22.362599999999993],[114.2947999999999,22.362599999999993],[114.2947999999999,22.364199999999993],[114.2931999999999,22.364199999999993],[114.2931999999999,22.362599999999993]]]}},{"type":"Feature","properties":{"id":"lu-nt-sai-kung-36-28","class":"built_up","vegetationFraction":0.095,"pavedFraction":0.861,"waterFraction":0.02,"simulated":true},"geometry":{"type":"Polygon","coordinates":[[[114.2947999999999,22.362599999999993],[114.29639999999989,22.362599999999993],[114.29639999999989,22.364199999999993],[114.2947999999999,22.364199999999993],[114.2947999999999,22.362599999999993]]]}},{"type":"Feature","properties":{"id":"lu-nt-sai-kung-36-29","class":"built_up","vegetationFraction":0.121,"pavedFraction":0.7,"waterFraction":0.019,"simulated":true},"geometry":{"type":"Polygon","coordinates":[[[114.29639999999989,22.362599999999993],[114.29799999999989,22.362599999999993],[114.29799999999989,22.364199999999993],[114.29639999999989,22.364199999999993],[114.29639999999989,22.362599999999993]]]}},{"type":"Feature","properties":{"id":"lu-nt-sai-kung-36-30","class":"built_up","vegetationFraction":0.106,"pavedFraction":0.712,"waterFraction":0.04,"simulated":true},"geometry":{"type":"Polygon","coordinates":[[[114.29799999999989,22.362599999999993],[114.29959999999988,22.362599999999993],[114.29959999999988,22.364199999999993],[114.29799999999989,22.364199999999993],[114.29799999999989,22.362599999999993]]]}},{"type":"Feature","properties":{"id":"lu-nt-sai-kung-37-00","class":"built_up","vegetationFraction":0.107,"pavedFraction":0.692,"waterFraction":0.011,"simulated":true},"geometry":{"type":"Polygon","coordinates":[[[114.25,22.364199999999993],[114.2516,22.364199999999993],[114.2516,22.365799999999993],[114.25,22.365799999999993],[114.25,22.364199999999993]]]}},{"type":"Feature","properties":{"id":"lu-nt-sai-kung-37-01","class":"built_up","vegetationFraction":0.135,"pavedFraction":0.833,"waterFraction":0.024,"simulated":true},"geometry":{"type":"Polygon","coordinates":[[[114.2516,22.364199999999993],[114.25319999999999,22.364199999999993],[114.25319999999999,22.365799999999993],[114.2516,22.365799999999993],[114.2516,22.364199999999993]]]}},{"type":"Feature","properties":{"id":"lu-nt-sai-kung-37-02","class":"built_up","vegetationFraction":0.125,"pavedFraction":0.742,"waterFraction":0.048,"simulated":true},"geometry":{"type":"Polygon","coordinates":[[[114.25319999999999,22.364199999999993],[114.25479999999999,22.364199999999993],[114.25479999999999,22.365799999999993],[114.25319999999999,22.365799999999993],[114.25319999999999,22.364199999999993]]]}},{"type":"Feature","properties":{"id":"lu-nt-sai-kung-37-03","class":"built_up","vegetationFraction":0.064,"pavedFraction":0.9,"waterFraction":0.009,"simulated":true},"geometry":{"type":"Polygon","coordinates":[[[114.25479999999999,22.364199999999993],[114.25639999999999,22.364199999999993],[114.25639999999999,22.365799999999993],[114.25479999999999,22.365799999999993],[114.25479999999999,22.364199999999993]]]}},{"type":"Feature","properties":{"id":"lu-nt-sai-kung-37-04","class":"built_up","vegetationFraction":0.106,"pavedFraction":0.653,"waterFraction":0.017,"simulated":true},"geometry":{"type":"Polygon","coordinates":[[[114.25639999999999,22.364199999999993],[114.25799999999998,22.364199999999993],[114.25799999999998,22.365799999999993],[114.25639999999999,22.365799999999993],[114.25639999999999,22.364199999999993]]]}},{"type":"Feature","properties":{"id":"lu-nt-sai-kung-37-05","class":"built_up","vegetationFraction":0.069,"pavedFraction":0.704,"waterFraction":0.001,"simulated":true},"geometry":{"type":"Polygon","coordinates":[[[114.25799999999998,22.364199999999993],[114.25959999999998,22.364199999999993],[114.25959999999998,22.365799999999993],[114.25799999999998,22.365799999999993],[114.25799999999998,22.364199999999993]]]}},{"type":"Feature","properties":{"id":"lu-nt-sai-kung-37-06","class":"built_up","vegetationFraction":0.086,"pavedFraction":0.699,"waterFraction":0.024,"simulated":true},"geometry":{"type":"Polygon","coordinates":[[[114.25959999999998,22.364199999999993],[114.26119999999997,22.364199999999993],[114.26119999999997,22.365799999999993],[114.25959999999998,22.365799999999993],[114.25959999999998,22.364199999999993]]]}},{"type":"Feature","properties":{"id":"lu-nt-sai-kung-37-07","class":"built_up","vegetationFraction":0.087,"pavedFraction":0.747,"waterFraction":0.052,"simulated":true},"geometry":{"type":"Polygon","coordinates":[[[114.26119999999997,22.364199999999993],[114.26279999999997,22.364199999999993],[114.26279999999997,22.365799999999993],[114.26119999999997,22.365799999999993],[114.26119999999997,22.364199999999993]]]}},{"type":"Feature","properties":{"id":"lu-nt-sai-kung-37-08","class":"built_up","vegetationFraction":0.09,"pavedFraction":0.851,"waterFraction":0.024,"simulated":true},"geometry":{"type":"Polygon","coordinates":[[[114.26279999999997,22.364199999999993],[114.26439999999997,22.364199999999993],[114.26439999999997,22.365799999999993],[114.26279999999997,22.365799999999993],[114.26279999999997,22.364199999999993]]]}},{"type":"Feature","properties":{"id":"lu-nt-sai-kung-37-09","class":"built_up","vegetationFraction":0.094,"pavedFraction":0.884,"waterFraction":0.053,"simulated":true},"geometry":{"type":"Polygon","coordinates":[[[114.26439999999997,22.364199999999993],[114.26599999999996,22.364199999999993],[114.26599999999996,22.365799999999993],[114.26439999999997,22.365799999999993],[114.26439999999997,22.364199999999993]]]}},{"type":"Feature","properties":{"id":"lu-nt-sai-kung-37-10","class":"built_up","vegetationFraction":0.1,"pavedFraction":0.634,"waterFraction":0.012,"simulated":true},"geometry":{"type":"Polygon","coordinates":[[[114.26599999999996,22.364199999999993],[114.26759999999996,22.364199999999993],[114.26759999999996,22.365799999999993],[114.26599999999996,22.365799999999993],[114.26599999999996,22.364199999999993]]]}},{"type":"Feature","properties":{"id":"lu-nt-sai-kung-37-11","class":"built_up","vegetationFraction":0.118,"pavedFraction":0.768,"waterFraction":0.028,"simulated":true},"geometry":{"type":"Polygon","coordinates":[[[114.26759999999996,22.364199999999993],[114.26919999999996,22.364199999999993],[114.26919999999996,22.365799999999993],[114.26759999999996,22.365799999999993],[114.26759999999996,22.364199999999993]]]}},{"type":"Feature","properties":{"id":"lu-nt-sai-kung-37-12","class":"built_up","vegetationFraction":0.124,"pavedFraction":0.893,"waterFraction":0.034,"simulated":true},"geometry":{"type":"Polygon","coordinates":[[[114.26919999999996,22.364199999999993],[114.27079999999995,22.364199999999993],[114.27079999999995,22.365799999999993],[114.26919999999996,22.365799999999993],[114.26919999999996,22.364199999999993]]]}},{"type":"Feature","properties":{"id":"lu-nt-sai-kung-37-13","class":"built_up","vegetationFraction":0.111,"pavedFraction":0.831,"waterFraction":0.002,"simulated":true},"geometry":{"type":"Polygon","coordinates":[[[114.27079999999995,22.364199999999993],[114.27239999999995,22.364199999999993],[114.27239999999995,22.365799999999993],[114.27079999999995,22.365799999999993],[114.27079999999995,22.364199999999993]]]}},{"type":"Feature","properties":{"id":"lu-nt-sai-kung-37-14","class":"built_up","vegetationFraction":0.09,"pavedFraction":0.694,"waterFraction":0.012,"simulated":true},"geometry":{"type":"Polygon","coordinates":[[[114.27239999999995,22.364199999999993],[114.27399999999994,22.364199999999993],[114.27399999999994,22.365799999999993],[114.27239999999995,22.365799999999993],[114.27239999999995,22.364199999999993]]]}},{"type":"Feature","properties":{"id":"lu-nt-sai-kung-37-15","class":"built_up","vegetationFraction":0.081,"pavedFraction":0.808,"waterFraction":0.026,"simulated":true},"geometry":{"type":"Polygon","coordinates":[[[114.27399999999994,22.364199999999993],[114.27559999999994,22.364199999999993],[114.27559999999994,22.365799999999993],[114.27399999999994,22.365799999999993],[114.27399999999994,22.364199999999993]]]}},{"type":"Feature","properties":{"id":"lu-nt-sai-kung-37-16","class":"built_up","vegetationFraction":0.133,"pavedFraction":0.731,"waterFraction":0.05,"simulated":true},"geometry":{"type":"Polygon","coordinates":[[[114.27559999999994,22.364199999999993],[114.27719999999994,22.364199999999993],[114.27719999999994,22.365799999999993],[114.27559999999994,22.365799999999993],[114.27559999999994,22.364199999999993]]]}},{"type":"Feature","properties":{"id":"lu-nt-sai-kung-37-17","class":"built_up","vegetationFraction":0.072,"pavedFraction":0.849,"waterFraction":0.02,"simulated":true},"geometry":{"type":"Polygon","coordinates":[[[114.27719999999994,22.364199999999993],[114.27879999999993,22.364199999999993],[114.27879999999993,22.365799999999993],[114.27719999999994,22.365799999999993],[114.27719999999994,22.364199999999993]]]}},{"type":"Feature","properties":{"id":"lu-nt-sai-kung-37-18","class":"built_up","vegetationFraction":0.105,"pavedFraction":0.848,"waterFraction":0.042,"simulated":true},"geometry":{"type":"Polygon","coordinates":[[[114.27879999999993,22.364199999999993],[114.28039999999993,22.364199999999993],[114.28039999999993,22.365799999999993],[114.27879999999993,22.365799999999993],[114.27879999999993,22.364199999999993]]]}},{"type":"Feature","properties":{"id":"lu-nt-sai-kung-37-19","class":"built_up","vegetationFraction":0.079,"pavedFraction":0.831,"waterFraction":0.052,"simulated":true},"geometry":{"type":"Polygon","coordinates":[[[114.28039999999993,22.364199999999993],[114.28199999999993,22.364199999999993],[114.28199999999993,22.365799999999993],[114.28039999999993,22.365799999999993],[114.28039999999993,22.364199999999993]]]}},{"type":"Feature","properties":{"id":"lu-nt-sai-kung-37-20","class":"built_up","vegetationFraction":0.104,"pavedFraction":0.832,"waterFraction":0.048,"simulated":true},"geometry":{"type":"Polygon","coordinates":[[[114.28199999999993,22.364199999999993],[114.28359999999992,22.364199999999993],[114.28359999999992,22.365799999999993],[114.28199999999993,22.365799999999993],[114.28199999999993,22.364199999999993]]]}},{"type":"Feature","properties":{"id":"lu-nt-sai-kung-37-21","class":"built_up","vegetationFraction":0.078,"pavedFraction":0.716,"waterFraction":0.048,"simulated":true},"geometry":{"type":"Polygon","coordinates":[[[114.28359999999992,22.364199999999993],[114.28519999999992,22.364199999999993],[114.28519999999992,22.365799999999993],[114.28359999999992,22.365799999999993],[114.28359999999992,22.364199999999993]]]}},{"type":"Feature","properties":{"id":"lu-nt-sai-kung-37-22","class":"built_up","vegetationFraction":0.117,"pavedFraction":0.825,"waterFraction":0.007,"simulated":true},"geometry":{"type":"Polygon","coordinates":[[[114.28519999999992,22.364199999999993],[114.28679999999991,22.364199999999993],[114.28679999999991,22.365799999999993],[114.28519999999992,22.365799999999993],[114.28519999999992,22.364199999999993]]]}},{"type":"Feature","properties":{"id":"lu-nt-sai-kung-37-23","class":"built_up","vegetationFraction":0.107,"pavedFraction":0.614,"waterFraction":0.001,"simulated":true},"geometry":{"type":"Polygon","coordinates":[[[114.28679999999991,22.364199999999993],[114.28839999999991,22.364199999999993],[114.28839999999991,22.365799999999993],[114.28679999999991,22.365799999999993],[114.28679999999991,22.364199999999993]]]}},{"type":"Feature","properties":{"id":"lu-nt-sai-kung-37-24","class":"built_up","vegetationFraction":0.091,"pavedFraction":0.856,"waterFraction":0.056,"simulated":true},"geometry":{"type":"Polygon","coordinates":[[[114.28839999999991,22.364199999999993],[114.2899999999999,22.364199999999993],[114.2899999999999,22.365799999999993],[114.28839999999991,22.365799999999993],[114.28839999999991,22.364199999999993]]]}},{"type":"Feature","properties":{"id":"lu-nt-sai-kung-37-25","class":"built_up","vegetationFraction":0.097,"pavedFraction":0.896,"waterFraction":0.043,"simulated":true},"geometry":{"type":"Polygon","coordinates":[[[114.2899999999999,22.364199999999993],[114.2915999999999,22.364199999999993],[114.2915999999999,22.365799999999993],[114.2899999999999,22.365799999999993],[114.2899999999999,22.364199999999993]]]}},{"type":"Feature","properties":{"id":"lu-nt-sai-kung-37-26","class":"built_up","vegetationFraction":0.072,"pavedFraction":0.846,"waterFraction":0.044,"simulated":true},"geometry":{"type":"Polygon","coordinates":[[[114.2915999999999,22.364199999999993],[114.2931999999999,22.364199999999993],[114.2931999999999,22.365799999999993],[114.2915999999999,22.365799999999993],[114.2915999999999,22.364199999999993]]]}},{"type":"Feature","properties":{"id":"lu-nt-sai-kung-37-27","class":"built_up","vegetationFraction":0.063,"pavedFraction":0.872,"waterFraction":0.033,"simulated":true},"geometry":{"type":"Polygon","coordinates":[[[114.2931999999999,22.364199999999993],[114.2947999999999,22.364199999999993],[114.2947999999999,22.365799999999993],[114.2931999999999,22.365799999999993],[114.2931999999999,22.364199999999993]]]}},{"type":"Feature","properties":{"id":"lu-nt-sai-kung-37-28","class":"built_up","vegetationFraction":0.072,"pavedFraction":0.779,"waterFraction":0.023,"simulated":true},"geometry":{"type":"Polygon","coordinates":[[[114.2947999999999,22.364199999999993],[114.29639999999989,22.364199999999993],[114.29639999999989,22.365799999999993],[114.2947999999999,22.365799999999993],[114.2947999999999,22.364199999999993]]]}},{"type":"Feature","properties":{"id":"lu-nt-sai-kung-37-29","class":"built_up","vegetationFraction":0.127,"pavedFraction":0.872,"waterFraction":0.026,"simulated":true},"geometry":{"type":"Polygon","coordinates":[[[114.29639999999989,22.364199999999993],[114.29799999999989,22.364199999999993],[114.29799999999989,22.365799999999993],[114.29639999999989,22.365799999999993],[114.29639999999989,22.364199999999993]]]}},{"type":"Feature","properties":{"id":"lu-nt-sai-kung-37-30","class":"built_up","vegetationFraction":0.072,"pavedFraction":0.615,"waterFraction":0.035,"simulated":true},"geometry":{"type":"Polygon","coordinates":[[[114.29799999999989,22.364199999999993],[114.29959999999988,22.364199999999993],[114.29959999999988,22.365799999999993],[114.29799999999989,22.365799999999993],[114.29799999999989,22.364199999999993]]]}},{"type":"Feature","properties":{"id":"lu-nt-sai-kung-38-00","class":"built_up","vegetationFraction":0.091,"pavedFraction":0.879,"waterFraction":0.006,"simulated":true},"geometry":{"type":"Polygon","coordinates":[[[114.25,22.365799999999993],[114.2516,22.365799999999993],[114.2516,22.367399999999993],[114.25,22.367399999999993],[114.25,22.365799999999993]]]}},{"type":"Feature","properties":{"id":"lu-nt-sai-kung-38-01","class":"built_up","vegetationFraction":0.129,"pavedFraction":0.606,"waterFraction":0.008,"simulated":true},"geometry":{"type":"Polygon","coordinates":[[[114.2516,22.365799999999993],[114.25319999999999,22.365799999999993],[114.25319999999999,22.367399999999993],[114.2516,22.367399999999993],[114.2516,22.365799999999993]]]}},{"type":"Feature","properties":{"id":"lu-nt-sai-kung-38-02","class":"built_up","vegetationFraction":0.099,"pavedFraction":0.6,"waterFraction":0.051,"simulated":true},"geometry":{"type":"Polygon","coordinates":[[[114.25319999999999,22.365799999999993],[114.25479999999999,22.365799999999993],[114.25479999999999,22.367399999999993],[114.25319999999999,22.367399999999993],[114.25319999999999,22.365799999999993]]]}},{"type":"Feature","properties":{"id":"lu-nt-sai-kung-38-03","class":"built_up","vegetationFraction":0.133,"pavedFraction":0.738,"waterFraction":0.011,"simulated":true},"geometry":{"type":"Polygon","coordinates":[[[114.25479999999999,22.365799999999993],[114.25639999999999,22.365799999999993],[114.25639999999999,22.367399999999993],[114.25479999999999,22.367399999999993],[114.25479999999999,22.365799999999993]]]}},{"type":"Feature","properties":{"id":"lu-nt-sai-kung-38-04","class":"built_up","vegetationFraction":0.085,"pavedFraction":0.682,"waterFraction":0.022,"simulated":true},"geometry":{"type":"Polygon","coordinates":[[[114.25639999999999,22.365799999999993],[114.25799999999998,22.365799999999993],[114.25799999999998,22.367399999999993],[114.25639999999999,22.367399999999993],[114.25639999999999,22.365799999999993]]]}},{"type":"Feature","properties":{"id":"lu-nt-sai-kung-38-05","class":"built_up","vegetationFraction":0.076,"pavedFraction":0.612,"waterFraction":0.021,"simulated":true},"geometry":{"type":"Polygon","coordinates":[[[114.25799999999998,22.365799999999993],[114.25959999999998,22.365799999999993],[114.25959999999998,22.367399999999993],[114.25799999999998,22.367399999999993],[114.25799999999998,22.365799999999993]]]}},{"type":"Feature","properties":{"id":"lu-nt-sai-kung-38-06","class":"built_up","vegetationFraction":0.134,"pavedFraction":0.88,"waterFraction":0.054,"simulated":true},"geometry":{"type":"Polygon","coordinates":[[[114.25959999999998,22.365799999999993],[114.26119999999997,22.365799999999993],[114.26119999999997,22.367399999999993],[114.25959999999998,22.367399999999993],[114.25959999999998,22.365799999999993]]]}},{"type":"Feature","properties":{"id":"lu-nt-sai-kung-38-07","class":"built_up","vegetationFraction":0.076,"pavedFraction":0.864,"waterFraction":0.02,"simulated":true},"geometry":{"type":"Polygon","coordinates":[[[114.26119999999997,22.365799999999993],[114.26279999999997,22.365799999999993],[114.26279999999997,22.367399999999993],[114.26119999999997,22.367399999999993],[114.26119999999997,22.365799999999993]]]}},{"type":"Feature","properties":{"id":"lu-nt-sai-kung-38-08","class":"built_up","vegetationFraction":0.071,"pavedFraction":0.879,"waterFraction":0.049,"simulated":true},"geometry":{"type":"Polygon","coordinates":[[[114.26279999999997,22.365799999999993],[114.26439999999997,22.365799999999993],[114.26439999999997,22.367399999999993],[114.26279999999997,22.367399999999993],[114.26279999999997,22.365799999999993]]]}},{"type":"Feature","properties":{"id":"lu-nt-sai-kung-38-09","class":"built_up","vegetationFraction":0.128,"pavedFraction":0.791,"waterFraction":0.021,"simulated":true},"geometry":{"type":"Polygon","coordinates":[[[114.26439999999997,22.365799999999993],[114.26599999999996,22.365799999999993],[114.26599999999996,22.367399999999993],[114.26439999999997,22.367399999999993],[114.26439999999997,22.365799999999993]]]}},{"type":"Feature","properties":{"id":"lu-nt-sai-kung-38-10","class":"built_up","vegetationFraction":0.101,"pavedFraction":0.867,"waterFraction":0.025,"simulated":true},"geometry":{"type":"Polygon","coordinates":[[[114.26599999999996,22.365799999999993],[114.26759999999996,22.365799999999993],[114.26759999999996,22.367399999999993],[114.26599999999996,22.367399999999993],[114.26599999999996,22.365799999999993]]]}},{"type":"Feature","properties":{"id":"lu-nt-sai-kung-38-11","class":"built_up","vegetationFraction":0.072,"pavedFraction":0.811,"waterFraction":0.038,"simulated":true},"geometry":{"type":"Polygon","coordinates":[[[114.26759999999996,22.365799999999993],[114.26919999999996,22.365799999999993],[114.26919999999996,22.367399999999993],[114.26759999999996,22.367399999999993],[114.26759999999996,22.365799999999993]]]}},{"type":"Feature","properties":{"id":"lu-nt-sai-kung-38-12","class":"built_up","vegetationFraction":0.111,"pavedFraction":0.773,"waterFraction":0.048,"simulated":true},"geometry":{"type":"Polygon","coordinates":[[[114.26919999999996,22.365799999999993],[114.27079999999995,22.365799999999993],[114.27079999999995,22.367399999999993],[114.26919999999996,22.367399999999993],[114.26919999999996,22.365799999999993]]]}},{"type":"Feature","properties":{"id":"lu-nt-sai-kung-38-13","class":"built_up","vegetationFraction":0.091,"pavedFraction":0.772,"waterFraction":0.02,"simulated":true},"geometry":{"type":"Polygon","coordinates":[[[114.27079999999995,22.365799999999993],[114.27239999999995,22.365799999999993],[114.27239999999995,22.367399999999993],[114.27079999999995,22.367399999999993],[114.27079999999995,22.365799999999993]]]}},{"type":"Feature","properties":{"id":"lu-nt-sai-kung-38-14","class":"built_up","vegetationFraction":0.114,"pavedFraction":0.655,"waterFraction":0.012,"simulated":true},"geometry":{"type":"Polygon","coordinates":[[[114.27239999999995,22.365799999999993],[114.27399999999994,22.365799999999993],[114.27399999999994,22.367399999999993],[114.27239999999995,22.367399999999993],[114.27239999999995,22.365799999999993]]]}},{"type":"Feature","properties":{"id":"lu-nt-sai-kung-38-15","class":"built_up","vegetationFraction":0.067,"pavedFraction":0.826,"waterFraction":0.059,"simulated":true},"geometry":{"type":"Polygon","coordinates":[[[114.27399999999994,22.365799999999993],[114.27559999999994,22.365799999999993],[114.27559999999994,22.367399999999993],[114.27399999999994,22.367399999999993],[114.27399999999994,22.365799999999993]]]}},{"type":"Feature","properties":{"id":"lu-nt-sai-kung-38-16","class":"built_up","vegetationFraction":0.086,"pavedFraction":0.872,"waterFraction":0.052,"simulated":true},"geometry":{"type":"Polygon","coordinates":[[[114.27559999999994,22.365799999999993],[114.27719999999994,22.365799999999993],[114.27719999999994,22.367399999999993],[114.27559999999994,22.367399999999993],[114.27559999999994,22.365799999999993]]]}},{"type":"Feature","properties":{"id":"lu-nt-sai-kung-38-17","class":"built_up","vegetationFraction":0.131,"pavedFraction":0.714,"waterFraction":0.05,"simulated":true},"geometry":{"type":"Polygon","coordinates":[[[114.27719999999994,22.365799999999993],[114.27879999999993,22.365799999999993],[114.27879999999993,22.367399999999993],[114.27719999999994,22.367399999999993],[114.27719999999994,22.365799999999993]]]}},{"type":"Feature","properties":{"id":"lu-nt-sai-kung-38-18","class":"built_up","vegetationFraction":0.133,"pavedFraction":0.649,"waterFraction":0.032,"simulated":true},"geometry":{"type":"Polygon","coordinates":[[[114.27879999999993,22.365799999999993],[114.28039999999993,22.365799999999993],[114.28039999999993,22.367399999999993],[114.27879999999993,22.367399999999993],[114.27879999999993,22.365799999999993]]]}},{"type":"Feature","properties":{"id":"lu-nt-sai-kung-38-19","class":"built_up","vegetationFraction":0.076,"pavedFraction":0.666,"waterFraction":0.048,"simulated":true},"geometry":{"type":"Polygon","coordinates":[[[114.28039999999993,22.365799999999993],[114.28199999999993,22.365799999999993],[114.28199999999993,22.367399999999993],[114.28039999999993,22.367399999999993],[114.28039999999993,22.365799999999993]]]}},{"type":"Feature","properties":{"id":"lu-nt-sai-kung-38-20","class":"built_up","vegetationFraction":0.086,"pavedFraction":0.828,"waterFraction":0.039,"simulated":true},"geometry":{"type":"Polygon","coordinates":[[[114.28199999999993,22.365799999999993],[114.28359999999992,22.365799999999993],[114.28359999999992,22.367399999999993],[114.28199999999993,22.367399999999993],[114.28199999999993,22.365799999999993]]]}},{"type":"Feature","properties":{"id":"lu-nt-sai-kung-38-21","class":"built_up","vegetationFraction":0.133,"pavedFraction":0.705,"waterFraction":0.024,"simulated":true},"geometry":{"type":"Polygon","coordinates":[[[114.28359999999992,22.365799999999993],[114.28519999999992,22.365799999999993],[114.28519999999992,22.367399999999993],[114.28359999999992,22.367399999999993],[114.28359999999992,22.365799999999993]]]}},{"type":"Feature","properties":{"id":"lu-nt-sai-kung-38-22","class":"built_up","vegetationFraction":0.096,"pavedFraction":0.848,"waterFraction":0.01,"simulated":true},"geometry":{"type":"Polygon","coordinates":[[[114.28519999999992,22.365799999999993],[114.28679999999991,22.365799999999993],[114.28679999999991,22.367399999999993],[114.28519999999992,22.367399999999993],[114.28519999999992,22.365799999999993]]]}},{"type":"Feature","properties":{"id":"lu-nt-sai-kung-38-23","class":"built_up","vegetationFraction":0.069,"pavedFraction":0.7,"waterFraction":0.006,"simulated":true},"geometry":{"type":"Polygon","coordinates":[[[114.28679999999991,22.365799999999993],[114.28839999999991,22.365799999999993],[114.28839999999991,22.367399999999993],[114.28679999999991,22.367399999999993],[114.28679999999991,22.365799999999993]]]}},{"type":"Feature","properties":{"id":"lu-nt-sai-kung-38-24","class":"built_up","vegetationFraction":0.111,"pavedFraction":0.872,"waterFraction":0.014,"simulated":true},"geometry":{"type":"Polygon","coordinates":[[[114.28839999999991,22.365799999999993],[114.2899999999999,22.365799999999993],[114.2899999999999,22.367399999999993],[114.28839999999991,22.367399999999993],[114.28839999999991,22.365799999999993]]]}},{"type":"Feature","properties":{"id":"lu-nt-sai-kung-38-25","class":"built_up","vegetationFraction":0.115,"pavedFraction":0.631,"waterFraction":0.004,"simulated":true},"geometry":{"type":"Polygon","coordinates":[[[114.2899999999999,22.365799999999993],[114.2915999999999,22.365799999999993],[114.2915999999999,22.367399999999993],[114.2899999999999,22.367399999999993],[114.2899999999999,22.365799999999993]]]}},{"type":"Feature","properties":{"id":"lu-nt-sai-kung-38-26","class":"built_up","vegetationFraction":0.064,"pavedFraction":0.767,"waterFraction":0.06,"simulated":true},"geometry":{"type":"Polygon","coordinates":[[[114.2915999999999,22.365799999999993],[114.2931999999999,22.365799999999993],[114.2931999999999,22.367399999999993],[114.2915999999999,22.367399999999993],[114.2915999999999,22.365799999999993]]]}},{"type":"Feature","properties":{"id":"lu-nt-sai-kung-38-27","class":"built_up","vegetationFraction":0.12,"pavedFraction":0.792,"waterFraction":0.049,"simulated":true},"geometry":{"type":"Polygon","coordinates":[[[114.2931999999999,22.365799999999993],[114.2947999999999,22.365799999999993],[114.2947999999999,22.367399999999993],[114.2931999999999,22.367399999999993],[114.2931999999999,22.365799999999993]]]}},{"type":"Feature","properties":{"id":"lu-nt-sai-kung-38-28","class":"built_up","vegetationFraction":0.084,"pavedFraction":0.615,"waterFraction":0.026,"simulated":true},"geometry":{"type":"Polygon","coordinates":[[[114.2947999999999,22.365799999999993],[114.29639999999989,22.365799999999993],[114.29639999999989,22.367399999999993],[114.2947999999999,22.367399999999993],[114.2947999999999,22.365799999999993]]]}},{"type":"Feature","properties":{"id":"lu-nt-sai-kung-38-29","class":"built_up","vegetationFraction":0.119,"pavedFraction":0.681,"waterFraction":0.048,"simulated":true},"geometry":{"type":"Polygon","coordinates":[[[114.29639999999989,22.365799999999993],[114.29799999999989,22.365799999999993],[114.29799999999989,22.367399999999993],[114.29639999999989,22.367399999999993],[114.29639999999989,22.365799999999993]]]}},{"type":"Feature","properties":{"id":"lu-nt-sai-kung-38-30","class":"built_up","vegetationFraction":0.103,"pavedFraction":0.746,"waterFraction":0.013,"simulated":true},"geometry":{"type":"Polygon","coordinates":[[[114.29799999999989,22.365799999999993],[114.29959999999988,22.365799999999993],[114.29959999999988,22.367399999999993],[114.29799999999989,22.367399999999993],[114.29799999999989,22.365799999999993]]]}},{"type":"Feature","properties":{"id":"lu-nt-sai-kung-39-00","class":"built_up","vegetationFraction":0.068,"pavedFraction":0.781,"waterFraction":0.048,"simulated":true},"geometry":{"type":"Polygon","coordinates":[[[114.25,22.367399999999993],[114.2516,22.367399999999993],[114.2516,22.368999999999993],[114.25,22.368999999999993],[114.25,22.367399999999993]]]}},{"type":"Feature","properties":{"id":"lu-nt-sai-kung-39-01","class":"built_up","vegetationFraction":0.108,"pavedFraction":0.806,"waterFraction":0.002,"simulated":true},"geometry":{"type":"Polygon","coordinates":[[[114.2516,22.367399999999993],[114.25319999999999,22.367399999999993],[114.25319999999999,22.368999999999993],[114.2516,22.368999999999993],[114.2516,22.367399999999993]]]}},{"type":"Feature","properties":{"id":"lu-nt-sai-kung-39-02","class":"built_up","vegetationFraction":0.126,"pavedFraction":0.722,"waterFraction":0.047,"simulated":true},"geometry":{"type":"Polygon","coordinates":[[[114.25319999999999,22.367399999999993],[114.25479999999999,22.367399999999993],[114.25479999999999,22.368999999999993],[114.25319999999999,22.368999999999993],[114.25319999999999,22.367399999999993]]]}},{"type":"Feature","properties":{"id":"lu-nt-sai-kung-39-03","class":"built_up","vegetationFraction":0.13,"pavedFraction":0.851,"waterFraction":0.042,"simulated":true},"geometry":{"type":"Polygon","coordinates":[[[114.25479999999999,22.367399999999993],[114.25639999999999,22.367399999999993],[114.25639999999999,22.368999999999993],[114.25479999999999,22.368999999999993],[114.25479999999999,22.367399999999993]]]}},{"type":"Feature","properties":{"id":"lu-nt-sai-kung-39-04","class":"built_up","vegetationFraction":0.11,"pavedFraction":0.784,"waterFraction":0.047,"simulated":true},"geometry":{"type":"Polygon","coordinates":[[[114.25639999999999,22.367399999999993],[114.25799999999998,22.367399999999993],[114.25799999999998,22.368999999999993],[114.25639999999999,22.368999999999993],[114.25639999999999,22.367399999999993]]]}},{"type":"Feature","properties":{"id":"lu-nt-sai-kung-39-05","class":"built_up","vegetationFraction":0.113,"pavedFraction":0.834,"waterFraction":0.018,"simulated":true},"geometry":{"type":"Polygon","coordinates":[[[114.25799999999998,22.367399999999993],[114.25959999999998,22.367399999999993],[114.25959999999998,22.368999999999993],[114.25799999999998,22.368999999999993],[114.25799999999998,22.367399999999993]]]}},{"type":"Feature","properties":{"id":"lu-nt-sai-kung-39-06","class":"built_up","vegetationFraction":0.081,"pavedFraction":0.605,"waterFraction":0.023,"simulated":true},"geometry":{"type":"Polygon","coordinates":[[[114.25959999999998,22.367399999999993],[114.26119999999997,22.367399999999993],[114.26119999999997,22.368999999999993],[114.25959999999998,22.368999999999993],[114.25959999999998,22.367399999999993]]]}},{"type":"Feature","properties":{"id":"lu-nt-sai-kung-39-07","class":"built_up","vegetationFraction":0.113,"pavedFraction":0.662,"waterFraction":0.028,"simulated":true},"geometry":{"type":"Polygon","coordinates":[[[114.26119999999997,22.367399999999993],[114.26279999999997,22.367399999999993],[114.26279999999997,22.368999999999993],[114.26119999999997,22.368999999999993],[114.26119999999997,22.367399999999993]]]}},{"type":"Feature","properties":{"id":"lu-nt-sai-kung-39-08","class":"built_up","vegetationFraction":0.069,"pavedFraction":0.667,"waterFraction":0.011,"simulated":true},"geometry":{"type":"Polygon","coordinates":[[[114.26279999999997,22.367399999999993],[114.26439999999997,22.367399999999993],[114.26439999999997,22.368999999999993],[114.26279999999997,22.368999999999993],[114.26279999999997,22.367399999999993]]]}},{"type":"Feature","properties":{"id":"lu-nt-sai-kung-39-09","class":"built_up","vegetationFraction":0.076,"pavedFraction":0.656,"waterFraction":0.023,"simulated":true},"geometry":{"type":"Polygon","coordinates":[[[114.26439999999997,22.367399999999993],[114.26599999999996,22.367399999999993],[114.26599999999996,22.368999999999993],[114.26439999999997,22.368999999999993],[114.26439999999997,22.367399999999993]]]}},{"type":"Feature","properties":{"id":"lu-nt-sai-kung-39-10","class":"built_up","vegetationFraction":0.068,"pavedFraction":0.859,"waterFraction":0.043,"simulated":true},"geometry":{"type":"Polygon","coordinates":[[[114.26599999999996,22.367399999999993],[114.26759999999996,22.367399999999993],[114.26759999999996,22.368999999999993],[114.26599999999996,22.368999999999993],[114.26599999999996,22.367399999999993]]]}},{"type":"Feature","properties":{"id":"lu-nt-sai-kung-39-11","class":"built_up","vegetationFraction":0.063,"pavedFraction":0.665,"waterFraction":0.056,"simulated":true},"geometry":{"type":"Polygon","coordinates":[[[114.26759999999996,22.367399999999993],[114.26919999999996,22.367399999999993],[114.26919999999996,22.368999999999993],[114.26759999999996,22.368999999999993],[114.26759999999996,22.367399999999993]]]}},{"type":"Feature","properties":{"id":"lu-nt-sai-kung-39-12","class":"built_up","vegetationFraction":0.091,"pavedFraction":0.776,"waterFraction":0.051,"simulated":true},"geometry":{"type":"Polygon","coordinates":[[[114.26919999999996,22.367399999999993],[114.27079999999995,22.367399999999993],[114.27079999999995,22.368999999999993],[114.26919999999996,22.368999999999993],[114.26919999999996,22.367399999999993]]]}},{"type":"Feature","properties":{"id":"lu-nt-sai-kung-39-13","class":"built_up","vegetationFraction":0.126,"pavedFraction":0.792,"waterFraction":0.024,"simulated":true},"geometry":{"type":"Polygon","coordinates":[[[114.27079999999995,22.367399999999993],[114.27239999999995,22.367399999999993],[114.27239999999995,22.368999999999993],[114.27079999999995,22.368999999999993],[114.27079999999995,22.367399999999993]]]}},{"type":"Feature","properties":{"id":"lu-nt-sai-kung-39-14","class":"built_up","vegetationFraction":0.071,"pavedFraction":0.758,"waterFraction":0.012,"simulated":true},"geometry":{"type":"Polygon","coordinates":[[[114.27239999999995,22.367399999999993],[114.27399999999994,22.367399999999993],[114.27399999999994,22.368999999999993],[114.27239999999995,22.368999999999993],[114.27239999999995,22.367399999999993]]]}},{"type":"Feature","properties":{"id":"lu-nt-sai-kung-39-15","class":"built_up","vegetationFraction":0.096,"pavedFraction":0.68,"waterFraction":0.014,"simulated":true},"geometry":{"type":"Polygon","coordinates":[[[114.27399999999994,22.367399999999993],[114.27559999999994,22.367399999999993],[114.27559999999994,22.368999999999993],[114.27399999999994,22.368999999999993],[114.27399999999994,22.367399999999993]]]}},{"type":"Feature","properties":{"id":"lu-nt-sai-kung-39-16","class":"built_up","vegetationFraction":0.131,"pavedFraction":0.695,"waterFraction":0.056,"simulated":true},"geometry":{"type":"Polygon","coordinates":[[[114.27559999999994,22.367399999999993],[114.27719999999994,22.367399999999993],[114.27719999999994,22.368999999999993],[114.27559999999994,22.368999999999993],[114.27559999999994,22.367399999999993]]]}},{"type":"Feature","properties":{"id":"lu-nt-sai-kung-39-17","class":"built_up","vegetationFraction":0.096,"pavedFraction":0.836,"waterFraction":0.026,"simulated":true},"geometry":{"type":"Polygon","coordinates":[[[114.27719999999994,22.367399999999993],[114.27879999999993,22.367399999999993],[114.27879999999993,22.368999999999993],[114.27719999999994,22.368999999999993],[114.27719999999994,22.367399999999993]]]}},{"type":"Feature","properties":{"id":"lu-nt-sai-kung-39-18","class":"built_up","vegetationFraction":0.111,"pavedFraction":0.633,"waterFraction":0.041,"simulated":true},"geometry":{"type":"Polygon","coordinates":[[[114.27879999999993,22.367399999999993],[114.28039999999993,22.367399999999993],[114.28039999999993,22.368999999999993],[114.27879999999993,22.368999999999993],[114.27879999999993,22.367399999999993]]]}},{"type":"Feature","properties":{"id":"lu-nt-sai-kung-39-19","class":"built_up","vegetationFraction":0.069,"pavedFraction":0.886,"waterFraction":0.047,"simulated":true},"geometry":{"type":"Polygon","coordinates":[[[114.28039999999993,22.367399999999993],[114.28199999999993,22.367399999999993],[114.28199999999993,22.368999999999993],[114.28039999999993,22.368999999999993],[114.28039999999993,22.367399999999993]]]}},{"type":"Feature","properties":{"id":"lu-nt-sai-kung-39-20","class":"built_up","vegetationFraction":0.107,"pavedFraction":0.866,"waterFraction":0.045,"simulated":true},"geometry":{"type":"Polygon","coordinates":[[[114.28199999999993,22.367399999999993],[114.28359999999992,22.367399999999993],[114.28359999999992,22.368999999999993],[114.28199999999993,22.368999999999993],[114.28199999999993,22.367399999999993]]]}},{"type":"Feature","properties":{"id":"lu-nt-sai-kung-39-21","class":"built_up","vegetationFraction":0.112,"pavedFraction":0.644,"waterFraction":0.006,"simulated":true},"geometry":{"type":"Polygon","coordinates":[[[114.28359999999992,22.367399999999993],[114.28519999999992,22.367399999999993],[114.28519999999992,22.368999999999993],[114.28359999999992,22.368999999999993],[114.28359999999992,22.367399999999993]]]}},{"type":"Feature","properties":{"id":"lu-nt-sai-kung-39-22","class":"built_up","vegetationFraction":0.114,"pavedFraction":0.835,"waterFraction":0.039,"simulated":true},"geometry":{"type":"Polygon","coordinates":[[[114.28519999999992,22.367399999999993],[114.28679999999991,22.367399999999993],[114.28679999999991,22.368999999999993],[114.28519999999992,22.368999999999993],[114.28519999999992,22.367399999999993]]]}},{"type":"Feature","properties":{"id":"lu-nt-sai-kung-39-23","class":"built_up","vegetationFraction":0.126,"pavedFraction":0.627,"waterFraction":0.041,"simulated":true},"geometry":{"type":"Polygon","coordinates":[[[114.28679999999991,22.367399999999993],[114.28839999999991,22.367399999999993],[114.28839999999991,22.368999999999993],[114.28679999999991,22.368999999999993],[114.28679999999991,22.367399999999993]]]}},{"type":"Feature","properties":{"id":"lu-nt-sai-kung-39-24","class":"built_up","vegetationFraction":0.135,"pavedFraction":0.618,"waterFraction":0.023,"simulated":true},"geometry":{"type":"Polygon","coordinates":[[[114.28839999999991,22.367399999999993],[114.2899999999999,22.367399999999993],[114.2899999999999,22.368999999999993],[114.28839999999991,22.368999999999993],[114.28839999999991,22.367399999999993]]]}},{"type":"Feature","properties":{"id":"lu-nt-sai-kung-39-25","class":"built_up","vegetationFraction":0.077,"pavedFraction":0.749,"waterFraction":0.006,"simulated":true},"geometry":{"type":"Polygon","coordinates":[[[114.2899999999999,22.367399999999993],[114.2915999999999,22.367399999999993],[114.2915999999999,22.368999999999993],[114.2899999999999,22.368999999999993],[114.2899999999999,22.367399999999993]]]}},{"type":"Feature","properties":{"id":"lu-nt-sai-kung-39-26","class":"built_up","vegetationFraction":0.131,"pavedFraction":0.672,"waterFraction":0.021,"simulated":true},"geometry":{"type":"Polygon","coordinates":[[[114.2915999999999,22.367399999999993],[114.2931999999999,22.367399999999993],[114.2931999999999,22.368999999999993],[114.2915999999999,22.368999999999993],[114.2915999999999,22.367399999999993]]]}},{"type":"Feature","properties":{"id":"lu-nt-sai-kung-39-27","class":"built_up","vegetationFraction":0.063,"pavedFraction":0.889,"waterFraction":0.056,"simulated":true},"geometry":{"type":"Polygon","coordinates":[[[114.2931999999999,22.367399999999993],[114.2947999999999,22.367399999999993],[114.2947999999999,22.368999999999993],[114.2931999999999,22.368999999999993],[114.2931999999999,22.367399999999993]]]}},{"type":"Feature","properties":{"id":"lu-nt-sai-kung-39-28","class":"built_up","vegetationFraction":0.124,"pavedFraction":0.648,"waterFraction":0.02,"simulated":true},"geometry":{"type":"Polygon","coordinates":[[[114.2947999999999,22.367399999999993],[114.29639999999989,22.367399999999993],[114.29639999999989,22.368999999999993],[114.2947999999999,22.368999999999993],[114.2947999999999,22.367399999999993]]]}},{"type":"Feature","properties":{"id":"lu-nt-sai-kung-39-29","class":"built_up","vegetationFraction":0.081,"pavedFraction":0.659,"waterFraction":0.02,"simulated":true},"geometry":{"type":"Polygon","coordinates":[[[114.29639999999989,22.367399999999993],[114.29799999999989,22.367399999999993],[114.29799999999989,22.368999999999993],[114.29639999999989,22.368999999999993],[114.29639999999989,22.367399999999993]]]}},{"type":"Feature","properties":{"id":"lu-nt-sai-kung-39-30","class":"built_up","vegetationFraction":0.088,"pavedFraction":0.782,"waterFraction":0.008,"simulated":true},"geometry":{"type":"Polygon","coordinates":[[[114.29799999999989,22.367399999999993],[114.29959999999988,22.367399999999993],[114.29959999999988,22.368999999999993],[114.29799999999989,22.368999999999993],[114.29799999999989,22.367399999999993]]]}},{"type":"Feature","properties":{"id":"lu-nt-sai-kung-40-00","class":"built_up","vegetationFraction":0.1,"pavedFraction":0.669,"waterFraction":0.02,"simulated":true},"geometry":{"type":"Polygon","coordinates":[[[114.25,22.368999999999993],[114.2516,22.368999999999993],[114.2516,22.370599999999992],[114.25,22.370599999999992],[114.25,22.368999999999993]]]}},{"type":"Feature","properties":{"id":"lu-nt-sai-kung-40-01","class":"built_up","vegetationFraction":0.109,"pavedFraction":0.619,"waterFraction":0.059,"simulated":true},"geometry":{"type":"Polygon","coordinates":[[[114.2516,22.368999999999993],[114.25319999999999,22.368999999999993],[114.25319999999999,22.370599999999992],[114.2516,22.370599999999992],[114.2516,22.368999999999993]]]}},{"type":"Feature","properties":{"id":"lu-nt-sai-kung-40-02","class":"built_up","vegetationFraction":0.135,"pavedFraction":0.693,"waterFraction":0.056,"simulated":true},"geometry":{"type":"Polygon","coordinates":[[[114.25319999999999,22.368999999999993],[114.25479999999999,22.368999999999993],[114.25479999999999,22.370599999999992],[114.25319999999999,22.370599999999992],[114.25319999999999,22.368999999999993]]]}},{"type":"Feature","properties":{"id":"lu-nt-sai-kung-40-03","class":"built_up","vegetationFraction":0.06,"pavedFraction":0.825,"waterFraction":0.026,"simulated":true},"geometry":{"type":"Polygon","coordinates":[[[114.25479999999999,22.368999999999993],[114.25639999999999,22.368999999999993],[114.25639999999999,22.370599999999992],[114.25479999999999,22.370599999999992],[114.25479999999999,22.368999999999993]]]}},{"type":"Feature","properties":{"id":"lu-nt-sai-kung-40-04","class":"built_up","vegetationFraction":0.065,"pavedFraction":0.84,"waterFraction":0.003,"simulated":true},"geometry":{"type":"Polygon","coordinates":[[[114.25639999999999,22.368999999999993],[114.25799999999998,22.368999999999993],[114.25799999999998,22.370599999999992],[114.25639999999999,22.370599999999992],[114.25639999999999,22.368999999999993]]]}},{"type":"Feature","properties":{"id":"lu-nt-sai-kung-40-05","class":"built_up","vegetationFraction":0.085,"pavedFraction":0.684,"waterFraction":0.024,"simulated":true},"geometry":{"type":"Polygon","coordinates":[[[114.25799999999998,22.368999999999993],[114.25959999999998,22.368999999999993],[114.25959999999998,22.370599999999992],[114.25799999999998,22.370599999999992],[114.25799999999998,22.368999999999993]]]}},{"type":"Feature","properties":{"id":"lu-nt-sai-kung-40-06","class":"built_up","vegetationFraction":0.093,"pavedFraction":0.669,"waterFraction":0.024,"simulated":true},"geometry":{"type":"Polygon","coordinates":[[[114.25959999999998,22.368999999999993],[114.26119999999997,22.368999999999993],[114.26119999999997,22.370599999999992],[114.25959999999998,22.370599999999992],[114.25959999999998,22.368999999999993]]]}},{"type":"Feature","properties":{"id":"lu-nt-sai-kung-40-07","class":"built_up","vegetationFraction":0.084,"pavedFraction":0.691,"waterFraction":0.016,"simulated":true},"geometry":{"type":"Polygon","coordinates":[[[114.26119999999997,22.368999999999993],[114.26279999999997,22.368999999999993],[114.26279999999997,22.370599999999992],[114.26119999999997,22.370599999999992],[114.26119999999997,22.368999999999993]]]}},{"type":"Feature","properties":{"id":"lu-nt-sai-kung-40-08","class":"built_up","vegetationFraction":0.091,"pavedFraction":0.786,"waterFraction":0.055,"simulated":true},"geometry":{"type":"Polygon","coordinates":[[[114.26279999999997,22.368999999999993],[114.26439999999997,22.368999999999993],[114.26439999999997,22.370599999999992],[114.26279999999997,22.370599999999992],[114.26279999999997,22.368999999999993]]]}},{"type":"Feature","properties":{"id":"lu-nt-sai-kung-40-09","class":"built_up","vegetationFraction":0.1,"pavedFraction":0.68,"waterFraction":0.015,"simulated":true},"geometry":{"type":"Polygon","coordinates":[[[114.26439999999997,22.368999999999993],[114.26599999999996,22.368999999999993],[114.26599999999996,22.370599999999992],[114.26439999999997,22.370599999999992],[114.26439999999997,22.368999999999993]]]}},{"type":"Feature","properties":{"id":"lu-nt-sai-kung-40-10","class":"built_up","vegetationFraction":0.061,"pavedFraction":0.634,"waterFraction":0.051,"simulated":true},"geometry":{"type":"Polygon","coordinates":[[[114.26599999999996,22.368999999999993],[114.26759999999996,22.368999999999993],[114.26759999999996,22.370599999999992],[114.26599999999996,22.370599999999992],[114.26599999999996,22.368999999999993]]]}},{"type":"Feature","properties":{"id":"lu-nt-sai-kung-40-11","class":"built_up","vegetationFraction":0.089,"pavedFraction":0.88,"waterFraction":0.016,"simulated":true},"geometry":{"type":"Polygon","coordinates":[[[114.26759999999996,22.368999999999993],[114.26919999999996,22.368999999999993],[114.26919999999996,22.370599999999992],[114.26759999999996,22.370599999999992],[114.26759999999996,22.368999999999993]]]}},{"type":"Feature","properties":{"id":"lu-nt-sai-kung-40-12","class":"built_up","vegetationFraction":0.101,"pavedFraction":0.706,"waterFraction":0.022,"simulated":true},"geometry":{"type":"Polygon","coordinates":[[[114.26919999999996,22.368999999999993],[114.27079999999995,22.368999999999993],[114.27079999999995,22.370599999999992],[114.26919999999996,22.370599999999992],[114.26919999999996,22.368999999999993]]]}},{"type":"Feature","properties":{"id":"lu-nt-sai-kung-40-13","class":"built_up","vegetationFraction":0.102,"pavedFraction":0.806,"waterFraction":0.045,"simulated":true},"geometry":{"type":"Polygon","coordinates":[[[114.27079999999995,22.368999999999993],[114.27239999999995,22.368999999999993],[114.27239999999995,22.370599999999992],[114.27079999999995,22.370599999999992],[114.27079999999995,22.368999999999993]]]}},{"type":"Feature","properties":{"id":"lu-nt-sai-kung-40-14","class":"built_up","vegetationFraction":0.105,"pavedFraction":0.765,"waterFraction":0.016,"simulated":true},"geometry":{"type":"Polygon","coordinates":[[[114.27239999999995,22.368999999999993],[114.27399999999994,22.368999999999993],[114.27399999999994,22.370599999999992],[114.27239999999995,22.370599999999992],[114.27239999999995,22.368999999999993]]]}},{"type":"Feature","properties":{"id":"lu-nt-sai-kung-40-15","class":"built_up","vegetationFraction":0.079,"pavedFraction":0.601,"waterFraction":0.05,"simulated":true},"geometry":{"type":"Polygon","coordinates":[[[114.27399999999994,22.368999999999993],[114.27559999999994,22.368999999999993],[114.27559999999994,22.370599999999992],[114.27399999999994,22.370599999999992],[114.27399999999994,22.368999999999993]]]}},{"type":"Feature","properties":{"id":"lu-nt-sai-kung-40-16","class":"built_up","vegetationFraction":0.078,"pavedFraction":0.644,"waterFraction":0.024,"simulated":true},"geometry":{"type":"Polygon","coordinates":[[[114.27559999999994,22.368999999999993],[114.27719999999994,22.368999999999993],[114.27719999999994,22.370599999999992],[114.27559999999994,22.370599999999992],[114.27559999999994,22.368999999999993]]]}},{"type":"Feature","properties":{"id":"lu-nt-sai-kung-40-17","class":"built_up","vegetationFraction":0.1,"pavedFraction":0.829,"waterFraction":0.027,"simulated":true},"geometry":{"type":"Polygon","coordinates":[[[114.27719999999994,22.368999999999993],[114.27879999999993,22.368999999999993],[114.27879999999993,22.370599999999992],[114.27719999999994,22.370599999999992],[114.27719999999994,22.368999999999993]]]}},{"type":"Feature","properties":{"id":"lu-nt-sai-kung-40-18","class":"built_up","vegetationFraction":0.087,"pavedFraction":0.865,"waterFraction":0.056,"simulated":true},"geometry":{"type":"Polygon","coordinates":[[[114.27879999999993,22.368999999999993],[114.28039999999993,22.368999999999993],[114.28039999999993,22.370599999999992],[114.27879999999993,22.370599999999992],[114.27879999999993,22.368999999999993]]]}},{"type":"Feature","properties":{"id":"lu-nt-sai-kung-40-19","class":"built_up","vegetationFraction":0.104,"pavedFraction":0.786,"waterFraction":0.031,"simulated":true},"geometry":{"type":"Polygon","coordinates":[[[114.28039999999993,22.368999999999993],[114.28199999999993,22.368999999999993],[114.28199999999993,22.370599999999992],[114.28039999999993,22.370599999999992],[114.28039999999993,22.368999999999993]]]}},{"type":"Feature","properties":{"id":"lu-nt-sai-kung-40-20","class":"built_up","vegetationFraction":0.071,"pavedFraction":0.662,"waterFraction":0.06,"simulated":true},"geometry":{"type":"Polygon","coordinates":[[[114.28199999999993,22.368999999999993],[114.28359999999992,22.368999999999993],[114.28359999999992,22.370599999999992],[114.28199999999993,22.370599999999992],[114.28199999999993,22.368999999999993]]]}},{"type":"Feature","properties":{"id":"lu-nt-sai-kung-40-21","class":"built_up","vegetationFraction":0.112,"pavedFraction":0.822,"waterFraction":0.015,"simulated":true},"geometry":{"type":"Polygon","coordinates":[[[114.28359999999992,22.368999999999993],[114.28519999999992,22.368999999999993],[114.28519999999992,22.370599999999992],[114.28359999999992,22.370599999999992],[114.28359999999992,22.368999999999993]]]}},{"type":"Feature","properties":{"id":"lu-nt-sai-kung-40-22","class":"built_up","vegetationFraction":0.071,"pavedFraction":0.867,"waterFraction":0.046,"simulated":true},"geometry":{"type":"Polygon","coordinates":[[[114.28519999999992,22.368999999999993],[114.28679999999991,22.368999999999993],[114.28679999999991,22.370599999999992],[114.28519999999992,22.370599999999992],[114.28519999999992,22.368999999999993]]]}},{"type":"Feature","properties":{"id":"lu-nt-sai-kung-40-23","class":"built_up","vegetationFraction":0.104,"pavedFraction":0.776,"waterFraction":0.007,"simulated":true},"geometry":{"type":"Polygon","coordinates":[[[114.28679999999991,22.368999999999993],[114.28839999999991,22.368999999999993],[114.28839999999991,22.370599999999992],[114.28679999999991,22.370599999999992],[114.28679999999991,22.368999999999993]]]}},{"type":"Feature","properties":{"id":"lu-nt-sai-kung-40-24","class":"built_up","vegetationFraction":0.094,"pavedFraction":0.886,"waterFraction":0.002,"simulated":true},"geometry":{"type":"Polygon","coordinates":[[[114.28839999999991,22.368999999999993],[114.2899999999999,22.368999999999993],[114.2899999999999,22.370599999999992],[114.28839999999991,22.370599999999992],[114.28839999999991,22.368999999999993]]]}},{"type":"Feature","properties":{"id":"lu-nt-sai-kung-40-25","class":"built_up","vegetationFraction":0.106,"pavedFraction":0.662,"waterFraction":0.029,"simulated":true},"geometry":{"type":"Polygon","coordinates":[[[114.2899999999999,22.368999999999993],[114.2915999999999,22.368999999999993],[114.2915999999999,22.370599999999992],[114.2899999999999,22.370599999999992],[114.2899999999999,22.368999999999993]]]}},{"type":"Feature","properties":{"id":"lu-nt-sai-kung-40-26","class":"built_up","vegetationFraction":0.081,"pavedFraction":0.6,"waterFraction":0.046,"simulated":true},"geometry":{"type":"Polygon","coordinates":[[[114.2915999999999,22.368999999999993],[114.2931999999999,22.368999999999993],[114.2931999999999,22.370599999999992],[114.2915999999999,22.370599999999992],[114.2915999999999,22.368999999999993]]]}},{"type":"Feature","properties":{"id":"lu-nt-sai-kung-40-27","class":"built_up","vegetationFraction":0.083,"pavedFraction":0.846,"waterFraction":0.008,"simulated":true},"geometry":{"type":"Polygon","coordinates":[[[114.2931999999999,22.368999999999993],[114.2947999999999,22.368999999999993],[114.2947999999999,22.370599999999992],[114.2931999999999,22.370599999999992],[114.2931999999999,22.368999999999993]]]}},{"type":"Feature","properties":{"id":"lu-nt-sai-kung-40-28","class":"built_up","vegetationFraction":0.129,"pavedFraction":0.654,"waterFraction":0.048,"simulated":true},"geometry":{"type":"Polygon","coordinates":[[[114.2947999999999,22.368999999999993],[114.29639999999989,22.368999999999993],[114.29639999999989,22.370599999999992],[114.2947999999999,22.370599999999992],[114.2947999999999,22.368999999999993]]]}},{"type":"Feature","properties":{"id":"lu-nt-sai-kung-40-29","class":"built_up","vegetationFraction":0.095,"pavedFraction":0.886,"waterFraction":0.038,"simulated":true},"geometry":{"type":"Polygon","coordinates":[[[114.29639999999989,22.368999999999993],[114.29799999999989,22.368999999999993],[114.29799999999989,22.370599999999992],[114.29639999999989,22.370599999999992],[114.29639999999989,22.368999999999993]]]}},{"type":"Feature","properties":{"id":"lu-nt-sai-kung-40-30","class":"built_up","vegetationFraction":0.103,"pavedFraction":0.809,"waterFraction":0.015,"simulated":true},"geometry":{"type":"Polygon","coordinates":[[[114.29799999999989,22.368999999999993],[114.29959999999988,22.368999999999993],[114.29959999999988,22.370599999999992],[114.29799999999989,22.370599999999992],[114.29799999999989,22.368999999999993]]]}},{"type":"Feature","properties":{"id":"lu-nt-sai-kung-41-00","class":"built_up","vegetationFraction":0.069,"pavedFraction":0.713,"waterFraction":0.012,"simulated":true},"geometry":{"type":"Polygon","coordinates":[[[114.25,22.370599999999992],[114.2516,22.370599999999992],[114.2516,22.372199999999992],[114.25,22.372199999999992],[114.25,22.370599999999992]]]}},{"type":"Feature","properties":{"id":"lu-nt-sai-kung-41-01","class":"built_up","vegetationFraction":0.129,"pavedFraction":0.747,"waterFraction":0.02,"simulated":true},"geometry":{"type":"Polygon","coordinates":[[[114.2516,22.370599999999992],[114.25319999999999,22.370599999999992],[114.25319999999999,22.372199999999992],[114.2516,22.372199999999992],[114.2516,22.370599999999992]]]}},{"type":"Feature","properties":{"id":"lu-nt-sai-kung-41-02","class":"built_up","vegetationFraction":0.084,"pavedFraction":0.816,"waterFraction":0.047,"simulated":true},"geometry":{"type":"Polygon","coordinates":[[[114.25319999999999,22.370599999999992],[114.25479999999999,22.370599999999992],[114.25479999999999,22.372199999999992],[114.25319999999999,22.372199999999992],[114.25319999999999,22.370599999999992]]]}},{"type":"Feature","properties":{"id":"lu-nt-sai-kung-41-03","class":"built_up","vegetationFraction":0.1,"pavedFraction":0.684,"waterFraction":0.016,"simulated":true},"geometry":{"type":"Polygon","coordinates":[[[114.25479999999999,22.370599999999992],[114.25639999999999,22.370599999999992],[114.25639999999999,22.372199999999992],[114.25479999999999,22.372199999999992],[114.25479999999999,22.370599999999992]]]}},{"type":"Feature","properties":{"id":"lu-nt-sai-kung-41-04","class":"built_up","vegetationFraction":0.085,"pavedFraction":0.607,"waterFraction":0.029,"simulated":true},"geometry":{"type":"Polygon","coordinates":[[[114.25639999999999,22.370599999999992],[114.25799999999998,22.370599999999992],[114.25799999999998,22.372199999999992],[114.25639999999999,22.372199999999992],[114.25639999999999,22.370599999999992]]]}},{"type":"Feature","properties":{"id":"lu-nt-sai-kung-41-05","class":"built_up","vegetationFraction":0.128,"pavedFraction":0.826,"waterFraction":0.016,"simulated":true},"geometry":{"type":"Polygon","coordinates":[[[114.25799999999998,22.370599999999992],[114.25959999999998,22.370599999999992],[114.25959999999998,22.372199999999992],[114.25799999999998,22.372199999999992],[114.25799999999998,22.370599999999992]]]}},{"type":"Feature","properties":{"id":"lu-nt-sai-kung-41-06","class":"built_up","vegetationFraction":0.11,"pavedFraction":0.622,"waterFraction":0.004,"simulated":true},"geometry":{"type":"Polygon","coordinates":[[[114.25959999999998,22.370599999999992],[114.26119999999997,22.370599999999992],[114.26119999999997,22.372199999999992],[114.25959999999998,22.372199999999992],[114.25959999999998,22.370599999999992]]]}},{"type":"Feature","properties":{"id":"lu-nt-sai-kung-41-07","class":"built_up","vegetationFraction":0.089,"pavedFraction":0.832,"waterFraction":0.03,"simulated":true},"geometry":{"type":"Polygon","coordinates":[[[114.26119999999997,22.370599999999992],[114.26279999999997,22.370599999999992],[114.26279999999997,22.372199999999992],[114.26119999999997,22.372199999999992],[114.26119999999997,22.370599999999992]]]}},{"type":"Feature","properties":{"id":"lu-nt-sai-kung-41-08","class":"built_up","vegetationFraction":0.131,"pavedFraction":0.695,"waterFraction":0.046,"simulated":true},"geometry":{"type":"Polygon","coordinates":[[[114.26279999999997,22.370599999999992],[114.26439999999997,22.370599999999992],[114.26439999999997,22.372199999999992],[114.26279999999997,22.372199999999992],[114.26279999999997,22.370599999999992]]]}},{"type":"Feature","properties":{"id":"lu-nt-sai-kung-41-09","class":"built_up","vegetationFraction":0.099,"pavedFraction":0.854,"waterFraction":0.055,"simulated":true},"geometry":{"type":"Polygon","coordinates":[[[114.26439999999997,22.370599999999992],[114.26599999999996,22.370599999999992],[114.26599999999996,22.372199999999992],[114.26439999999997,22.372199999999992],[114.26439999999997,22.370599999999992]]]}},{"type":"Feature","properties":{"id":"lu-nt-sai-kung-41-10","class":"built_up","vegetationFraction":0.133,"pavedFraction":0.885,"waterFraction":0.039,"simulated":true},"geometry":{"type":"Polygon","coordinates":[[[114.26599999999996,22.370599999999992],[114.26759999999996,22.370599999999992],[114.26759999999996,22.372199999999992],[114.26599999999996,22.372199999999992],[114.26599999999996,22.370599999999992]]]}},{"type":"Feature","properties":{"id":"lu-nt-sai-kung-41-11","class":"built_up","vegetationFraction":0.128,"pavedFraction":0.727,"waterFraction":0.027,"simulated":true},"geometry":{"type":"Polygon","coordinates":[[[114.26759999999996,22.370599999999992],[114.26919999999996,22.370599999999992],[114.26919999999996,22.372199999999992],[114.26759999999996,22.372199999999992],[114.26759999999996,22.370599999999992]]]}},{"type":"Feature","properties":{"id":"lu-nt-sai-kung-41-12","class":"built_up","vegetationFraction":0.06,"pavedFraction":0.808,"waterFraction":0.017,"simulated":true},"geometry":{"type":"Polygon","coordinates":[[[114.26919999999996,22.370599999999992],[114.27079999999995,22.370599999999992],[114.27079999999995,22.372199999999992],[114.26919999999996,22.372199999999992],[114.26919999999996,22.370599999999992]]]}},{"type":"Feature","properties":{"id":"lu-nt-sai-kung-41-13","class":"built_up","vegetationFraction":0.076,"pavedFraction":0.865,"waterFraction":0.044,"simulated":true},"geometry":{"type":"Polygon","coordinates":[[[114.27079999999995,22.370599999999992],[114.27239999999995,22.370599999999992],[114.27239999999995,22.372199999999992],[114.27079999999995,22.372199999999992],[114.27079999999995,22.370599999999992]]]}},{"type":"Feature","properties":{"id":"lu-nt-sai-kung-41-14","class":"built_up","vegetationFraction":0.099,"pavedFraction":0.634,"waterFraction":0.055,"simulated":true},"geometry":{"type":"Polygon","coordinates":[[[114.27239999999995,22.370599999999992],[114.27399999999994,22.370599999999992],[114.27399999999994,22.372199999999992],[114.27239999999995,22.372199999999992],[114.27239999999995,22.370599999999992]]]}},{"type":"Feature","properties":{"id":"lu-nt-sai-kung-41-15","class":"built_up","vegetationFraction":0.116,"pavedFraction":0.874,"waterFraction":0.037,"simulated":true},"geometry":{"type":"Polygon","coordinates":[[[114.27399999999994,22.370599999999992],[114.27559999999994,22.370599999999992],[114.27559999999994,22.372199999999992],[114.27399999999994,22.372199999999992],[114.27399999999994,22.370599999999992]]]}},{"type":"Feature","properties":{"id":"lu-nt-sai-kung-41-16","class":"built_up","vegetationFraction":0.066,"pavedFraction":0.644,"waterFraction":0.033,"simulated":true},"geometry":{"type":"Polygon","coordinates":[[[114.27559999999994,22.370599999999992],[114.27719999999994,22.370599999999992],[114.27719999999994,22.372199999999992],[114.27559999999994,22.372199999999992],[114.27559999999994,22.370599999999992]]]}},{"type":"Feature","properties":{"id":"lu-nt-sai-kung-41-17","class":"built_up","vegetationFraction":0.088,"pavedFraction":0.679,"waterFraction":0.005,"simulated":true},"geometry":{"type":"Polygon","coordinates":[[[114.27719999999994,22.370599999999992],[114.27879999999993,22.370599999999992],[114.27879999999993,22.372199999999992],[114.27719999999994,22.372199999999992],[114.27719999999994,22.370599999999992]]]}},{"type":"Feature","properties":{"id":"lu-nt-sai-kung-41-18","class":"built_up","vegetationFraction":0.115,"pavedFraction":0.707,"waterFraction":0.029,"simulated":true},"geometry":{"type":"Polygon","coordinates":[[[114.27879999999993,22.370599999999992],[114.28039999999993,22.370599999999992],[114.28039999999993,22.372199999999992],[114.27879999999993,22.372199999999992],[114.27879999999993,22.370599999999992]]]}},{"type":"Feature","properties":{"id":"lu-nt-sai-kung-41-19","class":"built_up","vegetationFraction":0.104,"pavedFraction":0.822,"waterFraction":0.045,"simulated":true},"geometry":{"type":"Polygon","coordinates":[[[114.28039999999993,22.370599999999992],[114.28199999999993,22.370599999999992],[114.28199999999993,22.372199999999992],[114.28039999999993,22.372199999999992],[114.28039999999993,22.370599999999992]]]}},{"type":"Feature","properties":{"id":"lu-nt-sai-kung-41-20","class":"built_up","vegetationFraction":0.09,"pavedFraction":0.794,"waterFraction":0.031,"simulated":true},"geometry":{"type":"Polygon","coordinates":[[[114.28199999999993,22.370599999999992],[114.28359999999992,22.370599999999992],[114.28359999999992,22.372199999999992],[114.28199999999993,22.372199999999992],[114.28199999999993,22.370599999999992]]]}},{"type":"Feature","properties":{"id":"lu-nt-sai-kung-41-21","class":"built_up","vegetationFraction":0.096,"pavedFraction":0.882,"waterFraction":0.018,"simulated":true},"geometry":{"type":"Polygon","coordinates":[[[114.28359999999992,22.370599999999992],[114.28519999999992,22.370599999999992],[114.28519999999992,22.372199999999992],[114.28359999999992,22.372199999999992],[114.28359999999992,22.370599999999992]]]}},{"type":"Feature","properties":{"id":"lu-nt-sai-kung-41-22","class":"built_up","vegetationFraction":0.132,"pavedFraction":0.678,"waterFraction":0.002,"simulated":true},"geometry":{"type":"Polygon","coordinates":[[[114.28519999999992,22.370599999999992],[114.28679999999991,22.370599999999992],[114.28679999999991,22.372199999999992],[114.28519999999992,22.372199999999992],[114.28519999999992,22.370599999999992]]]}},{"type":"Feature","properties":{"id":"lu-nt-sai-kung-41-23","class":"built_up","vegetationFraction":0.072,"pavedFraction":0.739,"waterFraction":0.028,"simulated":true},"geometry":{"type":"Polygon","coordinates":[[[114.28679999999991,22.370599999999992],[114.28839999999991,22.370599999999992],[114.28839999999991,22.372199999999992],[114.28679999999991,22.372199999999992],[114.28679999999991,22.370599999999992]]]}},{"type":"Feature","properties":{"id":"lu-nt-sai-kung-41-24","class":"built_up","vegetationFraction":0.075,"pavedFraction":0.841,"waterFraction":0.036,"simulated":true},"geometry":{"type":"Polygon","coordinates":[[[114.28839999999991,22.370599999999992],[114.2899999999999,22.370599999999992],[114.2899999999999,22.372199999999992],[114.28839999999991,22.372199999999992],[114.28839999999991,22.370599999999992]]]}},{"type":"Feature","properties":{"id":"lu-nt-sai-kung-41-25","class":"built_up","vegetationFraction":0.086,"pavedFraction":0.782,"waterFraction":0.045,"simulated":true},"geometry":{"type":"Polygon","coordinates":[[[114.2899999999999,22.370599999999992],[114.2915999999999,22.370599999999992],[114.2915999999999,22.372199999999992],[114.2899999999999,22.372199999999992],[114.2899999999999,22.370599999999992]]]}},{"type":"Feature","properties":{"id":"lu-nt-sai-kung-41-26","class":"built_up","vegetationFraction":0.129,"pavedFraction":0.78,"waterFraction":0.028,"simulated":true},"geometry":{"type":"Polygon","coordinates":[[[114.2915999999999,22.370599999999992],[114.2931999999999,22.370599999999992],[114.2931999999999,22.372199999999992],[114.2915999999999,22.372199999999992],[114.2915999999999,22.370599999999992]]]}},{"type":"Feature","properties":{"id":"lu-nt-sai-kung-41-27","class":"built_up","vegetationFraction":0.112,"pavedFraction":0.729,"waterFraction":0.038,"simulated":true},"geometry":{"type":"Polygon","coordinates":[[[114.2931999999999,22.370599999999992],[114.2947999999999,22.370599999999992],[114.2947999999999,22.372199999999992],[114.2931999999999,22.372199999999992],[114.2931999999999,22.370599999999992]]]}},{"type":"Feature","properties":{"id":"lu-nt-sai-kung-41-28","class":"built_up","vegetationFraction":0.072,"pavedFraction":0.811,"waterFraction":0.027,"simulated":true},"geometry":{"type":"Polygon","coordinates":[[[114.2947999999999,22.370599999999992],[114.29639999999989,22.370599999999992],[114.29639999999989,22.372199999999992],[114.2947999999999,22.372199999999992],[114.2947999999999,22.370599999999992]]]}},{"type":"Feature","properties":{"id":"lu-nt-sai-kung-41-29","class":"built_up","vegetationFraction":0.116,"pavedFraction":0.851,"waterFraction":0.054,"simulated":true},"geometry":{"type":"Polygon","coordinates":[[[114.29639999999989,22.370599999999992],[114.29799999999989,22.370599999999992],[114.29799999999989,22.372199999999992],[114.29639999999989,22.372199999999992],[114.29639999999989,22.370599999999992]]]}},{"type":"Feature","properties":{"id":"lu-nt-sai-kung-41-30","class":"built_up","vegetationFraction":0.112,"pavedFraction":0.828,"waterFraction":0.011,"simulated":true},"geometry":{"type":"Polygon","coordinates":[[[114.29799999999989,22.370599999999992],[114.29959999999988,22.370599999999992],[114.29959999999988,22.372199999999992],[114.29799999999989,22.372199999999992],[114.29799999999989,22.370599999999992]]]}},{"type":"Feature","properties":{"id":"lu-nt-sai-kung-42-00","class":"built_up","vegetationFraction":0.128,"pavedFraction":0.633,"waterFraction":0.035,"simulated":true},"geometry":{"type":"Polygon","coordinates":[[[114.25,22.372199999999992],[114.2516,22.372199999999992],[114.2516,22.373799999999992],[114.25,22.373799999999992],[114.25,22.372199999999992]]]}},{"type":"Feature","properties":{"id":"lu-nt-sai-kung-42-01","class":"built_up","vegetationFraction":0.116,"pavedFraction":0.647,"waterFraction":0.047,"simulated":true},"geometry":{"type":"Polygon","coordinates":[[[114.2516,22.372199999999992],[114.25319999999999,22.372199999999992],[114.25319999999999,22.373799999999992],[114.2516,22.373799999999992],[114.2516,22.372199999999992]]]}},{"type":"Feature","properties":{"id":"lu-nt-sai-kung-42-02","class":"built_up","vegetationFraction":0.082,"pavedFraction":0.662,"waterFraction":0.026,"simulated":true},"geometry":{"type":"Polygon","coordinates":[[[114.25319999999999,22.372199999999992],[114.25479999999999,22.372199999999992],[114.25479999999999,22.373799999999992],[114.25319999999999,22.373799999999992],[114.25319999999999,22.372199999999992]]]}},{"type":"Feature","properties":{"id":"lu-nt-sai-kung-42-03","class":"built_up","vegetationFraction":0.061,"pavedFraction":0.822,"waterFraction":0.042,"simulated":true},"geometry":{"type":"Polygon","coordinates":[[[114.25479999999999,22.372199999999992],[114.25639999999999,22.372199999999992],[114.25639999999999,22.373799999999992],[114.25479999999999,22.373799999999992],[114.25479999999999,22.372199999999992]]]}},{"type":"Feature","properties":{"id":"lu-nt-sai-kung-42-04","class":"built_up","vegetationFraction":0.115,"pavedFraction":0.671,"waterFraction":0.057,"simulated":true},"geometry":{"type":"Polygon","coordinates":[[[114.25639999999999,22.372199999999992],[114.25799999999998,22.372199999999992],[114.25799999999998,22.373799999999992],[114.25639999999999,22.373799999999992],[114.25639999999999,22.372199999999992]]]}},{"type":"Feature","properties":{"id":"lu-nt-sai-kung-42-05","class":"built_up","vegetationFraction":0.134,"pavedFraction":0.789,"waterFraction":0.023,"simulated":true},"geometry":{"type":"Polygon","coordinates":[[[114.25799999999998,22.372199999999992],[114.25959999999998,22.372199999999992],[114.25959999999998,22.373799999999992],[114.25799999999998,22.373799999999992],[114.25799999999998,22.372199999999992]]]}},{"type":"Feature","properties":{"id":"lu-nt-sai-kung-42-06","class":"built_up","vegetationFraction":0.088,"pavedFraction":0.722,"waterFraction":0.004,"simulated":true},"geometry":{"type":"Polygon","coordinates":[[[114.25959999999998,22.372199999999992],[114.26119999999997,22.372199999999992],[114.26119999999997,22.373799999999992],[114.25959999999998,22.373799999999992],[114.25959999999998,22.372199999999992]]]}},{"type":"Feature","properties":{"id":"lu-nt-sai-kung-42-07","class":"built_up","vegetationFraction":0.069,"pavedFraction":0.882,"waterFraction":0.034,"simulated":true},"geometry":{"type":"Polygon","coordinates":[[[114.26119999999997,22.372199999999992],[114.26279999999997,22.372199999999992],[114.26279999999997,22.373799999999992],[114.26119999999997,22.373799999999992],[114.26119999999997,22.372199999999992]]]}},{"type":"Feature","properties":{"id":"lu-nt-sai-kung-42-08","class":"built_up","vegetationFraction":0.095,"pavedFraction":0.878,"waterFraction":0.051,"simulated":true},"geometry":{"type":"Polygon","coordinates":[[[114.26279999999997,22.372199999999992],[114.26439999999997,22.372199999999992],[114.26439999999997,22.373799999999992],[114.26279999999997,22.373799999999992],[114.26279999999997,22.372199999999992]]]}},{"type":"Feature","properties":{"id":"lu-nt-sai-kung-42-09","class":"built_up","vegetationFraction":0.126,"pavedFraction":0.781,"waterFraction":0.004,"simulated":true},"geometry":{"type":"Polygon","coordinates":[[[114.26439999999997,22.372199999999992],[114.26599999999996,22.372199999999992],[114.26599999999996,22.373799999999992],[114.26439999999997,22.373799999999992],[114.26439999999997,22.372199999999992]]]}},{"type":"Feature","properties":{"id":"lu-nt-sai-kung-42-10","class":"built_up","vegetationFraction":0.072,"pavedFraction":0.814,"waterFraction":0.028,"simulated":true},"geometry":{"type":"Polygon","coordinates":[[[114.26599999999996,22.372199999999992],[114.26759999999996,22.372199999999992],[114.26759999999996,22.373799999999992],[114.26599999999996,22.373799999999992],[114.26599999999996,22.372199999999992]]]}},{"type":"Feature","properties":{"id":"lu-nt-sai-kung-42-11","class":"built_up","vegetationFraction":0.106,"pavedFraction":0.773,"waterFraction":0.016,"simulated":true},"geometry":{"type":"Polygon","coordinates":[[[114.26759999999996,22.372199999999992],[114.26919999999996,22.372199999999992],[114.26919999999996,22.373799999999992],[114.26759999999996,22.373799999999992],[114.26759999999996,22.372199999999992]]]}},{"type":"Feature","properties":{"id":"lu-nt-sai-kung-42-12","class":"built_up","vegetationFraction":0.121,"pavedFraction":0.691,"waterFraction":0.033,"simulated":true},"geometry":{"type":"Polygon","coordinates":[[[114.26919999999996,22.372199999999992],[114.27079999999995,22.372199999999992],[114.27079999999995,22.373799999999992],[114.26919999999996,22.373799999999992],[114.26919999999996,22.372199999999992]]]}},{"type":"Feature","properties":{"id":"lu-nt-sai-kung-42-13","class":"built_up","vegetationFraction":0.084,"pavedFraction":0.772,"waterFraction":0.014,"simulated":true},"geometry":{"type":"Polygon","coordinates":[[[114.27079999999995,22.372199999999992],[114.27239999999995,22.372199999999992],[114.27239999999995,22.373799999999992],[114.27079999999995,22.373799999999992],[114.27079999999995,22.372199999999992]]]}},{"type":"Feature","properties":{"id":"lu-nt-sai-kung-42-14","class":"built_up","vegetationFraction":0.112,"pavedFraction":0.653,"waterFraction":0.019,"simulated":true},"geometry":{"type":"Polygon","coordinates":[[[114.27239999999995,22.372199999999992],[114.27399999999994,22.372199999999992],[114.27399999999994,22.373799999999992],[114.27239999999995,22.373799999999992],[114.27239999999995,22.372199999999992]]]}},{"type":"Feature","properties":{"id":"lu-nt-sai-kung-42-15","class":"built_up","vegetationFraction":0.071,"pavedFraction":0.672,"waterFraction":0.016,"simulated":true},"geometry":{"type":"Polygon","coordinates":[[[114.27399999999994,22.372199999999992],[114.27559999999994,22.372199999999992],[114.27559999999994,22.373799999999992],[114.27399999999994,22.373799999999992],[114.27399999999994,22.372199999999992]]]}},{"type":"Feature","properties":{"id":"lu-nt-sai-kung-42-16","class":"built_up","vegetationFraction":0.109,"pavedFraction":0.668,"waterFraction":0.009,"simulated":true},"geometry":{"type":"Polygon","coordinates":[[[114.27559999999994,22.372199999999992],[114.27719999999994,22.372199999999992],[114.27719999999994,22.373799999999992],[114.27559999999994,22.373799999999992],[114.27559999999994,22.372199999999992]]]}},{"type":"Feature","properties":{"id":"lu-nt-sai-kung-42-17","class":"built_up","vegetationFraction":0.101,"pavedFraction":0.729,"waterFraction":0.031,"simulated":true},"geometry":{"type":"Polygon","coordinates":[[[114.27719999999994,22.372199999999992],[114.27879999999993,22.372199999999992],[114.27879999999993,22.373799999999992],[114.27719999999994,22.373799999999992],[114.27719999999994,22.372199999999992]]]}},{"type":"Feature","properties":{"id":"lu-nt-sai-kung-42-18","class":"built_up","vegetationFraction":0.08,"pavedFraction":0.639,"waterFraction":0.037,"simulated":true},"geometry":{"type":"Polygon","coordinates":[[[114.27879999999993,22.372199999999992],[114.28039999999993,22.372199999999992],[114.28039999999993,22.373799999999992],[114.27879999999993,22.373799999999992],[114.27879999999993,22.372199999999992]]]}},{"type":"Feature","properties":{"id":"lu-nt-sai-kung-42-19","class":"built_up","vegetationFraction":0.117,"pavedFraction":0.644,"waterFraction":0.058,"simulated":true},"geometry":{"type":"Polygon","coordinates":[[[114.28039999999993,22.372199999999992],[114.28199999999993,22.372199999999992],[114.28199999999993,22.373799999999992],[114.28039999999993,22.373799999999992],[114.28039999999993,22.372199999999992]]]}},{"type":"Feature","properties":{"id":"lu-nt-sai-kung-42-20","class":"built_up","vegetationFraction":0.089,"pavedFraction":0.699,"waterFraction":0.029,"simulated":true},"geometry":{"type":"Polygon","coordinates":[[[114.28199999999993,22.372199999999992],[114.28359999999992,22.372199999999992],[114.28359999999992,22.373799999999992],[114.28199999999993,22.373799999999992],[114.28199999999993,22.372199999999992]]]}},{"type":"Feature","properties":{"id":"lu-nt-sai-kung-42-21","class":"built_up","vegetationFraction":0.09,"pavedFraction":0.672,"waterFraction":0.021,"simulated":true},"geometry":{"type":"Polygon","coordinates":[[[114.28359999999992,22.372199999999992],[114.28519999999992,22.372199999999992],[114.28519999999992,22.373799999999992],[114.28359999999992,22.373799999999992],[114.28359999999992,22.372199999999992]]]}},{"type":"Feature","properties":{"id":"lu-nt-sai-kung-42-22","class":"built_up","vegetationFraction":0.125,"pavedFraction":0.766,"waterFraction":0.048,"simulated":true},"geometry":{"type":"Polygon","coordinates":[[[114.28519999999992,22.372199999999992],[114.28679999999991,22.372199999999992],[114.28679999999991,22.373799999999992],[114.28519999999992,22.373799999999992],[114.28519999999992,22.372199999999992]]]}},{"type":"Feature","properties":{"id":"lu-nt-sai-kung-42-23","class":"built_up","vegetationFraction":0.094,"pavedFraction":0.821,"waterFraction":0.059,"simulated":true},"geometry":{"type":"Polygon","coordinates":[[[114.28679999999991,22.372199999999992],[114.28839999999991,22.372199999999992],[114.28839999999991,22.373799999999992],[114.28679999999991,22.373799999999992],[114.28679999999991,22.372199999999992]]]}},{"type":"Feature","properties":{"id":"lu-nt-sai-kung-42-24","class":"built_up","vegetationFraction":0.13,"pavedFraction":0.74,"waterFraction":0.002,"simulated":true},"geometry":{"type":"Polygon","coordinates":[[[114.28839999999991,22.372199999999992],[114.2899999999999,22.372199999999992],[114.2899999999999,22.373799999999992],[114.28839999999991,22.373799999999992],[114.28839999999991,22.372199999999992]]]}},{"type":"Feature","properties":{"id":"lu-nt-sai-kung-42-25","class":"built_up","vegetationFraction":0.114,"pavedFraction":0.699,"waterFraction":0.011,"simulated":true},"geometry":{"type":"Polygon","coordinates":[[[114.2899999999999,22.372199999999992],[114.2915999999999,22.372199999999992],[114.2915999999999,22.373799999999992],[114.2899999999999,22.373799999999992],[114.2899999999999,22.372199999999992]]]}},{"type":"Feature","properties":{"id":"lu-nt-sai-kung-42-26","class":"built_up","vegetationFraction":0.109,"pavedFraction":0.718,"waterFraction":0.002,"simulated":true},"geometry":{"type":"Polygon","coordinates":[[[114.2915999999999,22.372199999999992],[114.2931999999999,22.372199999999992],[114.2931999999999,22.373799999999992],[114.2915999999999,22.373799999999992],[114.2915999999999,22.372199999999992]]]}},{"type":"Feature","properties":{"id":"lu-nt-sai-kung-42-27","class":"built_up","vegetationFraction":0.079,"pavedFraction":0.793,"waterFraction":0.018,"simulated":true},"geometry":{"type":"Polygon","coordinates":[[[114.2931999999999,22.372199999999992],[114.2947999999999,22.372199999999992],[114.2947999999999,22.373799999999992],[114.2931999999999,22.373799999999992],[114.2931999999999,22.372199999999992]]]}},{"type":"Feature","properties":{"id":"lu-nt-sai-kung-42-28","class":"built_up","vegetationFraction":0.106,"pavedFraction":0.688,"waterFraction":0.012,"simulated":true},"geometry":{"type":"Polygon","coordinates":[[[114.2947999999999,22.372199999999992],[114.29639999999989,22.372199999999992],[114.29639999999989,22.373799999999992],[114.2947999999999,22.373799999999992],[114.2947999999999,22.372199999999992]]]}},{"type":"Feature","properties":{"id":"lu-nt-sai-kung-42-29","class":"built_up","vegetationFraction":0.088,"pavedFraction":0.808,"waterFraction":0.056,"simulated":true},"geometry":{"type":"Polygon","coordinates":[[[114.29639999999989,22.372199999999992],[114.29799999999989,22.372199999999992],[114.29799999999989,22.373799999999992],[114.29639999999989,22.373799999999992],[114.29639999999989,22.372199999999992]]]}},{"type":"Feature","properties":{"id":"lu-nt-sai-kung-42-30","class":"built_up","vegetationFraction":0.101,"pavedFraction":0.729,"waterFraction":0.005,"simulated":true},"geometry":{"type":"Polygon","coordinates":[[[114.29799999999989,22.372199999999992],[114.29959999999988,22.372199999999992],[114.29959999999988,22.373799999999992],[114.29799999999989,22.373799999999992],[114.29799999999989,22.372199999999992]]]}},{"type":"Feature","properties":{"id":"lu-nt-sai-kung-43-00","class":"built_up","vegetationFraction":0.084,"pavedFraction":0.828,"waterFraction":0.043,"simulated":true},"geometry":{"type":"Polygon","coordinates":[[[114.25,22.373799999999992],[114.2516,22.373799999999992],[114.2516,22.375399999999992],[114.25,22.375399999999992],[114.25,22.373799999999992]]]}},{"type":"Feature","properties":{"id":"lu-nt-sai-kung-43-01","class":"built_up","vegetationFraction":0.128,"pavedFraction":0.724,"waterFraction":0.022,"simulated":true},"geometry":{"type":"Polygon","coordinates":[[[114.2516,22.373799999999992],[114.25319999999999,22.373799999999992],[114.25319999999999,22.375399999999992],[114.2516,22.375399999999992],[114.2516,22.373799999999992]]]}},{"type":"Feature","properties":{"id":"lu-nt-sai-kung-43-02","class":"built_up","vegetationFraction":0.073,"pavedFraction":0.787,"waterFraction":0.023,"simulated":true},"geometry":{"type":"Polygon","coordinates":[[[114.25319999999999,22.373799999999992],[114.25479999999999,22.373799999999992],[114.25479999999999,22.375399999999992],[114.25319999999999,22.375399999999992],[114.25319999999999,22.373799999999992]]]}},{"type":"Feature","properties":{"id":"lu-nt-sai-kung-43-03","class":"built_up","vegetationFraction":0.089,"pavedFraction":0.888,"waterFraction":0.032,"simulated":true},"geometry":{"type":"Polygon","coordinates":[[[114.25479999999999,22.373799999999992],[114.25639999999999,22.373799999999992],[114.25639999999999,22.375399999999992],[114.25479999999999,22.375399999999992],[114.25479999999999,22.373799999999992]]]}},{"type":"Feature","properties":{"id":"lu-nt-sai-kung-43-04","class":"built_up","vegetationFraction":0.069,"pavedFraction":0.885,"waterFraction":0.008,"simulated":true},"geometry":{"type":"Polygon","coordinates":[[[114.25639999999999,22.373799999999992],[114.25799999999998,22.373799999999992],[114.25799999999998,22.375399999999992],[114.25639999999999,22.375399999999992],[114.25639999999999,22.373799999999992]]]}},{"type":"Feature","properties":{"id":"lu-nt-sai-kung-43-05","class":"built_up","vegetationFraction":0.106,"pavedFraction":0.606,"waterFraction":0.037,"simulated":true},"geometry":{"type":"Polygon","coordinates":[[[114.25799999999998,22.373799999999992],[114.25959999999998,22.373799999999992],[114.25959999999998,22.375399999999992],[114.25799999999998,22.375399999999992],[114.25799999999998,22.373799999999992]]]}},{"type":"Feature","properties":{"id":"lu-nt-sai-kung-43-06","class":"built_up","vegetationFraction":0.061,"pavedFraction":0.641,"waterFraction":0.038,"simulated":true},"geometry":{"type":"Polygon","coordinates":[[[114.25959999999998,22.373799999999992],[114.26119999999997,22.373799999999992],[114.26119999999997,22.375399999999992],[114.25959999999998,22.375399999999992],[114.25959999999998,22.373799999999992]]]}},{"type":"Feature","properties":{"id":"lu-nt-sai-kung-43-07","class":"built_up","vegetationFraction":0.081,"pavedFraction":0.787,"waterFraction":0.032,"simulated":true},"geometry":{"type":"Polygon","coordinates":[[[114.26119999999997,22.373799999999992],[114.26279999999997,22.373799999999992],[114.26279999999997,22.375399999999992],[114.26119999999997,22.375399999999992],[114.26119999999997,22.373799999999992]]]}},{"type":"Feature","properties":{"id":"lu-nt-sai-kung-43-08","class":"built_up","vegetationFraction":0.128,"pavedFraction":0.653,"waterFraction":0.007,"simulated":true},"geometry":{"type":"Polygon","coordinates":[[[114.26279999999997,22.373799999999992],[114.26439999999997,22.373799999999992],[114.26439999999997,22.375399999999992],[114.26279999999997,22.375399999999992],[114.26279999999997,22.373799999999992]]]}},{"type":"Feature","properties":{"id":"lu-nt-sai-kung-43-09","class":"built_up","vegetationFraction":0.131,"pavedFraction":0.889,"waterFraction":0.05,"simulated":true},"geometry":{"type":"Polygon","coordinates":[[[114.26439999999997,22.373799999999992],[114.26599999999996,22.373799999999992],[114.26599999999996,22.375399999999992],[114.26439999999997,22.375399999999992],[114.26439999999997,22.373799999999992]]]}},{"type":"Feature","properties":{"id":"lu-nt-sai-kung-43-10","class":"built_up","vegetationFraction":0.087,"pavedFraction":0.809,"waterFraction":0.011,"simulated":true},"geometry":{"type":"Polygon","coordinates":[[[114.26599999999996,22.373799999999992],[114.26759999999996,22.373799999999992],[114.26759999999996,22.375399999999992],[114.26599999999996,22.375399999999992],[114.26599999999996,22.373799999999992]]]}},{"type":"Feature","properties":{"id":"lu-nt-sai-kung-43-11","class":"built_up","vegetationFraction":0.133,"pavedFraction":0.751,"waterFraction":0.002,"simulated":true},"geometry":{"type":"Polygon","coordinates":[[[114.26759999999996,22.373799999999992],[114.26919999999996,22.373799999999992],[114.26919999999996,22.375399999999992],[114.26759999999996,22.375399999999992],[114.26759999999996,22.373799999999992]]]}},{"type":"Feature","properties":{"id":"lu-nt-sai-kung-43-12","class":"built_up","vegetationFraction":0.076,"pavedFraction":0.8,"waterFraction":0.051,"simulated":true},"geometry":{"type":"Polygon","coordinates":[[[114.26919999999996,22.373799999999992],[114.27079999999995,22.373799999999992],[114.27079999999995,22.375399999999992],[114.26919999999996,22.375399999999992],[114.26919999999996,22.373799999999992]]]}},{"type":"Feature","properties":{"id":"lu-nt-sai-kung-43-13","class":"built_up","vegetationFraction":0.078,"pavedFraction":0.647,"waterFraction":0.038,"simulated":true},"geometry":{"type":"Polygon","coordinates":[[[114.27079999999995,22.373799999999992],[114.27239999999995,22.373799999999992],[114.27239999999995,22.375399999999992],[114.27079999999995,22.375399999999992],[114.27079999999995,22.373799999999992]]]}},{"type":"Feature","properties":{"id":"lu-nt-sai-kung-43-14","class":"built_up","vegetationFraction":0.115,"pavedFraction":0.801,"waterFraction":0.009,"simulated":true},"geometry":{"type":"Polygon","coordinates":[[[114.27239999999995,22.373799999999992],[114.27399999999994,22.373799999999992],[114.27399999999994,22.375399999999992],[114.27239999999995,22.375399999999992],[114.27239999999995,22.373799999999992]]]}},{"type":"Feature","properties":{"id":"lu-nt-sai-kung-43-15","class":"built_up","vegetationFraction":0.088,"pavedFraction":0.769,"waterFraction":0.032,"simulated":true},"geometry":{"type":"Polygon","coordinates":[[[114.27399999999994,22.373799999999992],[114.27559999999994,22.373799999999992],[114.27559999999994,22.375399999999992],[114.27399999999994,22.375399999999992],[114.27399999999994,22.373799999999992]]]}},{"type":"Feature","properties":{"id":"lu-nt-sai-kung-43-16","class":"built_up","vegetationFraction":0.096,"pavedFraction":0.822,"waterFraction":0.003,"simulated":true},"geometry":{"type":"Polygon","coordinates":[[[114.27559999999994,22.373799999999992],[114.27719999999994,22.373799999999992],[114.27719999999994,22.375399999999992],[114.27559999999994,22.375399999999992],[114.27559999999994,22.373799999999992]]]}},{"type":"Feature","properties":{"id":"lu-nt-sai-kung-43-17","class":"built_up","vegetationFraction":0.072,"pavedFraction":0.668,"waterFraction":0.015,"simulated":true},"geometry":{"type":"Polygon","coordinates":[[[114.27719999999994,22.373799999999992],[114.27879999999993,22.373799999999992],[114.27879999999993,22.375399999999992],[114.27719999999994,22.375399999999992],[114.27719999999994,22.373799999999992]]]}},{"type":"Feature","properties":{"id":"lu-nt-sai-kung-43-18","class":"built_up","vegetationFraction":0.064,"pavedFraction":0.627,"waterFraction":0.056,"simulated":true},"geometry":{"type":"Polygon","coordinates":[[[114.27879999999993,22.373799999999992],[114.28039999999993,22.373799999999992],[114.28039999999993,22.375399999999992],[114.27879999999993,22.375399999999992],[114.27879999999993,22.373799999999992]]]}},{"type":"Feature","properties":{"id":"lu-nt-sai-kung-43-19","class":"built_up","vegetationFraction":0.135,"pavedFraction":0.719,"waterFraction":0.046,"simulated":true},"geometry":{"type":"Polygon","coordinates":[[[114.28039999999993,22.373799999999992],[114.28199999999993,22.373799999999992],[114.28199999999993,22.375399999999992],[114.28039999999993,22.375399999999992],[114.28039999999993,22.373799999999992]]]}},{"type":"Feature","properties":{"id":"lu-nt-sai-kung-43-20","class":"built_up","vegetationFraction":0.133,"pavedFraction":0.872,"waterFraction":0.029,"simulated":true},"geometry":{"type":"Polygon","coordinates":[[[114.28199999999993,22.373799999999992],[114.28359999999992,22.373799999999992],[114.28359999999992,22.375399999999992],[114.28199999999993,22.375399999999992],[114.28199999999993,22.373799999999992]]]}},{"type":"Feature","properties":{"id":"lu-nt-sai-kung-43-21","class":"built_up","vegetationFraction":0.101,"pavedFraction":0.887,"waterFraction":0.053,"simulated":true},"geometry":{"type":"Polygon","coordinates":[[[114.28359999999992,22.373799999999992],[114.28519999999992,22.373799999999992],[114.28519999999992,22.375399999999992],[114.28359999999992,22.375399999999992],[114.28359999999992,22.373799999999992]]]}},{"type":"Feature","properties":{"id":"lu-nt-sai-kung-43-22","class":"built_up","vegetationFraction":0.128,"pavedFraction":0.854,"waterFraction":0.036,"simulated":true},"geometry":{"type":"Polygon","coordinates":[[[114.28519999999992,22.373799999999992],[114.28679999999991,22.373799999999992],[114.28679999999991,22.375399999999992],[114.28519999999992,22.375399999999992],[114.28519999999992,22.373799999999992]]]}},{"type":"Feature","properties":{"id":"lu-nt-sai-kung-43-23","class":"built_up","vegetationFraction":0.084,"pavedFraction":0.645,"waterFraction":0.037,"simulated":true},"geometry":{"type":"Polygon","coordinates":[[[114.28679999999991,22.373799999999992],[114.28839999999991,22.373799999999992],[114.28839999999991,22.375399999999992],[114.28679999999991,22.375399999999992],[114.28679999999991,22.373799999999992]]]}},{"type":"Feature","properties":{"id":"lu-nt-sai-kung-43-24","class":"built_up","vegetationFraction":0.061,"pavedFraction":0.756,"waterFraction":0.058,"simulated":true},"geometry":{"type":"Polygon","coordinates":[[[114.28839999999991,22.373799999999992],[114.2899999999999,22.373799999999992],[114.2899999999999,22.375399999999992],[114.28839999999991,22.375399999999992],[114.28839999999991,22.373799999999992]]]}},{"type":"Feature","properties":{"id":"lu-nt-sai-kung-43-25","class":"built_up","vegetationFraction":0.069,"pavedFraction":0.753,"waterFraction":0.033,"simulated":true},"geometry":{"type":"Polygon","coordinates":[[[114.2899999999999,22.373799999999992],[114.2915999999999,22.373799999999992],[114.2915999999999,22.375399999999992],[114.2899999999999,22.375399999999992],[114.2899999999999,22.373799999999992]]]}},{"type":"Feature","properties":{"id":"lu-nt-sai-kung-43-26","class":"built_up","vegetationFraction":0.112,"pavedFraction":0.851,"waterFraction":0.045,"simulated":true},"geometry":{"type":"Polygon","coordinates":[[[114.2915999999999,22.373799999999992],[114.2931999999999,22.373799999999992],[114.2931999999999,22.375399999999992],[114.2915999999999,22.375399999999992],[114.2915999999999,22.373799999999992]]]}},{"type":"Feature","properties":{"id":"lu-nt-sai-kung-43-27","class":"built_up","vegetationFraction":0.069,"pavedFraction":0.633,"waterFraction":0.039,"simulated":true},"geometry":{"type":"Polygon","coordinates":[[[114.2931999999999,22.373799999999992],[114.2947999999999,22.373799999999992],[114.2947999999999,22.375399999999992],[114.2931999999999,22.375399999999992],[114.2931999999999,22.373799999999992]]]}},{"type":"Feature","properties":{"id":"lu-nt-sai-kung-43-28","class":"built_up","vegetationFraction":0.095,"pavedFraction":0.681,"waterFraction":0.01,"simulated":true},"geometry":{"type":"Polygon","coordinates":[[[114.2947999999999,22.373799999999992],[114.29639999999989,22.373799999999992],[114.29639999999989,22.375399999999992],[114.2947999999999,22.375399999999992],[114.2947999999999,22.373799999999992]]]}},{"type":"Feature","properties":{"id":"lu-nt-sai-kung-43-29","class":"built_up","vegetationFraction":0.132,"pavedFraction":0.654,"waterFraction":0.038,"simulated":true},"geometry":{"type":"Polygon","coordinates":[[[114.29639999999989,22.373799999999992],[114.29799999999989,22.373799999999992],[114.29799999999989,22.375399999999992],[114.29639999999989,22.375399999999992],[114.29639999999989,22.373799999999992]]]}},{"type":"Feature","properties":{"id":"lu-nt-sai-kung-43-30","class":"built_up","vegetationFraction":0.106,"pavedFraction":0.846,"waterFraction":0.035,"simulated":true},"geometry":{"type":"Polygon","coordinates":[[[114.29799999999989,22.373799999999992],[114.29959999999988,22.373799999999992],[114.29959999999988,22.375399999999992],[114.29799999999989,22.375399999999992],[114.29799999999989,22.373799999999992]]]}},{"type":"Feature","properties":{"id":"lu-nt-sai-kung-44-00","class":"built_up","vegetationFraction":0.116,"pavedFraction":0.816,"waterFraction":0.013,"simulated":true},"geometry":{"type":"Polygon","coordinates":[[[114.25,22.375399999999992],[114.2516,22.375399999999992],[114.2516,22.376999999999992],[114.25,22.376999999999992],[114.25,22.375399999999992]]]}},{"type":"Feature","properties":{"id":"lu-nt-sai-kung-44-01","class":"built_up","vegetationFraction":0.08,"pavedFraction":0.764,"waterFraction":0.054,"simulated":true},"geometry":{"type":"Polygon","coordinates":[[[114.2516,22.375399999999992],[114.25319999999999,22.375399999999992],[114.25319999999999,22.376999999999992],[114.2516,22.376999999999992],[114.2516,22.375399999999992]]]}},{"type":"Feature","properties":{"id":"lu-nt-sai-kung-44-02","class":"built_up","vegetationFraction":0.09,"pavedFraction":0.686,"waterFraction":0.058,"simulated":true},"geometry":{"type":"Polygon","coordinates":[[[114.25319999999999,22.375399999999992],[114.25479999999999,22.375399999999992],[114.25479999999999,22.376999999999992],[114.25319999999999,22.376999999999992],[114.25319999999999,22.375399999999992]]]}},{"type":"Feature","properties":{"id":"lu-nt-sai-kung-44-03","class":"built_up","vegetationFraction":0.109,"pavedFraction":0.631,"waterFraction":0.015,"simulated":true},"geometry":{"type":"Polygon","coordinates":[[[114.25479999999999,22.375399999999992],[114.25639999999999,22.375399999999992],[114.25639999999999,22.376999999999992],[114.25479999999999,22.376999999999992],[114.25479999999999,22.375399999999992]]]}},{"type":"Feature","properties":{"id":"lu-nt-sai-kung-44-04","class":"built_up","vegetationFraction":0.12,"pavedFraction":0.841,"waterFraction":0.019,"simulated":true},"geometry":{"type":"Polygon","coordinates":[[[114.25639999999999,22.375399999999992],[114.25799999999998,22.375399999999992],[114.25799999999998,22.376999999999992],[114.25639999999999,22.376999999999992],[114.25639999999999,22.375399999999992]]]}},{"type":"Feature","properties":{"id":"lu-nt-sai-kung-44-05","class":"built_up","vegetationFraction":0.098,"pavedFraction":0.749,"waterFraction":0.026,"simulated":true},"geometry":{"type":"Polygon","coordinates":[[[114.25799999999998,22.375399999999992],[114.25959999999998,22.375399999999992],[114.25959999999998,22.376999999999992],[114.25799999999998,22.376999999999992],[114.25799999999998,22.375399999999992]]]}},{"type":"Feature","properties":{"id":"lu-nt-sai-kung-44-06","class":"built_up","vegetationFraction":0.106,"pavedFraction":0.671,"waterFraction":0.004,"simulated":true},"geometry":{"type":"Polygon","coordinates":[[[114.25959999999998,22.375399999999992],[114.26119999999997,22.375399999999992],[114.26119999999997,22.376999999999992],[114.25959999999998,22.376999999999992],[114.25959999999998,22.375399999999992]]]}},{"type":"Feature","properties":{"id":"lu-nt-sai-kung-44-07","class":"built_up","vegetationFraction":0.119,"pavedFraction":0.729,"waterFraction":0.017,"simulated":true},"geometry":{"type":"Polygon","coordinates":[[[114.26119999999997,22.375399999999992],[114.26279999999997,22.375399999999992],[114.26279999999997,22.376999999999992],[114.26119999999997,22.376999999999992],[114.26119999999997,22.375399999999992]]]}},{"type":"Feature","properties":{"id":"lu-nt-sai-kung-44-08","class":"built_up","vegetationFraction":0.099,"pavedFraction":0.695,"waterFraction":0.03,"simulated":true},"geometry":{"type":"Polygon","coordinates":[[[114.26279999999997,22.375399999999992],[114.26439999999997,22.375399999999992],[114.26439999999997,22.376999999999992],[114.26279999999997,22.376999999999992],[114.26279999999997,22.375399999999992]]]}},{"type":"Feature","properties":{"id":"lu-nt-sai-kung-44-09","class":"built_up","vegetationFraction":0.112,"pavedFraction":0.669,"waterFraction":0.026,"simulated":true},"geometry":{"type":"Polygon","coordinates":[[[114.26439999999997,22.375399999999992],[114.26599999999996,22.375399999999992],[114.26599999999996,22.376999999999992],[114.26439999999997,22.376999999999992],[114.26439999999997,22.375399999999992]]]}},{"type":"Feature","properties":{"id":"lu-nt-sai-kung-44-10","class":"built_up","vegetationFraction":0.109,"pavedFraction":0.858,"waterFraction":0.013,"simulated":true},"geometry":{"type":"Polygon","coordinates":[[[114.26599999999996,22.375399999999992],[114.26759999999996,22.375399999999992],[114.26759999999996,22.376999999999992],[114.26599999999996,22.376999999999992],[114.26599999999996,22.375399999999992]]]}},{"type":"Feature","properties":{"id":"lu-nt-sai-kung-44-11","class":"built_up","vegetationFraction":0.09,"pavedFraction":0.634,"waterFraction":0.036,"simulated":true},"geometry":{"type":"Polygon","coordinates":[[[114.26759999999996,22.375399999999992],[114.26919999999996,22.375399999999992],[114.26919999999996,22.376999999999992],[114.26759999999996,22.376999999999992],[114.26759999999996,22.375399999999992]]]}},{"type":"Feature","properties":{"id":"lu-nt-sai-kung-44-12","class":"built_up","vegetationFraction":0.065,"pavedFraction":0.852,"waterFraction":0.034,"simulated":true},"geometry":{"type":"Polygon","coordinates":[[[114.26919999999996,22.375399999999992],[114.27079999999995,22.375399999999992],[114.27079999999995,22.376999999999992],[114.26919999999996,22.376999999999992],[114.26919999999996,22.375399999999992]]]}},{"type":"Feature","properties":{"id":"lu-nt-sai-kung-44-13","class":"built_up","vegetationFraction":0.064,"pavedFraction":0.732,"waterFraction":0.045,"simulated":true},"geometry":{"type":"Polygon","coordinates":[[[114.27079999999995,22.375399999999992],[114.27239999999995,22.375399999999992],[114.27239999999995,22.376999999999992],[114.27079999999995,22.376999999999992],[114.27079999999995,22.375399999999992]]]}},{"type":"Feature","properties":{"id":"lu-nt-sai-kung-44-14","class":"built_up","vegetationFraction":0.12,"pavedFraction":0.859,"waterFraction":0.058,"simulated":true},"geometry":{"type":"Polygon","coordinates":[[[114.27239999999995,22.375399999999992],[114.27399999999994,22.375399999999992],[114.27399999999994,22.376999999999992],[114.27239999999995,22.376999999999992],[114.27239999999995,22.375399999999992]]]}},{"type":"Feature","properties":{"id":"lu-nt-sai-kung-44-15","class":"built_up","vegetationFraction":0.131,"pavedFraction":0.612,"waterFraction":0.007,"simulated":true},"geometry":{"type":"Polygon","coordinates":[[[114.27399999999994,22.375399999999992],[114.27559999999994,22.375399999999992],[114.27559999999994,22.376999999999992],[114.27399999999994,22.376999999999992],[114.27399999999994,22.375399999999992]]]}},{"type":"Feature","properties":{"id":"lu-nt-sai-kung-44-16","class":"built_up","vegetationFraction":0.099,"pavedFraction":0.82,"waterFraction":0.002,"simulated":true},"geometry":{"type":"Polygon","coordinates":[[[114.27559999999994,22.375399999999992],[114.27719999999994,22.375399999999992],[114.27719999999994,22.376999999999992],[114.27559999999994,22.376999999999992],[114.27559999999994,22.375399999999992]]]}},{"type":"Feature","properties":{"id":"lu-nt-sai-kung-44-17","class":"built_up","vegetationFraction":0.115,"pavedFraction":0.806,"waterFraction":0.047,"simulated":true},"geometry":{"type":"Polygon","coordinates":[[[114.27719999999994,22.375399999999992],[114.27879999999993,22.375399999999992],[114.27879999999993,22.376999999999992],[114.27719999999994,22.376999999999992],[114.27719999999994,22.375399999999992]]]}},{"type":"Feature","properties":{"id":"lu-nt-sai-kung-44-18","class":"built_up","vegetationFraction":0.093,"pavedFraction":0.746,"waterFraction":0.013,"simulated":true},"geometry":{"type":"Polygon","coordinates":[[[114.27879999999993,22.375399999999992],[114.28039999999993,22.375399999999992],[114.28039999999993,22.376999999999992],[114.27879999999993,22.376999999999992],[114.27879999999993,22.375399999999992]]]}},{"type":"Feature","properties":{"id":"lu-nt-sai-kung-44-19","class":"built_up","vegetationFraction":0.128,"pavedFraction":0.852,"waterFraction":0.038,"simulated":true},"geometry":{"type":"Polygon","coordinates":[[[114.28039999999993,22.375399999999992],[114.28199999999993,22.375399999999992],[114.28199999999993,22.376999999999992],[114.28039999999993,22.376999999999992],[114.28039999999993,22.375399999999992]]]}},{"type":"Feature","properties":{"id":"lu-nt-sai-kung-44-20","class":"built_up","vegetationFraction":0.109,"pavedFraction":0.818,"waterFraction":0.002,"simulated":true},"geometry":{"type":"Polygon","coordinates":[[[114.28199999999993,22.375399999999992],[114.28359999999992,22.375399999999992],[114.28359999999992,22.376999999999992],[114.28199999999993,22.376999999999992],[114.28199999999993,22.375399999999992]]]}},{"type":"Feature","properties":{"id":"lu-nt-sai-kung-44-21","class":"built_up","vegetationFraction":0.106,"pavedFraction":0.821,"waterFraction":0.026,"simulated":true},"geometry":{"type":"Polygon","coordinates":[[[114.28359999999992,22.375399999999992],[114.28519999999992,22.375399999999992],[114.28519999999992,22.376999999999992],[114.28359999999992,22.376999999999992],[114.28359999999992,22.375399999999992]]]}},{"type":"Feature","properties":{"id":"lu-nt-sai-kung-44-22","class":"built_up","vegetationFraction":0.089,"pavedFraction":0.876,"waterFraction":0.02,"simulated":true},"geometry":{"type":"Polygon","coordinates":[[[114.28519999999992,22.375399999999992],[114.28679999999991,22.375399999999992],[114.28679999999991,22.376999999999992],[114.28519999999992,22.376999999999992],[114.28519999999992,22.375399999999992]]]}},{"type":"Feature","properties":{"id":"lu-nt-sai-kung-44-23","class":"built_up","vegetationFraction":0.124,"pavedFraction":0.848,"waterFraction":0.03,"simulated":true},"geometry":{"type":"Polygon","coordinates":[[[114.28679999999991,22.375399999999992],[114.28839999999991,22.375399999999992],[114.28839999999991,22.376999999999992],[114.28679999999991,22.376999999999992],[114.28679999999991,22.375399999999992]]]}},{"type":"Feature","properties":{"id":"lu-nt-sai-kung-44-24","class":"built_up","vegetationFraction":0.077,"pavedFraction":0.855,"waterFraction":0.028,"simulated":true},"geometry":{"type":"Polygon","coordinates":[[[114.28839999999991,22.375399999999992],[114.2899999999999,22.375399999999992],[114.2899999999999,22.376999999999992],[114.28839999999991,22.376999999999992],[114.28839999999991,22.375399999999992]]]}},{"type":"Feature","properties":{"id":"lu-nt-sai-kung-44-25","class":"built_up","vegetationFraction":0.111,"pavedFraction":0.618,"waterFraction":0.043,"simulated":true},"geometry":{"type":"Polygon","coordinates":[[[114.2899999999999,22.375399999999992],[114.2915999999999,22.375399999999992],[114.2915999999999,22.376999999999992],[114.2899999999999,22.376999999999992],[114.2899999999999,22.375399999999992]]]}},{"type":"Feature","properties":{"id":"lu-nt-sai-kung-44-26","class":"built_up","vegetationFraction":0.129,"pavedFraction":0.761,"waterFraction":0.008,"simulated":true},"geometry":{"type":"Polygon","coordinates":[[[114.2915999999999,22.375399999999992],[114.2931999999999,22.375399999999992],[114.2931999999999,22.376999999999992],[114.2915999999999,22.376999999999992],[114.2915999999999,22.375399999999992]]]}},{"type":"Feature","properties":{"id":"lu-nt-sai-kung-44-27","class":"built_up","vegetationFraction":0.091,"pavedFraction":0.709,"waterFraction":0.024,"simulated":true},"geometry":{"type":"Polygon","coordinates":[[[114.2931999999999,22.375399999999992],[114.2947999999999,22.375399999999992],[114.2947999999999,22.376999999999992],[114.2931999999999,22.376999999999992],[114.2931999999999,22.375399999999992]]]}},{"type":"Feature","properties":{"id":"lu-nt-sai-kung-44-28","class":"built_up","vegetationFraction":0.101,"pavedFraction":0.745,"waterFraction":0.053,"simulated":true},"geometry":{"type":"Polygon","coordinates":[[[114.2947999999999,22.375399999999992],[114.29639999999989,22.375399999999992],[114.29639999999989,22.376999999999992],[114.2947999999999,22.376999999999992],[114.2947999999999,22.375399999999992]]]}},{"type":"Feature","properties":{"id":"lu-nt-sai-kung-44-29","class":"built_up","vegetationFraction":0.128,"pavedFraction":0.718,"waterFraction":0.05,"simulated":true},"geometry":{"type":"Polygon","coordinates":[[[114.29639999999989,22.375399999999992],[114.29799999999989,22.375399999999992],[114.29799999999989,22.376999999999992],[114.29639999999989,22.376999999999992],[114.29639999999989,22.375399999999992]]]}},{"type":"Feature","properties":{"id":"lu-nt-sai-kung-44-30","class":"built_up","vegetationFraction":0.096,"pavedFraction":0.638,"waterFraction":0.034,"simulated":true},"geometry":{"type":"Polygon","coordinates":[[[114.29799999999989,22.375399999999992],[114.29959999999988,22.375399999999992],[114.29959999999988,22.376999999999992],[114.29799999999989,22.376999999999992],[114.29799999999989,22.375399999999992]]]}},{"type":"Feature","properties":{"id":"lu-nt-sai-kung-45-00","class":"built_up","vegetationFraction":0.063,"pavedFraction":0.608,"waterFraction":0.02,"simulated":true},"geometry":{"type":"Polygon","coordinates":[[[114.25,22.376999999999992],[114.2516,22.376999999999992],[114.2516,22.37859999999999],[114.25,22.37859999999999],[114.25,22.376999999999992]]]}},{"type":"Feature","properties":{"id":"lu-nt-sai-kung-45-01","class":"built_up","vegetationFraction":0.129,"pavedFraction":0.66,"waterFraction":0.042,"simulated":true},"geometry":{"type":"Polygon","coordinates":[[[114.2516,22.376999999999992],[114.25319999999999,22.376999999999992],[114.25319999999999,22.37859999999999],[114.2516,22.37859999999999],[114.2516,22.376999999999992]]]}},{"type":"Feature","properties":{"id":"lu-nt-sai-kung-45-02","class":"built_up","vegetationFraction":0.121,"pavedFraction":0.705,"waterFraction":0.038,"simulated":true},"geometry":{"type":"Polygon","coordinates":[[[114.25319999999999,22.376999999999992],[114.25479999999999,22.376999999999992],[114.25479999999999,22.37859999999999],[114.25319999999999,22.37859999999999],[114.25319999999999,22.376999999999992]]]}},{"type":"Feature","properties":{"id":"lu-nt-sai-kung-45-03","class":"built_up","vegetationFraction":0.075,"pavedFraction":0.815,"waterFraction":0.041,"simulated":true},"geometry":{"type":"Polygon","coordinates":[[[114.25479999999999,22.376999999999992],[114.25639999999999,22.376999999999992],[114.25639999999999,22.37859999999999],[114.25479999999999,22.37859999999999],[114.25479999999999,22.376999999999992]]]}},{"type":"Feature","properties":{"id":"lu-nt-sai-kung-45-04","class":"built_up","vegetationFraction":0.133,"pavedFraction":0.729,"waterFraction":0.023,"simulated":true},"geometry":{"type":"Polygon","coordinates":[[[114.25639999999999,22.376999999999992],[114.25799999999998,22.376999999999992],[114.25799999999998,22.37859999999999],[114.25639999999999,22.37859999999999],[114.25639999999999,22.376999999999992]]]}},{"type":"Feature","properties":{"id":"lu-nt-sai-kung-45-05","class":"built_up","vegetationFraction":0.086,"pavedFraction":0.66,"waterFraction":0.028,"simulated":true},"geometry":{"type":"Polygon","coordinates":[[[114.25799999999998,22.376999999999992],[114.25959999999998,22.376999999999992],[114.25959999999998,22.37859999999999],[114.25799999999998,22.37859999999999],[114.25799999999998,22.376999999999992]]]}},{"type":"Feature","properties":{"id":"lu-nt-sai-kung-45-06","class":"built_up","vegetationFraction":0.119,"pavedFraction":0.671,"waterFraction":0.038,"simulated":true},"geometry":{"type":"Polygon","coordinates":[[[114.25959999999998,22.376999999999992],[114.26119999999997,22.376999999999992],[114.26119999999997,22.37859999999999],[114.25959999999998,22.37859999999999],[114.25959999999998,22.376999999999992]]]}},{"type":"Feature","properties":{"id":"lu-nt-sai-kung-45-07","class":"built_up","vegetationFraction":0.109,"pavedFraction":0.873,"waterFraction":0.01,"simulated":true},"geometry":{"type":"Polygon","coordinates":[[[114.26119999999997,22.376999999999992],[114.26279999999997,22.376999999999992],[114.26279999999997,22.37859999999999],[114.26119999999997,22.37859999999999],[114.26119999999997,22.376999999999992]]]}},{"type":"Feature","properties":{"id":"lu-nt-sai-kung-45-08","class":"built_up","vegetationFraction":0.093,"pavedFraction":0.732,"waterFraction":0.047,"simulated":true},"geometry":{"type":"Polygon","coordinates":[[[114.26279999999997,22.376999999999992],[114.26439999999997,22.376999999999992],[114.26439999999997,22.37859999999999],[114.26279999999997,22.37859999999999],[114.26279999999997,22.376999999999992]]]}},{"type":"Feature","properties":{"id":"lu-nt-sai-kung-45-09","class":"built_up","vegetationFraction":0.075,"pavedFraction":0.612,"waterFraction":0.006,"simulated":true},"geometry":{"type":"Polygon","coordinates":[[[114.26439999999997,22.376999999999992],[114.26599999999996,22.376999999999992],[114.26599999999996,22.37859999999999],[114.26439999999997,22.37859999999999],[114.26439999999997,22.376999999999992]]]}},{"type":"Feature","properties":{"id":"lu-nt-sai-kung-45-10","class":"built_up","vegetationFraction":0.076,"pavedFraction":0.695,"waterFraction":0.007,"simulated":true},"geometry":{"type":"Polygon","coordinates":[[[114.26599999999996,22.376999999999992],[114.26759999999996,22.376999999999992],[114.26759999999996,22.37859999999999],[114.26599999999996,22.37859999999999],[114.26599999999996,22.376999999999992]]]}},{"type":"Feature","properties":{"id":"lu-nt-sai-kung-45-11","class":"built_up","vegetationFraction":0.06,"pavedFraction":0.685,"waterFraction":0.059,"simulated":true},"geometry":{"type":"Polygon","coordinates":[[[114.26759999999996,22.376999999999992],[114.26919999999996,22.376999999999992],[114.26919999999996,22.37859999999999],[114.26759999999996,22.37859999999999],[114.26759999999996,22.376999999999992]]]}},{"type":"Feature","properties":{"id":"lu-nt-sai-kung-45-12","class":"built_up","vegetationFraction":0.121,"pavedFraction":0.6,"waterFraction":0.003,"simulated":true},"geometry":{"type":"Polygon","coordinates":[[[114.26919999999996,22.376999999999992],[114.27079999999995,22.376999999999992],[114.27079999999995,22.37859999999999],[114.26919999999996,22.37859999999999],[114.26919999999996,22.376999999999992]]]}},{"type":"Feature","properties":{"id":"lu-nt-sai-kung-45-13","class":"built_up","vegetationFraction":0.077,"pavedFraction":0.654,"waterFraction":0.05,"simulated":true},"geometry":{"type":"Polygon","coordinates":[[[114.27079999999995,22.376999999999992],[114.27239999999995,22.376999999999992],[114.27239999999995,22.37859999999999],[114.27079999999995,22.37859999999999],[114.27079999999995,22.376999999999992]]]}},{"type":"Feature","properties":{"id":"lu-nt-sai-kung-45-14","class":"built_up","vegetationFraction":0.078,"pavedFraction":0.653,"waterFraction":0.012,"simulated":true},"geometry":{"type":"Polygon","coordinates":[[[114.27239999999995,22.376999999999992],[114.27399999999994,22.376999999999992],[114.27399999999994,22.37859999999999],[114.27239999999995,22.37859999999999],[114.27239999999995,22.376999999999992]]]}},{"type":"Feature","properties":{"id":"lu-nt-sai-kung-45-15","class":"built_up","vegetationFraction":0.064,"pavedFraction":0.812,"waterFraction":0.027,"simulated":true},"geometry":{"type":"Polygon","coordinates":[[[114.27399999999994,22.376999999999992],[114.27559999999994,22.376999999999992],[114.27559999999994,22.37859999999999],[114.27399999999994,22.37859999999999],[114.27399999999994,22.376999999999992]]]}},{"type":"Feature","properties":{"id":"lu-nt-sai-kung-45-16","class":"built_up","vegetationFraction":0.069,"pavedFraction":0.793,"waterFraction":0.024,"simulated":true},"geometry":{"type":"Polygon","coordinates":[[[114.27559999999994,22.376999999999992],[114.27719999999994,22.376999999999992],[114.27719999999994,22.37859999999999],[114.27559999999994,22.37859999999999],[114.27559999999994,22.376999999999992]]]}},{"type":"Feature","properties":{"id":"lu-nt-sai-kung-45-17","class":"built_up","vegetationFraction":0.077,"pavedFraction":0.861,"waterFraction":0.055,"simulated":true},"geometry":{"type":"Polygon","coordinates":[[[114.27719999999994,22.376999999999992],[114.27879999999993,22.376999999999992],[114.27879999999993,22.37859999999999],[114.27719999999994,22.37859999999999],[114.27719999999994,22.376999999999992]]]}},{"type":"Feature","properties":{"id":"lu-nt-sai-kung-45-18","class":"built_up","vegetationFraction":0.072,"pavedFraction":0.868,"waterFraction":0.004,"simulated":true},"geometry":{"type":"Polygon","coordinates":[[[114.27879999999993,22.376999999999992],[114.28039999999993,22.376999999999992],[114.28039999999993,22.37859999999999],[114.27879999999993,22.37859999999999],[114.27879999999993,22.376999999999992]]]}},{"type":"Feature","properties":{"id":"lu-nt-sai-kung-45-19","class":"built_up","vegetationFraction":0.092,"pavedFraction":0.755,"waterFraction":0.019,"simulated":true},"geometry":{"type":"Polygon","coordinates":[[[114.28039999999993,22.376999999999992],[114.28199999999993,22.376999999999992],[114.28199999999993,22.37859999999999],[114.28039999999993,22.37859999999999],[114.28039999999993,22.376999999999992]]]}},{"type":"Feature","properties":{"id":"lu-nt-sai-kung-45-20","class":"built_up","vegetationFraction":0.076,"pavedFraction":0.833,"waterFraction":0.041,"simulated":true},"geometry":{"type":"Polygon","coordinates":[[[114.28199999999993,22.376999999999992],[114.28359999999992,22.376999999999992],[114.28359999999992,22.37859999999999],[114.28199999999993,22.37859999999999],[114.28199999999993,22.376999999999992]]]}},{"type":"Feature","properties":{"id":"lu-nt-sai-kung-45-21","class":"built_up","vegetationFraction":0.09,"pavedFraction":0.841,"waterFraction":0.026,"simulated":true},"geometry":{"type":"Polygon","coordinates":[[[114.28359999999992,22.376999999999992],[114.28519999999992,22.376999999999992],[114.28519999999992,22.37859999999999],[114.28359999999992,22.37859999999999],[114.28359999999992,22.376999999999992]]]}},{"type":"Feature","properties":{"id":"lu-nt-sai-kung-45-22","class":"built_up","vegetationFraction":0.084,"pavedFraction":0.74,"waterFraction":0.001,"simulated":true},"geometry":{"type":"Polygon","coordinates":[[[114.28519999999992,22.376999999999992],[114.28679999999991,22.376999999999992],[114.28679999999991,22.37859999999999],[114.28519999999992,22.37859999999999],[114.28519999999992,22.376999999999992]]]}},{"type":"Feature","properties":{"id":"lu-nt-sai-kung-45-23","class":"built_up","vegetationFraction":0.065,"pavedFraction":0.771,"waterFraction":0.041,"simulated":true},"geometry":{"type":"Polygon","coordinates":[[[114.28679999999991,22.376999999999992],[114.28839999999991,22.376999999999992],[114.28839999999991,22.37859999999999],[114.28679999999991,22.37859999999999],[114.28679999999991,22.376999999999992]]]}},{"type":"Feature","properties":{"id":"lu-nt-sai-kung-45-24","class":"built_up","vegetationFraction":0.131,"pavedFraction":0.892,"waterFraction":0.043,"simulated":true},"geometry":{"type":"Polygon","coordinates":[[[114.28839999999991,22.376999999999992],[114.2899999999999,22.376999999999992],[114.2899999999999,22.37859999999999],[114.28839999999991,22.37859999999999],[114.28839999999991,22.376999999999992]]]}},{"type":"Feature","properties":{"id":"lu-nt-sai-kung-45-25","class":"built_up","vegetationFraction":0.087,"pavedFraction":0.839,"waterFraction":0.037,"simulated":true},"geometry":{"type":"Polygon","coordinates":[[[114.2899999999999,22.376999999999992],[114.2915999999999,22.376999999999992],[114.2915999999999,22.37859999999999],[114.2899999999999,22.37859999999999],[114.2899999999999,22.376999999999992]]]}},{"type":"Feature","properties":{"id":"lu-nt-sai-kung-45-26","class":"built_up","vegetationFraction":0.08,"pavedFraction":0.735,"waterFraction":0.028,"simulated":true},"geometry":{"type":"Polygon","coordinates":[[[114.2915999999999,22.376999999999992],[114.2931999999999,22.376999999999992],[114.2931999999999,22.37859999999999],[114.2915999999999,22.37859999999999],[114.2915999999999,22.376999999999992]]]}},{"type":"Feature","properties":{"id":"lu-nt-sai-kung-45-27","class":"built_up","vegetationFraction":0.088,"pavedFraction":0.794,"waterFraction":0.017,"simulated":true},"geometry":{"type":"Polygon","coordinates":[[[114.2931999999999,22.376999999999992],[114.2947999999999,22.376999999999992],[114.2947999999999,22.37859999999999],[114.2931999999999,22.37859999999999],[114.2931999999999,22.376999999999992]]]}},{"type":"Feature","properties":{"id":"lu-nt-sai-kung-45-28","class":"built_up","vegetationFraction":0.094,"pavedFraction":0.609,"waterFraction":0.043,"simulated":true},"geometry":{"type":"Polygon","coordinates":[[[114.2947999999999,22.376999999999992],[114.29639999999989,22.376999999999992],[114.29639999999989,22.37859999999999],[114.2947999999999,22.37859999999999],[114.2947999999999,22.376999999999992]]]}},{"type":"Feature","properties":{"id":"lu-nt-sai-kung-45-29","class":"built_up","vegetationFraction":0.116,"pavedFraction":0.602,"waterFraction":0.042,"simulated":true},"geometry":{"type":"Polygon","coordinates":[[[114.29639999999989,22.376999999999992],[114.29799999999989,22.376999999999992],[114.29799999999989,22.37859999999999],[114.29639999999989,22.37859999999999],[114.29639999999989,22.376999999999992]]]}},{"type":"Feature","properties":{"id":"lu-nt-sai-kung-45-30","class":"built_up","vegetationFraction":0.065,"pavedFraction":0.619,"waterFraction":0.048,"simulated":true},"geometry":{"type":"Polygon","coordinates":[[[114.29799999999989,22.376999999999992],[114.29959999999988,22.376999999999992],[114.29959999999988,22.37859999999999],[114.29799999999989,22.37859999999999],[114.29799999999989,22.376999999999992]]]}},{"type":"Feature","properties":{"id":"lu-nt-sai-kung-46-00","class":"built_up","vegetationFraction":0.112,"pavedFraction":0.624,"waterFraction":0.022,"simulated":true},"geometry":{"type":"Polygon","coordinates":[[[114.25,22.37859999999999],[114.2516,22.37859999999999],[114.2516,22.38019999999999],[114.25,22.38019999999999],[114.25,22.37859999999999]]]}},{"type":"Feature","properties":{"id":"lu-nt-sai-kung-46-01","class":"built_up","vegetationFraction":0.066,"pavedFraction":0.849,"waterFraction":0.013,"simulated":true},"geometry":{"type":"Polygon","coordinates":[[[114.2516,22.37859999999999],[114.25319999999999,22.37859999999999],[114.25319999999999,22.38019999999999],[114.2516,22.38019999999999],[114.2516,22.37859999999999]]]}},{"type":"Feature","properties":{"id":"lu-nt-sai-kung-46-02","class":"built_up","vegetationFraction":0.13,"pavedFraction":0.736,"waterFraction":0.038,"simulated":true},"geometry":{"type":"Polygon","coordinates":[[[114.25319999999999,22.37859999999999],[114.25479999999999,22.37859999999999],[114.25479999999999,22.38019999999999],[114.25319999999999,22.38019999999999],[114.25319999999999,22.37859999999999]]]}},{"type":"Feature","properties":{"id":"lu-nt-sai-kung-46-03","class":"built_up","vegetationFraction":0.076,"pavedFraction":0.625,"waterFraction":0.042,"simulated":true},"geometry":{"type":"Polygon","coordinates":[[[114.25479999999999,22.37859999999999],[114.25639999999999,22.37859999999999],[114.25639999999999,22.38019999999999],[114.25479999999999,22.38019999999999],[114.25479999999999,22.37859999999999]]]}},{"type":"Feature","properties":{"id":"lu-nt-sai-kung-46-04","class":"built_up","vegetationFraction":0.123,"pavedFraction":0.842,"waterFraction":0.003,"simulated":true},"geometry":{"type":"Polygon","coordinates":[[[114.25639999999999,22.37859999999999],[114.25799999999998,22.37859999999999],[114.25799999999998,22.38019999999999],[114.25639999999999,22.38019999999999],[114.25639999999999,22.37859999999999]]]}},{"type":"Feature","properties":{"id":"lu-nt-sai-kung-46-05","class":"built_up","vegetationFraction":0.084,"pavedFraction":0.633,"waterFraction":0.009,"simulated":true},"geometry":{"type":"Polygon","coordinates":[[[114.25799999999998,22.37859999999999],[114.25959999999998,22.37859999999999],[114.25959999999998,22.38019999999999],[114.25799999999998,22.38019999999999],[114.25799999999998,22.37859999999999]]]}},{"type":"Feature","properties":{"id":"lu-nt-sai-kung-46-06","class":"built_up","vegetationFraction":0.074,"pavedFraction":0.735,"waterFraction":0.029,"simulated":true},"geometry":{"type":"Polygon","coordinates":[[[114.25959999999998,22.37859999999999],[114.26119999999997,22.37859999999999],[114.26119999999997,22.38019999999999],[114.25959999999998,22.38019999999999],[114.25959999999998,22.37859999999999]]]}},{"type":"Feature","properties":{"id":"lu-nt-sai-kung-46-07","class":"built_up","vegetationFraction":0.092,"pavedFraction":0.745,"waterFraction":0.054,"simulated":true},"geometry":{"type":"Polygon","coordinates":[[[114.26119999999997,22.37859999999999],[114.26279999999997,22.37859999999999],[114.26279999999997,22.38019999999999],[114.26119999999997,22.38019999999999],[114.26119999999997,22.37859999999999]]]}},{"type":"Feature","properties":{"id":"lu-nt-sai-kung-46-08","class":"built_up","vegetationFraction":0.068,"pavedFraction":0.856,"waterFraction":0.015,"simulated":true},"geometry":{"type":"Polygon","coordinates":[[[114.26279999999997,22.37859999999999],[114.26439999999997,22.37859999999999],[114.26439999999997,22.38019999999999],[114.26279999999997,22.38019999999999],[114.26279999999997,22.37859999999999]]]}},{"type":"Feature","properties":{"id":"lu-nt-sai-kung-46-09","class":"built_up","vegetationFraction":0.108,"pavedFraction":0.815,"waterFraction":0.02,"simulated":true},"geometry":{"type":"Polygon","coordinates":[[[114.26439999999997,22.37859999999999],[114.26599999999996,22.37859999999999],[114.26599999999996,22.38019999999999],[114.26439999999997,22.38019999999999],[114.26439999999997,22.37859999999999]]]}},{"type":"Feature","properties":{"id":"lu-nt-sai-kung-46-10","class":"built_up","vegetationFraction":0.117,"pavedFraction":0.748,"waterFraction":0.058,"simulated":true},"geometry":{"type":"Polygon","coordinates":[[[114.26599999999996,22.37859999999999],[114.26759999999996,22.37859999999999],[114.26759999999996,22.38019999999999],[114.26599999999996,22.38019999999999],[114.26599999999996,22.37859999999999]]]}},{"type":"Feature","properties":{"id":"lu-nt-sai-kung-46-11","class":"built_up","vegetationFraction":0.077,"pavedFraction":0.622,"waterFraction":0.029,"simulated":true},"geometry":{"type":"Polygon","coordinates":[[[114.26759999999996,22.37859999999999],[114.26919999999996,22.37859999999999],[114.26919999999996,22.38019999999999],[114.26759999999996,22.38019999999999],[114.26759999999996,22.37859999999999]]]}},{"type":"Feature","properties":{"id":"lu-nt-sai-kung-46-12","class":"built_up","vegetationFraction":0.099,"pavedFraction":0.608,"waterFraction":0.033,"simulated":true},"geometry":{"type":"Polygon","coordinates":[[[114.26919999999996,22.37859999999999],[114.27079999999995,22.37859999999999],[114.27079999999995,22.38019999999999],[114.26919999999996,22.38019999999999],[114.26919999999996,22.37859999999999]]]}},{"type":"Feature","properties":{"id":"lu-nt-sai-kung-46-13","class":"built_up","vegetationFraction":0.114,"pavedFraction":0.822,"waterFraction":0.032,"simulated":true},"geometry":{"type":"Polygon","coordinates":[[[114.27079999999995,22.37859999999999],[114.27239999999995,22.37859999999999],[114.27239999999995,22.38019999999999],[114.27079999999995,22.38019999999999],[114.27079999999995,22.37859999999999]]]}},{"type":"Feature","properties":{"id":"lu-nt-sai-kung-46-14","class":"built_up","vegetationFraction":0.062,"pavedFraction":0.834,"waterFraction":0.044,"simulated":true},"geometry":{"type":"Polygon","coordinates":[[[114.27239999999995,22.37859999999999],[114.27399999999994,22.37859999999999],[114.27399999999994,22.38019999999999],[114.27239999999995,22.38019999999999],[114.27239999999995,22.37859999999999]]]}},{"type":"Feature","properties":{"id":"lu-nt-sai-kung-46-15","class":"built_up","vegetationFraction":0.121,"pavedFraction":0.798,"waterFraction":0.014,"simulated":true},"geometry":{"type":"Polygon","coordinates":[[[114.27399999999994,22.37859999999999],[114.27559999999994,22.37859999999999],[114.27559999999994,22.38019999999999],[114.27399999999994,22.38019999999999],[114.27399999999994,22.37859999999999]]]}},{"type":"Feature","properties":{"id":"lu-nt-sai-kung-46-16","class":"built_up","vegetationFraction":0.065,"pavedFraction":0.865,"waterFraction":0.015,"simulated":true},"geometry":{"type":"Polygon","coordinates":[[[114.27559999999994,22.37859999999999],[114.27719999999994,22.37859999999999],[114.27719999999994,22.38019999999999],[114.27559999999994,22.38019999999999],[114.27559999999994,22.37859999999999]]]}},{"type":"Feature","properties":{"id":"lu-nt-sai-kung-46-17","class":"built_up","vegetationFraction":0.076,"pavedFraction":0.799,"waterFraction":0.054,"simulated":true},"geometry":{"type":"Polygon","coordinates":[[[114.27719999999994,22.37859999999999],[114.27879999999993,22.37859999999999],[114.27879999999993,22.38019999999999],[114.27719999999994,22.38019999999999],[114.27719999999994,22.37859999999999]]]}},{"type":"Feature","properties":{"id":"lu-nt-sai-kung-46-18","class":"built_up","vegetationFraction":0.074,"pavedFraction":0.658,"waterFraction":0.039,"simulated":true},"geometry":{"type":"Polygon","coordinates":[[[114.27879999999993,22.37859999999999],[114.28039999999993,22.37859999999999],[114.28039999999993,22.38019999999999],[114.27879999999993,22.38019999999999],[114.27879999999993,22.37859999999999]]]}},{"type":"Feature","properties":{"id":"lu-nt-sai-kung-46-19","class":"built_up","vegetationFraction":0.127,"pavedFraction":0.633,"waterFraction":0.052,"simulated":true},"geometry":{"type":"Polygon","coordinates":[[[114.28039999999993,22.37859999999999],[114.28199999999993,22.37859999999999],[114.28199999999993,22.38019999999999],[114.28039999999993,22.38019999999999],[114.28039999999993,22.37859999999999]]]}},{"type":"Feature","properties":{"id":"lu-nt-sai-kung-46-20","class":"built_up","vegetationFraction":0.115,"pavedFraction":0.626,"waterFraction":0.027,"simulated":true},"geometry":{"type":"Polygon","coordinates":[[[114.28199999999993,22.37859999999999],[114.28359999999992,22.37859999999999],[114.28359999999992,22.38019999999999],[114.28199999999993,22.38019999999999],[114.28199999999993,22.37859999999999]]]}},{"type":"Feature","properties":{"id":"lu-nt-sai-kung-46-21","class":"built_up","vegetationFraction":0.131,"pavedFraction":0.628,"waterFraction":0.033,"simulated":true},"geometry":{"type":"Polygon","coordinates":[[[114.28359999999992,22.37859999999999],[114.28519999999992,22.37859999999999],[114.28519999999992,22.38019999999999],[114.28359999999992,22.38019999999999],[114.28359999999992,22.37859999999999]]]}},{"type":"Feature","properties":{"id":"lu-nt-sai-kung-46-22","class":"built_up","vegetationFraction":0.113,"pavedFraction":0.693,"waterFraction":0.012,"simulated":true},"geometry":{"type":"Polygon","coordinates":[[[114.28519999999992,22.37859999999999],[114.28679999999991,22.37859999999999],[114.28679999999991,22.38019999999999],[114.28519999999992,22.38019999999999],[114.28519999999992,22.37859999999999]]]}},{"type":"Feature","properties":{"id":"lu-nt-sai-kung-46-23","class":"built_up","vegetationFraction":0.134,"pavedFraction":0.775,"waterFraction":0.038,"simulated":true},"geometry":{"type":"Polygon","coordinates":[[[114.28679999999991,22.37859999999999],[114.28839999999991,22.37859999999999],[114.28839999999991,22.38019999999999],[114.28679999999991,22.38019999999999],[114.28679999999991,22.37859999999999]]]}},{"type":"Feature","properties":{"id":"lu-nt-sai-kung-46-24","class":"built_up","vegetationFraction":0.129,"pavedFraction":0.866,"waterFraction":0.004,"simulated":true},"geometry":{"type":"Polygon","coordinates":[[[114.28839999999991,22.37859999999999],[114.2899999999999,22.37859999999999],[114.2899999999999,22.38019999999999],[114.28839999999991,22.38019999999999],[114.28839999999991,22.37859999999999]]]}},{"type":"Feature","properties":{"id":"lu-nt-sai-kung-46-25","class":"built_up","vegetationFraction":0.067,"pavedFraction":0.887,"waterFraction":0.023,"simulated":true},"geometry":{"type":"Polygon","coordinates":[[[114.2899999999999,22.37859999999999],[114.2915999999999,22.37859999999999],[114.2915999999999,22.38019999999999],[114.2899999999999,22.38019999999999],[114.2899999999999,22.37859999999999]]]}},{"type":"Feature","properties":{"id":"lu-nt-sai-kung-46-26","class":"built_up","vegetationFraction":0.115,"pavedFraction":0.628,"waterFraction":0.057,"simulated":true},"geometry":{"type":"Polygon","coordinates":[[[114.2915999999999,22.37859999999999],[114.2931999999999,22.37859999999999],[114.2931999999999,22.38019999999999],[114.2915999999999,22.38019999999999],[114.2915999999999,22.37859999999999]]]}},{"type":"Feature","properties":{"id":"lu-nt-sai-kung-46-27","class":"built_up","vegetationFraction":0.068,"pavedFraction":0.664,"waterFraction":0.012,"simulated":true},"geometry":{"type":"Polygon","coordinates":[[[114.2931999999999,22.37859999999999],[114.2947999999999,22.37859999999999],[114.2947999999999,22.38019999999999],[114.2931999999999,22.38019999999999],[114.2931999999999,22.37859999999999]]]}},{"type":"Feature","properties":{"id":"lu-nt-sai-kung-46-28","class":"built_up","vegetationFraction":0.096,"pavedFraction":0.856,"waterFraction":0.054,"simulated":true},"geometry":{"type":"Polygon","coordinates":[[[114.2947999999999,22.37859999999999],[114.29639999999989,22.37859999999999],[114.29639999999989,22.38019999999999],[114.2947999999999,22.38019999999999],[114.2947999999999,22.37859999999999]]]}},{"type":"Feature","properties":{"id":"lu-nt-sai-kung-46-29","class":"built_up","vegetationFraction":0.077,"pavedFraction":0.681,"waterFraction":0.011,"simulated":true},"geometry":{"type":"Polygon","coordinates":[[[114.29639999999989,22.37859999999999],[114.29799999999989,22.37859999999999],[114.29799999999989,22.38019999999999],[114.29639999999989,22.38019999999999],[114.29639999999989,22.37859999999999]]]}},{"type":"Feature","properties":{"id":"lu-nt-sai-kung-46-30","class":"built_up","vegetationFraction":0.077,"pavedFraction":0.835,"waterFraction":0.038,"simulated":true},"geometry":{"type":"Polygon","coordinates":[[[114.29799999999989,22.37859999999999],[114.29959999999988,22.37859999999999],[114.29959999999988,22.38019999999999],[114.29799999999989,22.38019999999999],[114.29799999999989,22.37859999999999]]]}},{"type":"Feature","properties":{"id":"lu-nt-sai-kung-47-00","class":"urban_open_space","vegetationFraction":0.318,"pavedFraction":0.366,"waterFraction":0.051,"simulated":true},"geometry":{"type":"Polygon","coordinates":[[[114.25,22.38019999999999],[114.2516,22.38019999999999],[114.2516,22.38179999999999],[114.25,22.38179999999999],[114.25,22.38019999999999]]]}},{"type":"Feature","properties":{"id":"lu-nt-sai-kung-47-01","class":"urban_open_space","vegetationFraction":0.324,"pavedFraction":0.486,"waterFraction":0.013,"simulated":true},"geometry":{"type":"Polygon","coordinates":[[[114.2516,22.38019999999999],[114.25319999999999,22.38019999999999],[114.25319999999999,22.38179999999999],[114.2516,22.38179999999999],[114.2516,22.38019999999999]]]}},{"type":"Feature","properties":{"id":"lu-nt-sai-kung-47-02","class":"urban_open_space","vegetationFraction":0.384,"pavedFraction":0.628,"waterFraction":0.027,"simulated":true},"geometry":{"type":"Polygon","coordinates":[[[114.25319999999999,22.38019999999999],[114.25479999999999,22.38019999999999],[114.25479999999999,22.38179999999999],[114.25319999999999,22.38179999999999],[114.25319999999999,22.38019999999999]]]}},{"type":"Feature","properties":{"id":"lu-nt-sai-kung-47-03","class":"built_up","vegetationFraction":0.233,"pavedFraction":0.422,"waterFraction":0.035,"simulated":true},"geometry":{"type":"Polygon","coordinates":[[[114.25479999999999,22.38019999999999],[114.25639999999999,22.38019999999999],[114.25639999999999,22.38179999999999],[114.25479999999999,22.38179999999999],[114.25479999999999,22.38019999999999]]]}},{"type":"Feature","properties":{"id":"lu-nt-sai-kung-47-04","class":"built_up","vegetationFraction":0.246,"pavedFraction":0.648,"waterFraction":0.007,"simulated":true},"geometry":{"type":"Polygon","coordinates":[[[114.25639999999999,22.38019999999999],[114.25799999999998,22.38019999999999],[114.25799999999998,22.38179999999999],[114.25639999999999,22.38179999999999],[114.25639999999999,22.38019999999999]]]}},{"type":"Feature","properties":{"id":"lu-nt-sai-kung-47-05","class":"urban_open_space","vegetationFraction":0.314,"pavedFraction":0.499,"waterFraction":0.006,"simulated":true},"geometry":{"type":"Polygon","coordinates":[[[114.25799999999998,22.38019999999999],[114.25959999999998,22.38019999999999],[114.25959999999998,22.38179999999999],[114.25799999999998,22.38179999999999],[114.25799999999998,22.38019999999999]]]}},{"type":"Feature","properties":{"id":"lu-nt-sai-kung-47-06","class":"urban_open_space","vegetationFraction":0.324,"pavedFraction":0.636,"waterFraction":0.056,"simulated":true},"geometry":{"type":"Polygon","coordinates":[[[114.25959999999998,22.38019999999999],[114.26119999999997,22.38019999999999],[114.26119999999997,22.38179999999999],[114.25959999999998,22.38179999999999],[114.25959999999998,22.38019999999999]]]}},{"type":"Feature","properties":{"id":"lu-nt-sai-kung-47-07","class":"urban_open_space","vegetationFraction":0.345,"pavedFraction":0.452,"waterFraction":0.051,"simulated":true},"geometry":{"type":"Polygon","coordinates":[[[114.26119999999997,22.38019999999999],[114.26279999999997,22.38019999999999],[114.26279999999997,22.38179999999999],[114.26119999999997,22.38179999999999],[114.26119999999997,22.38019999999999]]]}},{"type":"Feature","properties":{"id":"lu-nt-sai-kung-47-08","class":"urban_open_space","vegetationFraction":0.268,"pavedFraction":0.438,"waterFraction":0.001,"simulated":true},"geometry":{"type":"Polygon","coordinates":[[[114.26279999999997,22.38019999999999],[114.26439999999997,22.38019999999999],[114.26439999999997,22.38179999999999],[114.26279999999997,22.38179999999999],[114.26279999999997,22.38019999999999]]]}},{"type":"Feature","properties":{"id":"lu-nt-sai-kung-47-09","class":"urban_open_space","vegetationFraction":0.298,"pavedFraction":0.443,"waterFraction":0.003,"simulated":true},"geometry":{"type":"Polygon","coordinates":[[[114.26439999999997,22.38019999999999],[114.26599999999996,22.38019999999999],[114.26599999999996,22.38179999999999],[114.26439999999997,22.38179999999999],[114.26439999999997,22.38019999999999]]]}},{"type":"Feature","properties":{"id":"lu-nt-sai-kung-47-10","class":"urban_open_space","vegetationFraction":0.362,"pavedFraction":0.468,"waterFraction":0.023,"simulated":true},"geometry":{"type":"Polygon","coordinates":[[[114.26599999999996,22.38019999999999],[114.26759999999996,22.38019999999999],[114.26759999999996,22.38179999999999],[114.26599999999996,22.38179999999999],[114.26599999999996,22.38019999999999]]]}},{"type":"Feature","properties":{"id":"lu-nt-sai-kung-47-11","class":"urban_open_space","vegetationFraction":0.309,"pavedFraction":0.625,"waterFraction":0.03,"simulated":true},"geometry":{"type":"Polygon","coordinates":[[[114.26759999999996,22.38019999999999],[114.26919999999996,22.38019999999999],[114.26919999999996,22.38179999999999],[114.26759999999996,22.38179999999999],[114.26759999999996,22.38019999999999]]]}},{"type":"Feature","properties":{"id":"lu-nt-sai-kung-47-12","class":"green_space","vegetationFraction":0.426,"pavedFraction":0.369,"waterFraction":0.051,"simulated":true},"geometry":{"type":"Polygon","coordinates":[[[114.26919999999996,22.38019999999999],[114.27079999999995,22.38019999999999],[114.27079999999995,22.38179999999999],[114.26919999999996,22.38179999999999],[114.26919999999996,22.38019999999999]]]}},{"type":"Feature","properties":{"id":"lu-nt-sai-kung-47-13","class":"urban_open_space","vegetationFraction":0.338,"pavedFraction":0.591,"waterFraction":0.006,"simulated":true},"geometry":{"type":"Polygon","coordinates":[[[114.27079999999995,22.38019999999999],[114.27239999999995,22.38019999999999],[114.27239999999995,22.38179999999999],[114.27079999999995,22.38179999999999],[114.27079999999995,22.38019999999999]]]}},{"type":"Feature","properties":{"id":"lu-nt-sai-kung-47-14","class":"built_up","vegetationFraction":0.218,"pavedFraction":0.623,"waterFraction":0.028,"simulated":true},"geometry":{"type":"Polygon","coordinates":[[[114.27239999999995,22.38019999999999],[114.27399999999994,22.38019999999999],[114.27399999999994,22.38179999999999],[114.27239999999995,22.38179999999999],[114.27239999999995,22.38019999999999]]]}},{"type":"Feature","properties":{"id":"lu-nt-sai-kung-47-15","class":"green_space","vegetationFraction":0.404,"pavedFraction":0.368,"waterFraction":0.056,"simulated":true},"geometry":{"type":"Polygon","coordinates":[[[114.27399999999994,22.38019999999999],[114.27559999999994,22.38019999999999],[114.27559999999994,22.38179999999999],[114.27399999999994,22.38179999999999],[114.27399999999994,22.38019999999999]]]}},{"type":"Feature","properties":{"id":"lu-nt-sai-kung-47-16","class":"green_space","vegetationFraction":0.403,"pavedFraction":0.625,"waterFraction":0.015,"simulated":true},"geometry":{"type":"Polygon","coordinates":[[[114.27559999999994,22.38019999999999],[114.27719999999994,22.38019999999999],[114.27719999999994,22.38179999999999],[114.27559999999994,22.38179999999999],[114.27559999999994,22.38019999999999]]]}},{"type":"Feature","properties":{"id":"lu-nt-sai-kung-47-17","class":"green_space","vegetationFraction":0.404,"pavedFraction":0.494,"waterFraction":0.001,"simulated":true},"geometry":{"type":"Polygon","coordinates":[[[114.27719999999994,22.38019999999999],[114.27879999999993,22.38019999999999],[114.27879999999993,22.38179999999999],[114.27719999999994,22.38179999999999],[114.27719999999994,22.38019999999999]]]}},{"type":"Feature","properties":{"id":"lu-nt-sai-kung-47-18","class":"built_up","vegetationFraction":0.231,"pavedFraction":0.649,"waterFraction":0.059,"simulated":true},"geometry":{"type":"Polygon","coordinates":[[[114.27879999999993,22.38019999999999],[114.28039999999993,22.38019999999999],[114.28039999999993,22.38179999999999],[114.27879999999993,22.38179999999999],[114.27879999999993,22.38019999999999]]]}},{"type":"Feature","properties":{"id":"lu-nt-sai-kung-47-19","class":"urban_open_space","vegetationFraction":0.362,"pavedFraction":0.408,"waterFraction":0.02,"simulated":true},"geometry":{"type":"Polygon","coordinates":[[[114.28039999999993,22.38019999999999],[114.28199999999993,22.38019999999999],[114.28199999999993,22.38179999999999],[114.28039999999993,22.38179999999999],[114.28039999999993,22.38019999999999]]]}},{"type":"Feature","properties":{"id":"lu-nt-sai-kung-47-20","class":"urban_open_space","vegetationFraction":0.369,"pavedFraction":0.583,"waterFraction":0.0,"simulated":true},"geometry":{"type":"Polygon","coordinates":[[[114.28199999999993,22.38019999999999],[114.28359999999992,22.38019999999999],[114.28359999999992,22.38179999999999],[114.28199999999993,22.38179999999999],[114.28199999999993,22.38019999999999]]]}},{"type":"Feature","properties":{"id":"lu-nt-sai-kung-47-21","class":"urban_open_space","vegetationFraction":0.368,"pavedFraction":0.548,"waterFraction":0.009,"simulated":true},"geometry":{"type":"Polygon","coordinates":[[[114.28359999999992,22.38019999999999],[114.28519999999992,22.38019999999999],[114.28519999999992,22.38179999999999],[114.28359999999992,22.38179999999999],[114.28359999999992,22.38019999999999]]]}},{"type":"Feature","properties":{"id":"lu-nt-sai-kung-47-22","class":"urban_open_space","vegetationFraction":0.29,"pavedFraction":0.384,"waterFraction":0.017,"simulated":true},"geometry":{"type":"Polygon","coordinates":[[[114.28519999999992,22.38019999999999],[114.28679999999991,22.38019999999999],[114.28679999999991,22.38179999999999],[114.28519999999992,22.38179999999999],[114.28519999999992,22.38019999999999]]]}},{"type":"Feature","properties":{"id":"lu-nt-sai-kung-47-23","class":"urban_open_space","vegetationFraction":0.391,"pavedFraction":0.443,"waterFraction":0.049,"simulated":true},"geometry":{"type":"Polygon","coordinates":[[[114.28679999999991,22.38019999999999],[114.28839999999991,22.38019999999999],[114.28839999999991,22.38179999999999],[114.28679999999991,22.38179999999999],[114.28679999999991,22.38019999999999]]]}},{"type":"Feature","properties":{"id":"lu-nt-sai-kung-47-24","class":"green_space","vegetationFraction":0.432,"pavedFraction":0.615,"waterFraction":0.042,"simulated":true},"geometry":{"type":"Polygon","coordinates":[[[114.28839999999991,22.38019999999999],[114.2899999999999,22.38019999999999],[114.2899999999999,22.38179999999999],[114.28839999999991,22.38179999999999],[114.28839999999991,22.38019999999999]]]}},{"type":"Feature","properties":{"id":"lu-nt-sai-kung-47-25","class":"green_space","vegetationFraction":0.447,"pavedFraction":0.465,"waterFraction":0.046,"simulated":true},"geometry":{"type":"Polygon","coordinates":[[[114.2899999999999,22.38019999999999],[114.2915999999999,22.38019999999999],[114.2915999999999,22.38179999999999],[114.2899999999999,22.38179999999999],[114.2899999999999,22.38019999999999]]]}},{"type":"Feature","properties":{"id":"lu-nt-sai-kung-47-26","class":"urban_open_space","vegetationFraction":0.39,"pavedFraction":0.541,"waterFraction":0.007,"simulated":true},"geometry":{"type":"Polygon","coordinates":[[[114.2915999999999,22.38019999999999],[114.2931999999999,22.38019999999999],[114.2931999999999,22.38179999999999],[114.2915999999999,22.38179999999999],[114.2915999999999,22.38019999999999]]]}},{"type":"Feature","properties":{"id":"lu-nt-sai-kung-47-27","class":"urban_open_space","vegetationFraction":0.264,"pavedFraction":0.384,"waterFraction":0.039,"simulated":true},"geometry":{"type":"Polygon","coordinates":[[[114.2931999999999,22.38019999999999],[114.2947999999999,22.38019999999999],[114.2947999999999,22.38179999999999],[114.2931999999999,22.38179999999999],[114.2931999999999,22.38019999999999]]]}},{"type":"Feature","properties":{"id":"lu-nt-sai-kung-47-28","class":"built_up","vegetationFraction":0.202,"pavedFraction":0.544,"waterFraction":0.034,"simulated":true},"geometry":{"type":"Polygon","coordinates":[[[114.2947999999999,22.38019999999999],[114.29639999999989,22.38019999999999],[114.29639999999989,22.38179999999999],[114.2947999999999,22.38179999999999],[114.2947999999999,22.38019999999999]]]}},{"type":"Feature","properties":{"id":"lu-nt-sai-kung-47-29","class":"green_space","vegetationFraction":0.436,"pavedFraction":0.484,"waterFraction":0.025,"simulated":true},"geometry":{"type":"Polygon","coordinates":[[[114.29639999999989,22.38019999999999],[114.29799999999989,22.38019999999999],[114.29799999999989,22.38179999999999],[114.29639999999989,22.38179999999999],[114.29639999999989,22.38019999999999]]]}},{"type":"Feature","properties":{"id":"lu-nt-sai-kung-47-30","class":"green_space","vegetationFraction":0.444,"pavedFraction":0.581,"waterFraction":0.017,"simulated":true},"geometry":{"type":"Polygon","coordinates":[[[114.29799999999989,22.38019999999999],[114.29959999999988,22.38019999999999],[114.29959999999988,22.38179999999999],[114.29799999999989,22.38179999999999],[114.29799999999989,22.38019999999999]]]}},{"type":"Feature","properties":{"id":"lu-nt-sai-kung-48-00","class":"built_up","vegetationFraction":0.208,"pavedFraction":0.604,"waterFraction":0.035,"simulated":true},"geometry":{"type":"Polygon","coordinates":[[[114.25,22.38179999999999],[114.2516,22.38179999999999],[114.2516,22.38339999999999],[114.25,22.38339999999999],[114.25,22.38179999999999]]]}},{"type":"Feature","properties":{"id":"lu-nt-sai-kung-48-01","class":"urban_open_space","vegetationFraction":0.294,"pavedFraction":0.379,"waterFraction":0.036,"simulated":true},"geometry":{"type":"Polygon","coordinates":[[[114.2516,22.38179999999999],[114.25319999999999,22.38179999999999],[114.25319999999999,22.38339999999999],[114.2516,22.38339999999999],[114.2516,22.38179999999999]]]}},{"type":"Feature","properties":{"id":"lu-nt-sai-kung-48-02","class":"urban_open_space","vegetationFraction":0.318,"pavedFraction":0.531,"waterFraction":0.001,"simulated":true},"geometry":{"type":"Polygon","coordinates":[[[114.25319999999999,22.38179999999999],[114.25479999999999,22.38179999999999],[114.25479999999999,22.38339999999999],[114.25319999999999,22.38339999999999],[114.25319999999999,22.38179999999999]]]}},{"type":"Feature","properties":{"id":"lu-nt-sai-kung-48-03","class":"urban_open_space","vegetationFraction":0.274,"pavedFraction":0.448,"waterFraction":0.014,"simulated":true},"geometry":{"type":"Polygon","coordinates":[[[114.25479999999999,22.38179999999999],[114.25639999999999,22.38179999999999],[114.25639999999999,22.38339999999999],[114.25479999999999,22.38339999999999],[114.25479999999999,22.38179999999999]]]}},{"type":"Feature","properties":{"id":"lu-nt-sai-kung-48-04","class":"green_space","vegetationFraction":0.419,"pavedFraction":0.543,"waterFraction":0.06,"simulated":true},"geometry":{"type":"Polygon","coordinates":[[[114.25639999999999,22.38179999999999],[114.25799999999998,22.38179999999999],[114.25799999999998,22.38339999999999],[114.25639999999999,22.38339999999999],[114.25639999999999,22.38179999999999]]]}},{"type":"Feature","properties":{"id":"lu-nt-sai-kung-48-05","class":"built_up","vegetationFraction":0.244,"pavedFraction":0.544,"waterFraction":0.048,"simulated":true},"geometry":{"type":"Polygon","coordinates":[[[114.25799999999998,22.38179999999999],[114.25959999999998,22.38179999999999],[114.25959999999998,22.38339999999999],[114.25799999999998,22.38339999999999],[114.25799999999998,22.38179999999999]]]}},{"type":"Feature","properties":{"id":"lu-nt-sai-kung-48-06","class":"urban_open_space","vegetationFraction":0.394,"pavedFraction":0.431,"waterFraction":0.048,"simulated":true},"geometry":{"type":"Polygon","coordinates":[[[114.25959999999998,22.38179999999999],[114.26119999999997,22.38179999999999],[114.26119999999997,22.38339999999999],[114.25959999999998,22.38339999999999],[114.25959999999998,22.38179999999999]]]}},{"type":"Feature","properties":{"id":"lu-nt-sai-kung-48-07","class":"urban_open_space","vegetationFraction":0.383,"pavedFraction":0.579,"waterFraction":0.034,"simulated":true},"geometry":{"type":"Polygon","coordinates":[[[114.26119999999997,22.38179999999999],[114.26279999999997,22.38179999999999],[114.26279999999997,22.38339999999999],[114.26119999999997,22.38339999999999],[114.26119999999997,22.38179999999999]]]}},{"type":"Feature","properties":{"id":"lu-nt-sai-kung-48-08","class":"urban_open_space","vegetationFraction":0.316,"pavedFraction":0.551,"waterFraction":0.01,"simulated":true},"geometry":{"type":"Polygon","coordinates":[[[114.26279999999997,22.38179999999999],[114.26439999999997,22.38179999999999],[114.26439999999997,22.38339999999999],[114.26279999999997,22.38339999999999],[114.26279999999997,22.38179999999999]]]}},{"type":"Feature","properties":{"id":"lu-nt-sai-kung-48-09","class":"urban_open_space","vegetationFraction":0.315,"pavedFraction":0.475,"waterFraction":0.03,"simulated":true},"geometry":{"type":"Polygon","coordinates":[[[114.26439999999997,22.38179999999999],[114.26599999999996,22.38179999999999],[114.26599999999996,22.38339999999999],[114.26439999999997,22.38339999999999],[114.26439999999997,22.38179999999999]]]}},{"type":"Feature","properties":{"id":"lu-nt-sai-kung-48-10","class":"urban_open_space","vegetationFraction":0.296,"pavedFraction":0.506,"waterFraction":0.024,"simulated":true},"geometry":{"type":"Polygon","coordinates":[[[114.26599999999996,22.38179999999999],[114.26759999999996,22.38179999999999],[114.26759999999996,22.38339999999999],[114.26599999999996,22.38339999999999],[114.26599999999996,22.38179999999999]]]}},{"type":"Feature","properties":{"id":"lu-nt-sai-kung-48-11","class":"green_space","vegetationFraction":0.444,"pavedFraction":0.53,"waterFraction":0.036,"simulated":true},"geometry":{"type":"Polygon","coordinates":[[[114.26759999999996,22.38179999999999],[114.26919999999996,22.38179999999999],[114.26919999999996,22.38339999999999],[114.26759999999996,22.38339999999999],[114.26759999999996,22.38179999999999]]]}},{"type":"Feature","properties":{"id":"lu-nt-sai-kung-48-12","class":"urban_open_space","vegetationFraction":0.281,"pavedFraction":0.437,"waterFraction":0.025,"simulated":true},"geometry":{"type":"Polygon","coordinates":[[[114.26919999999996,22.38179999999999],[114.27079999999995,22.38179999999999],[114.27079999999995,22.38339999999999],[114.26919999999996,22.38339999999999],[114.26919999999996,22.38179999999999]]]}},{"type":"Feature","properties":{"id":"lu-nt-sai-kung-48-13","class":"urban_open_space","vegetationFraction":0.289,"pavedFraction":0.409,"waterFraction":0.015,"simulated":true},"geometry":{"type":"Polygon","coordinates":[[[114.27079999999995,22.38179999999999],[114.27239999999995,22.38179999999999],[114.27239999999995,22.38339999999999],[114.27079999999995,22.38339999999999],[114.27079999999995,22.38179999999999]]]}},{"type":"Feature","properties":{"id":"lu-nt-sai-kung-48-14","class":"built_up","vegetationFraction":0.217,"pavedFraction":0.523,"waterFraction":0.047,"simulated":true},"geometry":{"type":"Polygon","coordinates":[[[114.27239999999995,22.38179999999999],[114.27399999999994,22.38179999999999],[114.27399999999994,22.38339999999999],[114.27239999999995,22.38339999999999],[114.27239999999995,22.38179999999999]]]}},{"type":"Feature","properties":{"id":"lu-nt-sai-kung-48-15","class":"urban_open_space","vegetationFraction":0.332,"pavedFraction":0.496,"waterFraction":0.049,"simulated":true},"geometry":{"type":"Polygon","coordinates":[[[114.27399999999994,22.38179999999999],[114.27559999999994,22.38179999999999],[114.27559999999994,22.38339999999999],[114.27399999999994,22.38339999999999],[114.27399999999994,22.38179999999999]]]}},{"type":"Feature","properties":{"id":"lu-nt-sai-kung-48-16","class":"urban_open_space","vegetationFraction":0.319,"pavedFraction":0.568,"waterFraction":0.019,"simulated":true},"geometry":{"type":"Polygon","coordinates":[[[114.27559999999994,22.38179999999999],[114.27719999999994,22.38179999999999],[114.27719999999994,22.38339999999999],[114.27559999999994,22.38339999999999],[114.27559999999994,22.38179999999999]]]}},{"type":"Feature","properties":{"id":"lu-nt-sai-kung-48-17","class":"built_up","vegetationFraction":0.248,"pavedFraction":0.459,"waterFraction":0.018,"simulated":true},"geometry":{"type":"Polygon","coordinates":[[[114.27719999999994,22.38179999999999],[114.27879999999993,22.38179999999999],[114.27879999999993,22.38339999999999],[114.27719999999994,22.38339999999999],[114.27719999999994,22.38179999999999]]]}},{"type":"Feature","properties":{"id":"lu-nt-sai-kung-48-18","class":"urban_open_space","vegetationFraction":0.313,"pavedFraction":0.531,"waterFraction":0.021,"simulated":true},"geometry":{"type":"Polygon","coordinates":[[[114.27879999999993,22.38179999999999],[114.28039999999993,22.38179999999999],[114.28039999999993,22.38339999999999],[114.27879999999993,22.38339999999999],[114.27879999999993,22.38179999999999]]]}},{"type":"Feature","properties":{"id":"lu-nt-sai-kung-48-19","class":"urban_open_space","vegetationFraction":0.349,"pavedFraction":0.362,"waterFraction":0.029,"simulated":true},"geometry":{"type":"Polygon","coordinates":[[[114.28039999999993,22.38179999999999],[114.28199999999993,22.38179999999999],[114.28199999999993,22.38339999999999],[114.28039999999993,22.38339999999999],[114.28039999999993,22.38179999999999]]]}},{"type":"Feature","properties":{"id":"lu-nt-sai-kung-48-20","class":"green_space","vegetationFraction":0.443,"pavedFraction":0.529,"waterFraction":0.012,"simulated":true},"geometry":{"type":"Polygon","coordinates":[[[114.28199999999993,22.38179999999999],[114.28359999999992,22.38179999999999],[114.28359999999992,22.38339999999999],[114.28199999999993,22.38339999999999],[114.28199999999993,22.38179999999999]]]}},{"type":"Feature","properties":{"id":"lu-nt-sai-kung-48-21","class":"urban_open_space","vegetationFraction":0.394,"pavedFraction":0.445,"waterFraction":0.029,"simulated":true},"geometry":{"type":"Polygon","coordinates":[[[114.28359999999992,22.38179999999999],[114.28519999999992,22.38179999999999],[114.28519999999992,22.38339999999999],[114.28359999999992,22.38339999999999],[114.28359999999992,22.38179999999999]]]}},{"type":"Feature","properties":{"id":"lu-nt-sai-kung-48-22","class":"built_up","vegetationFraction":0.241,"pavedFraction":0.618,"waterFraction":0.034,"simulated":true},"geometry":{"type":"Polygon","coordinates":[[[114.28519999999992,22.38179999999999],[114.28679999999991,22.38179999999999],[114.28679999999991,22.38339999999999],[114.28519999999992,22.38339999999999],[114.28519999999992,22.38179999999999]]]}},{"type":"Feature","properties":{"id":"lu-nt-sai-kung-48-23","class":"urban_open_space","vegetationFraction":0.279,"pavedFraction":0.37,"waterFraction":0.005,"simulated":true},"geometry":{"type":"Polygon","coordinates":[[[114.28679999999991,22.38179999999999],[114.28839999999991,22.38179999999999],[114.28839999999991,22.38339999999999],[114.28679999999991,22.38339999999999],[114.28679999999991,22.38179999999999]]]}},{"type":"Feature","properties":{"id":"lu-nt-sai-kung-48-24","class":"urban_open_space","vegetationFraction":0.398,"pavedFraction":0.561,"waterFraction":0.044,"simulated":true},"geometry":{"type":"Polygon","coordinates":[[[114.28839999999991,22.38179999999999],[114.2899999999999,22.38179999999999],[114.2899999999999,22.38339999999999],[114.28839999999991,22.38339999999999],[114.28839999999991,22.38179999999999]]]}},{"type":"Feature","properties":{"id":"lu-nt-sai-kung-48-25","class":"urban_open_space","vegetationFraction":0.292,"pavedFraction":0.496,"waterFraction":0.004,"simulated":true},"geometry":{"type":"Polygon","coordinates":[[[114.2899999999999,22.38179999999999],[114.2915999999999,22.38179999999999],[114.2915999999999,22.38339999999999],[114.2899999999999,22.38339999999999],[114.2899999999999,22.38179999999999]]]}},{"type":"Feature","properties":{"id":"lu-nt-sai-kung-48-26","class":"green_space","vegetationFraction":0.408,"pavedFraction":0.569,"waterFraction":0.04,"simulated":true},"geometry":{"type":"Polygon","coordinates":[[[114.2915999999999,22.38179999999999],[114.2931999999999,22.38179999999999],[114.2931999999999,22.38339999999999],[114.2915999999999,22.38339999999999],[114.2915999999999,22.38179999999999]]]}},{"type":"Feature","properties":{"id":"lu-nt-sai-kung-48-27","class":"green_space","vegetationFraction":0.405,"pavedFraction":0.604,"waterFraction":0.054,"simulated":true},"geometry":{"type":"Polygon","coordinates":[[[114.2931999999999,22.38179999999999],[114.2947999999999,22.38179999999999],[114.2947999999999,22.38339999999999],[114.2931999999999,22.38339999999999],[114.2931999999999,22.38179999999999]]]}},{"type":"Feature","properties":{"id":"lu-nt-sai-kung-48-28","class":"urban_open_space","vegetationFraction":0.267,"pavedFraction":0.403,"waterFraction":0.047,"simulated":true},"geometry":{"type":"Polygon","coordinates":[[[114.2947999999999,22.38179999999999],[114.29639999999989,22.38179999999999],[114.29639999999989,22.38339999999999],[114.2947999999999,22.38339999999999],[114.2947999999999,22.38179999999999]]]}},{"type":"Feature","properties":{"id":"lu-nt-sai-kung-48-29","class":"green_space","vegetationFraction":0.429,"pavedFraction":0.377,"waterFraction":0.028,"simulated":true},"geometry":{"type":"Polygon","coordinates":[[[114.29639999999989,22.38179999999999],[114.29799999999989,22.38179999999999],[114.29799999999989,22.38339999999999],[114.29639999999989,22.38339999999999],[114.29639999999989,22.38179999999999]]]}},{"type":"Feature","properties":{"id":"lu-nt-sai-kung-48-30","class":"urban_open_space","vegetationFraction":0.352,"pavedFraction":0.475,"waterFraction":0.023,"simulated":true},"geometry":{"type":"Polygon","coordinates":[[[114.29799999999989,22.38179999999999],[114.29959999999988,22.38179999999999],[114.29959999999988,22.38339999999999],[114.29799999999989,22.38339999999999],[114.29799999999989,22.38179999999999]]]}},{"type":"Feature","properties":{"id":"lu-nt-sai-kung-49-00","class":"built_up","vegetationFraction":0.219,"pavedFraction":0.45,"waterFraction":0.028,"simulated":true},"geometry":{"type":"Polygon","coordinates":[[[114.25,22.38339999999999],[114.2516,22.38339999999999],[114.2516,22.38499999999999],[114.25,22.38499999999999],[114.25,22.38339999999999]]]}},{"type":"Feature","properties":{"id":"lu-nt-sai-kung-49-01","class":"built_up","vegetationFraction":0.216,"pavedFraction":0.606,"waterFraction":0.0,"simulated":true},"geometry":{"type":"Polygon","coordinates":[[[114.2516,22.38339999999999],[114.25319999999999,22.38339999999999],[114.25319999999999,22.38499999999999],[114.2516,22.38499999999999],[114.2516,22.38339999999999]]]}},{"type":"Feature","properties":{"id":"lu-nt-sai-kung-49-02","class":"urban_open_space","vegetationFraction":0.278,"pavedFraction":0.631,"waterFraction":0.004,"simulated":true},"geometry":{"type":"Polygon","coordinates":[[[114.25319999999999,22.38339999999999],[114.25479999999999,22.38339999999999],[114.25479999999999,22.38499999999999],[114.25319999999999,22.38499999999999],[114.25319999999999,22.38339999999999]]]}},{"type":"Feature","properties":{"id":"lu-nt-sai-kung-49-03","class":"built_up","vegetationFraction":0.23,"pavedFraction":0.55,"waterFraction":0.021,"simulated":true},"geometry":{"type":"Polygon","coordinates":[[[114.25479999999999,22.38339999999999],[114.25639999999999,22.38339999999999],[114.25639999999999,22.38499999999999],[114.25479999999999,22.38499999999999],[114.25479999999999,22.38339999999999]]]}},{"type":"Feature","properties":{"id":"lu-nt-sai-kung-49-04","class":"built_up","vegetationFraction":0.216,"pavedFraction":0.43,"waterFraction":0.026,"simulated":true},"geometry":{"type":"Polygon","coordinates":[[[114.25639999999999,22.38339999999999],[114.25799999999998,22.38339999999999],[114.25799999999998,22.38499999999999],[114.25639999999999,22.38499999999999],[114.25639999999999,22.38339999999999]]]}},{"type":"Feature","properties":{"id":"lu-nt-sai-kung-49-05","class":"urban_open_space","vegetationFraction":0.35,"pavedFraction":0.429,"waterFraction":0.018,"simulated":true},"geometry":{"type":"Polygon","coordinates":[[[114.25799999999998,22.38339999999999],[114.25959999999998,22.38339999999999],[114.25959999999998,22.38499999999999],[114.25799999999998,22.38499999999999],[114.25799999999998,22.38339999999999]]]}},{"type":"Feature","properties":{"id":"lu-nt-sai-kung-49-06","class":"built_up","vegetationFraction":0.227,"pavedFraction":0.521,"waterFraction":0.008,"simulated":true},"geometry":{"type":"Polygon","coordinates":[[[114.25959999999998,22.38339999999999],[114.26119999999997,22.38339999999999],[114.26119999999997,22.38499999999999],[114.25959999999998,22.38499999999999],[114.25959999999998,22.38339999999999]]]}},{"type":"Feature","properties":{"id":"lu-nt-sai-kung-49-07","class":"green_space","vegetationFraction":0.438,"pavedFraction":0.621,"waterFraction":0.006,"simulated":true},"geometry":{"type":"Polygon","coordinates":[[[114.26119999999997,22.38339999999999],[114.26279999999997,22.38339999999999],[114.26279999999997,22.38499999999999],[114.26119999999997,22.38499999999999],[114.26119999999997,22.38339999999999]]]}},{"type":"Feature","properties":{"id":"lu-nt-sai-kung-49-08","class":"urban_open_space","vegetationFraction":0.368,"pavedFraction":0.464,"waterFraction":0.029,"simulated":true},"geometry":{"type":"Polygon","coordinates":[[[114.26279999999997,22.38339999999999],[114.26439999999997,22.38339999999999],[114.26439999999997,22.38499999999999],[114.26279999999997,22.38499999999999],[114.26279999999997,22.38339999999999]]]}},{"type":"Feature","properties":{"id":"lu-nt-sai-kung-49-09","class":"urban_open_space","vegetationFraction":0.297,"pavedFraction":0.429,"waterFraction":0.053,"simulated":true},"geometry":{"type":"Polygon","coordinates":[[[114.26439999999997,22.38339999999999],[114.26599999999996,22.38339999999999],[114.26599999999996,22.38499999999999],[114.26439999999997,22.38499999999999],[114.26439999999997,22.38339999999999]]]}},{"type":"Feature","properties":{"id":"lu-nt-sai-kung-49-10","class":"urban_open_space","vegetationFraction":0.312,"pavedFraction":0.632,"waterFraction":0.039,"simulated":true},"geometry":{"type":"Polygon","coordinates":[[[114.26599999999996,22.38339999999999],[114.26759999999996,22.38339999999999],[114.26759999999996,22.38499999999999],[114.26599999999996,22.38499999999999],[114.26599999999996,22.38339999999999]]]}},{"type":"Feature","properties":{"id":"lu-nt-sai-kung-49-11","class":"urban_open_space","vegetationFraction":0.296,"pavedFraction":0.37,"waterFraction":0.002,"simulated":true},"geometry":{"type":"Polygon","coordinates":[[[114.26759999999996,22.38339999999999],[114.26919999999996,22.38339999999999],[114.26919999999996,22.38499999999999],[114.26759999999996,22.38499999999999],[114.26759999999996,22.38339999999999]]]}},{"type":"Feature","properties":{"id":"lu-nt-sai-kung-49-12","class":"urban_open_space","vegetationFraction":0.352,"pavedFraction":0.41,"waterFraction":0.028,"simulated":true},"geometry":{"type":"Polygon","coordinates":[[[114.26919999999996,22.38339999999999],[114.27079999999995,22.38339999999999],[114.27079999999995,22.38499999999999],[114.26919999999996,22.38499999999999],[114.26919999999996,22.38339999999999]]]}},{"type":"Feature","properties":{"id":"lu-nt-sai-kung-49-13","class":"urban_open_space","vegetationFraction":0.383,"pavedFraction":0.476,"waterFraction":0.04,"simulated":true},"geometry":{"type":"Polygon","coordinates":[[[114.27079999999995,22.38339999999999],[114.27239999999995,22.38339999999999],[114.27239999999995,22.38499999999999],[114.27079999999995,22.38499999999999],[114.27079999999995,22.38339999999999]]]}},{"type":"Feature","properties":{"id":"lu-nt-sai-kung-49-14","class":"urban_open_space","vegetationFraction":0.362,"pavedFraction":0.388,"waterFraction":0.026,"simulated":true},"geometry":{"type":"Polygon","coordinates":[[[114.27239999999995,22.38339999999999],[114.27399999999994,22.38339999999999],[114.27399999999994,22.38499999999999],[114.27239999999995,22.38499999999999],[114.27239999999995,22.38339999999999]]]}},{"type":"Feature","properties":{"id":"lu-nt-sai-kung-49-15","class":"built_up","vegetationFraction":0.226,"pavedFraction":0.361,"waterFraction":0.016,"simulated":true},"geometry":{"type":"Polygon","coordinates":[[[114.27399999999994,22.38339999999999],[114.27559999999994,22.38339999999999],[114.27559999999994,22.38499999999999],[114.27399999999994,22.38499999999999],[114.27399999999994,22.38339999999999]]]}},{"type":"Feature","properties":{"id":"lu-nt-sai-kung-49-16","class":"green_space","vegetationFraction":0.42,"pavedFraction":0.548,"waterFraction":0.023,"simulated":true},"geometry":{"type":"Polygon","coordinates":[[[114.27559999999994,22.38339999999999],[114.27719999999994,22.38339999999999],[114.27719999999994,22.38499999999999],[114.27559999999994,22.38499999999999],[114.27559999999994,22.38339999999999]]]}},{"type":"Feature","properties":{"id":"lu-nt-sai-kung-49-17","class":"urban_open_space","vegetationFraction":0.287,"pavedFraction":0.486,"waterFraction":0.002,"simulated":true},"geometry":{"type":"Polygon","coordinates":[[[114.27719999999994,22.38339999999999],[114.27879999999993,22.38339999999999],[114.27879999999993,22.38499999999999],[114.27719999999994,22.38499999999999],[114.27719999999994,22.38339999999999]]]}},{"type":"Feature","properties":{"id":"lu-nt-sai-kung-49-18","class":"built_up","vegetationFraction":0.241,"pavedFraction":0.479,"waterFraction":0.047,"simulated":true},"geometry":{"type":"Polygon","coordinates":[[[114.27879999999993,22.38339999999999],[114.28039999999993,22.38339999999999],[114.28039999999993,22.38499999999999],[114.27879999999993,22.38499999999999],[114.27879999999993,22.38339999999999]]]}},{"type":"Feature","properties":{"id":"lu-nt-sai-kung-49-19","class":"green_space","vegetationFraction":0.448,"pavedFraction":0.518,"waterFraction":0.041,"simulated":true},"geometry":{"type":"Polygon","coordinates":[[[114.28039999999993,22.38339999999999],[114.28199999999993,22.38339999999999],[114.28199999999993,22.38499999999999],[114.28039999999993,22.38499999999999],[114.28039999999993,22.38339999999999]]]}},{"type":"Feature","properties":{"id":"lu-nt-sai-kung-49-20","class":"green_space","vegetationFraction":0.422,"pavedFraction":0.472,"waterFraction":0.055,"simulated":true},"geometry":{"type":"Polygon","coordinates":[[[114.28199999999993,22.38339999999999],[114.28359999999992,22.38339999999999],[114.28359999999992,22.38499999999999],[114.28199999999993,22.38499999999999],[114.28199999999993,22.38339999999999]]]}},{"type":"Feature","properties":{"id":"lu-nt-sai-kung-49-21","class":"built_up","vegetationFraction":0.202,"pavedFraction":0.623,"waterFraction":0.054,"simulated":true},"geometry":{"type":"Polygon","coordinates":[[[114.28359999999992,22.38339999999999],[114.28519999999992,22.38339999999999],[114.28519999999992,22.38499999999999],[114.28359999999992,22.38499999999999],[114.28359999999992,22.38339999999999]]]}},{"type":"Feature","properties":{"id":"lu-nt-sai-kung-49-22","class":"built_up","vegetationFraction":0.218,"pavedFraction":0.561,"waterFraction":0.047,"simulated":true},"geometry":{"type":"Polygon","coordinates":[[[114.28519999999992,22.38339999999999],[114.28679999999991,22.38339999999999],[114.28679999999991,22.38499999999999],[114.28519999999992,22.38499999999999],[114.28519999999992,22.38339999999999]]]}},{"type":"Feature","properties":{"id":"lu-nt-sai-kung-49-23","class":"urban_open_space","vegetationFraction":0.369,"pavedFraction":0.511,"waterFraction":0.02,"simulated":true},"geometry":{"type":"Polygon","coordinates":[[[114.28679999999991,22.38339999999999],[114.28839999999991,22.38339999999999],[114.28839999999991,22.38499999999999],[114.28679999999991,22.38499999999999],[114.28679999999991,22.38339999999999]]]}},{"type":"Feature","properties":{"id":"lu-nt-sai-kung-49-24","class":"green_space","vegetationFraction":0.441,"pavedFraction":0.382,"waterFraction":0.008,"simulated":true},"geometry":{"type":"Polygon","coordinates":[[[114.28839999999991,22.38339999999999],[114.2899999999999,22.38339999999999],[114.2899999999999,22.38499999999999],[114.28839999999991,22.38499999999999],[114.28839999999991,22.38339999999999]]]}},{"type":"Feature","properties":{"id":"lu-nt-sai-kung-49-25","class":"urban_open_space","vegetationFraction":0.39,"pavedFraction":0.562,"waterFraction":0.024,"simulated":true},"geometry":{"type":"Polygon","coordinates":[[[114.2899999999999,22.38339999999999],[114.2915999999999,22.38339999999999],[114.2915999999999,22.38499999999999],[114.2899999999999,22.38499999999999],[114.2899999999999,22.38339999999999]]]}},{"type":"Feature","properties":{"id":"lu-nt-sai-kung-49-26","class":"urban_open_space","vegetationFraction":0.348,"pavedFraction":0.354,"waterFraction":0.059,"simulated":true},"geometry":{"type":"Polygon","coordinates":[[[114.2915999999999,22.38339999999999],[114.2931999999999,22.38339999999999],[114.2931999999999,22.38499999999999],[114.2915999999999,22.38499999999999],[114.2915999999999,22.38339999999999]]]}},{"type":"Feature","properties":{"id":"lu-nt-sai-kung-49-27","class":"built_up","vegetationFraction":0.212,"pavedFraction":0.546,"waterFraction":0.058,"simulated":true},"geometry":{"type":"Polygon","coordinates":[[[114.2931999999999,22.38339999999999],[114.2947999999999,22.38339999999999],[114.2947999999999,22.38499999999999],[114.2931999999999,22.38499999999999],[114.2931999999999,22.38339999999999]]]}},{"type":"Feature","properties":{"id":"lu-nt-sai-kung-49-28","class":"urban_open_space","vegetationFraction":0.396,"pavedFraction":0.642,"waterFraction":0.013,"simulated":true},"geometry":{"type":"Polygon","coordinates":[[[114.2947999999999,22.38339999999999],[114.29639999999989,22.38339999999999],[114.29639999999989,22.38499999999999],[114.2947999999999,22.38499999999999],[114.2947999999999,22.38339999999999]]]}},{"type":"Feature","properties":{"id":"lu-nt-sai-kung-49-29","class":"green_space","vegetationFraction":0.412,"pavedFraction":0.544,"waterFraction":0.005,"simulated":true},"geometry":{"type":"Polygon","coordinates":[[[114.29639999999989,22.38339999999999],[114.29799999999989,22.38339999999999],[114.29799999999989,22.38499999999999],[114.29639999999989,22.38499999999999],[114.29639999999989,22.38339999999999]]]}},{"type":"Feature","properties":{"id":"lu-nt-sai-kung-49-30","class":"green_space","vegetationFraction":0.416,"pavedFraction":0.477,"waterFraction":0.04,"simulated":true},"geometry":{"type":"Polygon","coordinates":[[[114.29799999999989,22.38339999999999],[114.29959999999988,22.38339999999999],[114.29959999999988,22.38499999999999],[114.29799999999989,22.38499999999999],[114.29799999999989,22.38339999999999]]]}},{"type":"Feature","properties":{"id":"lu-nt-sai-kung-50-00","class":"built_up","vegetationFraction":0.242,"pavedFraction":0.615,"waterFraction":0.052,"simulated":true},"geometry":{"type":"Polygon","coordinates":[[[114.25,22.38499999999999],[114.2516,22.38499999999999],[114.2516,22.38659999999999],[114.25,22.38659999999999],[114.25,22.38499999999999]]]}},{"type":"Feature","properties":{"id":"lu-nt-sai-kung-50-01","class":"urban_open_space","vegetationFraction":0.305,"pavedFraction":0.47,"waterFraction":0.028,"simulated":true},"geometry":{"type":"Polygon","coordinates":[[[114.2516,22.38499999999999],[114.25319999999999,22.38499999999999],[114.25319999999999,22.38659999999999],[114.2516,22.38659999999999],[114.2516,22.38499999999999]]]}},{"type":"Feature","properties":{"id":"lu-nt-sai-kung-50-02","class":"built_up","vegetationFraction":0.229,"pavedFraction":0.556,"waterFraction":0.006,"simulated":true},"geometry":{"type":"Polygon","coordinates":[[[114.25319999999999,22.38499999999999],[114.25479999999999,22.38499999999999],[114.25479999999999,22.38659999999999],[114.25319999999999,22.38659999999999],[114.25319999999999,22.38499999999999]]]}},{"type":"Feature","properties":{"id":"lu-nt-sai-kung-50-03","class":"urban_open_space","vegetationFraction":0.317,"pavedFraction":0.431,"waterFraction":0.056,"simulated":true},"geometry":{"type":"Polygon","coordinates":[[[114.25479999999999,22.38499999999999],[114.25639999999999,22.38499999999999],[114.25639999999999,22.38659999999999],[114.25479999999999,22.38659999999999],[114.25479999999999,22.38499999999999]]]}},{"type":"Feature","properties":{"id":"lu-nt-sai-kung-50-04","class":"urban_open_space","vegetationFraction":0.286,"pavedFraction":0.616,"waterFraction":0.045,"simulated":true},"geometry":{"type":"Polygon","coordinates":[[[114.25639999999999,22.38499999999999],[114.25799999999998,22.38499999999999],[114.25799999999998,22.38659999999999],[114.25639999999999,22.38659999999999],[114.25639999999999,22.38499999999999]]]}},{"type":"Feature","properties":{"id":"lu-nt-sai-kung-50-05","class":"urban_open_space","vegetationFraction":0.355,"pavedFraction":0.538,"waterFraction":0.055,"simulated":true},"geometry":{"type":"Polygon","coordinates":[[[114.25799999999998,22.38499999999999],[114.25959999999998,22.38499999999999],[114.25959999999998,22.38659999999999],[114.25799999999998,22.38659999999999],[114.25799999999998,22.38499999999999]]]}},{"type":"Feature","properties":{"id":"lu-nt-sai-kung-50-06","class":"green_space","vegetationFraction":0.412,"pavedFraction":0.642,"waterFraction":0.026,"simulated":true},"geometry":{"type":"Polygon","coordinates":[[[114.25959999999998,22.38499999999999],[114.26119999999997,22.38499999999999],[114.26119999999997,22.38659999999999],[114.25959999999998,22.38659999999999],[114.25959999999998,22.38499999999999]]]}},{"type":"Feature","properties":{"id":"lu-nt-sai-kung-50-07","class":"built_up","vegetationFraction":0.234,"pavedFraction":0.517,"waterFraction":0.06,"simulated":true},"geometry":{"type":"Polygon","coordinates":[[[114.26119999999997,22.38499999999999],[114.26279999999997,22.38499999999999],[114.26279999999997,22.38659999999999],[114.26119999999997,22.38659999999999],[114.26119999999997,22.38499999999999]]]}},{"type":"Feature","properties":{"id":"lu-nt-sai-kung-50-08","class":"green_space","vegetationFraction":0.402,"pavedFraction":0.563,"waterFraction":0.016,"simulated":true},"geometry":{"type":"Polygon","coordinates":[[[114.26279999999997,22.38499999999999],[114.26439999999997,22.38499999999999],[114.26439999999997,22.38659999999999],[114.26279999999997,22.38659999999999],[114.26279999999997,22.38499999999999]]]}},{"type":"Feature","properties":{"id":"lu-nt-sai-kung-50-09","class":"built_up","vegetationFraction":0.217,"pavedFraction":0.396,"waterFraction":0.042,"simulated":true},"geometry":{"type":"Polygon","coordinates":[[[114.26439999999997,22.38499999999999],[114.26599999999996,22.38499999999999],[114.26599999999996,22.38659999999999],[114.26439999999997,22.38659999999999],[114.26439999999997,22.38499999999999]]]}},{"type":"Feature","properties":{"id":"lu-nt-sai-kung-50-10","class":"urban_open_space","vegetationFraction":0.38,"pavedFraction":0.446,"waterFraction":0.04,"simulated":true},"geometry":{"type":"Polygon","coordinates":[[[114.26599999999996,22.38499999999999],[114.26759999999996,22.38499999999999],[114.26759999999996,22.38659999999999],[114.26599999999996,22.38659999999999],[114.26599999999996,22.38499999999999]]]}},{"type":"Feature","properties":{"id":"lu-nt-sai-kung-50-11","class":"urban_open_space","vegetationFraction":0.394,"pavedFraction":0.51,"waterFraction":0.059,"simulated":true},"geometry":{"type":"Polygon","coordinates":[[[114.26759999999996,22.38499999999999],[114.26919999999996,22.38499999999999],[114.26919999999996,22.38659999999999],[114.26759999999996,22.38659999999999],[114.26759999999996,22.38499999999999]]]}},{"type":"Feature","properties":{"id":"lu-nt-sai-kung-50-12","class":"urban_open_space","vegetationFraction":0.331,"pavedFraction":0.551,"waterFraction":0.019,"simulated":true},"geometry":{"type":"Polygon","coordinates":[[[114.26919999999996,22.38499999999999],[114.27079999999995,22.38499999999999],[114.27079999999995,22.38659999999999],[114.26919999999996,22.38659999999999],[114.26919999999996,22.38499999999999]]]}},{"type":"Feature","properties":{"id":"lu-nt-sai-kung-50-13","class":"urban_open_space","vegetationFraction":0.259,"pavedFraction":0.622,"waterFraction":0.032,"simulated":true},"geometry":{"type":"Polygon","coordinates":[[[114.27079999999995,22.38499999999999],[114.27239999999995,22.38499999999999],[114.27239999999995,22.38659999999999],[114.27079999999995,22.38659999999999],[114.27079999999995,22.38499999999999]]]}},{"type":"Feature","properties":{"id":"lu-nt-sai-kung-50-14","class":"urban_open_space","vegetationFraction":0.371,"pavedFraction":0.599,"waterFraction":0.044,"simulated":true},"geometry":{"type":"Polygon","coordinates":[[[114.27239999999995,22.38499999999999],[114.27399999999994,22.38499999999999],[114.27399999999994,22.38659999999999],[114.27239999999995,22.38659999999999],[114.27239999999995,22.38499999999999]]]}},{"type":"Feature","properties":{"id":"lu-nt-sai-kung-50-15","class":"urban_open_space","vegetationFraction":0.328,"pavedFraction":0.531,"waterFraction":0.023,"simulated":true},"geometry":{"type":"Polygon","coordinates":[[[114.27399999999994,22.38499999999999],[114.27559999999994,22.38499999999999],[114.27559999999994,22.38659999999999],[114.27399999999994,22.38659999999999],[114.27399999999994,22.38499999999999]]]}},{"type":"Feature","properties":{"id":"lu-nt-sai-kung-50-16","class":"green_space","vegetationFraction":0.42,"pavedFraction":0.618,"waterFraction":0.045,"simulated":true},"geometry":{"type":"Polygon","coordinates":[[[114.27559999999994,22.38499999999999],[114.27719999999994,22.38499999999999],[114.27719999999994,22.38659999999999],[114.27559999999994,22.38659999999999],[114.27559999999994,22.38499999999999]]]}},{"type":"Feature","properties":{"id":"lu-nt-sai-kung-50-17","class":"green_space","vegetationFraction":0.413,"pavedFraction":0.502,"waterFraction":0.0,"simulated":true},"geometry":{"type":"Polygon","coordinates":[[[114.27719999999994,22.38499999999999],[114.27879999999993,22.38499999999999],[114.27879999999993,22.38659999999999],[114.27719999999994,22.38659999999999],[114.27719999999994,22.38499999999999]]]}},{"type":"Feature","properties":{"id":"lu-nt-sai-kung-50-18","class":"green_space","vegetationFraction":0.403,"pavedFraction":0.374,"waterFraction":0.05,"simulated":true},"geometry":{"type":"Polygon","coordinates":[[[114.27879999999993,22.38499999999999],[114.28039999999993,22.38499999999999],[114.28039999999993,22.38659999999999],[114.27879999999993,22.38659999999999],[114.27879999999993,22.38499999999999]]]}},{"type":"Feature","properties":{"id":"lu-nt-sai-kung-50-19","class":"built_up","vegetationFraction":0.21,"pavedFraction":0.516,"waterFraction":0.06,"simulated":true},"geometry":{"type":"Polygon","coordinates":[[[114.28039999999993,22.38499999999999],[114.28199999999993,22.38499999999999],[114.28199999999993,22.38659999999999],[114.28039999999993,22.38659999999999],[114.28039999999993,22.38499999999999]]]}},{"type":"Feature","properties":{"id":"lu-nt-sai-kung-50-20","class":"urban_open_space","vegetationFraction":0.396,"pavedFraction":0.508,"waterFraction":0.033,"simulated":true},"geometry":{"type":"Polygon","coordinates":[[[114.28199999999993,22.38499999999999],[114.28359999999992,22.38499999999999],[114.28359999999992,22.38659999999999],[114.28199999999993,22.38659999999999],[114.28199999999993,22.38499999999999]]]}},{"type":"Feature","properties":{"id":"lu-nt-sai-kung-50-21","class":"urban_open_space","vegetationFraction":0.368,"pavedFraction":0.388,"waterFraction":0.035,"simulated":true},"geometry":{"type":"Polygon","coordinates":[[[114.28359999999992,22.38499999999999],[114.28519999999992,22.38499999999999],[114.28519999999992,22.38659999999999],[114.28359999999992,22.38659999999999],[114.28359999999992,22.38499999999999]]]}},{"type":"Feature","properties":{"id":"lu-nt-sai-kung-50-22","class":"urban_open_space","vegetationFraction":0.316,"pavedFraction":0.53,"waterFraction":0.025,"simulated":true},"geometry":{"type":"Polygon","coordinates":[[[114.28519999999992,22.38499999999999],[114.28679999999991,22.38499999999999],[114.28679999999991,22.38659999999999],[114.28519999999992,22.38659999999999],[114.28519999999992,22.38499999999999]]]}},{"type":"Feature","properties":{"id":"lu-nt-sai-kung-50-23","class":"urban_open_space","vegetationFraction":0.262,"pavedFraction":0.385,"waterFraction":0.052,"simulated":true},"geometry":{"type":"Polygon","coordinates":[[[114.28679999999991,22.38499999999999],[114.28839999999991,22.38499999999999],[114.28839999999991,22.38659999999999],[114.28679999999991,22.38659999999999],[114.28679999999991,22.38499999999999]]]}},{"type":"Feature","properties":{"id":"lu-nt-sai-kung-50-24","class":"urban_open_space","vegetationFraction":0.275,"pavedFraction":0.571,"waterFraction":0.038,"simulated":true},"geometry":{"type":"Polygon","coordinates":[[[114.28839999999991,22.38499999999999],[114.2899999999999,22.38499999999999],[114.2899999999999,22.38659999999999],[114.28839999999991,22.38659999999999],[114.28839999999991,22.38499999999999]]]}},{"type":"Feature","properties":{"id":"lu-nt-sai-kung-50-25","class":"urban_open_space","vegetationFraction":0.274,"pavedFraction":0.577,"waterFraction":0.046,"simulated":true},"geometry":{"type":"Polygon","coordinates":[[[114.2899999999999,22.38499999999999],[114.2915999999999,22.38499999999999],[114.2915999999999,22.38659999999999],[114.2899999999999,22.38659999999999],[114.2899999999999,22.38499999999999]]]}},{"type":"Feature","properties":{"id":"lu-nt-sai-kung-50-26","class":"urban_open_space","vegetationFraction":0.273,"pavedFraction":0.438,"waterFraction":0.019,"simulated":true},"geometry":{"type":"Polygon","coordinates":[[[114.2915999999999,22.38499999999999],[114.2931999999999,22.38499999999999],[114.2931999999999,22.38659999999999],[114.2915999999999,22.38659999999999],[114.2915999999999,22.38499999999999]]]}},{"type":"Feature","properties":{"id":"lu-nt-sai-kung-50-27","class":"urban_open_space","vegetationFraction":0.394,"pavedFraction":0.469,"waterFraction":0.021,"simulated":true},"geometry":{"type":"Polygon","coordinates":[[[114.2931999999999,22.38499999999999],[114.2947999999999,22.38499999999999],[114.2947999999999,22.38659999999999],[114.2931999999999,22.38659999999999],[114.2931999999999,22.38499999999999]]]}},{"type":"Feature","properties":{"id":"lu-nt-sai-kung-50-28","class":"green_space","vegetationFraction":0.443,"pavedFraction":0.45,"waterFraction":0.023,"simulated":true},"geometry":{"type":"Polygon","coordinates":[[[114.2947999999999,22.38499999999999],[114.29639999999989,22.38499999999999],[114.29639999999989,22.38659999999999],[114.2947999999999,22.38659999999999],[114.2947999999999,22.38499999999999]]]}},{"type":"Feature","properties":{"id":"lu-nt-sai-kung-50-29","class":"built_up","vegetationFraction":0.245,"pavedFraction":0.602,"waterFraction":0.053,"simulated":true},"geometry":{"type":"Polygon","coordinates":[[[114.29639999999989,22.38499999999999],[114.29799999999989,22.38499999999999],[114.29799999999989,22.38659999999999],[114.29639999999989,22.38659999999999],[114.29639999999989,22.38499999999999]]]}},{"type":"Feature","properties":{"id":"lu-nt-sai-kung-50-30","class":"urban_open_space","vegetationFraction":0.253,"pavedFraction":0.504,"waterFraction":0.041,"simulated":true},"geometry":{"type":"Polygon","coordinates":[[[114.29799999999989,22.38499999999999],[114.29959999999988,22.38499999999999],[114.29959999999988,22.38659999999999],[114.29799999999989,22.38659999999999],[114.29799999999989,22.38499999999999]]]}},{"type":"Feature","properties":{"id":"lu-nt-sai-kung-51-00","class":"urban_open_space","vegetationFraction":0.336,"pavedFraction":0.351,"waterFraction":0.018,"simulated":true},"geometry":{"type":"Polygon","coordinates":[[[114.25,22.38659999999999],[114.2516,22.38659999999999],[114.2516,22.38819999999999],[114.25,22.38819999999999],[114.25,22.38659999999999]]]}},{"type":"Feature","properties":{"id":"lu-nt-sai-kung-51-01","class":"urban_open_space","vegetationFraction":0.283,"pavedFraction":0.451,"waterFraction":0.042,"simulated":true},"geometry":{"type":"Polygon","coordinates":[[[114.2516,22.38659999999999],[114.25319999999999,22.38659999999999],[114.25319999999999,22.38819999999999],[114.2516,22.38819999999999],[114.2516,22.38659999999999]]]}},{"type":"Feature","properties":{"id":"lu-nt-sai-kung-51-02","class":"urban_open_space","vegetationFraction":0.281,"pavedFraction":0.614,"waterFraction":0.004,"simulated":true},"geometry":{"type":"Polygon","coordinates":[[[114.25319999999999,22.38659999999999],[114.25479999999999,22.38659999999999],[114.25479999999999,22.38819999999999],[114.25319999999999,22.38819999999999],[114.25319999999999,22.38659999999999]]]}},{"type":"Feature","properties":{"id":"lu-nt-sai-kung-51-03","class":"green_space","vegetationFraction":0.443,"pavedFraction":0.434,"waterFraction":0.026,"simulated":true},"geometry":{"type":"Polygon","coordinates":[[[114.25479999999999,22.38659999999999],[114.25639999999999,22.38659999999999],[114.25639999999999,22.38819999999999],[114.25479999999999,22.38819999999999],[114.25479999999999,22.38659999999999]]]}},{"type":"Feature","properties":{"id":"lu-nt-sai-kung-51-04","class":"urban_open_space","vegetationFraction":0.343,"pavedFraction":0.604,"waterFraction":0.002,"simulated":true},"geometry":{"type":"Polygon","coordinates":[[[114.25639999999999,22.38659999999999],[114.25799999999998,22.38659999999999],[114.25799999999998,22.38819999999999],[114.25639999999999,22.38819999999999],[114.25639999999999,22.38659999999999]]]}},{"type":"Feature","properties":{"id":"lu-nt-sai-kung-51-05","class":"urban_open_space","vegetationFraction":0.398,"pavedFraction":0.424,"waterFraction":0.05,"simulated":true},"geometry":{"type":"Polygon","coordinates":[[[114.25799999999998,22.38659999999999],[114.25959999999998,22.38659999999999],[114.25959999999998,22.38819999999999],[114.25799999999998,22.38819999999999],[114.25799999999998,22.38659999999999]]]}},{"type":"Feature","properties":{"id":"lu-nt-sai-kung-51-06","class":"built_up","vegetationFraction":0.241,"pavedFraction":0.634,"waterFraction":0.027,"simulated":true},"geometry":{"type":"Polygon","coordinates":[[[114.25959999999998,22.38659999999999],[114.26119999999997,22.38659999999999],[114.26119999999997,22.38819999999999],[114.25959999999998,22.38819999999999],[114.25959999999998,22.38659999999999]]]}},{"type":"Feature","properties":{"id":"lu-nt-sai-kung-51-07","class":"built_up","vegetationFraction":0.249,"pavedFraction":0.528,"waterFraction":0.027,"simulated":true},"geometry":{"type":"Polygon","coordinates":[[[114.26119999999997,22.38659999999999],[114.26279999999997,22.38659999999999],[114.26279999999997,22.38819999999999],[114.26119999999997,22.38819999999999],[114.26119999999997,22.38659999999999]]]}},{"type":"Feature","properties":{"id":"lu-nt-sai-kung-51-08","class":"green_space","vegetationFraction":0.448,"pavedFraction":0.561,"waterFraction":0.048,"simulated":true},"geometry":{"type":"Polygon","coordinates":[[[114.26279999999997,22.38659999999999],[114.26439999999997,22.38659999999999],[114.26439999999997,22.38819999999999],[114.26279999999997,22.38819999999999],[114.26279999999997,22.38659999999999]]]}},{"type":"Feature","properties":{"id":"lu-nt-sai-kung-51-09","class":"urban_open_space","vegetationFraction":0.325,"pavedFraction":0.502,"waterFraction":0.022,"simulated":true},"geometry":{"type":"Polygon","coordinates":[[[114.26439999999997,22.38659999999999],[114.26599999999996,22.38659999999999],[114.26599999999996,22.38819999999999],[114.26439999999997,22.38819999999999],[114.26439999999997,22.38659999999999]]]}},{"type":"Feature","properties":{"id":"lu-nt-sai-kung-51-10","class":"urban_open_space","vegetationFraction":0.263,"pavedFraction":0.522,"waterFraction":0.04,"simulated":true},"geometry":{"type":"Polygon","coordinates":[[[114.26599999999996,22.38659999999999],[114.26759999999996,22.38659999999999],[114.26759999999996,22.38819999999999],[114.26599999999996,22.38819999999999],[114.26599999999996,22.38659999999999]]]}},{"type":"Feature","properties":{"id":"lu-nt-sai-kung-51-11","class":"urban_open_space","vegetationFraction":0.381,"pavedFraction":0.375,"waterFraction":0.034,"simulated":true},"geometry":{"type":"Polygon","coordinates":[[[114.26759999999996,22.38659999999999],[114.26919999999996,22.38659999999999],[114.26919999999996,22.38819999999999],[114.26759999999996,22.38819999999999],[114.26759999999996,22.38659999999999]]]}},{"type":"Feature","properties":{"id":"lu-nt-sai-kung-51-12","class":"urban_open_space","vegetationFraction":0.315,"pavedFraction":0.594,"waterFraction":0.02,"simulated":true},"geometry":{"type":"Polygon","coordinates":[[[114.26919999999996,22.38659999999999],[114.27079999999995,22.38659999999999],[114.27079999999995,22.38819999999999],[114.26919999999996,22.38819999999999],[114.26919999999996,22.38659999999999]]]}},{"type":"Feature","properties":{"id":"lu-nt-sai-kung-51-13","class":"built_up","vegetationFraction":0.232,"pavedFraction":0.469,"waterFraction":0.03,"simulated":true},"geometry":{"type":"Polygon","coordinates":[[[114.27079999999995,22.38659999999999],[114.27239999999995,22.38659999999999],[114.27239999999995,22.38819999999999],[114.27079999999995,22.38819999999999],[114.27079999999995,22.38659999999999]]]}},{"type":"Feature","properties":{"id":"lu-nt-sai-kung-51-14","class":"green_space","vegetationFraction":0.414,"pavedFraction":0.351,"waterFraction":0.004,"simulated":true},"geometry":{"type":"Polygon","coordinates":[[[114.27239999999995,22.38659999999999],[114.27399999999994,22.38659999999999],[114.27399999999994,22.38819999999999],[114.27239999999995,22.38819999999999],[114.27239999999995,22.38659999999999]]]}},{"type":"Feature","properties":{"id":"lu-nt-sai-kung-51-15","class":"green_space","vegetationFraction":0.404,"pavedFraction":0.558,"waterFraction":0.041,"simulated":true},"geometry":{"type":"Polygon","coordinates":[[[114.27399999999994,22.38659999999999],[114.27559999999994,22.38659999999999],[114.27559999999994,22.38819999999999],[114.27399999999994,22.38819999999999],[114.27399999999994,22.38659999999999]]]}},{"type":"Feature","properties":{"id":"lu-nt-sai-kung-51-16","class":"urban_open_space","vegetationFraction":0.35,"pavedFraction":0.526,"waterFraction":0.013,"simulated":true},"geometry":{"type":"Polygon","coordinates":[[[114.27559999999994,22.38659999999999],[114.27719999999994,22.38659999999999],[114.27719999999994,22.38819999999999],[114.27559999999994,22.38819999999999],[114.27559999999994,22.38659999999999]]]}},{"type":"Feature","properties":{"id":"lu-nt-sai-kung-51-17","class":"urban_open_space","vegetationFraction":0.342,"pavedFraction":0.625,"waterFraction":0.0,"simulated":true},"geometry":{"type":"Polygon","coordinates":[[[114.27719999999994,22.38659999999999],[114.27879999999993,22.38659999999999],[114.27879999999993,22.38819999999999],[114.27719999999994,22.38819999999999],[114.27719999999994,22.38659999999999]]]}},{"type":"Feature","properties":{"id":"lu-nt-sai-kung-51-18","class":"built_up","vegetationFraction":0.224,"pavedFraction":0.469,"waterFraction":0.042,"simulated":true},"geometry":{"type":"Polygon","coordinates":[[[114.27879999999993,22.38659999999999],[114.28039999999993,22.38659999999999],[114.28039999999993,22.38819999999999],[114.27879999999993,22.38819999999999],[114.27879999999993,22.38659999999999]]]}},{"type":"Feature","properties":{"id":"lu-nt-sai-kung-51-19","class":"built_up","vegetationFraction":0.201,"pavedFraction":0.359,"waterFraction":0.055,"simulated":true},"geometry":{"type":"Polygon","coordinates":[[[114.28039999999993,22.38659999999999],[114.28199999999993,22.38659999999999],[114.28199999999993,22.38819999999999],[114.28039999999993,22.38819999999999],[114.28039999999993,22.38659999999999]]]}},{"type":"Feature","properties":{"id":"lu-nt-sai-kung-51-20","class":"urban_open_space","vegetationFraction":0.318,"pavedFraction":0.642,"waterFraction":0.012,"simulated":true},"geometry":{"type":"Polygon","coordinates":[[[114.28199999999993,22.38659999999999],[114.28359999999992,22.38659999999999],[114.28359999999992,22.38819999999999],[114.28199999999993,22.38819999999999],[114.28199999999993,22.38659999999999]]]}},{"type":"Feature","properties":{"id":"lu-nt-sai-kung-51-21","class":"urban_open_space","vegetationFraction":0.352,"pavedFraction":0.441,"waterFraction":0.048,"simulated":true},"geometry":{"type":"Polygon","coordinates":[[[114.28359999999992,22.38659999999999],[114.28519999999992,22.38659999999999],[114.28519999999992,22.38819999999999],[114.28359999999992,22.38819999999999],[114.28359999999992,22.38659999999999]]]}},{"type":"Feature","properties":{"id":"lu-nt-sai-kung-51-22","class":"urban_open_space","vegetationFraction":0.341,"pavedFraction":0.369,"waterFraction":0.02,"simulated":true},"geometry":{"type":"Polygon","coordinates":[[[114.28519999999992,22.38659999999999],[114.28679999999991,22.38659999999999],[114.28679999999991,22.38819999999999],[114.28519999999992,22.38819999999999],[114.28519999999992,22.38659999999999]]]}},{"type":"Feature","properties":{"id":"lu-nt-sai-kung-51-23","class":"built_up","vegetationFraction":0.217,"pavedFraction":0.565,"waterFraction":0.054,"simulated":true},"geometry":{"type":"Polygon","coordinates":[[[114.28679999999991,22.38659999999999],[114.28839999999991,22.38659999999999],[114.28839999999991,22.38819999999999],[114.28679999999991,22.38819999999999],[114.28679999999991,22.38659999999999]]]}},{"type":"Feature","properties":{"id":"lu-nt-sai-kung-51-24","class":"urban_open_space","vegetationFraction":0.324,"pavedFraction":0.363,"waterFraction":0.042,"simulated":true},"geometry":{"type":"Polygon","coordinates":[[[114.28839999999991,22.38659999999999],[114.2899999999999,22.38659999999999],[114.2899999999999,22.38819999999999],[114.28839999999991,22.38819999999999],[114.28839999999991,22.38659999999999]]]}},{"type":"Feature","properties":{"id":"lu-nt-sai-kung-51-25","class":"urban_open_space","vegetationFraction":0.323,"pavedFraction":0.532,"waterFraction":0.036,"simulated":true},"geometry":{"type":"Polygon","coordinates":[[[114.2899999999999,22.38659999999999],[114.2915999999999,22.38659999999999],[114.2915999999999,22.38819999999999],[114.2899999999999,22.38819999999999],[114.2899999999999,22.38659999999999]]]}},{"type":"Feature","properties":{"id":"lu-nt-sai-kung-51-26","class":"urban_open_space","vegetationFraction":0.307,"pavedFraction":0.445,"waterFraction":0.039,"simulated":true},"geometry":{"type":"Polygon","coordinates":[[[114.2915999999999,22.38659999999999],[114.2931999999999,22.38659999999999],[114.2931999999999,22.38819999999999],[114.2915999999999,22.38819999999999],[114.2915999999999,22.38659999999999]]]}},{"type":"Feature","properties":{"id":"lu-nt-sai-kung-51-27","class":"built_up","vegetationFraction":0.201,"pavedFraction":0.529,"waterFraction":0.034,"simulated":true},"geometry":{"type":"Polygon","coordinates":[[[114.2931999999999,22.38659999999999],[114.2947999999999,22.38659999999999],[114.2947999999999,22.38819999999999],[114.2931999999999,22.38819999999999],[114.2931999999999,22.38659999999999]]]}},{"type":"Feature","properties":{"id":"lu-nt-sai-kung-51-28","class":"urban_open_space","vegetationFraction":0.372,"pavedFraction":0.417,"waterFraction":0.001,"simulated":true},"geometry":{"type":"Polygon","coordinates":[[[114.2947999999999,22.38659999999999],[114.29639999999989,22.38659999999999],[114.29639999999989,22.38819999999999],[114.2947999999999,22.38819999999999],[114.2947999999999,22.38659999999999]]]}},{"type":"Feature","properties":{"id":"lu-nt-sai-kung-51-29","class":"built_up","vegetationFraction":0.219,"pavedFraction":0.557,"waterFraction":0.06,"simulated":true},"geometry":{"type":"Polygon","coordinates":[[[114.29639999999989,22.38659999999999],[114.29799999999989,22.38659999999999],[114.29799999999989,22.38819999999999],[114.29639999999989,22.38819999999999],[114.29639999999989,22.38659999999999]]]}},{"type":"Feature","properties":{"id":"lu-nt-sai-kung-51-30","class":"urban_open_space","vegetationFraction":0.322,"pavedFraction":0.636,"waterFraction":0.038,"simulated":true},"geometry":{"type":"Polygon","coordinates":[[[114.29799999999989,22.38659999999999],[114.29959999999988,22.38659999999999],[114.29959999999988,22.38819999999999],[114.29799999999989,22.38819999999999],[114.29799999999989,22.38659999999999]]]}},{"type":"Feature","properties":{"id":"lu-nt-sai-kung-52-00","class":"green_space","vegetationFraction":0.436,"pavedFraction":0.403,"waterFraction":0.029,"simulated":true},"geometry":{"type":"Polygon","coordinates":[[[114.25,22.38819999999999],[114.2516,22.38819999999999],[114.2516,22.38979999999999],[114.25,22.38979999999999],[114.25,22.38819999999999]]]}},{"type":"Feature","properties":{"id":"lu-nt-sai-kung-52-01","class":"urban_open_space","vegetationFraction":0.309,"pavedFraction":0.441,"waterFraction":0.017,"simulated":true},"geometry":{"type":"Polygon","coordinates":[[[114.2516,22.38819999999999],[114.25319999999999,22.38819999999999],[114.25319999999999,22.38979999999999],[114.2516,22.38979999999999],[114.2516,22.38819999999999]]]}},{"type":"Feature","properties":{"id":"lu-nt-sai-kung-52-02","class":"urban_open_space","vegetationFraction":0.289,"pavedFraction":0.484,"waterFraction":0.011,"simulated":true},"geometry":{"type":"Polygon","coordinates":[[[114.25319999999999,22.38819999999999],[114.25479999999999,22.38819999999999],[114.25479999999999,22.38979999999999],[114.25319999999999,22.38979999999999],[114.25319999999999,22.38819999999999]]]}},{"type":"Feature","properties":{"id":"lu-nt-sai-kung-52-03","class":"built_up","vegetationFraction":0.231,"pavedFraction":0.391,"waterFraction":0.019,"simulated":true},"geometry":{"type":"Polygon","coordinates":[[[114.25479999999999,22.38819999999999],[114.25639999999999,22.38819999999999],[114.25639999999999,22.38979999999999],[114.25479999999999,22.38979999999999],[114.25479999999999,22.38819999999999]]]}},{"type":"Feature","properties":{"id":"lu-nt-sai-kung-52-04","class":"green_space","vegetationFraction":0.438,"pavedFraction":0.511,"waterFraction":0.04,"simulated":true},"geometry":{"type":"Polygon","coordinates":[[[114.25639999999999,22.38819999999999],[114.25799999999998,22.38819999999999],[114.25799999999998,22.38979999999999],[114.25639999999999,22.38979999999999],[114.25639999999999,22.38819999999999]]]}},{"type":"Feature","properties":{"id":"lu-nt-sai-kung-52-05","class":"urban_open_space","vegetationFraction":0.388,"pavedFraction":0.384,"waterFraction":0.05,"simulated":true},"geometry":{"type":"Polygon","coordinates":[[[114.25799999999998,22.38819999999999],[114.25959999999998,22.38819999999999],[114.25959999999998,22.38979999999999],[114.25799999999998,22.38979999999999],[114.25799999999998,22.38819999999999]]]}},{"type":"Feature","properties":{"id":"lu-nt-sai-kung-52-06","class":"urban_open_space","vegetationFraction":0.262,"pavedFraction":0.528,"waterFraction":0.045,"simulated":true},"geometry":{"type":"Polygon","coordinates":[[[114.25959999999998,22.38819999999999],[114.26119999999997,22.38819999999999],[114.26119999999997,22.38979999999999],[114.25959999999998,22.38979999999999],[114.25959999999998,22.38819999999999]]]}},{"type":"Feature","properties":{"id":"lu-nt-sai-kung-52-07","class":"green_space","vegetationFraction":0.425,"pavedFraction":0.352,"waterFraction":0.005,"simulated":true},"geometry":{"type":"Polygon","coordinates":[[[114.26119999999997,22.38819999999999],[114.26279999999997,22.38819999999999],[114.26279999999997,22.38979999999999],[114.26119999999997,22.38979999999999],[114.26119999999997,22.38819999999999]]]}},{"type":"Feature","properties":{"id":"lu-nt-sai-kung-52-08","class":"urban_open_space","vegetationFraction":0.321,"pavedFraction":0.622,"waterFraction":0.058,"simulated":true},"geometry":{"type":"Polygon","coordinates":[[[114.26279999999997,22.38819999999999],[114.26439999999997,22.38819999999999],[114.26439999999997,22.38979999999999],[114.26279999999997,22.38979999999999],[114.26279999999997,22.38819999999999]]]}},{"type":"Feature","properties":{"id":"lu-nt-sai-kung-52-09","class":"green_space","vegetationFraction":0.421,"pavedFraction":0.509,"waterFraction":0.003,"simulated":true},"geometry":{"type":"Polygon","coordinates":[[[114.26439999999997,22.38819999999999],[114.26599999999996,22.38819999999999],[114.26599999999996,22.38979999999999],[114.26439999999997,22.38979999999999],[114.26439999999997,22.38819999999999]]]}},{"type":"Feature","properties":{"id":"lu-nt-sai-kung-52-10","class":"urban_open_space","vegetationFraction":0.396,"pavedFraction":0.546,"waterFraction":0.046,"simulated":true},"geometry":{"type":"Polygon","coordinates":[[[114.26599999999996,22.38819999999999],[114.26759999999996,22.38819999999999],[114.26759999999996,22.38979999999999],[114.26599999999996,22.38979999999999],[114.26599999999996,22.38819999999999]]]}},{"type":"Feature","properties":{"id":"lu-nt-sai-kung-52-11","class":"urban_open_space","vegetationFraction":0.3,"pavedFraction":0.45,"waterFraction":0.019,"simulated":true},"geometry":{"type":"Polygon","coordinates":[[[114.26759999999996,22.38819999999999],[114.26919999999996,22.38819999999999],[114.26919999999996,22.38979999999999],[114.26759999999996,22.38979999999999],[114.26759999999996,22.38819999999999]]]}},{"type":"Feature","properties":{"id":"lu-nt-sai-kung-52-12","class":"built_up","vegetationFraction":0.228,"pavedFraction":0.524,"waterFraction":0.032,"simulated":true},"geometry":{"type":"Polygon","coordinates":[[[114.26919999999996,22.38819999999999],[114.27079999999995,22.38819999999999],[114.27079999999995,22.38979999999999],[114.26919999999996,22.38979999999999],[114.26919999999996,22.38819999999999]]]}},{"type":"Feature","properties":{"id":"lu-nt-sai-kung-52-13","class":"urban_open_space","vegetationFraction":0.356,"pavedFraction":0.449,"waterFraction":0.014,"simulated":true},"geometry":{"type":"Polygon","coordinates":[[[114.27079999999995,22.38819999999999],[114.27239999999995,22.38819999999999],[114.27239999999995,22.38979999999999],[114.27079999999995,22.38979999999999],[114.27079999999995,22.38819999999999]]]}},{"type":"Feature","properties":{"id":"lu-nt-sai-kung-52-14","class":"green_space","vegetationFraction":0.413,"pavedFraction":0.551,"waterFraction":0.01,"simulated":true},"geometry":{"type":"Polygon","coordinates":[[[114.27239999999995,22.38819999999999],[114.27399999999994,22.38819999999999],[114.27399999999994,22.38979999999999],[114.27239999999995,22.38979999999999],[114.27239999999995,22.38819999999999]]]}},{"type":"Feature","properties":{"id":"lu-nt-sai-kung-52-15","class":"urban_open_space","vegetationFraction":0.349,"pavedFraction":0.474,"waterFraction":0.057,"simulated":true},"geometry":{"type":"Polygon","coordinates":[[[114.27399999999994,22.38819999999999],[114.27559999999994,22.38819999999999],[114.27559999999994,22.38979999999999],[114.27399999999994,22.38979999999999],[114.27399999999994,22.38819999999999]]]}},{"type":"Feature","properties":{"id":"lu-nt-sai-kung-52-16","class":"built_up","vegetationFraction":0.217,"pavedFraction":0.381,"waterFraction":0.004,"simulated":true},"geometry":{"type":"Polygon","coordinates":[[[114.27559999999994,22.38819999999999],[114.27719999999994,22.38819999999999],[114.27719999999994,22.38979999999999],[114.27559999999994,22.38979999999999],[114.27559999999994,22.38819999999999]]]}},{"type":"Feature","properties":{"id":"lu-nt-sai-kung-52-17","class":"built_up","vegetationFraction":0.237,"pavedFraction":0.361,"waterFraction":0.045,"simulated":true},"geometry":{"type":"Polygon","coordinates":[[[114.27719999999994,22.38819999999999],[114.27879999999993,22.38819999999999],[114.27879999999993,22.38979999999999],[114.27719999999994,22.38979999999999],[114.27719999999994,22.38819999999999]]]}},{"type":"Feature","properties":{"id":"lu-nt-sai-kung-52-18","class":"urban_open_space","vegetationFraction":0.294,"pavedFraction":0.51,"waterFraction":0.024,"simulated":true},"geometry":{"type":"Polygon","coordinates":[[[114.27879999999993,22.38819999999999],[114.28039999999993,22.38819999999999],[114.28039999999993,22.38979999999999],[114.27879999999993,22.38979999999999],[114.27879999999993,22.38819999999999]]]}},{"type":"Feature","properties":{"id":"lu-nt-sai-kung-52-19","class":"urban_open_space","vegetationFraction":0.292,"pavedFraction":0.523,"waterFraction":0.048,"simulated":true},"geometry":{"type":"Polygon","coordinates":[[[114.28039999999993,22.38819999999999],[114.28199999999993,22.38819999999999],[114.28199999999993,22.38979999999999],[114.28039999999993,22.38979999999999],[114.28039999999993,22.38819999999999]]]}},{"type":"Feature","properties":{"id":"lu-nt-sai-kung-52-20","class":"urban_open_space","vegetationFraction":0.275,"pavedFraction":0.548,"waterFraction":0.047,"simulated":true},"geometry":{"type":"Polygon","coordinates":[[[114.28199999999993,22.38819999999999],[114.28359999999992,22.38819999999999],[114.28359999999992,22.38979999999999],[114.28199999999993,22.38979999999999],[114.28199999999993,22.38819999999999]]]}},{"type":"Feature","properties":{"id":"lu-nt-sai-kung-52-21","class":"urban_open_space","vegetationFraction":0.369,"pavedFraction":0.598,"waterFraction":0.022,"simulated":true},"geometry":{"type":"Polygon","coordinates":[[[114.28359999999992,22.38819999999999],[114.28519999999992,22.38819999999999],[114.28519999999992,22.38979999999999],[114.28359999999992,22.38979999999999],[114.28359999999992,22.38819999999999]]]}},{"type":"Feature","properties":{"id":"lu-nt-sai-kung-52-22","class":"built_up","vegetationFraction":0.229,"pavedFraction":0.436,"waterFraction":0.052,"simulated":true},"geometry":{"type":"Polygon","coordinates":[[[114.28519999999992,22.38819999999999],[114.28679999999991,22.38819999999999],[114.28679999999991,22.38979999999999],[114.28519999999992,22.38979999999999],[114.28519999999992,22.38819999999999]]]}},{"type":"Feature","properties":{"id":"lu-nt-sai-kung-52-23","class":"urban_open_space","vegetationFraction":0.254,"pavedFraction":0.41,"waterFraction":0.032,"simulated":true},"geometry":{"type":"Polygon","coordinates":[[[114.28679999999991,22.38819999999999],[114.28839999999991,22.38819999999999],[114.28839999999991,22.38979999999999],[114.28679999999991,22.38979999999999],[114.28679999999991,22.38819999999999]]]}},{"type":"Feature","properties":{"id":"lu-nt-sai-kung-52-24","class":"green_space","vegetationFraction":0.421,"pavedFraction":0.542,"waterFraction":0.031,"simulated":true},"geometry":{"type":"Polygon","coordinates":[[[114.28839999999991,22.38819999999999],[114.2899999999999,22.38819999999999],[114.2899999999999,22.38979999999999],[114.28839999999991,22.38979999999999],[114.28839999999991,22.38819999999999]]]}},{"type":"Feature","properties":{"id":"lu-nt-sai-kung-52-25","class":"green_space","vegetationFraction":0.431,"pavedFraction":0.385,"waterFraction":0.06,"simulated":true},"geometry":{"type":"Polygon","coordinates":[[[114.2899999999999,22.38819999999999],[114.2915999999999,22.38819999999999],[114.2915999999999,22.38979999999999],[114.2899999999999,22.38979999999999],[114.2899999999999,22.38819999999999]]]}},{"type":"Feature","properties":{"id":"lu-nt-sai-kung-52-26","class":"green_space","vegetationFraction":0.415,"pavedFraction":0.376,"waterFraction":0.019,"simulated":true},"geometry":{"type":"Polygon","coordinates":[[[114.2915999999999,22.38819999999999],[114.2931999999999,22.38819999999999],[114.2931999999999,22.38979999999999],[114.2915999999999,22.38979999999999],[114.2915999999999,22.38819999999999]]]}},{"type":"Feature","properties":{"id":"lu-nt-sai-kung-52-27","class":"urban_open_space","vegetationFraction":0.357,"pavedFraction":0.446,"waterFraction":0.031,"simulated":true},"geometry":{"type":"Polygon","coordinates":[[[114.2931999999999,22.38819999999999],[114.2947999999999,22.38819999999999],[114.2947999999999,22.38979999999999],[114.2931999999999,22.38979999999999],[114.2931999999999,22.38819999999999]]]}},{"type":"Feature","properties":{"id":"lu-nt-sai-kung-52-28","class":"built_up","vegetationFraction":0.229,"pavedFraction":0.643,"waterFraction":0.048,"simulated":true},"geometry":{"type":"Polygon","coordinates":[[[114.2947999999999,22.38819999999999],[114.29639999999989,22.38819999999999],[114.29639999999989,22.38979999999999],[114.2947999999999,22.38979999999999],[114.2947999999999,22.38819999999999]]]}},{"type":"Feature","properties":{"id":"lu-nt-sai-kung-52-29","class":"urban_open_space","vegetationFraction":0.354,"pavedFraction":0.506,"waterFraction":0.011,"simulated":true},"geometry":{"type":"Polygon","coordinates":[[[114.29639999999989,22.38819999999999],[114.29799999999989,22.38819999999999],[114.29799999999989,22.38979999999999],[114.29639999999989,22.38979999999999],[114.29639999999989,22.38819999999999]]]}},{"type":"Feature","properties":{"id":"lu-nt-sai-kung-52-30","class":"urban_open_space","vegetationFraction":0.325,"pavedFraction":0.632,"waterFraction":0.059,"simulated":true},"geometry":{"type":"Polygon","coordinates":[[[114.29799999999989,22.38819999999999],[114.29959999999988,22.38819999999999],[114.29959999999988,22.38979999999999],[114.29799999999989,22.38979999999999],[114.29799999999989,22.38819999999999]]]}},{"type":"Feature","properties":{"id":"lu-nt-sai-kung-53-00","class":"built_up","vegetationFraction":0.23,"pavedFraction":0.621,"waterFraction":0.008,"simulated":true},"geometry":{"type":"Polygon","coordinates":[[[114.25,22.38979999999999],[114.2516,22.38979999999999],[114.2516,22.39139999999999],[114.25,22.39139999999999],[114.25,22.38979999999999]]]}},{"type":"Feature","properties":{"id":"lu-nt-sai-kung-53-01","class":"urban_open_space","vegetationFraction":0.338,"pavedFraction":0.617,"waterFraction":0.041,"simulated":true},"geometry":{"type":"Polygon","coordinates":[[[114.2516,22.38979999999999],[114.25319999999999,22.38979999999999],[114.25319999999999,22.39139999999999],[114.2516,22.39139999999999],[114.2516,22.38979999999999]]]}},{"type":"Feature","properties":{"id":"lu-nt-sai-kung-53-02","class":"green_space","vegetationFraction":0.423,"pavedFraction":0.578,"waterFraction":0.052,"simulated":true},"geometry":{"type":"Polygon","coordinates":[[[114.25319999999999,22.38979999999999],[114.25479999999999,22.38979999999999],[114.25479999999999,22.39139999999999],[114.25319999999999,22.39139999999999],[114.25319999999999,22.38979999999999]]]}},{"type":"Feature","properties":{"id":"lu-nt-sai-kung-53-03","class":"built_up","vegetationFraction":0.211,"pavedFraction":0.645,"waterFraction":0.02,"simulated":true},"geometry":{"type":"Polygon","coordinates":[[[114.25479999999999,22.38979999999999],[114.25639999999999,22.38979999999999],[114.25639999999999,22.39139999999999],[114.25479999999999,22.39139999999999],[114.25479999999999,22.38979999999999]]]}},{"type":"Feature","properties":{"id":"lu-nt-sai-kung-53-04","class":"urban_open_space","vegetationFraction":0.277,"pavedFraction":0.419,"waterFraction":0.035,"simulated":true},"geometry":{"type":"Polygon","coordinates":[[[114.25639999999999,22.38979999999999],[114.25799999999998,22.38979999999999],[114.25799999999998,22.39139999999999],[114.25639999999999,22.39139999999999],[114.25639999999999,22.38979999999999]]]}},{"type":"Feature","properties":{"id":"lu-nt-sai-kung-53-05","class":"green_space","vegetationFraction":0.402,"pavedFraction":0.416,"waterFraction":0.016,"simulated":true},"geometry":{"type":"Polygon","coordinates":[[[114.25799999999998,22.38979999999999],[114.25959999999998,22.38979999999999],[114.25959999999998,22.39139999999999],[114.25799999999998,22.39139999999999],[114.25799999999998,22.38979999999999]]]}},{"type":"Feature","properties":{"id":"lu-nt-sai-kung-53-06","class":"urban_open_space","vegetationFraction":0.326,"pavedFraction":0.357,"waterFraction":0.0,"simulated":true},"geometry":{"type":"Polygon","coordinates":[[[114.25959999999998,22.38979999999999],[114.26119999999997,22.38979999999999],[114.26119999999997,22.39139999999999],[114.25959999999998,22.39139999999999],[114.25959999999998,22.38979999999999]]]}},{"type":"Feature","properties":{"id":"lu-nt-sai-kung-53-07","class":"built_up","vegetationFraction":0.243,"pavedFraction":0.619,"waterFraction":0.039,"simulated":true},"geometry":{"type":"Polygon","coordinates":[[[114.26119999999997,22.38979999999999],[114.26279999999997,22.38979999999999],[114.26279999999997,22.39139999999999],[114.26119999999997,22.39139999999999],[114.26119999999997,22.38979999999999]]]}},{"type":"Feature","properties":{"id":"lu-nt-sai-kung-53-08","class":"built_up","vegetationFraction":0.239,"pavedFraction":0.634,"waterFraction":0.037,"simulated":true},"geometry":{"type":"Polygon","coordinates":[[[114.26279999999997,22.38979999999999],[114.26439999999997,22.38979999999999],[114.26439999999997,22.39139999999999],[114.26279999999997,22.39139999999999],[114.26279999999997,22.38979999999999]]]}},{"type":"Feature","properties":{"id":"lu-nt-sai-kung-53-09","class":"urban_open_space","vegetationFraction":0.388,"pavedFraction":0.625,"waterFraction":0.01,"simulated":true},"geometry":{"type":"Polygon","coordinates":[[[114.26439999999997,22.38979999999999],[114.26599999999996,22.38979999999999],[114.26599999999996,22.39139999999999],[114.26439999999997,22.39139999999999],[114.26439999999997,22.38979999999999]]]}},{"type":"Feature","properties":{"id":"lu-nt-sai-kung-53-10","class":"green_space","vegetationFraction":0.449,"pavedFraction":0.382,"waterFraction":0.038,"simulated":true},"geometry":{"type":"Polygon","coordinates":[[[114.26599999999996,22.38979999999999],[114.26759999999996,22.38979999999999],[114.26759999999996,22.39139999999999],[114.26599999999996,22.39139999999999],[114.26599999999996,22.38979999999999]]]}},{"type":"Feature","properties":{"id":"lu-nt-sai-kung-53-11","class":"urban_open_space","vegetationFraction":0.379,"pavedFraction":0.361,"waterFraction":0.027,"simulated":true},"geometry":{"type":"Polygon","coordinates":[[[114.26759999999996,22.38979999999999],[114.26919999999996,22.38979999999999],[114.26919999999996,22.39139999999999],[114.26759999999996,22.39139999999999],[114.26759999999996,22.38979999999999]]]}},{"type":"Feature","properties":{"id":"lu-nt-sai-kung-53-12","class":"urban_open_space","vegetationFraction":0.369,"pavedFraction":0.397,"waterFraction":0.034,"simulated":true},"geometry":{"type":"Polygon","coordinates":[[[114.26919999999996,22.38979999999999],[114.27079999999995,22.38979999999999],[114.27079999999995,22.39139999999999],[114.26919999999996,22.39139999999999],[114.26919999999996,22.38979999999999]]]}},{"type":"Feature","properties":{"id":"lu-nt-sai-kung-53-13","class":"urban_open_space","vegetationFraction":0.365,"pavedFraction":0.43,"waterFraction":0.02,"simulated":true},"geometry":{"type":"Polygon","coordinates":[[[114.27079999999995,22.38979999999999],[114.27239999999995,22.38979999999999],[114.27239999999995,22.39139999999999],[114.27079999999995,22.39139999999999],[114.27079999999995,22.38979999999999]]]}},{"type":"Feature","properties":{"id":"lu-nt-sai-kung-53-14","class":"urban_open_space","vegetationFraction":0.26,"pavedFraction":0.362,"waterFraction":0.028,"simulated":true},"geometry":{"type":"Polygon","coordinates":[[[114.27239999999995,22.38979999999999],[114.27399999999994,22.38979999999999],[114.27399999999994,22.39139999999999],[114.27239999999995,22.39139999999999],[114.27239999999995,22.38979999999999]]]}},{"type":"Feature","properties":{"id":"lu-nt-sai-kung-53-15","class":"built_up","vegetationFraction":0.238,"pavedFraction":0.643,"waterFraction":0.024,"simulated":true},"geometry":{"type":"Polygon","coordinates":[[[114.27399999999994,22.38979999999999],[114.27559999999994,22.38979999999999],[114.27559999999994,22.39139999999999],[114.27399999999994,22.39139999999999],[114.27399999999994,22.38979999999999]]]}},{"type":"Feature","properties":{"id":"lu-nt-sai-kung-53-16","class":"built_up","vegetationFraction":0.231,"pavedFraction":0.378,"waterFraction":0.039,"simulated":true},"geometry":{"type":"Polygon","coordinates":[[[114.27559999999994,22.38979999999999],[114.27719999999994,22.38979999999999],[114.27719999999994,22.39139999999999],[114.27559999999994,22.39139999999999],[114.27559999999994,22.38979999999999]]]}},{"type":"Feature","properties":{"id":"lu-nt-sai-kung-53-17","class":"urban_open_space","vegetationFraction":0.376,"pavedFraction":0.371,"waterFraction":0.032,"simulated":true},"geometry":{"type":"Polygon","coordinates":[[[114.27719999999994,22.38979999999999],[114.27879999999993,22.38979999999999],[114.27879999999993,22.39139999999999],[114.27719999999994,22.39139999999999],[114.27719999999994,22.38979999999999]]]}},{"type":"Feature","properties":{"id":"lu-nt-sai-kung-53-18","class":"green_space","vegetationFraction":0.436,"pavedFraction":0.354,"waterFraction":0.027,"simulated":true},"geometry":{"type":"Polygon","coordinates":[[[114.27879999999993,22.38979999999999],[114.28039999999993,22.38979999999999],[114.28039999999993,22.39139999999999],[114.27879999999993,22.39139999999999],[114.27879999999993,22.38979999999999]]]}},{"type":"Feature","properties":{"id":"lu-nt-sai-kung-53-19","class":"built_up","vegetationFraction":0.232,"pavedFraction":0.412,"waterFraction":0.048,"simulated":true},"geometry":{"type":"Polygon","coordinates":[[[114.28039999999993,22.38979999999999],[114.28199999999993,22.38979999999999],[114.28199999999993,22.39139999999999],[114.28039999999993,22.39139999999999],[114.28039999999993,22.38979999999999]]]}},{"type":"Feature","properties":{"id":"lu-nt-sai-kung-53-20","class":"green_space","vegetationFraction":0.446,"pavedFraction":0.516,"waterFraction":0.007,"simulated":true},"geometry":{"type":"Polygon","coordinates":[[[114.28199999999993,22.38979999999999],[114.28359999999992,22.38979999999999],[114.28359999999992,22.39139999999999],[114.28199999999993,22.39139999999999],[114.28199999999993,22.38979999999999]]]}},{"type":"Feature","properties":{"id":"lu-nt-sai-kung-53-21","class":"green_space","vegetationFraction":0.438,"pavedFraction":0.535,"waterFraction":0.046,"simulated":true},"geometry":{"type":"Polygon","coordinates":[[[114.28359999999992,22.38979999999999],[114.28519999999992,22.38979999999999],[114.28519999999992,22.39139999999999],[114.28359999999992,22.39139999999999],[114.28359999999992,22.38979999999999]]]}},{"type":"Feature","properties":{"id":"lu-nt-sai-kung-53-22","class":"urban_open_space","vegetationFraction":0.286,"pavedFraction":0.45,"waterFraction":0.015,"simulated":true},"geometry":{"type":"Polygon","coordinates":[[[114.28519999999992,22.38979999999999],[114.28679999999991,22.38979999999999],[114.28679999999991,22.39139999999999],[114.28519999999992,22.39139999999999],[114.28519999999992,22.38979999999999]]]}},{"type":"Feature","properties":{"id":"lu-nt-sai-kung-53-23","class":"urban_open_space","vegetationFraction":0.398,"pavedFraction":0.465,"waterFraction":0.056,"simulated":true},"geometry":{"type":"Polygon","coordinates":[[[114.28679999999991,22.38979999999999],[114.28839999999991,22.38979999999999],[114.28839999999991,22.39139999999999],[114.28679999999991,22.39139999999999],[114.28679999999991,22.38979999999999]]]}},{"type":"Feature","properties":{"id":"lu-nt-sai-kung-53-24","class":"built_up","vegetationFraction":0.248,"pavedFraction":0.361,"waterFraction":0.032,"simulated":true},"geometry":{"type":"Polygon","coordinates":[[[114.28839999999991,22.38979999999999],[114.2899999999999,22.38979999999999],[114.2899999999999,22.39139999999999],[114.28839999999991,22.39139999999999],[114.28839999999991,22.38979999999999]]]}},{"type":"Feature","properties":{"id":"lu-nt-sai-kung-53-25","class":"urban_open_space","vegetationFraction":0.31,"pavedFraction":0.517,"waterFraction":0.026,"simulated":true},"geometry":{"type":"Polygon","coordinates":[[[114.2899999999999,22.38979999999999],[114.2915999999999,22.38979999999999],[114.2915999999999,22.39139999999999],[114.2899999999999,22.39139999999999],[114.2899999999999,22.38979999999999]]]}},{"type":"Feature","properties":{"id":"lu-nt-sai-kung-53-26","class":"green_space","vegetationFraction":0.41,"pavedFraction":0.578,"waterFraction":0.055,"simulated":true},"geometry":{"type":"Polygon","coordinates":[[[114.2915999999999,22.38979999999999],[114.2931999999999,22.38979999999999],[114.2931999999999,22.39139999999999],[114.2915999999999,22.39139999999999],[114.2915999999999,22.38979999999999]]]}},{"type":"Feature","properties":{"id":"lu-nt-sai-kung-53-27","class":"urban_open_space","vegetationFraction":0.386,"pavedFraction":0.396,"waterFraction":0.026,"simulated":true},"geometry":{"type":"Polygon","coordinates":[[[114.2931999999999,22.38979999999999],[114.2947999999999,22.38979999999999],[114.2947999999999,22.39139999999999],[114.2931999999999,22.39139999999999],[114.2931999999999,22.38979999999999]]]}},{"type":"Feature","properties":{"id":"lu-nt-sai-kung-53-28","class":"urban_open_space","vegetationFraction":0.336,"pavedFraction":0.604,"waterFraction":0.041,"simulated":true},"geometry":{"type":"Polygon","coordinates":[[[114.2947999999999,22.38979999999999],[114.29639999999989,22.38979999999999],[114.29639999999989,22.39139999999999],[114.2947999999999,22.39139999999999],[114.2947999999999,22.38979999999999]]]}},{"type":"Feature","properties":{"id":"lu-nt-sai-kung-53-29","class":"green_space","vegetationFraction":0.442,"pavedFraction":0.609,"waterFraction":0.011,"simulated":true},"geometry":{"type":"Polygon","coordinates":[[[114.29639999999989,22.38979999999999],[114.29799999999989,22.38979999999999],[114.29799999999989,22.39139999999999],[114.29639999999989,22.39139999999999],[114.29639999999989,22.38979999999999]]]}},{"type":"Feature","properties":{"id":"lu-nt-sai-kung-53-30","class":"urban_open_space","vegetationFraction":0.318,"pavedFraction":0.364,"waterFraction":0.039,"simulated":true},"geometry":{"type":"Polygon","coordinates":[[[114.29799999999989,22.38979999999999],[114.29959999999988,22.38979999999999],[114.29959999999988,22.39139999999999],[114.29799999999989,22.39139999999999],[114.29799999999989,22.38979999999999]]]}},{"type":"Feature","properties":{"id":"lu-nt-sai-kung-54-00","class":"urban_open_space","vegetationFraction":0.389,"pavedFraction":0.477,"waterFraction":0.058,"simulated":true},"geometry":{"type":"Polygon","coordinates":[[[114.25,22.39139999999999],[114.2516,22.39139999999999],[114.2516,22.39299999999999],[114.25,22.39299999999999],[114.25,22.39139999999999]]]}},{"type":"Feature","properties":{"id":"lu-nt-sai-kung-54-01","class":"built_up","vegetationFraction":0.23,"pavedFraction":0.528,"waterFraction":0.057,"simulated":true},"geometry":{"type":"Polygon","coordinates":[[[114.2516,22.39139999999999],[114.25319999999999,22.39139999999999],[114.25319999999999,22.39299999999999],[114.2516,22.39299999999999],[114.2516,22.39139999999999]]]}},{"type":"Feature","properties":{"id":"lu-nt-sai-kung-54-02","class":"green_space","vegetationFraction":0.417,"pavedFraction":0.429,"waterFraction":0.032,"simulated":true},"geometry":{"type":"Polygon","coordinates":[[[114.25319999999999,22.39139999999999],[114.25479999999999,22.39139999999999],[114.25479999999999,22.39299999999999],[114.25319999999999,22.39299999999999],[114.25319999999999,22.39139999999999]]]}},{"type":"Feature","properties":{"id":"lu-nt-sai-kung-54-03","class":"urban_open_space","vegetationFraction":0.331,"pavedFraction":0.363,"waterFraction":0.043,"simulated":true},"geometry":{"type":"Polygon","coordinates":[[[114.25479999999999,22.39139999999999],[114.25639999999999,22.39139999999999],[114.25639999999999,22.39299999999999],[114.25479999999999,22.39299999999999],[114.25479999999999,22.39139999999999]]]}},{"type":"Feature","properties":{"id":"lu-nt-sai-kung-54-04","class":"urban_open_space","vegetationFraction":0.38,"pavedFraction":0.532,"waterFraction":0.058,"simulated":true},"geometry":{"type":"Polygon","coordinates":[[[114.25639999999999,22.39139999999999],[114.25799999999998,22.39139999999999],[114.25799999999998,22.39299999999999],[114.25639999999999,22.39299999999999],[114.25639999999999,22.39139999999999]]]}},{"type":"Feature","properties":{"id":"lu-nt-sai-kung-54-05","class":"urban_open_space","vegetationFraction":0.255,"pavedFraction":0.638,"waterFraction":0.032,"simulated":true},"geometry":{"type":"Polygon","coordinates":[[[114.25799999999998,22.39139999999999],[114.25959999999998,22.39139999999999],[114.25959999999998,22.39299999999999],[114.25799999999998,22.39299999999999],[114.25799999999998,22.39139999999999]]]}},{"type":"Feature","properties":{"id":"lu-nt-sai-kung-54-06","class":"urban_open_space","vegetationFraction":0.319,"pavedFraction":0.564,"waterFraction":0.045,"simulated":true},"geometry":{"type":"Polygon","coordinates":[[[114.25959999999998,22.39139999999999],[114.26119999999997,22.39139999999999],[114.26119999999997,22.39299999999999],[114.25959999999998,22.39299999999999],[114.25959999999998,22.39139999999999]]]}},{"type":"Feature","properties":{"id":"lu-nt-sai-kung-54-07","class":"urban_open_space","vegetationFraction":0.288,"pavedFraction":0.546,"waterFraction":0.028,"simulated":true},"geometry":{"type":"Polygon","coordinates":[[[114.26119999999997,22.39139999999999],[114.26279999999997,22.39139999999999],[114.26279999999997,22.39299999999999],[114.26119999999997,22.39299999999999],[114.26119999999997,22.39139999999999]]]}},{"type":"Feature","properties":{"id":"lu-nt-sai-kung-54-08","class":"green_space","vegetationFraction":0.444,"pavedFraction":0.549,"waterFraction":0.006,"simulated":true},"geometry":{"type":"Polygon","coordinates":[[[114.26279999999997,22.39139999999999],[114.26439999999997,22.39139999999999],[114.26439999999997,22.39299999999999],[114.26279999999997,22.39299999999999],[114.26279999999997,22.39139999999999]]]}},{"type":"Feature","properties":{"id":"lu-nt-sai-kung-54-09","class":"urban_open_space","vegetationFraction":0.317,"pavedFraction":0.383,"waterFraction":0.056,"simulated":true},"geometry":{"type":"Polygon","coordinates":[[[114.26439999999997,22.39139999999999],[114.26599999999996,22.39139999999999],[114.26599999999996,22.39299999999999],[114.26439999999997,22.39299999999999],[114.26439999999997,22.39139999999999]]]}},{"type":"Feature","properties":{"id":"lu-nt-sai-kung-54-10","class":"built_up","vegetationFraction":0.201,"pavedFraction":0.528,"waterFraction":0.044,"simulated":true},"geometry":{"type":"Polygon","coordinates":[[[114.26599999999996,22.39139999999999],[114.26759999999996,22.39139999999999],[114.26759999999996,22.39299999999999],[114.26599999999996,22.39299999999999],[114.26599999999996,22.39139999999999]]]}},{"type":"Feature","properties":{"id":"lu-nt-sai-kung-54-11","class":"green_space","vegetationFraction":0.412,"pavedFraction":0.457,"waterFraction":0.012,"simulated":true},"geometry":{"type":"Polygon","coordinates":[[[114.26759999999996,22.39139999999999],[114.26919999999996,22.39139999999999],[114.26919999999996,22.39299999999999],[114.26759999999996,22.39299999999999],[114.26759999999996,22.39139999999999]]]}},{"type":"Feature","properties":{"id":"lu-nt-sai-kung-54-12","class":"green_space","vegetationFraction":0.401,"pavedFraction":0.381,"waterFraction":0.032,"simulated":true},"geometry":{"type":"Polygon","coordinates":[[[114.26919999999996,22.39139999999999],[114.27079999999995,22.39139999999999],[114.27079999999995,22.39299999999999],[114.26919999999996,22.39299999999999],[114.26919999999996,22.39139999999999]]]}},{"type":"Feature","properties":{"id":"lu-nt-sai-kung-54-13","class":"built_up","vegetationFraction":0.231,"pavedFraction":0.557,"waterFraction":0.037,"simulated":true},"geometry":{"type":"Polygon","coordinates":[[[114.27079999999995,22.39139999999999],[114.27239999999995,22.39139999999999],[114.27239999999995,22.39299999999999],[114.27079999999995,22.39299999999999],[114.27079999999995,22.39139999999999]]]}},{"type":"Feature","properties":{"id":"lu-nt-sai-kung-54-14","class":"urban_open_space","vegetationFraction":0.324,"pavedFraction":0.418,"waterFraction":0.054,"simulated":true},"geometry":{"type":"Polygon","coordinates":[[[114.27239999999995,22.39139999999999],[114.27399999999994,22.39139999999999],[114.27399999999994,22.39299999999999],[114.27239999999995,22.39299999999999],[114.27239999999995,22.39139999999999]]]}},{"type":"Feature","properties":{"id":"lu-nt-sai-kung-54-15","class":"urban_open_space","vegetationFraction":0.324,"pavedFraction":0.386,"waterFraction":0.011,"simulated":true},"geometry":{"type":"Polygon","coordinates":[[[114.27399999999994,22.39139999999999],[114.27559999999994,22.39139999999999],[114.27559999999994,22.39299999999999],[114.27399999999994,22.39299999999999],[114.27399999999994,22.39139999999999]]]}},{"type":"Feature","properties":{"id":"lu-nt-sai-kung-54-16","class":"built_up","vegetationFraction":0.217,"pavedFraction":0.579,"waterFraction":0.009,"simulated":true},"geometry":{"type":"Polygon","coordinates":[[[114.27559999999994,22.39139999999999],[114.27719999999994,22.39139999999999],[114.27719999999994,22.39299999999999],[114.27559999999994,22.39299999999999],[114.27559999999994,22.39139999999999]]]}},{"type":"Feature","properties":{"id":"lu-nt-sai-kung-54-17","class":"built_up","vegetationFraction":0.211,"pavedFraction":0.644,"waterFraction":0.038,"simulated":true},"geometry":{"type":"Polygon","coordinates":[[[114.27719999999994,22.39139999999999],[114.27879999999993,22.39139999999999],[114.27879999999993,22.39299999999999],[114.27719999999994,22.39299999999999],[114.27719999999994,22.39139999999999]]]}},{"type":"Feature","properties":{"id":"lu-nt-sai-kung-54-18","class":"green_space","vegetationFraction":0.412,"pavedFraction":0.423,"waterFraction":0.055,"simulated":true},"geometry":{"type":"Polygon","coordinates":[[[114.27879999999993,22.39139999999999],[114.28039999999993,22.39139999999999],[114.28039999999993,22.39299999999999],[114.27879999999993,22.39299999999999],[114.27879999999993,22.39139999999999]]]}},{"type":"Feature","properties":{"id":"lu-nt-sai-kung-54-19","class":"urban_open_space","vegetationFraction":0.288,"pavedFraction":0.559,"waterFraction":0.031,"simulated":true},"geometry":{"type":"Polygon","coordinates":[[[114.28039999999993,22.39139999999999],[114.28199999999993,22.39139999999999],[114.28199999999993,22.39299999999999],[114.28039999999993,22.39299999999999],[114.28039999999993,22.39139999999999]]]}},{"type":"Feature","properties":{"id":"lu-nt-sai-kung-54-20","class":"urban_open_space","vegetationFraction":0.275,"pavedFraction":0.355,"waterFraction":0.028,"simulated":true},"geometry":{"type":"Polygon","coordinates":[[[114.28199999999993,22.39139999999999],[114.28359999999992,22.39139999999999],[114.28359999999992,22.39299999999999],[114.28199999999993,22.39299999999999],[114.28199999999993,22.39139999999999]]]}},{"type":"Feature","properties":{"id":"lu-nt-sai-kung-54-21","class":"urban_open_space","vegetationFraction":0.264,"pavedFraction":0.642,"waterFraction":0.032,"simulated":true},"geometry":{"type":"Polygon","coordinates":[[[114.28359999999992,22.39139999999999],[114.28519999999992,22.39139999999999],[114.28519999999992,22.39299999999999],[114.28359999999992,22.39299999999999],[114.28359999999992,22.39139999999999]]]}},{"type":"Feature","properties":{"id":"lu-nt-sai-kung-54-22","class":"built_up","vegetationFraction":0.239,"pavedFraction":0.497,"waterFraction":0.006,"simulated":true},"geometry":{"type":"Polygon","coordinates":[[[114.28519999999992,22.39139999999999],[114.28679999999991,22.39139999999999],[114.28679999999991,22.39299999999999],[114.28519999999992,22.39299999999999],[114.28519999999992,22.39139999999999]]]}},{"type":"Feature","properties":{"id":"lu-nt-sai-kung-54-23","class":"urban_open_space","vegetationFraction":0.303,"pavedFraction":0.632,"waterFraction":0.032,"simulated":true},"geometry":{"type":"Polygon","coordinates":[[[114.28679999999991,22.39139999999999],[114.28839999999991,22.39139999999999],[114.28839999999991,22.39299999999999],[114.28679999999991,22.39299999999999],[114.28679999999991,22.39139999999999]]]}},{"type":"Feature","properties":{"id":"lu-nt-sai-kung-54-24","class":"urban_open_space","vegetationFraction":0.262,"pavedFraction":0.639,"waterFraction":0.0,"simulated":true},"geometry":{"type":"Polygon","coordinates":[[[114.28839999999991,22.39139999999999],[114.2899999999999,22.39139999999999],[114.2899999999999,22.39299999999999],[114.28839999999991,22.39299999999999],[114.28839999999991,22.39139999999999]]]}},{"type":"Feature","properties":{"id":"lu-nt-sai-kung-54-25","class":"built_up","vegetationFraction":0.226,"pavedFraction":0.55,"waterFraction":0.006,"simulated":true},"geometry":{"type":"Polygon","coordinates":[[[114.2899999999999,22.39139999999999],[114.2915999999999,22.39139999999999],[114.2915999999999,22.39299999999999],[114.2899999999999,22.39299999999999],[114.2899999999999,22.39139999999999]]]}},{"type":"Feature","properties":{"id":"lu-nt-sai-kung-54-26","class":"urban_open_space","vegetationFraction":0.375,"pavedFraction":0.615,"waterFraction":0.001,"simulated":true},"geometry":{"type":"Polygon","coordinates":[[[114.2915999999999,22.39139999999999],[114.2931999999999,22.39139999999999],[114.2931999999999,22.39299999999999],[114.2915999999999,22.39299999999999],[114.2915999999999,22.39139999999999]]]}},{"type":"Feature","properties":{"id":"lu-nt-sai-kung-54-27","class":"urban_open_space","vegetationFraction":0.271,"pavedFraction":0.635,"waterFraction":0.006,"simulated":true},"geometry":{"type":"Polygon","coordinates":[[[114.2931999999999,22.39139999999999],[114.2947999999999,22.39139999999999],[114.2947999999999,22.39299999999999],[114.2931999999999,22.39299999999999],[114.2931999999999,22.39139999999999]]]}},{"type":"Feature","properties":{"id":"lu-nt-sai-kung-54-28","class":"urban_open_space","vegetationFraction":0.333,"pavedFraction":0.41,"waterFraction":0.01,"simulated":true},"geometry":{"type":"Polygon","coordinates":[[[114.2947999999999,22.39139999999999],[114.29639999999989,22.39139999999999],[114.29639999999989,22.39299999999999],[114.2947999999999,22.39299999999999],[114.2947999999999,22.39139999999999]]]}},{"type":"Feature","properties":{"id":"lu-nt-sai-kung-54-29","class":"urban_open_space","vegetationFraction":0.328,"pavedFraction":0.351,"waterFraction":0.011,"simulated":true},"geometry":{"type":"Polygon","coordinates":[[[114.29639999999989,22.39139999999999],[114.29799999999989,22.39139999999999],[114.29799999999989,22.39299999999999],[114.29639999999989,22.39299999999999],[114.29639999999989,22.39139999999999]]]}},{"type":"Feature","properties":{"id":"lu-nt-sai-kung-54-30","class":"urban_open_space","vegetationFraction":0.297,"pavedFraction":0.543,"waterFraction":0.055,"simulated":true},"geometry":{"type":"Polygon","coordinates":[[[114.29799999999989,22.39139999999999],[114.29959999999988,22.39139999999999],[114.29959999999988,22.39299999999999],[114.29799999999989,22.39299999999999],[114.29799999999989,22.39139999999999]]]}},{"type":"Feature","properties":{"id":"lu-nt-sai-kung-55-00","class":"built_up","vegetationFraction":0.225,"pavedFraction":0.377,"waterFraction":0.011,"simulated":true},"geometry":{"type":"Polygon","coordinates":[[[114.25,22.39299999999999],[114.2516,22.39299999999999],[114.2516,22.39459999999999],[114.25,22.39459999999999],[114.25,22.39299999999999]]]}},{"type":"Feature","properties":{"id":"lu-nt-sai-kung-55-01","class":"urban_open_space","vegetationFraction":0.365,"pavedFraction":0.577,"waterFraction":0.057,"simulated":true},"geometry":{"type":"Polygon","coordinates":[[[114.2516,22.39299999999999],[114.25319999999999,22.39299999999999],[114.25319999999999,22.39459999999999],[114.2516,22.39459999999999],[114.2516,22.39299999999999]]]}},{"type":"Feature","properties":{"id":"lu-nt-sai-kung-55-02","class":"urban_open_space","vegetationFraction":0.335,"pavedFraction":0.454,"waterFraction":0.015,"simulated":true},"geometry":{"type":"Polygon","coordinates":[[[114.25319999999999,22.39299999999999],[114.25479999999999,22.39299999999999],[114.25479999999999,22.39459999999999],[114.25319999999999,22.39459999999999],[114.25319999999999,22.39299999999999]]]}},{"type":"Feature","properties":{"id":"lu-nt-sai-kung-55-03","class":"urban_open_space","vegetationFraction":0.37,"pavedFraction":0.552,"waterFraction":0.038,"simulated":true},"geometry":{"type":"Polygon","coordinates":[[[114.25479999999999,22.39299999999999],[114.25639999999999,22.39299999999999],[114.25639999999999,22.39459999999999],[114.25479999999999,22.39459999999999],[114.25479999999999,22.39299999999999]]]}},{"type":"Feature","properties":{"id":"lu-nt-sai-kung-55-04","class":"urban_open_space","vegetationFraction":0.338,"pavedFraction":0.37,"waterFraction":0.059,"simulated":true},"geometry":{"type":"Polygon","coordinates":[[[114.25639999999999,22.39299999999999],[114.25799999999998,22.39299999999999],[114.25799999999998,22.39459999999999],[114.25639999999999,22.39459999999999],[114.25639999999999,22.39299999999999]]]}},{"type":"Feature","properties":{"id":"lu-nt-sai-kung-55-05","class":"urban_open_space","vegetationFraction":0.254,"pavedFraction":0.535,"waterFraction":0.039,"simulated":true},"geometry":{"type":"Polygon","coordinates":[[[114.25799999999998,22.39299999999999],[114.25959999999998,22.39299999999999],[114.25959999999998,22.39459999999999],[114.25799999999998,22.39459999999999],[114.25799999999998,22.39299999999999]]]}},{"type":"Feature","properties":{"id":"lu-nt-sai-kung-55-06","class":"urban_open_space","vegetationFraction":0.319,"pavedFraction":0.351,"waterFraction":0.053,"simulated":true},"geometry":{"type":"Polygon","coordinates":[[[114.25959999999998,22.39299999999999],[114.26119999999997,22.39299999999999],[114.26119999999997,22.39459999999999],[114.25959999999998,22.39459999999999],[114.25959999999998,22.39299999999999]]]}},{"type":"Feature","properties":{"id":"lu-nt-sai-kung-55-07","class":"urban_open_space","vegetationFraction":0.399,"pavedFraction":0.604,"waterFraction":0.009,"simulated":true},"geometry":{"type":"Polygon","coordinates":[[[114.26119999999997,22.39299999999999],[114.26279999999997,22.39299999999999],[114.26279999999997,22.39459999999999],[114.26119999999997,22.39459999999999],[114.26119999999997,22.39299999999999]]]}},{"type":"Feature","properties":{"id":"lu-nt-sai-kung-55-08","class":"built_up","vegetationFraction":0.225,"pavedFraction":0.523,"waterFraction":0.011,"simulated":true},"geometry":{"type":"Polygon","coordinates":[[[114.26279999999997,22.39299999999999],[114.26439999999997,22.39299999999999],[114.26439999999997,22.39459999999999],[114.26279999999997,22.39459999999999],[114.26279999999997,22.39299999999999]]]}},{"type":"Feature","properties":{"id":"lu-nt-sai-kung-55-09","class":"urban_open_space","vegetationFraction":0.309,"pavedFraction":0.428,"waterFraction":0.026,"simulated":true},"geometry":{"type":"Polygon","coordinates":[[[114.26439999999997,22.39299999999999],[114.26599999999996,22.39299999999999],[114.26599999999996,22.39459999999999],[114.26439999999997,22.39459999999999],[114.26439999999997,22.39299999999999]]]}},{"type":"Feature","properties":{"id":"lu-nt-sai-kung-55-10","class":"green_space","vegetationFraction":0.429,"pavedFraction":0.486,"waterFraction":0.048,"simulated":true},"geometry":{"type":"Polygon","coordinates":[[[114.26599999999996,22.39299999999999],[114.26759999999996,22.39299999999999],[114.26759999999996,22.39459999999999],[114.26599999999996,22.39459999999999],[114.26599999999996,22.39299999999999]]]}},{"type":"Feature","properties":{"id":"lu-nt-sai-kung-55-11","class":"urban_open_space","vegetationFraction":0.317,"pavedFraction":0.472,"waterFraction":0.043,"simulated":true},"geometry":{"type":"Polygon","coordinates":[[[114.26759999999996,22.39299999999999],[114.26919999999996,22.39299999999999],[114.26919999999996,22.39459999999999],[114.26759999999996,22.39459999999999],[114.26759999999996,22.39299999999999]]]}},{"type":"Feature","properties":{"id":"lu-nt-sai-kung-55-12","class":"urban_open_space","vegetationFraction":0.305,"pavedFraction":0.394,"waterFraction":0.035,"simulated":true},"geometry":{"type":"Polygon","coordinates":[[[114.26919999999996,22.39299999999999],[114.27079999999995,22.39299999999999],[114.27079999999995,22.39459999999999],[114.26919999999996,22.39459999999999],[114.26919999999996,22.39299999999999]]]}},{"type":"Feature","properties":{"id":"lu-nt-sai-kung-55-13","class":"urban_open_space","vegetationFraction":0.381,"pavedFraction":0.424,"waterFraction":0.004,"simulated":true},"geometry":{"type":"Polygon","coordinates":[[[114.27079999999995,22.39299999999999],[114.27239999999995,22.39299999999999],[114.27239999999995,22.39459999999999],[114.27079999999995,22.39459999999999],[114.27079999999995,22.39299999999999]]]}},{"type":"Feature","properties":{"id":"lu-nt-sai-kung-55-14","class":"urban_open_space","vegetationFraction":0.32,"pavedFraction":0.476,"waterFraction":0.06,"simulated":true},"geometry":{"type":"Polygon","coordinates":[[[114.27239999999995,22.39299999999999],[114.27399999999994,22.39299999999999],[114.27399999999994,22.39459999999999],[114.27239999999995,22.39459999999999],[114.27239999999995,22.39299999999999]]]}},{"type":"Feature","properties":{"id":"lu-nt-sai-kung-55-15","class":"urban_open_space","vegetationFraction":0.35,"pavedFraction":0.361,"waterFraction":0.058,"simulated":true},"geometry":{"type":"Polygon","coordinates":[[[114.27399999999994,22.39299999999999],[114.27559999999994,22.39299999999999],[114.27559999999994,22.39459999999999],[114.27399999999994,22.39459999999999],[114.27399999999994,22.39299999999999]]]}},{"type":"Feature","properties":{"id":"lu-nt-sai-kung-55-16","class":"green_space","vegetationFraction":0.415,"pavedFraction":0.398,"waterFraction":0.05,"simulated":true},"geometry":{"type":"Polygon","coordinates":[[[114.27559999999994,22.39299999999999],[114.27719999999994,22.39299999999999],[114.27719999999994,22.39459999999999],[114.27559999999994,22.39459999999999],[114.27559999999994,22.39299999999999]]]}},{"type":"Feature","properties":{"id":"lu-nt-sai-kung-55-17","class":"green_space","vegetationFraction":0.421,"pavedFraction":0.518,"waterFraction":0.02,"simulated":true},"geometry":{"type":"Polygon","coordinates":[[[114.27719999999994,22.39299999999999],[114.27879999999993,22.39299999999999],[114.27879999999993,22.39459999999999],[114.27719999999994,22.39459999999999],[114.27719999999994,22.39299999999999]]]}},{"type":"Feature","properties":{"id":"lu-nt-sai-kung-55-18","class":"urban_open_space","vegetationFraction":0.333,"pavedFraction":0.382,"waterFraction":0.035,"simulated":true},"geometry":{"type":"Polygon","coordinates":[[[114.27879999999993,22.39299999999999],[114.28039999999993,22.39299999999999],[114.28039999999993,22.39459999999999],[114.27879999999993,22.39459999999999],[114.27879999999993,22.39299999999999]]]}},{"type":"Feature","properties":{"id":"lu-nt-sai-kung-55-19","class":"green_space","vegetationFraction":0.435,"pavedFraction":0.562,"waterFraction":0.007,"simulated":true},"geometry":{"type":"Polygon","coordinates":[[[114.28039999999993,22.39299999999999],[114.28199999999993,22.39299999999999],[114.28199999999993,22.39459999999999],[114.28039999999993,22.39459999999999],[114.28039999999993,22.39299999999999]]]}},{"type":"Feature","properties":{"id":"lu-nt-sai-kung-55-20","class":"urban_open_space","vegetationFraction":0.254,"pavedFraction":0.381,"waterFraction":0.045,"simulated":true},"geometry":{"type":"Polygon","coordinates":[[[114.28199999999993,22.39299999999999],[114.28359999999992,22.39299999999999],[114.28359999999992,22.39459999999999],[114.28199999999993,22.39459999999999],[114.28199999999993,22.39299999999999]]]}},{"type":"Feature","properties":{"id":"lu-nt-sai-kung-55-21","class":"green_space","vegetationFraction":0.433,"pavedFraction":0.415,"waterFraction":0.029,"simulated":true},"geometry":{"type":"Polygon","coordinates":[[[114.28359999999992,22.39299999999999],[114.28519999999992,22.39299999999999],[114.28519999999992,22.39459999999999],[114.28359999999992,22.39459999999999],[114.28359999999992,22.39299999999999]]]}},{"type":"Feature","properties":{"id":"lu-nt-sai-kung-55-22","class":"urban_open_space","vegetationFraction":0.264,"pavedFraction":0.609,"waterFraction":0.004,"simulated":true},"geometry":{"type":"Polygon","coordinates":[[[114.28519999999992,22.39299999999999],[114.28679999999991,22.39299999999999],[114.28679999999991,22.39459999999999],[114.28519999999992,22.39459999999999],[114.28519999999992,22.39299999999999]]]}},{"type":"Feature","properties":{"id":"lu-nt-sai-kung-55-23","class":"urban_open_space","vegetationFraction":0.32,"pavedFraction":0.432,"waterFraction":0.047,"simulated":true},"geometry":{"type":"Polygon","coordinates":[[[114.28679999999991,22.39299999999999],[114.28839999999991,22.39299999999999],[114.28839999999991,22.39459999999999],[114.28679999999991,22.39459999999999],[114.28679999999991,22.39299999999999]]]}},{"type":"Feature","properties":{"id":"lu-nt-sai-kung-55-24","class":"urban_open_space","vegetationFraction":0.259,"pavedFraction":0.478,"waterFraction":0.01,"simulated":true},"geometry":{"type":"Polygon","coordinates":[[[114.28839999999991,22.39299999999999],[114.2899999999999,22.39299999999999],[114.2899999999999,22.39459999999999],[114.28839999999991,22.39459999999999],[114.28839999999991,22.39299999999999]]]}},{"type":"Feature","properties":{"id":"lu-nt-sai-kung-55-25","class":"urban_open_space","vegetationFraction":0.296,"pavedFraction":0.641,"waterFraction":0.034,"simulated":true},"geometry":{"type":"Polygon","coordinates":[[[114.2899999999999,22.39299999999999],[114.2915999999999,22.39299999999999],[114.2915999999999,22.39459999999999],[114.2899999999999,22.39459999999999],[114.2899999999999,22.39299999999999]]]}},{"type":"Feature","properties":{"id":"lu-nt-sai-kung-55-26","class":"urban_open_space","vegetationFraction":0.348,"pavedFraction":0.545,"waterFraction":0.012,"simulated":true},"geometry":{"type":"Polygon","coordinates":[[[114.2915999999999,22.39299999999999],[114.2931999999999,22.39299999999999],[114.2931999999999,22.39459999999999],[114.2915999999999,22.39459999999999],[114.2915999999999,22.39299999999999]]]}},{"type":"Feature","properties":{"id":"lu-nt-sai-kung-55-27","class":"urban_open_space","vegetationFraction":0.329,"pavedFraction":0.443,"waterFraction":0.03,"simulated":true},"geometry":{"type":"Polygon","coordinates":[[[114.2931999999999,22.39299999999999],[114.2947999999999,22.39299999999999],[114.2947999999999,22.39459999999999],[114.2931999999999,22.39459999999999],[114.2931999999999,22.39299999999999]]]}},{"type":"Feature","properties":{"id":"lu-nt-sai-kung-55-28","class":"green_space","vegetationFraction":0.44,"pavedFraction":0.392,"waterFraction":0.01,"simulated":true},"geometry":{"type":"Polygon","coordinates":[[[114.2947999999999,22.39299999999999],[114.29639999999989,22.39299999999999],[114.29639999999989,22.39459999999999],[114.2947999999999,22.39459999999999],[114.2947999999999,22.39299999999999]]]}},{"type":"Feature","properties":{"id":"lu-nt-sai-kung-55-29","class":"urban_open_space","vegetationFraction":0.361,"pavedFraction":0.477,"waterFraction":0.054,"simulated":true},"geometry":{"type":"Polygon","coordinates":[[[114.29639999999989,22.39299999999999],[114.29799999999989,22.39299999999999],[114.29799999999989,22.39459999999999],[114.29639999999989,22.39459999999999],[114.29639999999989,22.39299999999999]]]}},{"type":"Feature","properties":{"id":"lu-nt-sai-kung-55-30","class":"urban_open_space","vegetationFraction":0.351,"pavedFraction":0.575,"waterFraction":0.029,"simulated":true},"geometry":{"type":"Polygon","coordinates":[[[114.29799999999989,22.39299999999999],[114.29959999999988,22.39299999999999],[114.29959999999988,22.39459999999999],[114.29799999999989,22.39459999999999],[114.29799999999989,22.39299999999999]]]}},{"type":"Feature","properties":{"id":"lu-nt-sai-kung-56-00","class":"urban_open_space","vegetationFraction":0.345,"pavedFraction":0.482,"waterFraction":0.026,"simulated":true},"geometry":{"type":"Polygon","coordinates":[[[114.25,22.39459999999999],[114.2516,22.39459999999999],[114.2516,22.39619999999999],[114.25,22.39619999999999],[114.25,22.39459999999999]]]}},{"type":"Feature","properties":{"id":"lu-nt-sai-kung-56-01","class":"built_up","vegetationFraction":0.237,"pavedFraction":0.549,"waterFraction":0.028,"simulated":true},"geometry":{"type":"Polygon","coordinates":[[[114.2516,22.39459999999999],[114.25319999999999,22.39459999999999],[114.25319999999999,22.39619999999999],[114.2516,22.39619999999999],[114.2516,22.39459999999999]]]}},{"type":"Feature","properties":{"id":"lu-nt-sai-kung-56-02","class":"built_up","vegetationFraction":0.237,"pavedFraction":0.624,"waterFraction":0.012,"simulated":true},"geometry":{"type":"Polygon","coordinates":[[[114.25319999999999,22.39459999999999],[114.25479999999999,22.39459999999999],[114.25479999999999,22.39619999999999],[114.25319999999999,22.39619999999999],[114.25319999999999,22.39459999999999]]]}},{"type":"Feature","properties":{"id":"lu-nt-sai-kung-56-03","class":"urban_open_space","vegetationFraction":0.369,"pavedFraction":0.61,"waterFraction":0.051,"simulated":true},"geometry":{"type":"Polygon","coordinates":[[[114.25479999999999,22.39459999999999],[114.25639999999999,22.39459999999999],[114.25639999999999,22.39619999999999],[114.25479999999999,22.39619999999999],[114.25479999999999,22.39459999999999]]]}},{"type":"Feature","properties":{"id":"lu-nt-sai-kung-56-04","class":"built_up","vegetationFraction":0.248,"pavedFraction":0.644,"waterFraction":0.014,"simulated":true},"geometry":{"type":"Polygon","coordinates":[[[114.25639999999999,22.39459999999999],[114.25799999999998,22.39459999999999],[114.25799999999998,22.39619999999999],[114.25639999999999,22.39619999999999],[114.25639999999999,22.39459999999999]]]}},{"type":"Feature","properties":{"id":"lu-nt-sai-kung-56-05","class":"built_up","vegetationFraction":0.208,"pavedFraction":0.425,"waterFraction":0.012,"simulated":true},"geometry":{"type":"Polygon","coordinates":[[[114.25799999999998,22.39459999999999],[114.25959999999998,22.39459999999999],[114.25959999999998,22.39619999999999],[114.25799999999998,22.39619999999999],[114.25799999999998,22.39459999999999]]]}},{"type":"Feature","properties":{"id":"lu-nt-sai-kung-56-06","class":"green_space","vegetationFraction":0.435,"pavedFraction":0.626,"waterFraction":0.004,"simulated":true},"geometry":{"type":"Polygon","coordinates":[[[114.25959999999998,22.39459999999999],[114.26119999999997,22.39459999999999],[114.26119999999997,22.39619999999999],[114.25959999999998,22.39619999999999],[114.25959999999998,22.39459999999999]]]}},{"type":"Feature","properties":{"id":"lu-nt-sai-kung-56-07","class":"built_up","vegetationFraction":0.227,"pavedFraction":0.525,"waterFraction":0.032,"simulated":true},"geometry":{"type":"Polygon","coordinates":[[[114.26119999999997,22.39459999999999],[114.26279999999997,22.39459999999999],[114.26279999999997,22.39619999999999],[114.26119999999997,22.39619999999999],[114.26119999999997,22.39459999999999]]]}},{"type":"Feature","properties":{"id":"lu-nt-sai-kung-56-08","class":"urban_open_space","vegetationFraction":0.347,"pavedFraction":0.411,"waterFraction":0.042,"simulated":true},"geometry":{"type":"Polygon","coordinates":[[[114.26279999999997,22.39459999999999],[114.26439999999997,22.39459999999999],[114.26439999999997,22.39619999999999],[114.26279999999997,22.39619999999999],[114.26279999999997,22.39459999999999]]]}},{"type":"Feature","properties":{"id":"lu-nt-sai-kung-56-09","class":"urban_open_space","vegetationFraction":0.273,"pavedFraction":0.49,"waterFraction":0.028,"simulated":true},"geometry":{"type":"Polygon","coordinates":[[[114.26439999999997,22.39459999999999],[114.26599999999996,22.39459999999999],[114.26599999999996,22.39619999999999],[114.26439999999997,22.39619999999999],[114.26439999999997,22.39459999999999]]]}},{"type":"Feature","properties":{"id":"lu-nt-sai-kung-56-10","class":"urban_open_space","vegetationFraction":0.294,"pavedFraction":0.386,"waterFraction":0.046,"simulated":true},"geometry":{"type":"Polygon","coordinates":[[[114.26599999999996,22.39459999999999],[114.26759999999996,22.39459999999999],[114.26759999999996,22.39619999999999],[114.26599999999996,22.39619999999999],[114.26599999999996,22.39459999999999]]]}},{"type":"Feature","properties":{"id":"lu-nt-sai-kung-56-11","class":"urban_open_space","vegetationFraction":0.4,"pavedFraction":0.623,"waterFraction":0.013,"simulated":true},"geometry":{"type":"Polygon","coordinates":[[[114.26759999999996,22.39459999999999],[114.26919999999996,22.39459999999999],[114.26919999999996,22.39619999999999],[114.26759999999996,22.39619999999999],[114.26759999999996,22.39459999999999]]]}},{"type":"Feature","properties":{"id":"lu-nt-sai-kung-56-12","class":"urban_open_space","vegetationFraction":0.342,"pavedFraction":0.504,"waterFraction":0.029,"simulated":true},"geometry":{"type":"Polygon","coordinates":[[[114.26919999999996,22.39459999999999],[114.27079999999995,22.39459999999999],[114.27079999999995,22.39619999999999],[114.26919999999996,22.39619999999999],[114.26919999999996,22.39459999999999]]]}},{"type":"Feature","properties":{"id":"lu-nt-sai-kung-56-13","class":"urban_open_space","vegetationFraction":0.329,"pavedFraction":0.41,"waterFraction":0.008,"simulated":true},"geometry":{"type":"Polygon","coordinates":[[[114.27079999999995,22.39459999999999],[114.27239999999995,22.39459999999999],[114.27239999999995,22.39619999999999],[114.27079999999995,22.39619999999999],[114.27079999999995,22.39459999999999]]]}},{"type":"Feature","properties":{"id":"lu-nt-sai-kung-56-14","class":"urban_open_space","vegetationFraction":0.29,"pavedFraction":0.397,"waterFraction":0.009,"simulated":true},"geometry":{"type":"Polygon","coordinates":[[[114.27239999999995,22.39459999999999],[114.27399999999994,22.39459999999999],[114.27399999999994,22.39619999999999],[114.27239999999995,22.39619999999999],[114.27239999999995,22.39459999999999]]]}},{"type":"Feature","properties":{"id":"lu-nt-sai-kung-56-15","class":"urban_open_space","vegetationFraction":0.298,"pavedFraction":0.636,"waterFraction":0.05,"simulated":true},"geometry":{"type":"Polygon","coordinates":[[[114.27399999999994,22.39459999999999],[114.27559999999994,22.39459999999999],[114.27559999999994,22.39619999999999],[114.27399999999994,22.39619999999999],[114.27399999999994,22.39459999999999]]]}},{"type":"Feature","properties":{"id":"lu-nt-sai-kung-56-16","class":"built_up","vegetationFraction":0.237,"pavedFraction":0.379,"waterFraction":0.018,"simulated":true},"geometry":{"type":"Polygon","coordinates":[[[114.27559999999994,22.39459999999999],[114.27719999999994,22.39459999999999],[114.27719999999994,22.39619999999999],[114.27559999999994,22.39619999999999],[114.27559999999994,22.39459999999999]]]}},{"type":"Feature","properties":{"id":"lu-nt-sai-kung-56-17","class":"urban_open_space","vegetationFraction":0.342,"pavedFraction":0.438,"waterFraction":0.009,"simulated":true},"geometry":{"type":"Polygon","coordinates":[[[114.27719999999994,22.39459999999999],[114.27879999999993,22.39459999999999],[114.27879999999993,22.39619999999999],[114.27719999999994,22.39619999999999],[114.27719999999994,22.39459999999999]]]}},{"type":"Feature","properties":{"id":"lu-nt-sai-kung-56-18","class":"urban_open_space","vegetationFraction":0.32,"pavedFraction":0.363,"waterFraction":0.006,"simulated":true},"geometry":{"type":"Polygon","coordinates":[[[114.27879999999993,22.39459999999999],[114.28039999999993,22.39459999999999],[114.28039999999993,22.39619999999999],[114.27879999999993,22.39619999999999],[114.27879999999993,22.39459999999999]]]}},{"type":"Feature","properties":{"id":"lu-nt-sai-kung-56-19","class":"green_space","vegetationFraction":0.431,"pavedFraction":0.368,"waterFraction":0.034,"simulated":true},"geometry":{"type":"Polygon","coordinates":[[[114.28039999999993,22.39459999999999],[114.28199999999993,22.39459999999999],[114.28199999999993,22.39619999999999],[114.28039999999993,22.39619999999999],[114.28039999999993,22.39459999999999]]]}},{"type":"Feature","properties":{"id":"lu-nt-sai-kung-56-20","class":"urban_open_space","vegetationFraction":0.346,"pavedFraction":0.378,"waterFraction":0.001,"simulated":true},"geometry":{"type":"Polygon","coordinates":[[[114.28199999999993,22.39459999999999],[114.28359999999992,22.39459999999999],[114.28359999999992,22.39619999999999],[114.28199999999993,22.39619999999999],[114.28199999999993,22.39459999999999]]]}},{"type":"Feature","properties":{"id":"lu-nt-sai-kung-56-21","class":"urban_open_space","vegetationFraction":0.262,"pavedFraction":0.572,"waterFraction":0.004,"simulated":true},"geometry":{"type":"Polygon","coordinates":[[[114.28359999999992,22.39459999999999],[114.28519999999992,22.39459999999999],[114.28519999999992,22.39619999999999],[114.28359999999992,22.39619999999999],[114.28359999999992,22.39459999999999]]]}},{"type":"Feature","properties":{"id":"lu-nt-sai-kung-56-22","class":"urban_open_space","vegetationFraction":0.27,"pavedFraction":0.596,"waterFraction":0.042,"simulated":true},"geometry":{"type":"Polygon","coordinates":[[[114.28519999999992,22.39459999999999],[114.28679999999991,22.39459999999999],[114.28679999999991,22.39619999999999],[114.28519999999992,22.39619999999999],[114.28519999999992,22.39459999999999]]]}},{"type":"Feature","properties":{"id":"lu-nt-sai-kung-56-23","class":"urban_open_space","vegetationFraction":0.371,"pavedFraction":0.626,"waterFraction":0.025,"simulated":true},"geometry":{"type":"Polygon","coordinates":[[[114.28679999999991,22.39459999999999],[114.28839999999991,22.39459999999999],[114.28839999999991,22.39619999999999],[114.28679999999991,22.39619999999999],[114.28679999999991,22.39459999999999]]]}},{"type":"Feature","properties":{"id":"lu-nt-sai-kung-56-24","class":"urban_open_space","vegetationFraction":0.383,"pavedFraction":0.601,"waterFraction":0.021,"simulated":true},"geometry":{"type":"Polygon","coordinates":[[[114.28839999999991,22.39459999999999],[114.2899999999999,22.39459999999999],[114.2899999999999,22.39619999999999],[114.28839999999991,22.39619999999999],[114.28839999999991,22.39459999999999]]]}},{"type":"Feature","properties":{"id":"lu-nt-sai-kung-56-25","class":"urban_open_space","vegetationFraction":0.252,"pavedFraction":0.489,"waterFraction":0.002,"simulated":true},"geometry":{"type":"Polygon","coordinates":[[[114.2899999999999,22.39459999999999],[114.2915999999999,22.39459999999999],[114.2915999999999,22.39619999999999],[114.2899999999999,22.39619999999999],[114.2899999999999,22.39459999999999]]]}},{"type":"Feature","properties":{"id":"lu-nt-sai-kung-56-26","class":"built_up","vegetationFraction":0.202,"pavedFraction":0.529,"waterFraction":0.052,"simulated":true},"geometry":{"type":"Polygon","coordinates":[[[114.2915999999999,22.39459999999999],[114.2931999999999,22.39459999999999],[114.2931999999999,22.39619999999999],[114.2915999999999,22.39619999999999],[114.2915999999999,22.39459999999999]]]}},{"type":"Feature","properties":{"id":"lu-nt-sai-kung-56-27","class":"urban_open_space","vegetationFraction":0.315,"pavedFraction":0.55,"waterFraction":0.022,"simulated":true},"geometry":{"type":"Polygon","coordinates":[[[114.2931999999999,22.39459999999999],[114.2947999999999,22.39459999999999],[114.2947999999999,22.39619999999999],[114.2931999999999,22.39619999999999],[114.2931999999999,22.39459999999999]]]}},{"type":"Feature","properties":{"id":"lu-nt-sai-kung-56-28","class":"urban_open_space","vegetationFraction":0.315,"pavedFraction":0.596,"waterFraction":0.022,"simulated":true},"geometry":{"type":"Polygon","coordinates":[[[114.2947999999999,22.39459999999999],[114.29639999999989,22.39459999999999],[114.29639999999989,22.39619999999999],[114.2947999999999,22.39619999999999],[114.2947999999999,22.39459999999999]]]}},{"type":"Feature","properties":{"id":"lu-nt-sai-kung-56-29","class":"urban_open_space","vegetationFraction":0.359,"pavedFraction":0.538,"waterFraction":0.008,"simulated":true},"geometry":{"type":"Polygon","coordinates":[[[114.29639999999989,22.39459999999999],[114.29799999999989,22.39459999999999],[114.29799999999989,22.39619999999999],[114.29639999999989,22.39619999999999],[114.29639999999989,22.39459999999999]]]}},{"type":"Feature","properties":{"id":"lu-nt-sai-kung-56-30","class":"urban_open_space","vegetationFraction":0.334,"pavedFraction":0.535,"waterFraction":0.058,"simulated":true},"geometry":{"type":"Polygon","coordinates":[[[114.29799999999989,22.39459999999999],[114.29959999999988,22.39459999999999],[114.29959999999988,22.39619999999999],[114.29799999999989,22.39619999999999],[114.29799999999989,22.39459999999999]]]}}]}