{"type":"FeatureCollection","features":[{"type":"Feature","properties":{"id":"lu-southern-00-00","class":"built_up","vegetationFraction":0.214,"pavedFraction":0.618,"waterFraction":0.042,"simulated":true},"geometry":{"type":"Polygon","coordinates":[[[114.15,22.21],[114.1516,22.21],[114.1516,22.2116],[114.15,22.2116],[114.15,22.21]]]}},{"type":"Feature","properties":{"id":"lu-southern-00-01","class":"built_up","vegetationFraction":0.17,"pavedFraction":0.686,"waterFraction":0.03,"simulated":true},"geometry":{"type":"Polygon","coordinates":[[[114.1516,22.21],[114.1532,22.21],[114.1532,22.2116],[114.1516,22.2116],[114.1516,22.21]]]}},{"type":"Feature","properties":{"id":"lu-southern-00-02","class":"built_up","vegetationFraction":0.213,"pavedFraction":0.646,"waterFraction":0.016,"simulated":true},"geometry":{"type":"Polygon","coordinates":[[[114.1532,22.21],[114.1548,22.21],[114.1548,22.2116],[114.1532,22.2116],[114.1532,22.21]]]}},{"type":"Feature","properties":{"id":"lu-southern-00-03","class":"urban_open_space","vegetationFraction":0.266,"pavedFraction":0.532,"waterFraction":0.051,"simulated":true},"geometry":{"type":"Polygon","coordinates":[[[114.1548,22.21],[114.15639999999999,22.21],[114.15639999999999,22.2116],[114.1548,22.2116],[114.1548,22.21]]]}},{"type":"Feature","properties":{"id":"lu-southern-00-04","class":"built_up","vegetationFraction":0.105,"pavedFraction":0.685,"waterFraction":0.024,"simulated":true},"geometry":{"type":"Polygon","coordinates":[[[114.15639999999999,22.21],[114.15799999999999,22.21],[114.15799999999999,22.2116],[114.15639999999999,22.2116],[114.15639999999999,22.21]]]}},{"type":"Feature","properties":{"id":"lu-southern-00-05","class":"built_up","vegetationFraction":0.167,"pavedFraction":0.542,"waterFraction":0.051,"simulated":true},"geometry":{"type":"Polygon","coordinates":[[[114.15799999999999,22.21],[114.15959999999998,22.21],[114.15959999999998,22.2116],[114.15799999999999,22.2116],[114.15799999999999,22.21]]]}},{"type":"Feature","properties":{"id":"lu-southern-00-06","class":"built_up","vegetationFraction":0.176,"pavedFraction":0.507,"waterFraction":0.023,"simulated":true},"geometry":{"type":"Polygon","coordinates":[[[114.15959999999998,22.21],[114.16119999999998,22.21],[114.16119999999998,22.2116],[114.15959999999998,22.2116],[114.15959999999998,22.21]]]}},{"type":"Feature","properties":{"id":"lu-southern-00-07","class":"built_up","vegetationFraction":0.156,"pavedFraction":0.669,"waterFraction":0.024,"simulated":true},"geometry":{"type":"Polygon","coordinates":[[[114.16119999999998,22.21],[114.16279999999998,22.21],[114.16279999999998,22.2116],[114.16119999999998,22.2116],[114.16119999999998,22.21]]]}},{"type":"Feature","properties":{"id":"lu-southern-00-08","class":"urban_open_space","vegetationFraction":0.276,"pavedFraction":0.52,"waterFraction":0.004,"simulated":true},"geometry":{"type":"Polygon","coordinates":[[[114.16279999999998,22.21],[114.16439999999997,22.21],[114.16439999999997,22.2116],[114.16279999999998,22.2116],[114.16279999999998,22.21]]]}},{"type":"Feature","properties":{"id":"lu-southern-00-09","class":"built_up","vegetationFraction":0.178,"pavedFraction":0.685,"waterFraction":0.036,"simulated":true},"geometry":{"type":"Polygon","coordinates":[[[114.16439999999997,22.21],[114.16599999999997,22.21],[114.16599999999997,22.2116],[114.16439999999997,22.2116],[114.16439999999997,22.21]]]}},{"type":"Feature","properties":{"id":"lu-southern-00-10","class":"built_up","vegetationFraction":0.191,"pavedFraction":0.574,"waterFraction":0.006,"simulated":true},"geometry":{"type":"Polygon","coordinates":[[[114.16599999999997,22.21],[114.16759999999996,22.21],[114.16759999999996,22.2116],[114.16599999999997,22.2116],[114.16599999999997,22.21]]]}},{"type":"Feature","properties":{"id":"lu-southern-00-11","class":"built_up","vegetationFraction":0.183,"pavedFraction":0.504,"waterFraction":0.016,"simulated":true},"geometry":{"type":"Polygon","coordinates":[[[114.16759999999996,22.21],[114.16919999999996,22.21],[114.16919999999996,22.2116],[114.16759999999996,22.2116],[114.16759999999996,22.21]]]}},{"type":"Feature","properties":{"id":"lu-southern-00-12","class":"built_up","vegetationFraction":0.179,"pavedFraction":0.635,"waterFraction":0.018,"simulated":true},"geometry":{"type":"Polygon","coordinates":[[[114.16919999999996,22.21],[114.17079999999996,22.21],[114.17079999999996,22.2116],[114.16919999999996,22.2116],[114.16919999999996,22.21]]]}},{"type":"Feature","properties":{"id":"lu-southern-00-13","class":"built_up","vegetationFraction":0.145,"pavedFraction":0.678,"waterFraction":0.042,"simulated":true},"geometry":{"type":"Polygon","coordinates":[[[114.17079999999996,22.21],[114.17239999999995,22.21],[114.17239999999995,22.2116],[114.17079999999996,22.2116],[114.17079999999996,22.21]]]}},{"type":"Feature","properties":{"id":"lu-southern-00-14","class":"built_up","vegetationFraction":0.101,"pavedFraction":0.719,"waterFraction":0.005,"simulated":true},"geometry":{"type":"Polygon","coordinates":[[[114.17239999999995,22.21],[114.17399999999995,22.21],[114.17399999999995,22.2116],[114.17239999999995,22.2116],[114.17239999999995,22.21]]]}},{"type":"Feature","properties":{"id":"lu-southern-00-15","class":"built_up","vegetationFraction":0.132,"pavedFraction":0.749,"waterFraction":0.045,"simulated":true},"geometry":{"type":"Polygon","coordinates":[[[114.17399999999995,22.21],[114.17559999999995,22.21],[114.17559999999995,22.2116],[114.17399999999995,22.2116],[114.17399999999995,22.21]]]}},{"type":"Feature","properties":{"id":"lu-southern-00-16","class":"built_up","vegetationFraction":0.204,"pavedFraction":0.544,"waterFraction":0.012,"simulated":true},"geometry":{"type":"Polygon","coordinates":[[[114.17559999999995,22.21],[114.17719999999994,22.21],[114.17719999999994,22.2116],[114.17559999999995,22.2116],[114.17559999999995,22.21]]]}},{"type":"Feature","properties":{"id":"lu-southern-00-17","class":"urban_open_space","vegetationFraction":0.267,"pavedFraction":0.778,"waterFraction":0.018,"simulated":true},"geometry":{"type":"Polygon","coordinates":[[[114.17719999999994,22.21],[114.17879999999994,22.21],[114.17879999999994,22.2116],[114.17719999999994,22.2116],[114.17719999999994,22.21]]]}},{"type":"Feature","properties":{"id":"lu-southern-00-18","class":"built_up","vegetationFraction":0.119,"pavedFraction":0.492,"waterFraction":0.038,"simulated":true},"geometry":{"type":"Polygon","coordinates":[[[114.17879999999994,22.21],[114.18039999999993,22.21],[114.18039999999993,22.2116],[114.17879999999994,22.2116],[114.17879999999994,22.21]]]}},{"type":"Feature","properties":{"id":"lu-southern-00-19","class":"built_up","vegetationFraction":0.243,"pavedFraction":0.551,"waterFraction":0.044,"simulated":true},"geometry":{"type":"Polygon","coordinates":[[[114.18039999999993,22.21],[114.18199999999993,22.21],[114.18199999999993,22.2116],[114.18039999999993,22.2116],[114.18039999999993,22.21]]]}},{"type":"Feature","properties":{"id":"lu-southern-00-20","class":"built_up","vegetationFraction":0.134,"pavedFraction":0.776,"waterFraction":0.01,"simulated":true},"geometry":{"type":"Polygon","coordinates":[[[114.18199999999993,22.21],[114.18359999999993,22.21],[114.18359999999993,22.2116],[114.18199999999993,22.2116],[114.18199999999993,22.21]]]}},{"type":"Feature","properties":{"id":"lu-southern-00-21","class":"urban_open_space","vegetationFraction":0.274,"pavedFraction":0.531,"waterFraction":0.004,"simulated":true},"geometry":{"type":"Polygon","coordinates":[[[114.18359999999993,22.21],[114.18519999999992,22.21],[114.18519999999992,22.2116],[114.18359999999993,22.2116],[114.18359999999993,22.21]]]}},{"type":"Feature","properties":{"id":"lu-southern-00-22","class":"built_up","vegetationFraction":0.154,"pavedFraction":0.611,"waterFraction":0.05,"simulated":true},"geometry":{"type":"Polygon","coordinates":[[[114.18519999999992,22.21],[114.18679999999992,22.21],[114.18679999999992,22.2116],[114.18519999999992,22.2116],[114.18519999999992,22.21]]]}},{"type":"Feature","properties":{"id":"lu-southern-00-23","class":"urban_open_space","vegetationFraction":0.271,"pavedFraction":0.614,"waterFraction":0.012,"simulated":true},"geometry":{"type":"Polygon","coordinates":[[[114.18679999999992,22.21],[114.18839999999992,22.21],[114.18839999999992,22.2116],[114.18679999999992,22.2116],[114.18679999999992,22.21]]]}},{"type":"Feature","properties":{"id":"lu-southern-00-24","class":"built_up","vegetationFraction":0.207,"pavedFraction":0.498,"waterFraction":0.052,"simulated":true},"geometry":{"type":"Polygon","coordinates":[[[114.18839999999992,22.21],[114.18999999999991,22.21],[114.18999999999991,22.2116],[114.18839999999992,22.2116],[114.18839999999992,22.21]]]}},{"type":"Feature","properties":{"id":"lu-southern-00-25","class":"urban_open_space","vegetationFraction":0.264,"pavedFraction":0.689,"waterFraction":0.046,"simulated":true},"geometry":{"type":"Polygon","coordinates":[[[114.18999999999991,22.21],[114.19159999999991,22.21],[114.19159999999991,22.2116],[114.18999999999991,22.2116],[114.18999999999991,22.21]]]}},{"type":"Feature","properties":{"id":"lu-southern-00-26","class":"built_up","vegetationFraction":0.196,"pavedFraction":0.724,"waterFraction":0.04,"simulated":true},"geometry":{"type":"Polygon","coordinates":[[[114.19159999999991,22.21],[114.1931999999999,22.21],[114.1931999999999,22.2116],[114.19159999999991,22.2116],[114.19159999999991,22.21]]]}},{"type":"Feature","properties":{"id":"lu-southern-00-27","class":"urban_open_space","vegetationFraction":0.262,"pavedFraction":0.562,"waterFraction":0.011,"simulated":true},"geometry":{"type":"Polygon","coordinates":[[[114.1931999999999,22.21],[114.1947999999999,22.21],[114.1947999999999,22.2116],[114.1931999999999,22.2116],[114.1931999999999,22.21]]]}},{"type":"Feature","properties":{"id":"lu-southern-00-28","class":"built_up","vegetationFraction":0.179,"pavedFraction":0.687,"waterFraction":0.006,"simulated":true},"geometry":{"type":"Polygon","coordinates":[[[114.1947999999999,22.21],[114.1963999999999,22.21],[114.1963999999999,22.2116],[114.1947999999999,22.2116],[114.1947999999999,22.21]]]}},{"type":"Feature","properties":{"id":"lu-southern-00-29","class":"built_up","vegetationFraction":0.118,"pavedFraction":0.566,"waterFraction":0.059,"simulated":true},"geometry":{"type":"Polygon","coordinates":[[[114.1963999999999,22.21],[114.1979999999999,22.21],[114.1979999999999,22.2116],[114.1963999999999,22.2116],[114.1963999999999,22.21]]]}},{"type":"Feature","properties":{"id":"lu-southern-00-30","class":"built_up","vegetationFraction":0.14,"pavedFraction":0.674,"waterFraction":0.034,"simulated":true},"geometry":{"type":"Polygon","coordinates":[[[114.1979999999999,22.21],[114.19959999999989,22.21],[114.19959999999989,22.2116],[114.1979999999999,22.2116],[114.1979999999999,22.21]]]}},{"type":"Feature","properties":{"id":"lu-southern-00-31","class":"built_up","vegetationFraction":0.168,"pavedFraction":0.533,"waterFraction":0.053,"simulated":true},"geometry":{"type":"Polygon","coordinates":[[[114.19959999999989,22.21],[114.20119999999989,22.21],[114.20119999999989,22.2116],[114.19959999999989,22.2116],[114.19959999999989,22.21]]]}},{"type":"Feature","properties":{"id":"lu-southern-00-32","class":"built_up","vegetationFraction":0.148,"pavedFraction":0.595,"waterFraction":0.012,"simulated":true},"geometry":{"type":"Polygon","coordinates":[[[114.20119999999989,22.21],[114.20279999999988,22.21],[114.20279999999988,22.2116],[114.20119999999989,22.2116],[114.20119999999989,22.21]]]}},{"type":"Feature","properties":{"id":"lu-southern-00-33","class":"urban_open_space","vegetationFraction":0.26,"pavedFraction":0.62,"waterFraction":0.038,"simulated":true},"geometry":{"type":"Polygon","coordinates":[[[114.20279999999988,22.21],[114.20439999999988,22.21],[114.20439999999988,22.2116],[114.20279999999988,22.2116],[114.20279999999988,22.21]]]}},{"type":"Feature","properties":{"id":"lu-southern-00-34","class":"built_up","vegetationFraction":0.156,"pavedFraction":0.669,"waterFraction":0.016,"simulated":true},"geometry":{"type":"Polygon","coordinates":[[[114.20439999999988,22.21],[114.20599999999988,22.21],[114.20599999999988,22.2116],[114.20439999999988,22.2116],[114.20439999999988,22.21]]]}},{"type":"Feature","properties":{"id":"lu-southern-00-35","class":"built_up","vegetationFraction":0.202,"pavedFraction":0.589,"waterFraction":0.058,"simulated":true},"geometry":{"type":"Polygon","coordinates":[[[114.20599999999988,22.21],[114.20759999999987,22.21],[114.20759999999987,22.2116],[114.20599999999988,22.2116],[114.20599999999988,22.21]]]}},{"type":"Feature","properties":{"id":"lu-southern-00-36","class":"built_up","vegetationFraction":0.147,"pavedFraction":0.639,"waterFraction":0.028,"simulated":true},"geometry":{"type":"Polygon","coordinates":[[[114.20759999999987,22.21],[114.20919999999987,22.21],[114.20919999999987,22.2116],[114.20759999999987,22.2116],[114.20759999999987,22.21]]]}},{"type":"Feature","properties":{"id":"lu-southern-00-37","class":"built_up","vegetationFraction":0.23,"pavedFraction":0.736,"waterFraction":0.012,"simulated":true},"geometry":{"type":"Polygon","coordinates":[[[114.20919999999987,22.21],[114.21079999999986,22.21],[114.21079999999986,22.2116],[114.20919999999987,22.2116],[114.20919999999987,22.21]]]}},{"type":"Feature","properties":{"id":"lu-southern-00-38","class":"urban_open_space","vegetationFraction":0.25,"pavedFraction":0.522,"waterFraction":0.008,"simulated":true},"geometry":{"type":"Polygon","coordinates":[[[114.21079999999986,22.21],[114.21239999999986,22.21],[114.21239999999986,22.2116],[114.21079999999986,22.2116],[114.21079999999986,22.21]]]}},{"type":"Feature","properties":{"id":"lu-southern-00-39","class":"urban_open_space","vegetationFraction":0.263,"pavedFraction":0.689,"waterFraction":0.018,"simulated":true},"geometry":{"type":"Polygon","coordinates":[[[114.21239999999986,22.21],[114.21399999999986,22.21],[114.21399999999986,22.2116],[114.21239999999986,22.2116],[114.21239999999986,22.21]]]}},{"type":"Feature","properties":{"id":"lu-southern-00-40","class":"built_up","vegetationFraction":0.204,"pavedFraction":0.722,"waterFraction":0.002,"simulated":true},"geometry":{"type":"Polygon","coordinates":[[[114.21399999999986,22.21],[114.21559999999985,22.21],[114.21559999999985,22.2116],[114.21399999999986,22.2116],[114.21399999999986,22.21]]]}},{"type":"Feature","properties":{"id":"lu-southern-00-41","class":"built_up","vegetationFraction":0.102,"pavedFraction":0.527,"waterFraction":0.038,"simulated":true},"geometry":{"type":"Polygon","coordinates":[[[114.21559999999985,22.21],[114.21719999999985,22.21],[114.21719999999985,22.2116],[114.21559999999985,22.2116],[114.21559999999985,22.21]]]}},{"type":"Feature","properties":{"id":"lu-southern-00-42","class":"built_up","vegetationFraction":0.185,"pavedFraction":0.566,"waterFraction":0.06,"simulated":true},"geometry":{"type":"Polygon","coordinates":[[[114.21719999999985,22.21],[114.21879999999985,22.21],[114.21879999999985,22.2116],[114.21719999999985,22.2116],[114.21719999999985,22.21]]]}},{"type":"Feature","properties":{"id":"lu-southern-00-43","class":"built_up","vegetationFraction":0.188,"pavedFraction":0.76,"waterFraction":0.013,"simulated":true},"geometry":{"type":"Polygon","coordinates":[[[114.21879999999985,22.21],[114.22039999999984,22.21],[114.22039999999984,22.2116],[114.21879999999985,22.2116],[114.21879999999985,22.21]]]}},{"type":"Feature","properties":{"id":"lu-southern-00-44","class":"built_up","vegetationFraction":0.169,"pavedFraction":0.692,"waterFraction":0.023,"simulated":true},"geometry":{"type":"Polygon","coordinates":[[[114.22039999999984,22.21],[114.22199999999984,22.21],[114.22199999999984,22.2116],[114.22039999999984,22.2116],[114.22039999999984,22.21]]]}},{"type":"Feature","properties":{"id":"lu-southern-00-45","class":"built_up","vegetationFraction":0.101,"pavedFraction":0.558,"waterFraction":0.03,"simulated":true},"geometry":{"type":"Polygon","coordinates":[[[114.22199999999984,22.21],[114.22359999999983,22.21],[114.22359999999983,22.2116],[114.22199999999984,22.2116],[114.22199999999984,22.21]]]}},{"type":"Feature","properties":{"id":"lu-southern-00-46","class":"built_up","vegetationFraction":0.137,"pavedFraction":0.511,"waterFraction":0.023,"simulated":true},"geometry":{"type":"Polygon","coordinates":[[[114.22359999999983,22.21],[114.22519999999983,22.21],[114.22519999999983,22.2116],[114.22359999999983,22.2116],[114.22359999999983,22.21]]]}},{"type":"Feature","properties":{"id":"lu-southern-00-47","class":"urban_open_space","vegetationFraction":0.25,"pavedFraction":0.546,"waterFraction":0.033,"simulated":true},"geometry":{"type":"Polygon","coordinates":[[[114.22519999999983,22.21],[114.22679999999983,22.21],[114.22679999999983,22.2116],[114.22519999999983,22.2116],[114.22519999999983,22.21]]]}},{"type":"Feature","properties":{"id":"lu-southern-00-48","class":"built_up","vegetationFraction":0.248,"pavedFraction":0.558,"waterFraction":0.043,"simulated":true},"geometry":{"type":"Polygon","coordinates":[[[114.22679999999983,22.21],[114.22839999999982,22.21],[114.22839999999982,22.2116],[114.22679999999983,22.2116],[114.22679999999983,22.21]]]}},{"type":"Feature","properties":{"id":"lu-southern-00-49","class":"built_up","vegetationFraction":0.144,"pavedFraction":0.573,"waterFraction":0.034,"simulated":true},"geometry":{"type":"Polygon","coordinates":[[[114.22839999999982,22.21],[114.22999999999982,22.21],[114.22999999999982,22.2116],[114.22839999999982,22.2116],[114.22839999999982,22.21]]]}},{"type":"Feature","properties":{"id":"lu-southern-00-50","class":"built_up","vegetationFraction":0.114,"pavedFraction":0.713,"waterFraction":0.024,"simulated":true},"geometry":{"type":"Polygon","coordinates":[[[114.22999999999982,22.21],[114.23159999999982,22.21],[114.23159999999982,22.2116],[114.22999999999982,22.2116],[114.22999999999982,22.21]]]}},{"type":"Feature","properties":{"id":"lu-southern-00-51","class":"urban_open_space","vegetationFraction":0.272,"pavedFraction":0.531,"waterFraction":0.059,"simulated":true},"geometry":{"type":"Polygon","coordinates":[[[114.23159999999982,22.21],[114.23319999999981,22.21],[114.23319999999981,22.2116],[114.23159999999982,22.2116],[114.23159999999982,22.21]]]}},{"type":"Feature","properties":{"id":"lu-southern-00-52","class":"urban_open_space","vegetationFraction":0.268,"pavedFraction":0.611,"waterFraction":0.052,"simulated":true},"geometry":{"type":"Polygon","coordinates":[[[114.23319999999981,22.21],[114.23479999999981,22.21],[114.23479999999981,22.2116],[114.23319999999981,22.2116],[114.23319999999981,22.21]]]}},{"type":"Feature","properties":{"id":"lu-southern-00-53","class":"built_up","vegetationFraction":0.158,"pavedFraction":0.564,"waterFraction":0.003,"simulated":true},"geometry":{"type":"Polygon","coordinates":[[[114.23479999999981,22.21],[114.2363999999998,22.21],[114.2363999999998,22.2116],[114.23479999999981,22.2116],[114.23479999999981,22.21]]]}},{"type":"Feature","properties":{"id":"lu-southern-00-54","class":"built_up","vegetationFraction":0.118,"pavedFraction":0.661,"waterFraction":0.006,"simulated":true},"geometry":{"type":"Polygon","coordinates":[[[114.2363999999998,22.21],[114.2379999999998,22.21],[114.2379999999998,22.2116],[114.2363999999998,22.2116],[114.2363999999998,22.21]]]}},{"type":"Feature","properties":{"id":"lu-southern-00-55","class":"built_up","vegetationFraction":0.216,"pavedFraction":0.499,"waterFraction":0.026,"simulated":true},"geometry":{"type":"Polygon","coordinates":[[[114.2379999999998,22.21],[114.2395999999998,22.21],[114.2395999999998,22.2116],[114.2379999999998,22.2116],[114.2379999999998,22.21]]]}},{"type":"Feature","properties":{"id":"lu-southern-00-56","class":"built_up","vegetationFraction":0.237,"pavedFraction":0.649,"waterFraction":0.024,"simulated":true},"geometry":{"type":"Polygon","coordinates":[[[114.2395999999998,22.21],[114.2411999999998,22.21],[114.2411999999998,22.2116],[114.2395999999998,22.2116],[114.2395999999998,22.21]]]}},{"type":"Feature","properties":{"id":"lu-southern-00-57","class":"built_up","vegetationFraction":0.248,"pavedFraction":0.595,"waterFraction":0.045,"simulated":true},"geometry":{"type":"Polygon","coordinates":[[[114.2411999999998,22.21],[114.24279999999979,22.21],[114.24279999999979,22.2116],[114.2411999999998,22.2116],[114.2411999999998,22.21]]]}},{"type":"Feature","properties":{"id":"lu-southern-00-58","class":"urban_open_space","vegetationFraction":0.271,"pavedFraction":0.533,"waterFraction":0.017,"simulated":true},"geometry":{"type":"Polygon","coordinates":[[[114.24279999999979,22.21],[114.24439999999979,22.21],[114.24439999999979,22.2116],[114.24279999999979,22.2116],[114.24279999999979,22.21]]]}},{"type":"Feature","properties":{"id":"lu-southern-00-59","class":"built_up","vegetationFraction":0.148,"pavedFraction":0.558,"waterFraction":0.028,"simulated":true},"geometry":{"type":"Polygon","coordinates":[[[114.24439999999979,22.21],[114.24599999999978,22.21],[114.24599999999978,22.2116],[114.24439999999979,22.2116],[114.24439999999979,22.21]]]}},{"type":"Feature","properties":{"id":"lu-southern-00-60","class":"built_up","vegetationFraction":0.193,"pavedFraction":0.748,"waterFraction":0.004,"simulated":true},"geometry":{"type":"Polygon","coordinates":[[[114.24599999999978,22.21],[114.24759999999978,22.21],[114.24759999999978,22.2116],[114.24599999999978,22.2116],[114.24599999999978,22.21]]]}},{"type":"Feature","properties":{"id":"lu-southern-00-61","class":"built_up","vegetationFraction":0.148,"pavedFraction":0.615,"waterFraction":0.039,"simulated":true},"geometry":{"type":"Polygon","coordinates":[[[114.24759999999978,22.21],[114.24919999999977,22.21],[114.24919999999977,22.2116],[114.24759999999978,22.2116],[114.24759999999978,22.21]]]}},{"type":"Feature","properties":{"id":"lu-southern-00-62","class":"built_up","vegetationFraction":0.107,"pavedFraction":0.582,"waterFraction":0.025,"simulated":true},"geometry":{"type":"Polygon","coordinates":[[[114.24919999999977,22.21],[114.25079999999977,22.21],[114.25079999999977,22.2116],[114.24919999999977,22.2116],[114.24919999999977,22.21]]]}},{"type":"Feature","properties":{"id":"lu-southern-00-63","class":"urban_open_space","vegetationFraction":0.275,"pavedFraction":0.651,"waterFraction":0.049,"simulated":true},"geometry":{"type":"Polygon","coordinates":[[[114.25079999999977,22.21],[114.25239999999977,22.21],[114.25239999999977,22.2116],[114.25079999999977,22.2116],[114.25079999999977,22.21]]]}},{"type":"Feature","properties":{"id":"lu-southern-00-64","class":"built_up","vegetationFraction":0.232,"pavedFraction":0.759,"waterFraction":0.057,"simulated":true},"geometry":{"type":"Polygon","coordinates":[[[114.25239999999977,22.21],[114.25399999999976,22.21],[114.25399999999976,22.2116],[114.25239999999977,22.2116],[114.25239999999977,22.21]]]}},{"type":"Feature","properties":{"id":"lu-southern-00-65","class":"built_up","vegetationFraction":0.143,"pavedFraction":0.618,"waterFraction":0.034,"simulated":true},"geometry":{"type":"Polygon","coordinates":[[[114.25399999999976,22.21],[114.25559999999976,22.21],[114.25559999999976,22.2116],[114.25399999999976,22.2116],[114.25399999999976,22.21]]]}},{"type":"Feature","properties":{"id":"lu-southern-00-66","class":"built_up","vegetationFraction":0.117,"pavedFraction":0.581,"waterFraction":0.003,"simulated":true},"geometry":{"type":"Polygon","coordinates":[[[114.25559999999976,22.21],[114.25719999999976,22.21],[114.25719999999976,22.2116],[114.25559999999976,22.2116],[114.25559999999976,22.21]]]}},{"type":"Feature","properties":{"id":"lu-southern-00-67","class":"built_up","vegetationFraction":0.208,"pavedFraction":0.716,"waterFraction":0.032,"simulated":true},"geometry":{"type":"Polygon","coordinates":[[[114.25719999999976,22.21],[114.25879999999975,22.21],[114.25879999999975,22.2116],[114.25719999999976,22.2116],[114.25719999999976,22.21]]]}},{"type":"Feature","properties":{"id":"lu-southern-00-68","class":"built_up","vegetationFraction":0.209,"pavedFraction":0.534,"waterFraction":0.034,"simulated":true},"geometry":{"type":"Polygon","coordinates":[[[114.25879999999975,22.21],[114.26039999999975,22.21],[114.26039999999975,22.2116],[114.25879999999975,22.2116],[114.25879999999975,22.21]]]}},{"type":"Feature","properties":{"id":"lu-southern-00-69","class":"built_up","vegetationFraction":0.231,"pavedFraction":0.481,"waterFraction":0.022,"simulated":true},"geometry":{"type":"Polygon","coordinates":[[[114.26039999999975,22.21],[114.26199999999974,22.21],[114.26199999999974,22.2116],[114.26039999999975,22.2116],[114.26039999999975,22.21]]]}},{"type":"Feature","properties":{"id":"lu-southern-00-70","class":"built_up","vegetationFraction":0.123,"pavedFraction":0.656,"waterFraction":0.014,"simulated":true},"geometry":{"type":"Polygon","coordinates":[[[114.26199999999974,22.21],[114.26359999999974,22.21],[114.26359999999974,22.2116],[114.26199999999974,22.2116],[114.26199999999974,22.21]]]}},{"type":"Feature","properties":{"id":"lu-southern-00-71","class":"built_up","vegetationFraction":0.196,"pavedFraction":0.52,"waterFraction":0.008,"simulated":true},"geometry":{"type":"Polygon","coordinates":[[[114.26359999999974,22.21],[114.26519999999974,22.21],[114.26519999999974,22.2116],[114.26359999999974,22.2116],[114.26359999999974,22.21]]]}},{"type":"Feature","properties":{"id":"lu-southern-01-00","class":"built_up","vegetationFraction":0.101,"pavedFraction":0.687,"waterFraction":0.06,"simulated":true},"geometry":{"type":"Polygon","coordinates":[[[114.15,22.2116],[114.1516,22.2116],[114.1516,22.2132],[114.15,22.2132],[114.15,22.2116]]]}},{"type":"Feature","properties":{"id":"lu-southern-01-01","class":"built_up","vegetationFraction":0.224,"pavedFraction":0.775,"waterFraction":0.05,"simulated":true},"geometry":{"type":"Polygon","coordinates":[[[114.1516,22.2116],[114.1532,22.2116],[114.1532,22.2132],[114.1516,22.2132],[114.1516,22.2116]]]}},{"type":"Feature","properties":{"id":"lu-southern-01-02","class":"urban_open_space","vegetationFraction":0.266,"pavedFraction":0.676,"waterFraction":0.03,"simulated":true},"geometry":{"type":"Polygon","coordinates":[[[114.1532,22.2116],[114.1548,22.2116],[114.1548,22.2132],[114.1532,22.2132],[114.1532,22.2116]]]}},{"type":"Feature","properties":{"id":"lu-southern-01-03","class":"built_up","vegetationFraction":0.22,"pavedFraction":0.558,"waterFraction":0.036,"simulated":true},"geometry":{"type":"Polygon","coordinates":[[[114.1548,22.2116],[114.15639999999999,22.2116],[114.15639999999999,22.2132],[114.1548,22.2132],[114.1548,22.2116]]]}},{"type":"Feature","properties":{"id":"lu-southern-01-04","class":"built_up","vegetationFraction":0.154,"pavedFraction":0.694,"waterFraction":0.016,"simulated":true},"geometry":{"type":"Polygon","coordinates":[[[114.15639999999999,22.2116],[114.15799999999999,22.2116],[114.15799999999999,22.2132],[114.15639999999999,22.2132],[114.15639999999999,22.2116]]]}},{"type":"Feature","properties":{"id":"lu-southern-01-05","class":"urban_open_space","vegetationFraction":0.264,"pavedFraction":0.553,"waterFraction":0.046,"simulated":true},"geometry":{"type":"Polygon","coordinates":[[[114.15799999999999,22.2116],[114.15959999999998,22.2116],[114.15959999999998,22.2132],[114.15799999999999,22.2132],[114.15799999999999,22.2116]]]}},{"type":"Feature","properties":{"id":"lu-southern-01-06","class":"urban_open_space","vegetationFraction":0.269,"pavedFraction":0.666,"waterFraction":0.028,"simulated":true},"geometry":{"type":"Polygon","coordinates":[[[114.15959999999998,22.2116],[114.16119999999998,22.2116],[114.16119999999998,22.2132],[114.15959999999998,22.2132],[114.15959999999998,22.2116]]]}},{"type":"Feature","properties":{"id":"lu-southern-01-07","class":"built_up","vegetationFraction":0.118,"pavedFraction":0.738,"waterFraction":0.042,"simulated":true},"geometry":{"type":"Polygon","coordinates":[[[114.16119999999998,22.2116],[114.16279999999998,22.2116],[114.16279999999998,22.2132],[114.16119999999998,22.2132],[114.16119999999998,22.2116]]]}},{"type":"Feature","properties":{"id":"lu-southern-01-08","class":"built_up","vegetationFraction":0.22,"pavedFraction":0.481,"waterFraction":0.045,"simulated":true},"geometry":{"type":"Polygon","coordinates":[[[114.16279999999998,22.2116],[114.16439999999997,22.2116],[114.16439999999997,22.2132],[114.16279999999998,22.2132],[114.16279999999998,22.2116]]]}},{"type":"Feature","properties":{"id":"lu-southern-01-09","class":"built_up","vegetationFraction":0.216,"pavedFraction":0.489,"waterFraction":0.032,"simulated":true},"geometry":{"type":"Polygon","coordinates":[[[114.16439999999997,22.2116],[114.16599999999997,22.2116],[114.16599999999997,22.2132],[114.16439999999997,22.2132],[114.16439999999997,22.2116]]]}},{"type":"Feature","properties":{"id":"lu-southern-01-10","class":"built_up","vegetationFraction":0.195,"pavedFraction":0.736,"waterFraction":0.037,"simulated":true},"geometry":{"type":"Polygon","coordinates":[[[114.16599999999997,22.2116],[114.16759999999996,22.2116],[114.16759999999996,22.2132],[114.16599999999997,22.2132],[114.16599999999997,22.2116]]]}},{"type":"Feature","properties":{"id":"lu-southern-01-11","class":"built_up","vegetationFraction":0.237,"pavedFraction":0.598,"waterFraction":0.002,"simulated":true},"geometry":{"type":"Polygon","coordinates":[[[114.16759999999996,22.2116],[114.16919999999996,22.2116],[114.16919999999996,22.2132],[114.16759999999996,22.2132],[114.16759999999996,22.2116]]]}},{"type":"Feature","properties":{"id":"lu-southern-01-12","class":"built_up","vegetationFraction":0.111,"pavedFraction":0.593,"waterFraction":0.037,"simulated":true},"geometry":{"type":"Polygon","coordinates":[[[114.16919999999996,22.2116],[114.17079999999996,22.2116],[114.17079999999996,22.2132],[114.16919999999996,22.2132],[114.16919999999996,22.2116]]]}},{"type":"Feature","properties":{"id":"lu-southern-01-13","class":"built_up","vegetationFraction":0.235,"pavedFraction":0.778,"waterFraction":0.034,"simulated":true},"geometry":{"type":"Polygon","coordinates":[[[114.17079999999996,22.2116],[114.17239999999995,22.2116],[114.17239999999995,22.2132],[114.17079999999996,22.2132],[114.17079999999996,22.2116]]]}},{"type":"Feature","properties":{"id":"lu-southern-01-14","class":"built_up","vegetationFraction":0.173,"pavedFraction":0.64,"waterFraction":0.015,"simulated":true},"geometry":{"type":"Polygon","coordinates":[[[114.17239999999995,22.2116],[114.17399999999995,22.2116],[114.17399999999995,22.2132],[114.17239999999995,22.2132],[114.17239999999995,22.2116]]]}},{"type":"Feature","properties":{"id":"lu-southern-01-15","class":"built_up","vegetationFraction":0.236,"pavedFraction":0.709,"waterFraction":0.018,"simulated":true},"geometry":{"type":"Polygon","coordinates":[[[114.17399999999995,22.2116],[114.17559999999995,22.2116],[114.17559999999995,22.2132],[114.17399999999995,22.2132],[114.17399999999995,22.2116]]]}},{"type":"Feature","properties":{"id":"lu-southern-01-16","class":"built_up","vegetationFraction":0.108,"pavedFraction":0.711,"waterFraction":0.044,"simulated":true},"geometry":{"type":"Polygon","coordinates":[[[114.17559999999995,22.2116],[114.17719999999994,22.2116],[114.17719999999994,22.2132],[114.17559999999995,22.2132],[114.17559999999995,22.2116]]]}},{"type":"Feature","properties":{"id":"lu-southern-01-17","class":"built_up","vegetationFraction":0.169,"pavedFraction":0.7,"waterFraction":0.039,"simulated":true},"geometry":{"type":"Polygon","coordinates":[[[114.17719999999994,22.2116],[114.17879999999994,22.2116],[114.17879999999994,22.2132],[114.17719999999994,22.2132],[114.17719999999994,22.2116]]]}},{"type":"Feature","properties":{"id":"lu-southern-01-18","class":"built_up","vegetationFraction":0.166,"pavedFraction":0.491,"waterFraction":0.028,"simulated":true},"geometry":{"type":"Polygon","coordinates":[[[114.17879999999994,22.2116],[114.18039999999993,22.2116],[114.18039999999993,22.2132],[114.17879999999994,22.2132],[114.17879999999994,22.2116]]]}},{"type":"Feature","properties":{"id":"lu-southern-01-19","class":"built_up","vegetationFraction":0.183,"pavedFraction":0.522,"waterFraction":0.008,"simulated":true},"geometry":{"type":"Polygon","coordinates":[[[114.18039999999993,22.2116],[114.18199999999993,22.2116],[114.18199999999993,22.2132],[114.18039999999993,22.2132],[114.18039999999993,22.2116]]]}},{"type":"Feature","properties":{"id":"lu-southern-01-20","class":"built_up","vegetationFraction":0.2,"pavedFraction":0.589,"waterFraction":0.021,"simulated":true},"geometry":{"type":"Polygon","coordinates":[[[114.18199999999993,22.2116],[114.18359999999993,22.2116],[114.18359999999993,22.2132],[114.18199999999993,22.2132],[114.18199999999993,22.2116]]]}},{"type":"Feature","properties":{"id":"lu-southern-01-21","class":"built_up","vegetationFraction":0.206,"pavedFraction":0.519,"waterFraction":0.032,"simulated":true},"geometry":{"type":"Polygon","coordinates":[[[114.18359999999993,22.2116],[114.18519999999992,22.2116],[114.18519999999992,22.2132],[114.18359999999993,22.2132],[114.18359999999993,22.2116]]]}},{"type":"Feature","properties":{"id":"lu-southern-01-22","class":"built_up","vegetationFraction":0.238,"pavedFraction":0.672,"waterFraction":0.049,"simulated":true},"geometry":{"type":"Polygon","coordinates":[[[114.18519999999992,22.2116],[114.18679999999992,22.2116],[114.18679999999992,22.2132],[114.18519999999992,22.2132],[114.18519999999992,22.2116]]]}},{"type":"Feature","properties":{"id":"lu-southern-01-23","class":"built_up","vegetationFraction":0.116,"pavedFraction":0.776,"waterFraction":0.007,"simulated":true},"geometry":{"type":"Polygon","coordinates":[[[114.18679999999992,22.2116],[114.18839999999992,22.2116],[114.18839999999992,22.2132],[114.18679999999992,22.2132],[114.18679999999992,22.2116]]]}},{"type":"Feature","properties":{"id":"lu-southern-01-24","class":"built_up","vegetationFraction":0.22,"pavedFraction":0.769,"waterFraction":0.037,"simulated":true},"geometry":{"type":"Polygon","coordinates":[[[114.18839999999992,22.2116],[114.18999999999991,22.2116],[114.18999999999991,22.2132],[114.18839999999992,22.2132],[114.18839999999992,22.2116]]]}},{"type":"Feature","properties":{"id":"lu-southern-01-25","class":"built_up","vegetationFraction":0.161,"pavedFraction":0.687,"waterFraction":0.051,"simulated":true},"geometry":{"type":"Polygon","coordinates":[[[114.18999999999991,22.2116],[114.19159999999991,22.2116],[114.19159999999991,22.2132],[114.18999999999991,22.2132],[114.18999999999991,22.2116]]]}},{"type":"Feature","properties":{"id":"lu-southern-01-26","class":"urban_open_space","vegetationFraction":0.262,"pavedFraction":0.68,"waterFraction":0.016,"simulated":true},"geometry":{"type":"Polygon","coordinates":[[[114.19159999999991,22.2116],[114.1931999999999,22.2116],[114.1931999999999,22.2132],[114.19159999999991,22.2132],[114.19159999999991,22.2116]]]}},{"type":"Feature","properties":{"id":"lu-southern-01-27","class":"built_up","vegetationFraction":0.213,"pavedFraction":0.701,"waterFraction":0.052,"simulated":true},"geometry":{"type":"Polygon","coordinates":[[[114.1931999999999,22.2116],[114.1947999999999,22.2116],[114.1947999999999,22.2132],[114.1931999999999,22.2132],[114.1931999999999,22.2116]]]}},{"type":"Feature","properties":{"id":"lu-southern-01-28","class":"urban_open_space","vegetationFraction":0.263,"pavedFraction":0.526,"waterFraction":0.022,"simulated":true},"geometry":{"type":"Polygon","coordinates":[[[114.1947999999999,22.2116],[114.1963999999999,22.2116],[114.1963999999999,22.2132],[114.1947999999999,22.2132],[114.1947999999999,22.2116]]]}},{"type":"Feature","properties":{"id":"lu-southern-01-29","class":"built_up","vegetationFraction":0.159,"pavedFraction":0.747,"waterFraction":0.059,"simulated":true},"geometry":{"type":"Polygon","coordinates":[[[114.1963999999999,22.2116],[114.1979999999999,22.2116],[114.1979999999999,22.2132],[114.1963999999999,22.2132],[114.1963999999999,22.2116]]]}},{"type":"Feature","properties":{"id":"lu-southern-01-30","class":"built_up","vegetationFraction":0.206,"pavedFraction":0.776,"waterFraction":0.033,"simulated":true},"geometry":{"type":"Polygon","coordinates":[[[114.1979999999999,22.2116],[114.19959999999989,22.2116],[114.19959999999989,22.2132],[114.1979999999999,22.2132],[114.1979999999999,22.2116]]]}},{"type":"Feature","properties":{"id":"lu-southern-01-31","class":"built_up","vegetationFraction":0.14,"pavedFraction":0.636,"waterFraction":0.034,"simulated":true},"geometry":{"type":"Polygon","coordinates":[[[114.19959999999989,22.2116],[114.20119999999989,22.2116],[114.20119999999989,22.2132],[114.19959999999989,22.2132],[114.19959999999989,22.2116]]]}},{"type":"Feature","properties":{"id":"lu-southern-01-32","class":"urban_open_space","vegetationFraction":0.279,"pavedFraction":0.535,"waterFraction":0.005,"simulated":true},"geometry":{"type":"Polygon","coordinates":[[[114.20119999999989,22.2116],[114.20279999999988,22.2116],[114.20279999999988,22.2132],[114.20119999999989,22.2132],[114.20119999999989,22.2116]]]}},{"type":"Feature","properties":{"id":"lu-southern-01-33","class":"built_up","vegetationFraction":0.22,"pavedFraction":0.6,"waterFraction":0.002,"simulated":true},"geometry":{"type":"Polygon","coordinates":[[[114.20279999999988,22.2116],[114.20439999999988,22.2116],[114.20439999999988,22.2132],[114.20279999999988,22.2132],[114.20279999999988,22.2116]]]}},{"type":"Feature","properties":{"id":"lu-southern-01-34","class":"urban_open_space","vegetationFraction":0.264,"pavedFraction":0.555,"waterFraction":0.055,"simulated":true},"geometry":{"type":"Polygon","coordinates":[[[114.20439999999988,22.2116],[114.20599999999988,22.2116],[114.20599999999988,22.2132],[114.20439999999988,22.2132],[114.20439999999988,22.2116]]]}},{"type":"Feature","properties":{"id":"lu-southern-01-35","class":"built_up","vegetationFraction":0.129,"pavedFraction":0.526,"waterFraction":0.014,"simulated":true},"geometry":{"type":"Polygon","coordinates":[[[114.20599999999988,22.2116],[114.20759999999987,22.2116],[114.20759999999987,22.2132],[114.20599999999988,22.2132],[114.20599999999988,22.2116]]]}},{"type":"Feature","properties":{"id":"lu-southern-01-36","class":"built_up","vegetationFraction":0.169,"pavedFraction":0.731,"waterFraction":0.025,"simulated":true},"geometry":{"type":"Polygon","coordinates":[[[114.20759999999987,22.2116],[114.20919999999987,22.2116],[114.20919999999987,22.2132],[114.20759999999987,22.2132],[114.20759999999987,22.2116]]]}},{"type":"Feature","properties":{"id":"lu-southern-01-37","class":"built_up","vegetationFraction":0.143,"pavedFraction":0.765,"waterFraction":0.034,"simulated":true},"geometry":{"type":"Polygon","coordinates":[[[114.20919999999987,22.2116],[114.21079999999986,22.2116],[114.21079999999986,22.2132],[114.20919999999987,22.2132],[114.20919999999987,22.2116]]]}},{"type":"Feature","properties":{"id":"lu-southern-01-38","class":"built_up","vegetationFraction":0.164,"pavedFraction":0.532,"waterFraction":0.054,"simulated":true},"geometry":{"type":"Polygon","coordinates":[[[114.21079999999986,22.2116],[114.21239999999986,22.2116],[114.21239999999986,22.2132],[114.21079999999986,22.2132],[114.21079999999986,22.2116]]]}},{"type":"Feature","properties":{"id":"lu-southern-01-39","class":"built_up","vegetationFraction":0.187,"pavedFraction":0.612,"waterFraction":0.052,"simulated":true},"geometry":{"type":"Polygon","coordinates":[[[114.21239999999986,22.2116],[114.21399999999986,22.2116],[114.21399999999986,22.2132],[114.21239999999986,22.2132],[114.21239999999986,22.2116]]]}},{"type":"Feature","properties":{"id":"lu-southern-01-40","class":"built_up","vegetationFraction":0.188,"pavedFraction":0.734,"waterFraction":0.001,"simulated":true},"geometry":{"type":"Polygon","coordinates":[[[114.21399999999986,22.2116],[114.21559999999985,22.2116],[114.21559999999985,22.2132],[114.21399999999986,22.2132],[114.21399999999986,22.2116]]]}},{"type":"Feature","properties":{"id":"lu-southern-01-41","class":"urban_open_space","vegetationFraction":0.278,"pavedFraction":0.656,"waterFraction":0.013,"simulated":true},"geometry":{"type":"Polygon","coordinates":[[[114.21559999999985,22.2116],[114.21719999999985,22.2116],[114.21719999999985,22.2132],[114.21559999999985,22.2132],[114.21559999999985,22.2116]]]}},{"type":"Feature","properties":{"id":"lu-southern-01-42","class":"built_up","vegetationFraction":0.237,"pavedFraction":0.568,"waterFraction":0.016,"simulated":true},"geometry":{"type":"Polygon","coordinates":[[[114.21719999999985,22.2116],[114.21879999999985,22.2116],[114.21879999999985,22.2132],[114.21719999999985,22.2132],[114.21719999999985,22.2116]]]}},{"type":"Feature","properties":{"id":"lu-southern-01-43","class":"built_up","vegetationFraction":0.135,"pavedFraction":0.491,"waterFraction":0.049,"simulated":true},"geometry":{"type":"Polygon","coordinates":[[[114.21879999999985,22.2116],[114.22039999999984,22.2116],[114.22039999999984,22.2132],[114.21879999999985,22.2132],[114.21879999999985,22.2116]]]}},{"type":"Feature","properties":{"id":"lu-southern-01-44","class":"built_up","vegetationFraction":0.17,"pavedFraction":0.62,"waterFraction":0.055,"simulated":true},"geometry":{"type":"Polygon","coordinates":[[[114.22039999999984,22.2116],[114.22199999999984,22.2116],[114.22199999999984,22.2132],[114.22039999999984,22.2132],[114.22039999999984,22.2116]]]}},{"type":"Feature","properties":{"id":"lu-southern-01-45","class":"built_up","vegetationFraction":0.217,"pavedFraction":0.486,"waterFraction":0.057,"simulated":true},"geometry":{"type":"Polygon","coordinates":[[[114.22199999999984,22.2116],[114.22359999999983,22.2116],[114.22359999999983,22.2132],[114.22199999999984,22.2132],[114.22199999999984,22.2116]]]}},{"type":"Feature","properties":{"id":"lu-southern-01-46","class":"built_up","vegetationFraction":0.147,"pavedFraction":0.613,"waterFraction":0.034,"simulated":true},"geometry":{"type":"Polygon","coordinates":[[[114.22359999999983,22.2116],[114.22519999999983,22.2116],[114.22519999999983,22.2132],[114.22359999999983,22.2132],[114.22359999999983,22.2116]]]}},{"type":"Feature","properties":{"id":"lu-southern-01-47","class":"built_up","vegetationFraction":0.205,"pavedFraction":0.593,"waterFraction":0.059,"simulated":true},"geometry":{"type":"Polygon","coordinates":[[[114.22519999999983,22.2116],[114.22679999999983,22.2116],[114.22679999999983,22.2132],[114.22519999999983,22.2132],[114.22519999999983,22.2116]]]}},{"type":"Feature","properties":{"id":"lu-southern-01-48","class":"built_up","vegetationFraction":0.238,"pavedFraction":0.676,"waterFraction":0.021,"simulated":true},"geometry":{"type":"Polygon","coordinates":[[[114.22679999999983,22.2116],[114.22839999999982,22.2116],[114.22839999999982,22.2132],[114.22679999999983,22.2132],[114.22679999999983,22.2116]]]}},{"type":"Feature","properties":{"id":"lu-southern-01-49","class":"built_up","vegetationFraction":0.115,"pavedFraction":0.685,"waterFraction":0.014,"simulated":true},"geometry":{"type":"Polygon","coordinates":[[[114.22839999999982,22.2116],[114.22999999999982,22.2116],[114.22999999999982,22.2132],[114.22839999999982,22.2132],[114.22839999999982,22.2116]]]}},{"type":"Feature","properties":{"id":"lu-southern-01-50","class":"built_up","vegetationFraction":0.175,"pavedFraction":0.611,"waterFraction":0.045,"simulated":true},"geometry":{"type":"Polygon","coordinates":[[[114.22999999999982,22.2116],[114.23159999999982,22.2116],[114.23159999999982,22.2132],[114.22999999999982,22.2132],[114.22999999999982,22.2116]]]}},{"type":"Feature","properties":{"id":"lu-southern-01-51","class":"built_up","vegetationFraction":0.12,"pavedFraction":0.658,"waterFraction":0.023,"simulated":true},"geometry":{"type":"Polygon","coordinates":[[[114.23159999999982,22.2116],[114.23319999999981,22.2116],[114.23319999999981,22.2132],[114.23159999999982,22.2132],[114.23159999999982,22.2116]]]}},{"type":"Feature","properties":{"id":"lu-southern-01-52","class":"built_up","vegetationFraction":0.189,"pavedFraction":0.736,"waterFraction":0.005,"simulated":true},"geometry":{"type":"Polygon","coordinates":[[[114.23319999999981,22.2116],[114.23479999999981,22.2116],[114.23479999999981,22.2132],[114.23319999999981,22.2132],[114.23319999999981,22.2116]]]}},{"type":"Feature","properties":{"id":"lu-southern-01-53","class":"built_up","vegetationFraction":0.14,"pavedFraction":0.489,"waterFraction":0.047,"simulated":true},"geometry":{"type":"Polygon","coordinates":[[[114.23479999999981,22.2116],[114.2363999999998,22.2116],[114.2363999999998,22.2132],[114.23479999999981,22.2132],[114.23479999999981,22.2116]]]}},{"type":"Feature","properties":{"id":"lu-southern-01-54","class":"built_up","vegetationFraction":0.106,"pavedFraction":0.526,"waterFraction":0.001,"simulated":true},"geometry":{"type":"Polygon","coordinates":[[[114.2363999999998,22.2116],[114.2379999999998,22.2116],[114.2379999999998,22.2132],[114.2363999999998,22.2132],[114.2363999999998,22.2116]]]}},{"type":"Feature","properties":{"id":"lu-southern-01-55","class":"built_up","vegetationFraction":0.142,"pavedFraction":0.516,"waterFraction":0.058,"simulated":true},"geometry":{"type":"Polygon","coordinates":[[[114.2379999999998,22.2116],[114.2395999999998,22.2116],[114.2395999999998,22.2132],[114.2379999999998,22.2132],[114.2379999999998,22.2116]]]}},{"type":"Feature","properties":{"id":"lu-southern-01-56","class":"built_up","vegetationFraction":0.212,"pavedFraction":0.587,"waterFraction":0.034,"simulated":true},"geometry":{"type":"Polygon","coordinates":[[[114.2395999999998,22.2116],[114.2411999999998,22.2116],[114.2411999999998,22.2132],[114.2395999999998,22.2132],[114.2395999999998,22.2116]]]}},{"type":"Feature","properties":{"id":"lu-southern-01-57","class":"urban_open_space","vegetationFraction":0.262,"pavedFraction":0.56,"waterFraction":0.006,"simulated":true},"geometry":{"type":"Polygon","coordinates":[[[114.2411999999998,22.2116],[114.24279999999979,22.2116],[114.24279999999979,22.2132],[114.2411999999998,22.2132],[114.2411999999998,22.2116]]]}},{"type":"Feature","properties":{"id":"lu-southern-01-58","class":"built_up","vegetationFraction":0.216,"pavedFraction":0.485,"waterFraction":0.035,"simulated":true},"geometry":{"type":"Polygon","coordinates":[[[114.24279999999979,22.2116],[114.24439999999979,22.2116],[114.24439999999979,22.2132],[114.24279999999979,22.2132],[114.24279999999979,22.2116]]]}},{"type":"Feature","properties":{"id":"lu-southern-01-59","class":"built_up","vegetationFraction":0.156,"pavedFraction":0.774,"waterFraction":0.021,"simulated":true},"geometry":{"type":"Polygon","coordinates":[[[114.24439999999979,22.2116],[114.24599999999978,22.2116],[114.24599999999978,22.2132],[114.24439999999979,22.2132],[114.24439999999979,22.2116]]]}},{"type":"Feature","properties":{"id":"lu-southern-01-60","class":"built_up","vegetationFraction":0.106,"pavedFraction":0.774,"waterFraction":0.06,"simulated":true},"geometry":{"type":"Polygon","coordinates":[[[114.24599999999978,22.2116],[114.24759999999978,22.2116],[114.24759999999978,22.2132],[114.24599999999978,22.2132],[114.24599999999978,22.2116]]]}},{"type":"Feature","properties":{"id":"lu-southern-01-61","class":"urban_open_space","vegetationFraction":0.254,"pavedFraction":0.711,"waterFraction":0.04,"simulated":true},"geometry":{"type":"Polygon","coordinates":[[[114.24759999999978,22.2116],[114.24919999999977,22.2116],[114.24919999999977,22.2132],[114.24759999999978,22.2132],[114.24759999999978,22.2116]]]}},{"type":"Feature","properties":{"id":"lu-southern-01-62","class":"built_up","vegetationFraction":0.214,"pavedFraction":0.538,"waterFraction":0.006,"simulated":true},"geometry":{"type":"Polygon","coordinates":[[[114.24919999999977,22.2116],[114.25079999999977,22.2116],[114.25079999999977,22.2132],[114.24919999999977,22.2132],[114.24919999999977,22.2116]]]}},{"type":"Feature","properties":{"id":"lu-southern-01-63","class":"built_up","vegetationFraction":0.128,"pavedFraction":0.664,"waterFraction":0.004,"simulated":true},"geometry":{"type":"Polygon","coordinates":[[[114.25079999999977,22.2116],[114.25239999999977,22.2116],[114.25239999999977,22.2132],[114.25079999999977,22.2132],[114.25079999999977,22.2116]]]}},{"type":"Feature","properties":{"id":"lu-southern-01-64","class":"built_up","vegetationFraction":0.105,"pavedFraction":0.759,"waterFraction":0.027,"simulated":true},"geometry":{"type":"Polygon","coordinates":[[[114.25239999999977,22.2116],[114.25399999999976,22.2116],[114.25399999999976,22.2132],[114.25239999999977,22.2132],[114.25239999999977,22.2116]]]}},{"type":"Feature","properties":{"id":"lu-southern-01-65","class":"built_up","vegetationFraction":0.15,"pavedFraction":0.545,"waterFraction":0.022,"simulated":true},"geometry":{"type":"Polygon","coordinates":[[[114.25399999999976,22.2116],[114.25559999999976,22.2116],[114.25559999999976,22.2132],[114.25399999999976,22.2132],[114.25399999999976,22.2116]]]}},{"type":"Feature","properties":{"id":"lu-southern-01-66","class":"built_up","vegetationFraction":0.1,"pavedFraction":0.489,"waterFraction":0.044,"simulated":true},"geometry":{"type":"Polygon","coordinates":[[[114.25559999999976,22.2116],[114.25719999999976,22.2116],[114.25719999999976,22.2132],[114.25559999999976,22.2132],[114.25559999999976,22.2116]]]}},{"type":"Feature","properties":{"id":"lu-southern-01-67","class":"urban_open_space","vegetationFraction":0.279,"pavedFraction":0.635,"waterFraction":0.044,"simulated":true},"geometry":{"type":"Polygon","coordinates":[[[114.25719999999976,22.2116],[114.25879999999975,22.2116],[114.25879999999975,22.2132],[114.25719999999976,22.2132],[114.25719999999976,22.2116]]]}},{"type":"Feature","properties":{"id":"lu-southern-01-68","class":"built_up","vegetationFraction":0.138,"pavedFraction":0.584,"waterFraction":0.058,"simulated":true},"geometry":{"type":"Polygon","coordinates":[[[114.25879999999975,22.2116],[114.26039999999975,22.2116],[114.26039999999975,22.2132],[114.25879999999975,22.2132],[114.25879999999975,22.2116]]]}},{"type":"Feature","properties":{"id":"lu-southern-01-69","class":"urban_open_space","vegetationFraction":0.26,"pavedFraction":0.485,"waterFraction":0.049,"simulated":true},"geometry":{"type":"Polygon","coordinates":[[[114.26039999999975,22.2116],[114.26199999999974,22.2116],[114.26199999999974,22.2132],[114.26039999999975,22.2132],[114.26039999999975,22.2116]]]}},{"type":"Feature","properties":{"id":"lu-southern-01-70","class":"built_up","vegetationFraction":0.164,"pavedFraction":0.484,"waterFraction":0.052,"simulated":true},"geometry":{"type":"Polygon","coordinates":[[[114.26199999999974,22.2116],[114.26359999999974,22.2116],[114.26359999999974,22.2132],[114.26199999999974,22.2132],[114.26199999999974,22.2116]]]}},{"type":"Feature","properties":{"id":"lu-southern-01-71","class":"built_up","vegetationFraction":0.135,"pavedFraction":0.679,"waterFraction":0.04,"simulated":true},"geometry":{"type":"Polygon","coordinates":[[[114.26359999999974,22.2116],[114.26519999999974,22.2116],[114.26519999999974,22.2132],[114.26359999999974,22.2132],[114.26359999999974,22.2116]]]}},{"type":"Feature","properties":{"id":"lu-southern-02-00","class":"built_up","vegetationFraction":0.192,"pavedFraction":0.613,"waterFraction":0.053,"simulated":true},"geometry":{"type":"Polygon","coordinates":[[[114.15,22.2132],[114.1516,22.2132],[114.1516,22.2148],[114.15,22.2148],[114.15,22.2132]]]}},{"type":"Feature","properties":{"id":"lu-southern-02-01","class":"built_up","vegetationFraction":0.234,"pavedFraction":0.756,"waterFraction":0.045,"simulated":true},"geometry":{"type":"Polygon","coordinates":[[[114.1516,22.2132],[114.1532,22.2132],[114.1532,22.2148],[114.1516,22.2148],[114.1516,22.2132]]]}},{"type":"Feature","properties":{"id":"lu-southern-02-02","class":"built_up","vegetationFraction":0.125,"pavedFraction":0.688,"waterFraction":0.049,"simulated":true},"geometry":{"type":"Polygon","coordinates":[[[114.1532,22.2132],[114.1548,22.2132],[114.1548,22.2148],[114.1532,22.2148],[114.1532,22.2132]]]}},{"type":"Feature","properties":{"id":"lu-southern-02-03","class":"built_up","vegetationFraction":0.101,"pavedFraction":0.516,"waterFraction":0.008,"simulated":true},"geometry":{"type":"Polygon","coordinates":[[[114.1548,22.2132],[114.15639999999999,22.2132],[114.15639999999999,22.2148],[114.1548,22.2148],[114.1548,22.2132]]]}},{"type":"Feature","properties":{"id":"lu-southern-02-04","class":"built_up","vegetationFraction":0.154,"pavedFraction":0.692,"waterFraction":0.041,"simulated":true},"geometry":{"type":"Polygon","coordinates":[[[114.15639999999999,22.2132],[114.15799999999999,22.2132],[114.15799999999999,22.2148],[114.15639999999999,22.2148],[114.15639999999999,22.2132]]]}},{"type":"Feature","properties":{"id":"lu-southern-02-05","class":"built_up","vegetationFraction":0.216,"pavedFraction":0.58,"waterFraction":0.038,"simulated":true},"geometry":{"type":"Polygon","coordinates":[[[114.15799999999999,22.2132],[114.15959999999998,22.2132],[114.15959999999998,22.2148],[114.15799999999999,22.2148],[114.15799999999999,22.2132]]]}},{"type":"Feature","properties":{"id":"lu-southern-02-06","class":"urban_open_space","vegetationFraction":0.266,"pavedFraction":0.585,"waterFraction":0.045,"simulated":true},"geometry":{"type":"Polygon","coordinates":[[[114.15959999999998,22.2132],[114.16119999999998,22.2132],[114.16119999999998,22.2148],[114.15959999999998,22.2148],[114.15959999999998,22.2132]]]}},{"type":"Feature","properties":{"id":"lu-southern-02-07","class":"built_up","vegetationFraction":0.248,"pavedFraction":0.595,"waterFraction":0.047,"simulated":true},"geometry":{"type":"Polygon","coordinates":[[[114.16119999999998,22.2132],[114.16279999999998,22.2132],[114.16279999999998,22.2148],[114.16119999999998,22.2148],[114.16119999999998,22.2132]]]}},{"type":"Feature","properties":{"id":"lu-southern-02-08","class":"built_up","vegetationFraction":0.138,"pavedFraction":0.567,"waterFraction":0.006,"simulated":true},"geometry":{"type":"Polygon","coordinates":[[[114.16279999999998,22.2132],[114.16439999999997,22.2132],[114.16439999999997,22.2148],[114.16279999999998,22.2148],[114.16279999999998,22.2132]]]}},{"type":"Feature","properties":{"id":"lu-southern-02-09","class":"built_up","vegetationFraction":0.195,"pavedFraction":0.585,"waterFraction":0.014,"simulated":true},"geometry":{"type":"Polygon","coordinates":[[[114.16439999999997,22.2132],[114.16599999999997,22.2132],[114.16599999999997,22.2148],[114.16439999999997,22.2148],[114.16439999999997,22.2132]]]}},{"type":"Feature","properties":{"id":"lu-southern-02-10","class":"built_up","vegetationFraction":0.144,"pavedFraction":0.699,"waterFraction":0.004,"simulated":true},"geometry":{"type":"Polygon","coordinates":[[[114.16599999999997,22.2132],[114.16759999999996,22.2132],[114.16759999999996,22.2148],[114.16599999999997,22.2148],[114.16599999999997,22.2132]]]}},{"type":"Feature","properties":{"id":"lu-southern-02-11","class":"built_up","vegetationFraction":0.248,"pavedFraction":0.492,"waterFraction":0.039,"simulated":true},"geometry":{"type":"Polygon","coordinates":[[[114.16759999999996,22.2132],[114.16919999999996,22.2132],[114.16919999999996,22.2148],[114.16759999999996,22.2148],[114.16759999999996,22.2132]]]}},{"type":"Feature","properties":{"id":"lu-southern-02-12","class":"built_up","vegetationFraction":0.217,"pavedFraction":0.721,"waterFraction":0.021,"simulated":true},"geometry":{"type":"Polygon","coordinates":[[[114.16919999999996,22.2132],[114.17079999999996,22.2132],[114.17079999999996,22.2148],[114.16919999999996,22.2148],[114.16919999999996,22.2132]]]}},{"type":"Feature","properties":{"id":"lu-southern-02-13","class":"built_up","vegetationFraction":0.243,"pavedFraction":0.726,"waterFraction":0.053,"simulated":true},"geometry":{"type":"Polygon","coordinates":[[[114.17079999999996,22.2132],[114.17239999999995,22.2132],[114.17239999999995,22.2148],[114.17079999999996,22.2148],[114.17079999999996,22.2132]]]}},{"type":"Feature","properties":{"id":"lu-southern-02-14","class":"built_up","vegetationFraction":0.219,"pavedFraction":0.701,"waterFraction":0.006,"simulated":true},"geometry":{"type":"Polygon","coordinates":[[[114.17239999999995,22.2132],[114.17399999999995,22.2132],[114.17399999999995,22.2148],[114.17239999999995,22.2148],[114.17239999999995,22.2132]]]}},{"type":"Feature","properties":{"id":"lu-southern-02-15","class":"built_up","vegetationFraction":0.228,"pavedFraction":0.74,"waterFraction":0.017,"simulated":true},"geometry":{"type":"Polygon","coordinates":[[[114.17399999999995,22.2132],[114.17559999999995,22.2132],[114.17559999999995,22.2148],[114.17399999999995,22.2148],[114.17399999999995,22.2132]]]}},{"type":"Feature","properties":{"id":"lu-southern-02-16","class":"built_up","vegetationFraction":0.151,"pavedFraction":0.486,"waterFraction":0.059,"simulated":true},"geometry":{"type":"Polygon","coordinates":[[[114.17559999999995,22.2132],[114.17719999999994,22.2132],[114.17719999999994,22.2148],[114.17559999999995,22.2148],[114.17559999999995,22.2132]]]}},{"type":"Feature","properties":{"id":"lu-southern-02-17","class":"built_up","vegetationFraction":0.159,"pavedFraction":0.555,"waterFraction":0.017,"simulated":true},"geometry":{"type":"Polygon","coordinates":[[[114.17719999999994,22.2132],[114.17879999999994,22.2132],[114.17879999999994,22.2148],[114.17719999999994,22.2148],[114.17719999999994,22.2132]]]}},{"type":"Feature","properties":{"id":"lu-southern-02-18","class":"urban_open_space","vegetationFraction":0.276,"pavedFraction":0.758,"waterFraction":0.032,"simulated":true},"geometry":{"type":"Polygon","coordinates":[[[114.17879999999994,22.2132],[114.18039999999993,22.2132],[114.18039999999993,22.2148],[114.17879999999994,22.2148],[114.17879999999994,22.2132]]]}},{"type":"Feature","properties":{"id":"lu-southern-02-19","class":"built_up","vegetationFraction":0.134,"pavedFraction":0.604,"waterFraction":0.034,"simulated":true},"geometry":{"type":"Polygon","coordinates":[[[114.18039999999993,22.2132],[114.18199999999993,22.2132],[114.18199999999993,22.2148],[114.18039999999993,22.2148],[114.18039999999993,22.2132]]]}},{"type":"Feature","properties":{"id":"lu-southern-02-20","class":"urban_open_space","vegetationFraction":0.279,"pavedFraction":0.761,"waterFraction":0.002,"simulated":true},"geometry":{"type":"Polygon","coordinates":[[[114.18199999999993,22.2132],[114.18359999999993,22.2132],[114.18359999999993,22.2148],[114.18199999999993,22.2148],[114.18199999999993,22.2132]]]}},{"type":"Feature","properties":{"id":"lu-southern-02-21","class":"built_up","vegetationFraction":0.116,"pavedFraction":0.635,"waterFraction":0.016,"simulated":true},"geometry":{"type":"Polygon","coordinates":[[[114.18359999999993,22.2132],[114.18519999999992,22.2132],[114.18519999999992,22.2148],[114.18359999999993,22.2148],[114.18359999999993,22.2132]]]}},{"type":"Feature","properties":{"id":"lu-southern-02-22","class":"built_up","vegetationFraction":0.142,"pavedFraction":0.513,"waterFraction":0.006,"simulated":true},"geometry":{"type":"Polygon","coordinates":[[[114.18519999999992,22.2132],[114.18679999999992,22.2132],[114.18679999999992,22.2148],[114.18519999999992,22.2148],[114.18519999999992,22.2132]]]}},{"type":"Feature","properties":{"id":"lu-southern-02-23","class":"built_up","vegetationFraction":0.239,"pavedFraction":0.648,"waterFraction":0.019,"simulated":true},"geometry":{"type":"Polygon","coordinates":[[[114.18679999999992,22.2132],[114.18839999999992,22.2132],[114.18839999999992,22.2148],[114.18679999999992,22.2148],[114.18679999999992,22.2132]]]}},{"type":"Feature","properties":{"id":"lu-southern-02-24","class":"urban_open_space","vegetationFraction":0.269,"pavedFraction":0.56,"waterFraction":0.048,"simulated":true},"geometry":{"type":"Polygon","coordinates":[[[114.18839999999992,22.2132],[114.18999999999991,22.2132],[114.18999999999991,22.2148],[114.18839999999992,22.2148],[114.18839999999992,22.2132]]]}},{"type":"Feature","properties":{"id":"lu-southern-02-25","class":"built_up","vegetationFraction":0.142,"pavedFraction":0.678,"waterFraction":0.039,"simulated":true},"geometry":{"type":"Polygon","coordinates":[[[114.18999999999991,22.2132],[114.19159999999991,22.2132],[114.19159999999991,22.2148],[114.18999999999991,22.2148],[114.18999999999991,22.2132]]]}},{"type":"Feature","properties":{"id":"lu-southern-02-26","class":"built_up","vegetationFraction":0.142,"pavedFraction":0.732,"waterFraction":0.012,"simulated":true},"geometry":{"type":"Polygon","coordinates":[[[114.19159999999991,22.2132],[114.1931999999999,22.2132],[114.1931999999999,22.2148],[114.19159999999991,22.2148],[114.19159999999991,22.2132]]]}},{"type":"Feature","properties":{"id":"lu-southern-02-27","class":"built_up","vegetationFraction":0.199,"pavedFraction":0.662,"waterFraction":0.06,"simulated":true},"geometry":{"type":"Polygon","coordinates":[[[114.1931999999999,22.2132],[114.1947999999999,22.2132],[114.1947999999999,22.2148],[114.1931999999999,22.2148],[114.1931999999999,22.2132]]]}},{"type":"Feature","properties":{"id":"lu-southern-02-28","class":"built_up","vegetationFraction":0.102,"pavedFraction":0.558,"waterFraction":0.023,"simulated":true},"geometry":{"type":"Polygon","coordinates":[[[114.1947999999999,22.2132],[114.1963999999999,22.2132],[114.1963999999999,22.2148],[114.1947999999999,22.2148],[114.1947999999999,22.2132]]]}},{"type":"Feature","properties":{"id":"lu-southern-02-29","class":"built_up","vegetationFraction":0.137,"pavedFraction":0.656,"waterFraction":0.021,"simulated":true},"geometry":{"type":"Polygon","coordinates":[[[114.1963999999999,22.2132],[114.1979999999999,22.2132],[114.1979999999999,22.2148],[114.1963999999999,22.2148],[114.1963999999999,22.2132]]]}},{"type":"Feature","properties":{"id":"lu-southern-02-30","class":"built_up","vegetationFraction":0.228,"pavedFraction":0.675,"waterFraction":0.012,"simulated":true},"geometry":{"type":"Polygon","coordinates":[[[114.1979999999999,22.2132],[114.19959999999989,22.2132],[114.19959999999989,22.2148],[114.1979999999999,22.2148],[114.1979999999999,22.2132]]]}},{"type":"Feature","properties":{"id":"lu-southern-02-31","class":"built_up","vegetationFraction":0.182,"pavedFraction":0.616,"waterFraction":0.015,"simulated":true},"geometry":{"type":"Polygon","coordinates":[[[114.19959999999989,22.2132],[114.20119999999989,22.2132],[114.20119999999989,22.2148],[114.19959999999989,22.2148],[114.19959999999989,22.2132]]]}},{"type":"Feature","properties":{"id":"lu-southern-02-32","class":"built_up","vegetationFraction":0.11,"pavedFraction":0.754,"waterFraction":0.008,"simulated":true},"geometry":{"type":"Polygon","coordinates":[[[114.20119999999989,22.2132],[114.20279999999988,22.2132],[114.20279999999988,22.2148],[114.20119999999989,22.2148],[114.20119999999989,22.2132]]]}},{"type":"Feature","properties":{"id":"lu-southern-02-33","class":"built_up","vegetationFraction":0.174,"pavedFraction":0.685,"waterFraction":0.015,"simulated":true},"geometry":{"type":"Polygon","coordinates":[[[114.20279999999988,22.2132],[114.20439999999988,22.2132],[114.20439999999988,22.2148],[114.20279999999988,22.2148],[114.20279999999988,22.2132]]]}},{"type":"Feature","properties":{"id":"lu-southern-02-34","class":"urban_open_space","vegetationFraction":0.252,"pavedFraction":0.525,"waterFraction":0.056,"simulated":true},"geometry":{"type":"Polygon","coordinates":[[[114.20439999999988,22.2132],[114.20599999999988,22.2132],[114.20599999999988,22.2148],[114.20439999999988,22.2148],[114.20439999999988,22.2132]]]}},{"type":"Feature","properties":{"id":"lu-southern-02-35","class":"built_up","vegetationFraction":0.166,"pavedFraction":0.779,"waterFraction":0.052,"simulated":true},"geometry":{"type":"Polygon","coordinates":[[[114.20599999999988,22.2132],[114.20759999999987,22.2132],[114.20759999999987,22.2148],[114.20599999999988,22.2148],[114.20599999999988,22.2132]]]}},{"type":"Feature","properties":{"id":"lu-southern-02-36","class":"built_up","vegetationFraction":0.137,"pavedFraction":0.594,"waterFraction":0.036,"simulated":true},"geometry":{"type":"Polygon","coordinates":[[[114.20759999999987,22.2132],[114.20919999999987,22.2132],[114.20919999999987,22.2148],[114.20759999999987,22.2148],[114.20759999999987,22.2132]]]}},{"type":"Feature","properties":{"id":"lu-southern-02-37","class":"built_up","vegetationFraction":0.155,"pavedFraction":0.542,"waterFraction":0.027,"simulated":true},"geometry":{"type":"Polygon","coordinates":[[[114.20919999999987,22.2132],[114.21079999999986,22.2132],[114.21079999999986,22.2148],[114.20919999999987,22.2148],[114.20919999999987,22.2132]]]}},{"type":"Feature","properties":{"id":"lu-southern-02-38","class":"built_up","vegetationFraction":0.204,"pavedFraction":0.484,"waterFraction":0.049,"simulated":true},"geometry":{"type":"Polygon","coordinates":[[[114.21079999999986,22.2132],[114.21239999999986,22.2132],[114.21239999999986,22.2148],[114.21079999999986,22.2148],[114.21079999999986,22.2132]]]}},{"type":"Feature","properties":{"id":"lu-southern-02-39","class":"built_up","vegetationFraction":0.224,"pavedFraction":0.622,"waterFraction":0.033,"simulated":true},"geometry":{"type":"Polygon","coordinates":[[[114.21239999999986,22.2132],[114.21399999999986,22.2132],[114.21399999999986,22.2148],[114.21239999999986,22.2148],[114.21239999999986,22.2132]]]}},{"type":"Feature","properties":{"id":"lu-southern-02-40","class":"built_up","vegetationFraction":0.228,"pavedFraction":0.541,"waterFraction":0.031,"simulated":true},"geometry":{"type":"Polygon","coordinates":[[[114.21399999999986,22.2132],[114.21559999999985,22.2132],[114.21559999999985,22.2148],[114.21399999999986,22.2148],[114.21399999999986,22.2132]]]}},{"type":"Feature","properties":{"id":"lu-southern-02-41","class":"urban_open_space","vegetationFraction":0.25,"pavedFraction":0.565,"waterFraction":0.058,"simulated":true},"geometry":{"type":"Polygon","coordinates":[[[114.21559999999985,22.2132],[114.21719999999985,22.2132],[114.21719999999985,22.2148],[114.21559999999985,22.2148],[114.21559999999985,22.2132]]]}},{"type":"Feature","properties":{"id":"lu-southern-02-42","class":"built_up","vegetationFraction":0.12,"pavedFraction":0.656,"waterFraction":0.06,"simulated":true},"geometry":{"type":"Polygon","coordinates":[[[114.21719999999985,22.2132],[114.21879999999985,22.2132],[114.21879999999985,22.2148],[114.21719999999985,22.2148],[114.21719999999985,22.2132]]]}},{"type":"Feature","properties":{"id":"lu-southern-02-43","class":"built_up","vegetationFraction":0.177,"pavedFraction":0.647,"waterFraction":0.027,"simulated":true},"geometry":{"type":"Polygon","coordinates":[[[114.21879999999985,22.2132],[114.22039999999984,22.2132],[114.22039999999984,22.2148],[114.21879999999985,22.2148],[114.21879999999985,22.2132]]]}},{"type":"Feature","properties":{"id":"lu-southern-02-44","class":"urban_open_space","vegetationFraction":0.275,"pavedFraction":0.708,"waterFraction":0.056,"simulated":true},"geometry":{"type":"Polygon","coordinates":[[[114.22039999999984,22.2132],[114.22199999999984,22.2132],[114.22199999999984,22.2148],[114.22039999999984,22.2148],[114.22039999999984,22.2132]]]}},{"type":"Feature","properties":{"id":"lu-southern-02-45","class":"built_up","vegetationFraction":0.22,"pavedFraction":0.727,"waterFraction":0.032,"simulated":true},"geometry":{"type":"Polygon","coordinates":[[[114.22199999999984,22.2132],[114.22359999999983,22.2132],[114.22359999999983,22.2148],[114.22199999999984,22.2148],[114.22199999999984,22.2132]]]}},{"type":"Feature","properties":{"id":"lu-southern-02-46","class":"built_up","vegetationFraction":0.152,"pavedFraction":0.742,"waterFraction":0.011,"simulated":true},"geometry":{"type":"Polygon","coordinates":[[[114.22359999999983,22.2132],[114.22519999999983,22.2132],[114.22519999999983,22.2148],[114.22359999999983,22.2148],[114.22359999999983,22.2132]]]}},{"type":"Feature","properties":{"id":"lu-southern-02-47","class":"built_up","vegetationFraction":0.123,"pavedFraction":0.626,"waterFraction":0.057,"simulated":true},"geometry":{"type":"Polygon","coordinates":[[[114.22519999999983,22.2132],[114.22679999999983,22.2132],[114.22679999999983,22.2148],[114.22519999999983,22.2148],[114.22519999999983,22.2132]]]}},{"type":"Feature","properties":{"id":"lu-southern-02-48","class":"built_up","vegetationFraction":0.174,"pavedFraction":0.746,"waterFraction":0.06,"simulated":true},"geometry":{"type":"Polygon","coordinates":[[[114.22679999999983,22.2132],[114.22839999999982,22.2132],[114.22839999999982,22.2148],[114.22679999999983,22.2148],[114.22679999999983,22.2132]]]}},{"type":"Feature","properties":{"id":"lu-southern-02-49","class":"built_up","vegetationFraction":0.101,"pavedFraction":0.756,"waterFraction":0.047,"simulated":true},"geometry":{"type":"Polygon","coordinates":[[[114.22839999999982,22.2132],[114.22999999999982,22.2132],[114.22999999999982,22.2148],[114.22839999999982,22.2148],[114.22839999999982,22.2132]]]}},{"type":"Feature","properties":{"id":"lu-southern-02-50","class":"urban_open_space","vegetationFraction":0.262,"pavedFraction":0.675,"waterFraction":0.028,"simulated":true},"geometry":{"type":"Polygon","coordinates":[[[114.22999999999982,22.2132],[114.23159999999982,22.2132],[114.23159999999982,22.2148],[114.22999999999982,22.2148],[114.22999999999982,22.2132]]]}},{"type":"Feature","properties":{"id":"lu-southern-02-51","class":"built_up","vegetationFraction":0.203,"pavedFraction":0.558,"waterFraction":0.009,"simulated":true},"geometry":{"type":"Polygon","coordinates":[[[114.23159999999982,22.2132],[114.23319999999981,22.2132],[114.23319999999981,22.2148],[114.23159999999982,22.2148],[114.23159999999982,22.2132]]]}},{"type":"Feature","properties":{"id":"lu-southern-02-52","class":"built_up","vegetationFraction":0.12,"pavedFraction":0.52,"waterFraction":0.011,"simulated":true},"geometry":{"type":"Polygon","coordinates":[[[114.23319999999981,22.2132],[114.23479999999981,22.2132],[114.23479999999981,22.2148],[114.23319999999981,22.2148],[114.23319999999981,22.2132]]]}},{"type":"Feature","properties":{"id":"lu-southern-02-53","class":"built_up","vegetationFraction":0.156,"pavedFraction":0.551,"waterFraction":0.04,"simulated":true},"geometry":{"type":"Polygon","coordinates":[[[114.23479999999981,22.2132],[114.2363999999998,22.2132],[114.2363999999998,22.2148],[114.23479999999981,22.2148],[114.23479999999981,22.2132]]]}},{"type":"Feature","properties":{"id":"lu-southern-02-54","class":"built_up","vegetationFraction":0.249,"pavedFraction":0.535,"waterFraction":0.034,"simulated":true},"geometry":{"type":"Polygon","coordinates":[[[114.2363999999998,22.2132],[114.2379999999998,22.2132],[114.2379999999998,22.2148],[114.2363999999998,22.2148],[114.2363999999998,22.2132]]]}},{"type":"Feature","properties":{"id":"lu-southern-02-55","class":"built_up","vegetationFraction":0.209,"pavedFraction":0.607,"waterFraction":0.012,"simulated":true},"geometry":{"type":"Polygon","coordinates":[[[114.2379999999998,22.2132],[114.2395999999998,22.2132],[114.2395999999998,22.2148],[114.2379999999998,22.2148],[114.2379999999998,22.2132]]]}},{"type":"Feature","properties":{"id":"lu-southern-02-56","class":"built_up","vegetationFraction":0.224,"pavedFraction":0.628,"waterFraction":0.009,"simulated":true},"geometry":{"type":"Polygon","coordinates":[[[114.2395999999998,22.2132],[114.2411999999998,22.2132],[114.2411999999998,22.2148],[114.2395999999998,22.2148],[114.2395999999998,22.2132]]]}},{"type":"Feature","properties":{"id":"lu-southern-02-57","class":"built_up","vegetationFraction":0.107,"pavedFraction":0.587,"waterFraction":0.038,"simulated":true},"geometry":{"type":"Polygon","coordinates":[[[114.2411999999998,22.2132],[114.24279999999979,22.2132],[114.24279999999979,22.2148],[114.2411999999998,22.2148],[114.2411999999998,22.2132]]]}},{"type":"Feature","properties":{"id":"lu-southern-02-58","class":"built_up","vegetationFraction":0.144,"pavedFraction":0.767,"waterFraction":0.06,"simulated":true},"geometry":{"type":"Polygon","coordinates":[[[114.24279999999979,22.2132],[114.24439999999979,22.2132],[114.24439999999979,22.2148],[114.24279999999979,22.2148],[114.24279999999979,22.2132]]]}},{"type":"Feature","properties":{"id":"lu-southern-02-59","class":"urban_open_space","vegetationFraction":0.279,"pavedFraction":0.534,"waterFraction":0.044,"simulated":true},"geometry":{"type":"Polygon","coordinates":[[[114.24439999999979,22.2132],[114.24599999999978,22.2132],[114.24599999999978,22.2148],[114.24439999999979,22.2148],[114.24439999999979,22.2132]]]}},{"type":"Feature","properties":{"id":"lu-southern-02-60","class":"built_up","vegetationFraction":0.228,"pavedFraction":0.7,"waterFraction":0.025,"simulated":true},"geometry":{"type":"Polygon","coordinates":[[[114.24599999999978,22.2132],[114.24759999999978,22.2132],[114.24759999999978,22.2148],[114.24599999999978,22.2148],[114.24599999999978,22.2132]]]}},{"type":"Feature","properties":{"id":"lu-southern-02-61","class":"urban_open_space","vegetationFraction":0.255,"pavedFraction":0.582,"waterFraction":0.04,"simulated":true},"geometry":{"type":"Polygon","coordinates":[[[114.24759999999978,22.2132],[114.24919999999977,22.2132],[114.24919999999977,22.2148],[114.24759999999978,22.2148],[114.24759999999978,22.2132]]]}},{"type":"Feature","properties":{"id":"lu-southern-02-62","class":"built_up","vegetationFraction":0.109,"pavedFraction":0.774,"waterFraction":0.018,"simulated":true},"geometry":{"type":"Polygon","coordinates":[[[114.24919999999977,22.2132],[114.25079999999977,22.2132],[114.25079999999977,22.2148],[114.24919999999977,22.2148],[114.24919999999977,22.2132]]]}},{"type":"Feature","properties":{"id":"lu-southern-02-63","class":"built_up","vegetationFraction":0.201,"pavedFraction":0.728,"waterFraction":0.053,"simulated":true},"geometry":{"type":"Polygon","coordinates":[[[114.25079999999977,22.2132],[114.25239999999977,22.2132],[114.25239999999977,22.2148],[114.25079999999977,22.2148],[114.25079999999977,22.2132]]]}},{"type":"Feature","properties":{"id":"lu-southern-02-64","class":"built_up","vegetationFraction":0.141,"pavedFraction":0.567,"waterFraction":0.035,"simulated":true},"geometry":{"type":"Polygon","coordinates":[[[114.25239999999977,22.2132],[114.25399999999976,22.2132],[114.25399999999976,22.2148],[114.25239999999977,22.2148],[114.25239999999977,22.2132]]]}},{"type":"Feature","properties":{"id":"lu-southern-02-65","class":"built_up","vegetationFraction":0.233,"pavedFraction":0.616,"waterFraction":0.033,"simulated":true},"geometry":{"type":"Polygon","coordinates":[[[114.25399999999976,22.2132],[114.25559999999976,22.2132],[114.25559999999976,22.2148],[114.25399999999976,22.2148],[114.25399999999976,22.2132]]]}},{"type":"Feature","properties":{"id":"lu-southern-02-66","class":"built_up","vegetationFraction":0.244,"pavedFraction":0.699,"waterFraction":0.022,"simulated":true},"geometry":{"type":"Polygon","coordinates":[[[114.25559999999976,22.2132],[114.25719999999976,22.2132],[114.25719999999976,22.2148],[114.25559999999976,22.2148],[114.25559999999976,22.2132]]]}},{"type":"Feature","properties":{"id":"lu-southern-02-67","class":"built_up","vegetationFraction":0.142,"pavedFraction":0.724,"waterFraction":0.049,"simulated":true},"geometry":{"type":"Polygon","coordinates":[[[114.25719999999976,22.2132],[114.25879999999975,22.2132],[114.25879999999975,22.2148],[114.25719999999976,22.2148],[114.25719999999976,22.2132]]]}},{"type":"Feature","properties":{"id":"lu-southern-02-68","class":"built_up","vegetationFraction":0.195,"pavedFraction":0.648,"waterFraction":0.043,"simulated":true},"geometry":{"type":"Polygon","coordinates":[[[114.25879999999975,22.2132],[114.26039999999975,22.2132],[114.26039999999975,22.2148],[114.25879999999975,22.2148],[114.25879999999975,22.2132]]]}},{"type":"Feature","properties":{"id":"lu-southern-02-69","class":"built_up","vegetationFraction":0.156,"pavedFraction":0.604,"waterFraction":0.048,"simulated":true},"geometry":{"type":"Polygon","coordinates":[[[114.26039999999975,22.2132],[114.26199999999974,22.2132],[114.26199999999974,22.2148],[114.26039999999975,22.2148],[114.26039999999975,22.2132]]]}},{"type":"Feature","properties":{"id":"lu-southern-02-70","class":"built_up","vegetationFraction":0.144,"pavedFraction":0.686,"waterFraction":0.031,"simulated":true},"geometry":{"type":"Polygon","coordinates":[[[114.26199999999974,22.2132],[114.26359999999974,22.2132],[114.26359999999974,22.2148],[114.26199999999974,22.2148],[114.26199999999974,22.2132]]]}},{"type":"Feature","properties":{"id":"lu-southern-02-71","class":"built_up","vegetationFraction":0.104,"pavedFraction":0.631,"waterFraction":0.048,"simulated":true},"geometry":{"type":"Polygon","coordinates":[[[114.26359999999974,22.2132],[114.26519999999974,22.2132],[114.26519999999974,22.2148],[114.26359999999974,22.2148],[114.26359999999974,22.2132]]]}},{"type":"Feature","properties":{"id":"lu-southern-03-00","class":"built_up","vegetationFraction":0.114,"pavedFraction":0.745,"waterFraction":0.001,"simulated":true},"geometry":{"type":"Polygon","coordinates":[[[114.15,22.2148],[114.1516,22.2148],[114.1516,22.2164],[114.15,22.2164],[114.15,22.2148]]]}},{"type":"Feature","properties":{"id":"lu-southern-03-01","class":"built_up","vegetationFraction":0.152,"pavedFraction":0.673,"waterFraction":0.053,"simulated":true},"geometry":{"type":"Polygon","coordinates":[[[114.1516,22.2148],[114.1532,22.2148],[114.1532,22.2164],[114.1516,22.2164],[114.1516,22.2148]]]}},{"type":"Feature","properties":{"id":"lu-southern-03-02","class":"built_up","vegetationFraction":0.12,"pavedFraction":0.755,"waterFraction":0.025,"simulated":true},"geometry":{"type":"Polygon","coordinates":[[[114.1532,22.2148],[114.1548,22.2148],[114.1548,22.2164],[114.1532,22.2164],[114.1532,22.2148]]]}},{"type":"Feature","properties":{"id":"lu-southern-03-03","class":"built_up","vegetationFraction":0.116,"pavedFraction":0.715,"waterFraction":0.027,"simulated":true},"geometry":{"type":"Polygon","coordinates":[[[114.1548,22.2148],[114.15639999999999,22.2148],[114.15639999999999,22.2164],[114.1548,22.2164],[114.1548,22.2148]]]}},{"type":"Feature","properties":{"id":"lu-southern-03-04","class":"built_up","vegetationFraction":0.112,"pavedFraction":0.593,"waterFraction":0.01,"simulated":true},"geometry":{"type":"Polygon","coordinates":[[[114.15639999999999,22.2148],[114.15799999999999,22.2148],[114.15799999999999,22.2164],[114.15639999999999,22.2164],[114.15639999999999,22.2148]]]}},{"type":"Feature","properties":{"id":"lu-southern-03-05","class":"built_up","vegetationFraction":0.201,"pavedFraction":0.541,"waterFraction":0.041,"simulated":true},"geometry":{"type":"Polygon","coordinates":[[[114.15799999999999,22.2148],[114.15959999999998,22.2148],[114.15959999999998,22.2164],[114.15799999999999,22.2164],[114.15799999999999,22.2148]]]}},{"type":"Feature","properties":{"id":"lu-southern-03-06","class":"built_up","vegetationFraction":0.212,"pavedFraction":0.665,"waterFraction":0.008,"simulated":true},"geometry":{"type":"Polygon","coordinates":[[[114.15959999999998,22.2148],[114.16119999999998,22.2148],[114.16119999999998,22.2164],[114.15959999999998,22.2164],[114.15959999999998,22.2148]]]}},{"type":"Feature","properties":{"id":"lu-southern-03-07","class":"built_up","vegetationFraction":0.248,"pavedFraction":0.565,"waterFraction":0.015,"simulated":true},"geometry":{"type":"Polygon","coordinates":[[[114.16119999999998,22.2148],[114.16279999999998,22.2148],[114.16279999999998,22.2164],[114.16119999999998,22.2164],[114.16119999999998,22.2148]]]}},{"type":"Feature","properties":{"id":"lu-southern-03-08","class":"built_up","vegetationFraction":0.204,"pavedFraction":0.588,"waterFraction":0.001,"simulated":true},"geometry":{"type":"Polygon","coordinates":[[[114.16279999999998,22.2148],[114.16439999999997,22.2148],[114.16439999999997,22.2164],[114.16279999999998,22.2164],[114.16279999999998,22.2148]]]}},{"type":"Feature","properties":{"id":"lu-southern-03-09","class":"built_up","vegetationFraction":0.132,"pavedFraction":0.595,"waterFraction":0.031,"simulated":true},"geometry":{"type":"Polygon","coordinates":[[[114.16439999999997,22.2148],[114.16599999999997,22.2148],[114.16599999999997,22.2164],[114.16439999999997,22.2164],[114.16439999999997,22.2148]]]}},{"type":"Feature","properties":{"id":"lu-southern-03-10","class":"built_up","vegetationFraction":0.226,"pavedFraction":0.679,"waterFraction":0.045,"simulated":true},"geometry":{"type":"Polygon","coordinates":[[[114.16599999999997,22.2148],[114.16759999999996,22.2148],[114.16759999999996,22.2164],[114.16599999999997,22.2164],[114.16599999999997,22.2148]]]}},{"type":"Feature","properties":{"id":"lu-southern-03-11","class":"urban_open_space","vegetationFraction":0.277,"pavedFraction":0.609,"waterFraction":0.059,"simulated":true},"geometry":{"type":"Polygon","coordinates":[[[114.16759999999996,22.2148],[114.16919999999996,22.2148],[114.16919999999996,22.2164],[114.16759999999996,22.2164],[114.16759999999996,22.2148]]]}},{"type":"Feature","properties":{"id":"lu-southern-03-12","class":"urban_open_space","vegetationFraction":0.262,"pavedFraction":0.692,"waterFraction":0.022,"simulated":true},"geometry":{"type":"Polygon","coordinates":[[[114.16919999999996,22.2148],[114.17079999999996,22.2148],[114.17079999999996,22.2164],[114.16919999999996,22.2164],[114.16919999999996,22.2148]]]}},{"type":"Feature","properties":{"id":"lu-southern-03-13","class":"built_up","vegetationFraction":0.185,"pavedFraction":0.734,"waterFraction":0.029,"simulated":true},"geometry":{"type":"Polygon","coordinates":[[[114.17079999999996,22.2148],[114.17239999999995,22.2148],[114.17239999999995,22.2164],[114.17079999999996,22.2164],[114.17079999999996,22.2148]]]}},{"type":"Feature","properties":{"id":"lu-southern-03-14","class":"built_up","vegetationFraction":0.182,"pavedFraction":0.56,"waterFraction":0.008,"simulated":true},"geometry":{"type":"Polygon","coordinates":[[[114.17239999999995,22.2148],[114.17399999999995,22.2148],[114.17399999999995,22.2164],[114.17239999999995,22.2164],[114.17239999999995,22.2148]]]}},{"type":"Feature","properties":{"id":"lu-southern-03-15","class":"built_up","vegetationFraction":0.104,"pavedFraction":0.718,"waterFraction":0.023,"simulated":true},"geometry":{"type":"Polygon","coordinates":[[[114.17399999999995,22.2148],[114.17559999999995,22.2148],[114.17559999999995,22.2164],[114.17399999999995,22.2164],[114.17399999999995,22.2148]]]}},{"type":"Feature","properties":{"id":"lu-southern-03-16","class":"built_up","vegetationFraction":0.245,"pavedFraction":0.619,"waterFraction":0.042,"simulated":true},"geometry":{"type":"Polygon","coordinates":[[[114.17559999999995,22.2148],[114.17719999999994,22.2148],[114.17719999999994,22.2164],[114.17559999999995,22.2164],[114.17559999999995,22.2148]]]}},{"type":"Feature","properties":{"id":"lu-southern-03-17","class":"built_up","vegetationFraction":0.246,"pavedFraction":0.534,"waterFraction":0.009,"simulated":true},"geometry":{"type":"Polygon","coordinates":[[[114.17719999999994,22.2148],[114.17879999999994,22.2148],[114.17879999999994,22.2164],[114.17719999999994,22.2164],[114.17719999999994,22.2148]]]}},{"type":"Feature","properties":{"id":"lu-southern-03-18","class":"built_up","vegetationFraction":0.241,"pavedFraction":0.634,"waterFraction":0.015,"simulated":true},"geometry":{"type":"Polygon","coordinates":[[[114.17879999999994,22.2148],[114.18039999999993,22.2148],[114.18039999999993,22.2164],[114.17879999999994,22.2164],[114.17879999999994,22.2148]]]}},{"type":"Feature","properties":{"id":"lu-southern-03-19","class":"built_up","vegetationFraction":0.17,"pavedFraction":0.668,"waterFraction":0.027,"simulated":true},"geometry":{"type":"Polygon","coordinates":[[[114.18039999999993,22.2148],[114.18199999999993,22.2148],[114.18199999999993,22.2164],[114.18039999999993,22.2164],[114.18039999999993,22.2148]]]}},{"type":"Feature","properties":{"id":"lu-southern-03-20","class":"built_up","vegetationFraction":0.192,"pavedFraction":0.646,"waterFraction":0.015,"simulated":true},"geometry":{"type":"Polygon","coordinates":[[[114.18199999999993,22.2148],[114.18359999999993,22.2148],[114.18359999999993,22.2164],[114.18199999999993,22.2164],[114.18199999999993,22.2148]]]}},{"type":"Feature","properties":{"id":"lu-southern-03-21","class":"urban_open_space","vegetationFraction":0.271,"pavedFraction":0.766,"waterFraction":0.029,"simulated":true},"geometry":{"type":"Polygon","coordinates":[[[114.18359999999993,22.2148],[114.18519999999992,22.2148],[114.18519999999992,22.2164],[114.18359999999993,22.2164],[114.18359999999993,22.2148]]]}},{"type":"Feature","properties":{"id":"lu-southern-03-22","class":"built_up","vegetationFraction":0.164,"pavedFraction":0.758,"waterFraction":0.046,"simulated":true},"geometry":{"type":"Polygon","coordinates":[[[114.18519999999992,22.2148],[114.18679999999992,22.2148],[114.18679999999992,22.2164],[114.18519999999992,22.2164],[114.18519999999992,22.2148]]]}},{"type":"Feature","properties":{"id":"lu-southern-03-23","class":"built_up","vegetationFraction":0.11,"pavedFraction":0.706,"waterFraction":0.044,"simulated":true},"geometry":{"type":"Polygon","coordinates":[[[114.18679999999992,22.2148],[114.18839999999992,22.2148],[114.18839999999992,22.2164],[114.18679999999992,22.2164],[114.18679999999992,22.2148]]]}},{"type":"Feature","properties":{"id":"lu-southern-03-24","class":"built_up","vegetationFraction":0.245,"pavedFraction":0.641,"waterFraction":0.049,"simulated":true},"geometry":{"type":"Polygon","coordinates":[[[114.18839999999992,22.2148],[114.18999999999991,22.2148],[114.18999999999991,22.2164],[114.18839999999992,22.2164],[114.18839999999992,22.2148]]]}},{"type":"Feature","properties":{"id":"lu-southern-03-25","class":"built_up","vegetationFraction":0.249,"pavedFraction":0.62,"waterFraction":0.05,"simulated":true},"geometry":{"type":"Polygon","coordinates":[[[114.18999999999991,22.2148],[114.19159999999991,22.2148],[114.19159999999991,22.2164],[114.18999999999991,22.2164],[114.18999999999991,22.2148]]]}},{"type":"Feature","properties":{"id":"lu-southern-03-26","class":"urban_open_space","vegetationFraction":0.272,"pavedFraction":0.665,"waterFraction":0.016,"simulated":true},"geometry":{"type":"Polygon","coordinates":[[[114.19159999999991,22.2148],[114.1931999999999,22.2148],[114.1931999999999,22.2164],[114.19159999999991,22.2164],[114.19159999999991,22.2148]]]}},{"type":"Feature","properties":{"id":"lu-southern-03-27","class":"urban_open_space","vegetationFraction":0.252,"pavedFraction":0.653,"waterFraction":0.035,"simulated":true},"geometry":{"type":"Polygon","coordinates":[[[114.1931999999999,22.2148],[114.1947999999999,22.2148],[114.1947999999999,22.2164],[114.1931999999999,22.2164],[114.1931999999999,22.2148]]]}},{"type":"Feature","properties":{"id":"lu-southern-03-28","class":"built_up","vegetationFraction":0.232,"pavedFraction":0.495,"waterFraction":0.051,"simulated":true},"geometry":{"type":"Polygon","coordinates":[[[114.1947999999999,22.2148],[114.1963999999999,22.2148],[114.1963999999999,22.2164],[114.1947999999999,22.2164],[114.1947999999999,22.2148]]]}},{"type":"Feature","properties":{"id":"lu-southern-03-29","class":"built_up","vegetationFraction":0.168,"pavedFraction":0.765,"waterFraction":0.02,"simulated":true},"geometry":{"type":"Polygon","coordinates":[[[114.1963999999999,22.2148],[114.1979999999999,22.2148],[114.1979999999999,22.2164],[114.1963999999999,22.2164],[114.1963999999999,22.2148]]]}},{"type":"Feature","properties":{"id":"lu-southern-03-30","class":"built_up","vegetationFraction":0.21,"pavedFraction":0.505,"waterFraction":0.019,"simulated":true},"geometry":{"type":"Polygon","coordinates":[[[114.1979999999999,22.2148],[114.19959999999989,22.2148],[114.19959999999989,22.2164],[114.1979999999999,22.2164],[114.1979999999999,22.2148]]]}},{"type":"Feature","properties":{"id":"lu-southern-03-31","class":"built_up","vegetationFraction":0.15,"pavedFraction":0.487,"waterFraction":0.025,"simulated":true},"geometry":{"type":"Polygon","coordinates":[[[114.19959999999989,22.2148],[114.20119999999989,22.2148],[114.20119999999989,22.2164],[114.19959999999989,22.2164],[114.19959999999989,22.2148]]]}},{"type":"Feature","properties":{"id":"lu-southern-03-32","class":"built_up","vegetationFraction":0.226,"pavedFraction":0.665,"waterFraction":0.053,"simulated":true},"geometry":{"type":"Polygon","coordinates":[[[114.20119999999989,22.2148],[114.20279999999988,22.2148],[114.20279999999988,22.2164],[114.20119999999989,22.2164],[114.20119999999989,22.2148]]]}},{"type":"Feature","properties":{"id":"lu-southern-03-33","class":"built_up","vegetationFraction":0.101,"pavedFraction":0.694,"waterFraction":0.043,"simulated":true},"geometry":{"type":"Polygon","coordinates":[[[114.20279999999988,22.2148],[114.20439999999988,22.2148],[114.20439999999988,22.2164],[114.20279999999988,22.2164],[114.20279999999988,22.2148]]]}},{"type":"Feature","properties":{"id":"lu-southern-03-34","class":"built_up","vegetationFraction":0.132,"pavedFraction":0.7,"waterFraction":0.015,"simulated":true},"geometry":{"type":"Polygon","coordinates":[[[114.20439999999988,22.2148],[114.20599999999988,22.2148],[114.20599999999988,22.2164],[114.20439999999988,22.2164],[114.20439999999988,22.2148]]]}},{"type":"Feature","properties":{"id":"lu-southern-03-35","class":"built_up","vegetationFraction":0.137,"pavedFraction":0.649,"waterFraction":0.051,"simulated":true},"geometry":{"type":"Polygon","coordinates":[[[114.20599999999988,22.2148],[114.20759999999987,22.2148],[114.20759999999987,22.2164],[114.20599999999988,22.2164],[114.20599999999988,22.2148]]]}},{"type":"Feature","properties":{"id":"lu-southern-03-36","class":"urban_open_space","vegetationFraction":0.252,"pavedFraction":0.771,"waterFraction":0.022,"simulated":true},"geometry":{"type":"Polygon","coordinates":[[[114.20759999999987,22.2148],[114.20919999999987,22.2148],[114.20919999999987,22.2164],[114.20759999999987,22.2164],[114.20759999999987,22.2148]]]}},{"type":"Feature","properties":{"id":"lu-southern-03-37","class":"built_up","vegetationFraction":0.147,"pavedFraction":0.511,"waterFraction":0.052,"simulated":true},"geometry":{"type":"Polygon","coordinates":[[[114.20919999999987,22.2148],[114.21079999999986,22.2148],[114.21079999999986,22.2164],[114.20919999999987,22.2164],[114.20919999999987,22.2148]]]}},{"type":"Feature","properties":{"id":"lu-southern-03-38","class":"urban_open_space","vegetationFraction":0.27,"pavedFraction":0.755,"waterFraction":0.053,"simulated":true},"geometry":{"type":"Polygon","coordinates":[[[114.21079999999986,22.2148],[114.21239999999986,22.2148],[114.21239999999986,22.2164],[114.21079999999986,22.2164],[114.21079999999986,22.2148]]]}},{"type":"Feature","properties":{"id":"lu-southern-03-39","class":"built_up","vegetationFraction":0.22,"pavedFraction":0.689,"waterFraction":0.052,"simulated":true},"geometry":{"type":"Polygon","coordinates":[[[114.21239999999986,22.2148],[114.21399999999986,22.2148],[114.21399999999986,22.2164],[114.21239999999986,22.2164],[114.21239999999986,22.2148]]]}},{"type":"Feature","properties":{"id":"lu-southern-03-40","class":"built_up","vegetationFraction":0.146,"pavedFraction":0.576,"waterFraction":0.012,"simulated":true},"geometry":{"type":"Polygon","coordinates":[[[114.21399999999986,22.2148],[114.21559999999985,22.2148],[114.21559999999985,22.2164],[114.21399999999986,22.2164],[114.21399999999986,22.2148]]]}},{"type":"Feature","properties":{"id":"lu-southern-03-41","class":"built_up","vegetationFraction":0.226,"pavedFraction":0.513,"waterFraction":0.025,"simulated":true},"geometry":{"type":"Polygon","coordinates":[[[114.21559999999985,22.2148],[114.21719999999985,22.2148],[114.21719999999985,22.2164],[114.21559999999985,22.2164],[114.21559999999985,22.2148]]]}},{"type":"Feature","properties":{"id":"lu-southern-03-42","class":"built_up","vegetationFraction":0.137,"pavedFraction":0.625,"waterFraction":0.033,"simulated":true},"geometry":{"type":"Polygon","coordinates":[[[114.21719999999985,22.2148],[114.21879999999985,22.2148],[114.21879999999985,22.2164],[114.21719999999985,22.2164],[114.21719999999985,22.2148]]]}},{"type":"Feature","properties":{"id":"lu-southern-03-43","class":"urban_open_space","vegetationFraction":0.251,"pavedFraction":0.488,"waterFraction":0.04,"simulated":true},"geometry":{"type":"Polygon","coordinates":[[[114.21879999999985,22.2148],[114.22039999999984,22.2148],[114.22039999999984,22.2164],[114.21879999999985,22.2164],[114.21879999999985,22.2148]]]}},{"type":"Feature","properties":{"id":"lu-southern-03-44","class":"built_up","vegetationFraction":0.109,"pavedFraction":0.755,"waterFraction":0.056,"simulated":true},"geometry":{"type":"Polygon","coordinates":[[[114.22039999999984,22.2148],[114.22199999999984,22.2148],[114.22199999999984,22.2164],[114.22039999999984,22.2164],[114.22039999999984,22.2148]]]}},{"type":"Feature","properties":{"id":"lu-southern-03-45","class":"built_up","vegetationFraction":0.186,"pavedFraction":0.774,"waterFraction":0.015,"simulated":true},"geometry":{"type":"Polygon","coordinates":[[[114.22199999999984,22.2148],[114.22359999999983,22.2148],[114.22359999999983,22.2164],[114.22199999999984,22.2164],[114.22199999999984,22.2148]]]}},{"type":"Feature","properties":{"id":"lu-southern-03-46","class":"built_up","vegetationFraction":0.245,"pavedFraction":0.685,"waterFraction":0.059,"simulated":true},"geometry":{"type":"Polygon","coordinates":[[[114.22359999999983,22.2148],[114.22519999999983,22.2148],[114.22519999999983,22.2164],[114.22359999999983,22.2164],[114.22359999999983,22.2148]]]}},{"type":"Feature","properties":{"id":"lu-southern-03-47","class":"built_up","vegetationFraction":0.196,"pavedFraction":0.568,"waterFraction":0.02,"simulated":true},"geometry":{"type":"Polygon","coordinates":[[[114.22519999999983,22.2148],[114.22679999999983,22.2148],[114.22679999999983,22.2164],[114.22519999999983,22.2164],[114.22519999999983,22.2148]]]}},{"type":"Feature","properties":{"id":"lu-southern-03-48","class":"built_up","vegetationFraction":0.196,"pavedFraction":0.619,"waterFraction":0.058,"simulated":true},"geometry":{"type":"Polygon","coordinates":[[[114.22679999999983,22.2148],[114.22839999999982,22.2148],[114.22839999999982,22.2164],[114.22679999999983,22.2164],[114.22679999999983,22.2148]]]}},{"type":"Feature","properties":{"id":"lu-southern-03-49","class":"urban_open_space","vegetationFraction":0.252,"pavedFraction":0.647,"waterFraction":0.05,"simulated":true},"geometry":{"type":"Polygon","coordinates":[[[114.22839999999982,22.2148],[114.22999999999982,22.2148],[114.22999999999982,22.2164],[114.22839999999982,22.2164],[114.22839999999982,22.2148]]]}},{"type":"Feature","properties":{"id":"lu-southern-03-50","class":"built_up","vegetationFraction":0.217,"pavedFraction":0.558,"waterFraction":0.042,"simulated":true},"geometry":{"type":"Polygon","coordinates":[[[114.22999999999982,22.2148],[114.23159999999982,22.2148],[114.23159999999982,22.2164],[114.22999999999982,22.2164],[114.22999999999982,22.2148]]]}},{"type":"Feature","properties":{"id":"lu-southern-03-51","class":"built_up","vegetationFraction":0.157,"pavedFraction":0.587,"waterFraction":0.044,"simulated":true},"geometry":{"type":"Polygon","coordinates":[[[114.23159999999982,22.2148],[114.23319999999981,22.2148],[114.23319999999981,22.2164],[114.23159999999982,22.2164],[114.23159999999982,22.2148]]]}},{"type":"Feature","properties":{"id":"lu-southern-03-52","class":"built_up","vegetationFraction":0.214,"pavedFraction":0.64,"waterFraction":0.049,"simulated":true},"geometry":{"type":"Polygon","coordinates":[[[114.23319999999981,22.2148],[114.23479999999981,22.2148],[114.23479999999981,22.2164],[114.23319999999981,22.2164],[114.23319999999981,22.2148]]]}},{"type":"Feature","properties":{"id":"lu-southern-03-53","class":"built_up","vegetationFraction":0.224,"pavedFraction":0.5,"waterFraction":0.06,"simulated":true},"geometry":{"type":"Polygon","coordinates":[[[114.23479999999981,22.2148],[114.2363999999998,22.2148],[114.2363999999998,22.2164],[114.23479999999981,22.2164],[114.23479999999981,22.2148]]]}},{"type":"Feature","properties":{"id":"lu-southern-03-54","class":"built_up","vegetationFraction":0.102,"pavedFraction":0.519,"waterFraction":0.032,"simulated":true},"geometry":{"type":"Polygon","coordinates":[[[114.2363999999998,22.2148],[114.2379999999998,22.2148],[114.2379999999998,22.2164],[114.2363999999998,22.2164],[114.2363999999998,22.2148]]]}},{"type":"Feature","properties":{"id":"lu-southern-03-55","class":"built_up","vegetationFraction":0.249,"pavedFraction":0.494,"waterFraction":0.025,"simulated":true},"geometry":{"type":"Polygon","coordinates":[[[114.2379999999998,22.2148],[114.2395999999998,22.2148],[114.2395999999998,22.2164],[114.2379999999998,22.2164],[114.2379999999998,22.2148]]]}},{"type":"Feature","properties":{"id":"lu-southern-03-56","class":"built_up","vegetationFraction":0.199,"pavedFraction":0.601,"waterFraction":0.009,"simulated":true},"geometry":{"type":"Polygon","coordinates":[[[114.2395999999998,22.2148],[114.2411999999998,22.2148],[114.2411999999998,22.2164],[114.2395999999998,22.2164],[114.2395999999998,22.2148]]]}},{"type":"Feature","properties":{"id":"lu-southern-03-57","class":"built_up","vegetationFraction":0.22,"pavedFraction":0.744,"waterFraction":0.029,"simulated":true},"geometry":{"type":"Polygon","coordinates":[[[114.2411999999998,22.2148],[114.24279999999979,22.2148],[114.24279999999979,22.2164],[114.2411999999998,22.2164],[114.2411999999998,22.2148]]]}},{"type":"Feature","properties":{"id":"lu-southern-03-58","class":"built_up","vegetationFraction":0.122,"pavedFraction":0.672,"waterFraction":0.051,"simulated":true},"geometry":{"type":"Polygon","coordinates":[[[114.24279999999979,22.2148],[114.24439999999979,22.2148],[114.24439999999979,22.2164],[114.24279999999979,22.2164],[114.24279999999979,22.2148]]]}},{"type":"Feature","properties":{"id":"lu-southern-03-59","class":"built_up","vegetationFraction":0.227,"pavedFraction":0.548,"waterFraction":0.016,"simulated":true},"geometry":{"type":"Polygon","coordinates":[[[114.24439999999979,22.2148],[114.24599999999978,22.2148],[114.24599999999978,22.2164],[114.24439999999979,22.2164],[114.24439999999979,22.2148]]]}},{"type":"Feature","properties":{"id":"lu-southern-03-60","class":"built_up","vegetationFraction":0.141,"pavedFraction":0.52,"waterFraction":0.036,"simulated":true},"geometry":{"type":"Polygon","coordinates":[[[114.24599999999978,22.2148],[114.24759999999978,22.2148],[114.24759999999978,22.2164],[114.24599999999978,22.2164],[114.24599999999978,22.2148]]]}},{"type":"Feature","properties":{"id":"lu-southern-03-61","class":"built_up","vegetationFraction":0.243,"pavedFraction":0.482,"waterFraction":0.006,"simulated":true},"geometry":{"type":"Polygon","coordinates":[[[114.24759999999978,22.2148],[114.24919999999977,22.2148],[114.24919999999977,22.2164],[114.24759999999978,22.2164],[114.24759999999978,22.2148]]]}},{"type":"Feature","properties":{"id":"lu-southern-03-62","class":"built_up","vegetationFraction":0.158,"pavedFraction":0.74,"waterFraction":0.052,"simulated":true},"geometry":{"type":"Polygon","coordinates":[[[114.24919999999977,22.2148],[114.25079999999977,22.2148],[114.25079999999977,22.2164],[114.24919999999977,22.2164],[114.24919999999977,22.2148]]]}},{"type":"Feature","properties":{"id":"lu-southern-03-63","class":"built_up","vegetationFraction":0.248,"pavedFraction":0.576,"waterFraction":0.058,"simulated":true},"geometry":{"type":"Polygon","coordinates":[[[114.25079999999977,22.2148],[114.25239999999977,22.2148],[114.25239999999977,22.2164],[114.25079999999977,22.2164],[114.25079999999977,22.2148]]]}},{"type":"Feature","properties":{"id":"lu-southern-03-64","class":"built_up","vegetationFraction":0.244,"pavedFraction":0.505,"waterFraction":0.049,"simulated":true},"geometry":{"type":"Polygon","coordinates":[[[114.25239999999977,22.2148],[114.25399999999976,22.2148],[114.25399999999976,22.2164],[114.25239999999977,22.2164],[114.25239999999977,22.2148]]]}},{"type":"Feature","properties":{"id":"lu-southern-03-65","class":"built_up","vegetationFraction":0.2,"pavedFraction":0.605,"waterFraction":0.001,"simulated":true},"geometry":{"type":"Polygon","coordinates":[[[114.25399999999976,22.2148],[114.25559999999976,22.2148],[114.25559999999976,22.2164],[114.25399999999976,22.2164],[114.25399999999976,22.2148]]]}},{"type":"Feature","properties":{"id":"lu-southern-03-66","class":"built_up","vegetationFraction":0.173,"pavedFraction":0.509,"waterFraction":0.045,"simulated":true},"geometry":{"type":"Polygon","coordinates":[[[114.25559999999976,22.2148],[114.25719999999976,22.2148],[114.25719999999976,22.2164],[114.25559999999976,22.2164],[114.25559999999976,22.2148]]]}},{"type":"Feature","properties":{"id":"lu-southern-03-67","class":"built_up","vegetationFraction":0.166,"pavedFraction":0.707,"waterFraction":0.048,"simulated":true},"geometry":{"type":"Polygon","coordinates":[[[114.25719999999976,22.2148],[114.25879999999975,22.2148],[114.25879999999975,22.2164],[114.25719999999976,22.2164],[114.25719999999976,22.2148]]]}},{"type":"Feature","properties":{"id":"lu-southern-03-68","class":"built_up","vegetationFraction":0.166,"pavedFraction":0.593,"waterFraction":0.039,"simulated":true},"geometry":{"type":"Polygon","coordinates":[[[114.25879999999975,22.2148],[114.26039999999975,22.2148],[114.26039999999975,22.2164],[114.25879999999975,22.2164],[114.25879999999975,22.2148]]]}},{"type":"Feature","properties":{"id":"lu-southern-03-69","class":"built_up","vegetationFraction":0.238,"pavedFraction":0.504,"waterFraction":0.014,"simulated":true},"geometry":{"type":"Polygon","coordinates":[[[114.26039999999975,22.2148],[114.26199999999974,22.2148],[114.26199999999974,22.2164],[114.26039999999975,22.2164],[114.26039999999975,22.2148]]]}},{"type":"Feature","properties":{"id":"lu-southern-03-70","class":"built_up","vegetationFraction":0.184,"pavedFraction":0.631,"waterFraction":0.044,"simulated":true},"geometry":{"type":"Polygon","coordinates":[[[114.26199999999974,22.2148],[114.26359999999974,22.2148],[114.26359999999974,22.2164],[114.26199999999974,22.2164],[114.26199999999974,22.2148]]]}},{"type":"Feature","properties":{"id":"lu-southern-03-71","class":"built_up","vegetationFraction":0.117,"pavedFraction":0.749,"waterFraction":0.06,"simulated":true},"geometry":{"type":"Polygon","coordinates":[[[114.26359999999974,22.2148],[114.26519999999974,22.2148],[114.26519999999974,22.2164],[114.26359999999974,22.2164],[114.26359999999974,22.2148]]]}},{"type":"Feature","properties":{"id":"lu-southern-04-00","class":"built_up","vegetationFraction":0.173,"pavedFraction":0.596,"waterFraction":0.059,"simulated":true},"geometry":{"type":"Polygon","coordinates":[[[114.15,22.2164],[114.1516,22.2164],[114.1516,22.218],[114.15,22.218],[114.15,22.2164]]]}},{"type":"Feature","properties":{"id":"lu-southern-04-01","class":"built_up","vegetationFraction":0.162,"pavedFraction":0.758,"waterFraction":0.003,"simulated":true},"geometry":{"type":"Polygon","coordinates":[[[114.1516,22.2164],[114.1532,22.2164],[114.1532,22.218],[114.1516,22.218],[114.1516,22.2164]]]}},{"type":"Feature","properties":{"id":"lu-southern-04-02","class":"built_up","vegetationFraction":0.203,"pavedFraction":0.54,"waterFraction":0.017,"simulated":true},"geometry":{"type":"Polygon","coordinates":[[[114.1532,22.2164],[114.1548,22.2164],[114.1548,22.218],[114.1532,22.218],[114.1532,22.2164]]]}},{"type":"Feature","properties":{"id":"lu-southern-04-03","class":"built_up","vegetationFraction":0.244,"pavedFraction":0.641,"waterFraction":0.055,"simulated":true},"geometry":{"type":"Polygon","coordinates":[[[114.1548,22.2164],[114.15639999999999,22.2164],[114.15639999999999,22.218],[114.1548,22.218],[114.1548,22.2164]]]}},{"type":"Feature","properties":{"id":"lu-southern-04-04","class":"built_up","vegetationFraction":0.188,"pavedFraction":0.652,"waterFraction":0.007,"simulated":true},"geometry":{"type":"Polygon","coordinates":[[[114.15639999999999,22.2164],[114.15799999999999,22.2164],[114.15799999999999,22.218],[114.15639999999999,22.218],[114.15639999999999,22.2164]]]}},{"type":"Feature","properties":{"id":"lu-southern-04-05","class":"urban_open_space","vegetationFraction":0.274,"pavedFraction":0.673,"waterFraction":0.0,"simulated":true},"geometry":{"type":"Polygon","coordinates":[[[114.15799999999999,22.2164],[114.15959999999998,22.2164],[114.15959999999998,22.218],[114.15799999999999,22.218],[114.15799999999999,22.2164]]]}},{"type":"Feature","properties":{"id":"lu-southern-04-06","class":"built_up","vegetationFraction":0.207,"pavedFraction":0.66,"waterFraction":0.052,"simulated":true},"geometry":{"type":"Polygon","coordinates":[[[114.15959999999998,22.2164],[114.16119999999998,22.2164],[114.16119999999998,22.218],[114.15959999999998,22.218],[114.15959999999998,22.2164]]]}},{"type":"Feature","properties":{"id":"lu-southern-04-07","class":"built_up","vegetationFraction":0.101,"pavedFraction":0.572,"waterFraction":0.016,"simulated":true},"geometry":{"type":"Polygon","coordinates":[[[114.16119999999998,22.2164],[114.16279999999998,22.2164],[114.16279999999998,22.218],[114.16119999999998,22.218],[114.16119999999998,22.2164]]]}},{"type":"Feature","properties":{"id":"lu-southern-04-08","class":"built_up","vegetationFraction":0.176,"pavedFraction":0.499,"waterFraction":0.044,"simulated":true},"geometry":{"type":"Polygon","coordinates":[[[114.16279999999998,22.2164],[114.16439999999997,22.2164],[114.16439999999997,22.218],[114.16279999999998,22.218],[114.16279999999998,22.2164]]]}},{"type":"Feature","properties":{"id":"lu-southern-04-09","class":"built_up","vegetationFraction":0.171,"pavedFraction":0.679,"waterFraction":0.023,"simulated":true},"geometry":{"type":"Polygon","coordinates":[[[114.16439999999997,22.2164],[114.16599999999997,22.2164],[114.16599999999997,22.218],[114.16439999999997,22.218],[114.16439999999997,22.2164]]]}},{"type":"Feature","properties":{"id":"lu-southern-04-10","class":"built_up","vegetationFraction":0.166,"pavedFraction":0.578,"waterFraction":0.001,"simulated":true},"geometry":{"type":"Polygon","coordinates":[[[114.16599999999997,22.2164],[114.16759999999996,22.2164],[114.16759999999996,22.218],[114.16599999999997,22.218],[114.16599999999997,22.2164]]]}},{"type":"Feature","properties":{"id":"lu-southern-04-11","class":"urban_open_space","vegetationFraction":0.252,"pavedFraction":0.558,"waterFraction":0.034,"simulated":true},"geometry":{"type":"Polygon","coordinates":[[[114.16759999999996,22.2164],[114.16919999999996,22.2164],[114.16919999999996,22.218],[114.16759999999996,22.218],[114.16759999999996,22.2164]]]}},{"type":"Feature","properties":{"id":"lu-southern-04-12","class":"built_up","vegetationFraction":0.157,"pavedFraction":0.762,"waterFraction":0.049,"simulated":true},"geometry":{"type":"Polygon","coordinates":[[[114.16919999999996,22.2164],[114.17079999999996,22.2164],[114.17079999999996,22.218],[114.16919999999996,22.218],[114.16919999999996,22.2164]]]}},{"type":"Feature","properties":{"id":"lu-southern-04-13","class":"urban_open_space","vegetationFraction":0.253,"pavedFraction":0.487,"waterFraction":0.032,"simulated":true},"geometry":{"type":"Polygon","coordinates":[[[114.17079999999996,22.2164],[114.17239999999995,22.2164],[114.17239999999995,22.218],[114.17079999999996,22.218],[114.17079999999996,22.2164]]]}},{"type":"Feature","properties":{"id":"lu-southern-04-14","class":"urban_open_space","vegetationFraction":0.26,"pavedFraction":0.556,"waterFraction":0.036,"simulated":true},"geometry":{"type":"Polygon","coordinates":[[[114.17239999999995,22.2164],[114.17399999999995,22.2164],[114.17399999999995,22.218],[114.17239999999995,22.218],[114.17239999999995,22.2164]]]}},{"type":"Feature","properties":{"id":"lu-southern-04-15","class":"built_up","vegetationFraction":0.245,"pavedFraction":0.562,"waterFraction":0.026,"simulated":true},"geometry":{"type":"Polygon","coordinates":[[[114.17399999999995,22.2164],[114.17559999999995,22.2164],[114.17559999999995,22.218],[114.17399999999995,22.218],[114.17399999999995,22.2164]]]}},{"type":"Feature","properties":{"id":"lu-southern-04-16","class":"built_up","vegetationFraction":0.2,"pavedFraction":0.688,"waterFraction":0.004,"simulated":true},"geometry":{"type":"Polygon","coordinates":[[[114.17559999999995,22.2164],[114.17719999999994,22.2164],[114.17719999999994,22.218],[114.17559999999995,22.218],[114.17559999999995,22.2164]]]}},{"type":"Feature","properties":{"id":"lu-southern-04-17","class":"urban_open_space","vegetationFraction":0.276,"pavedFraction":0.721,"waterFraction":0.046,"simulated":true},"geometry":{"type":"Polygon","coordinates":[[[114.17719999999994,22.2164],[114.17879999999994,22.2164],[114.17879999999994,22.218],[114.17719999999994,22.218],[114.17719999999994,22.2164]]]}},{"type":"Feature","properties":{"id":"lu-southern-04-18","class":"built_up","vegetationFraction":0.221,"pavedFraction":0.662,"waterFraction":0.035,"simulated":true},"geometry":{"type":"Polygon","coordinates":[[[114.17879999999994,22.2164],[114.18039999999993,22.2164],[114.18039999999993,22.218],[114.17879999999994,22.218],[114.17879999999994,22.2164]]]}},{"type":"Feature","properties":{"id":"lu-southern-04-19","class":"urban_open_space","vegetationFraction":0.274,"pavedFraction":0.602,"waterFraction":0.048,"simulated":true},"geometry":{"type":"Polygon","coordinates":[[[114.18039999999993,22.2164],[114.18199999999993,22.2164],[114.18199999999993,22.218],[114.18039999999993,22.218],[114.18039999999993,22.2164]]]}},{"type":"Feature","properties":{"id":"lu-southern-04-20","class":"built_up","vegetationFraction":0.112,"pavedFraction":0.689,"waterFraction":0.004,"simulated":true},"geometry":{"type":"Polygon","coordinates":[[[114.18199999999993,22.2164],[114.18359999999993,22.2164],[114.18359999999993,22.218],[114.18199999999993,22.218],[114.18199999999993,22.2164]]]}},{"type":"Feature","properties":{"id":"lu-southern-04-21","class":"built_up","vegetationFraction":0.221,"pavedFraction":0.728,"waterFraction":0.042,"simulated":true},"geometry":{"type":"Polygon","coordinates":[[[114.18359999999993,22.2164],[114.18519999999992,22.2164],[114.18519999999992,22.218],[114.18359999999993,22.218],[114.18359999999993,22.2164]]]}},{"type":"Feature","properties":{"id":"lu-southern-04-22","class":"built_up","vegetationFraction":0.202,"pavedFraction":0.638,"waterFraction":0.03,"simulated":true},"geometry":{"type":"Polygon","coordinates":[[[114.18519999999992,22.2164],[114.18679999999992,22.2164],[114.18679999999992,22.218],[114.18519999999992,22.218],[114.18519999999992,22.2164]]]}},{"type":"Feature","properties":{"id":"lu-southern-04-23","class":"built_up","vegetationFraction":0.123,"pavedFraction":0.544,"waterFraction":0.026,"simulated":true},"geometry":{"type":"Polygon","coordinates":[[[114.18679999999992,22.2164],[114.18839999999992,22.2164],[114.18839999999992,22.218],[114.18679999999992,22.218],[114.18679999999992,22.2164]]]}},{"type":"Feature","properties":{"id":"lu-southern-04-24","class":"built_up","vegetationFraction":0.199,"pavedFraction":0.601,"waterFraction":0.052,"simulated":true},"geometry":{"type":"Polygon","coordinates":[[[114.18839999999992,22.2164],[114.18999999999991,22.2164],[114.18999999999991,22.218],[114.18839999999992,22.218],[114.18839999999992,22.2164]]]}},{"type":"Feature","properties":{"id":"lu-southern-04-25","class":"built_up","vegetationFraction":0.187,"pavedFraction":0.728,"waterFraction":0.053,"simulated":true},"geometry":{"type":"Polygon","coordinates":[[[114.18999999999991,22.2164],[114.19159999999991,22.2164],[114.19159999999991,22.218],[114.18999999999991,22.218],[114.18999999999991,22.2164]]]}},{"type":"Feature","properties":{"id":"lu-southern-04-26","class":"built_up","vegetationFraction":0.161,"pavedFraction":0.602,"waterFraction":0.013,"simulated":true},"geometry":{"type":"Polygon","coordinates":[[[114.19159999999991,22.2164],[114.1931999999999,22.2164],[114.1931999999999,22.218],[114.19159999999991,22.218],[114.19159999999991,22.2164]]]}},{"type":"Feature","properties":{"id":"lu-southern-04-27","class":"built_up","vegetationFraction":0.192,"pavedFraction":0.709,"waterFraction":0.047,"simulated":true},"geometry":{"type":"Polygon","coordinates":[[[114.1931999999999,22.2164],[114.1947999999999,22.2164],[114.1947999999999,22.218],[114.1931999999999,22.218],[114.1931999999999,22.2164]]]}},{"type":"Feature","properties":{"id":"lu-southern-04-28","class":"urban_open_space","vegetationFraction":0.27,"pavedFraction":0.769,"waterFraction":0.038,"simulated":true},"geometry":{"type":"Polygon","coordinates":[[[114.1947999999999,22.2164],[114.1963999999999,22.2164],[114.1963999999999,22.218],[114.1947999999999,22.218],[114.1947999999999,22.2164]]]}},{"type":"Feature","properties":{"id":"lu-southern-04-29","class":"urban_open_space","vegetationFraction":0.262,"pavedFraction":0.621,"waterFraction":0.017,"simulated":true},"geometry":{"type":"Polygon","coordinates":[[[114.1963999999999,22.2164],[114.1979999999999,22.2164],[114.1979999999999,22.218],[114.1963999999999,22.218],[114.1963999999999,22.2164]]]}},{"type":"Feature","properties":{"id":"lu-southern-04-30","class":"urban_open_space","vegetationFraction":0.255,"pavedFraction":0.565,"waterFraction":0.05,"simulated":true},"geometry":{"type":"Polygon","coordinates":[[[114.1979999999999,22.2164],[114.19959999999989,22.2164],[114.19959999999989,22.218],[114.1979999999999,22.218],[114.1979999999999,22.2164]]]}},{"type":"Feature","properties":{"id":"lu-southern-04-31","class":"built_up","vegetationFraction":0.197,"pavedFraction":0.625,"waterFraction":0.02,"simulated":true},"geometry":{"type":"Polygon","coordinates":[[[114.19959999999989,22.2164],[114.20119999999989,22.2164],[114.20119999999989,22.218],[114.19959999999989,22.218],[114.19959999999989,22.2164]]]}},{"type":"Feature","properties":{"id":"lu-southern-04-32","class":"built_up","vegetationFraction":0.165,"pavedFraction":0.519,"waterFraction":0.024,"simulated":true},"geometry":{"type":"Polygon","coordinates":[[[114.20119999999989,22.2164],[114.20279999999988,22.2164],[114.20279999999988,22.218],[114.20119999999989,22.218],[114.20119999999989,22.2164]]]}},{"type":"Feature","properties":{"id":"lu-southern-04-33","class":"built_up","vegetationFraction":0.181,"pavedFraction":0.592,"waterFraction":0.02,"simulated":true},"geometry":{"type":"Polygon","coordinates":[[[114.20279999999988,22.2164],[114.20439999999988,22.2164],[114.20439999999988,22.218],[114.20279999999988,22.218],[114.20279999999988,22.2164]]]}},{"type":"Feature","properties":{"id":"lu-southern-04-34","class":"built_up","vegetationFraction":0.208,"pavedFraction":0.612,"waterFraction":0.005,"simulated":true},"geometry":{"type":"Polygon","coordinates":[[[114.20439999999988,22.2164],[114.20599999999988,22.2164],[114.20599999999988,22.218],[114.20439999999988,22.218],[114.20439999999988,22.2164]]]}},{"type":"Feature","properties":{"id":"lu-southern-04-35","class":"built_up","vegetationFraction":0.114,"pavedFraction":0.564,"waterFraction":0.04,"simulated":true},"geometry":{"type":"Polygon","coordinates":[[[114.20599999999988,22.2164],[114.20759999999987,22.2164],[114.20759999999987,22.218],[114.20599999999988,22.218],[114.20599999999988,22.2164]]]}},{"type":"Feature","properties":{"id":"lu-southern-04-36","class":"built_up","vegetationFraction":0.229,"pavedFraction":0.705,"waterFraction":0.026,"simulated":true},"geometry":{"type":"Polygon","coordinates":[[[114.20759999999987,22.2164],[114.20919999999987,22.2164],[114.20919999999987,22.218],[114.20759999999987,22.218],[114.20759999999987,22.2164]]]}},{"type":"Feature","properties":{"id":"lu-southern-04-37","class":"built_up","vegetationFraction":0.197,"pavedFraction":0.562,"waterFraction":0.004,"simulated":true},"geometry":{"type":"Polygon","coordinates":[[[114.20919999999987,22.2164],[114.21079999999986,22.2164],[114.21079999999986,22.218],[114.20919999999987,22.218],[114.20919999999987,22.2164]]]}},{"type":"Feature","properties":{"id":"lu-southern-04-38","class":"urban_open_space","vegetationFraction":0.272,"pavedFraction":0.664,"waterFraction":0.015,"simulated":true},"geometry":{"type":"Polygon","coordinates":[[[114.21079999999986,22.2164],[114.21239999999986,22.2164],[114.21239999999986,22.218],[114.21079999999986,22.218],[114.21079999999986,22.2164]]]}},{"type":"Feature","properties":{"id":"lu-southern-04-39","class":"built_up","vegetationFraction":0.2,"pavedFraction":0.5,"waterFraction":0.02,"simulated":true},"geometry":{"type":"Polygon","coordinates":[[[114.21239999999986,22.2164],[114.21399999999986,22.2164],[114.21399999999986,22.218],[114.21239999999986,22.218],[114.21239999999986,22.2164]]]}},{"type":"Feature","properties":{"id":"lu-southern-04-40","class":"built_up","vegetationFraction":0.147,"pavedFraction":0.774,"waterFraction":0.033,"simulated":true},"geometry":{"type":"Polygon","coordinates":[[[114.21399999999986,22.2164],[114.21559999999985,22.2164],[114.21559999999985,22.218],[114.21399999999986,22.218],[114.21399999999986,22.2164]]]}},{"type":"Feature","properties":{"id":"lu-southern-04-41","class":"built_up","vegetationFraction":0.13,"pavedFraction":0.669,"waterFraction":0.034,"simulated":true},"geometry":{"type":"Polygon","coordinates":[[[114.21559999999985,22.2164],[114.21719999999985,22.2164],[114.21719999999985,22.218],[114.21559999999985,22.218],[114.21559999999985,22.2164]]]}},{"type":"Feature","properties":{"id":"lu-southern-04-42","class":"built_up","vegetationFraction":0.123,"pavedFraction":0.779,"waterFraction":0.032,"simulated":true},"geometry":{"type":"Polygon","coordinates":[[[114.21719999999985,22.2164],[114.21879999999985,22.2164],[114.21879999999985,22.218],[114.21719999999985,22.218],[114.21719999999985,22.2164]]]}},{"type":"Feature","properties":{"id":"lu-southern-04-43","class":"built_up","vegetationFraction":0.176,"pavedFraction":0.705,"waterFraction":0.009,"simulated":true},"geometry":{"type":"Polygon","coordinates":[[[114.21879999999985,22.2164],[114.22039999999984,22.2164],[114.22039999999984,22.218],[114.21879999999985,22.218],[114.21879999999985,22.2164]]]}},{"type":"Feature","properties":{"id":"lu-southern-04-44","class":"built_up","vegetationFraction":0.116,"pavedFraction":0.533,"waterFraction":0.049,"simulated":true},"geometry":{"type":"Polygon","coordinates":[[[114.22039999999984,22.2164],[114.22199999999984,22.2164],[114.22199999999984,22.218],[114.22039999999984,22.218],[114.22039999999984,22.2164]]]}},{"type":"Feature","properties":{"id":"lu-southern-04-45","class":"built_up","vegetationFraction":0.106,"pavedFraction":0.6,"waterFraction":0.039,"simulated":true},"geometry":{"type":"Polygon","coordinates":[[[114.22199999999984,22.2164],[114.22359999999983,22.2164],[114.22359999999983,22.218],[114.22199999999984,22.218],[114.22199999999984,22.2164]]]}},{"type":"Feature","properties":{"id":"lu-southern-04-46","class":"built_up","vegetationFraction":0.207,"pavedFraction":0.591,"waterFraction":0.052,"simulated":true},"geometry":{"type":"Polygon","coordinates":[[[114.22359999999983,22.2164],[114.22519999999983,22.2164],[114.22519999999983,22.218],[114.22359999999983,22.218],[114.22359999999983,22.2164]]]}},{"type":"Feature","properties":{"id":"lu-southern-04-47","class":"urban_open_space","vegetationFraction":0.26,"pavedFraction":0.638,"waterFraction":0.041,"simulated":true},"geometry":{"type":"Polygon","coordinates":[[[114.22519999999983,22.2164],[114.22679999999983,22.2164],[114.22679999999983,22.218],[114.22519999999983,22.218],[114.22519999999983,22.2164]]]}},{"type":"Feature","properties":{"id":"lu-southern-04-48","class":"urban_open_space","vegetationFraction":0.267,"pavedFraction":0.564,"waterFraction":0.011,"simulated":true},"geometry":{"type":"Polygon","coordinates":[[[114.22679999999983,22.2164],[114.22839999999982,22.2164],[114.22839999999982,22.218],[114.22679999999983,22.218],[114.22679999999983,22.2164]]]}},{"type":"Feature","properties":{"id":"lu-southern-04-49","class":"built_up","vegetationFraction":0.162,"pavedFraction":0.726,"waterFraction":0.028,"simulated":true},"geometry":{"type":"Polygon","coordinates":[[[114.22839999999982,22.2164],[114.22999999999982,22.2164],[114.22999999999982,22.218],[114.22839999999982,22.218],[114.22839999999982,22.2164]]]}},{"type":"Feature","properties":{"id":"lu-southern-04-50","class":"built_up","vegetationFraction":0.191,"pavedFraction":0.515,"waterFraction":0.026,"simulated":true},"geometry":{"type":"Polygon","coordinates":[[[114.22999999999982,22.2164],[114.23159999999982,22.2164],[114.23159999999982,22.218],[114.22999999999982,22.218],[114.22999999999982,22.2164]]]}},{"type":"Feature","properties":{"id":"lu-southern-04-51","class":"built_up","vegetationFraction":0.17,"pavedFraction":0.613,"waterFraction":0.044,"simulated":true},"geometry":{"type":"Polygon","coordinates":[[[114.23159999999982,22.2164],[114.23319999999981,22.2164],[114.23319999999981,22.218],[114.23159999999982,22.218],[114.23159999999982,22.2164]]]}},{"type":"Feature","properties":{"id":"lu-southern-04-52","class":"built_up","vegetationFraction":0.228,"pavedFraction":0.519,"waterFraction":0.056,"simulated":true},"geometry":{"type":"Polygon","coordinates":[[[114.23319999999981,22.2164],[114.23479999999981,22.2164],[114.23479999999981,22.218],[114.23319999999981,22.218],[114.23319999999981,22.2164]]]}},{"type":"Feature","properties":{"id":"lu-southern-04-53","class":"built_up","vegetationFraction":0.131,"pavedFraction":0.512,"waterFraction":0.03,"simulated":true},"geometry":{"type":"Polygon","coordinates":[[[114.23479999999981,22.2164],[114.2363999999998,22.2164],[114.2363999999998,22.218],[114.23479999999981,22.218],[114.23479999999981,22.2164]]]}},{"type":"Feature","properties":{"id":"lu-southern-04-54","class":"urban_open_space","vegetationFraction":0.252,"pavedFraction":0.719,"waterFraction":0.025,"simulated":true},"geometry":{"type":"Polygon","coordinates":[[[114.2363999999998,22.2164],[114.2379999999998,22.2164],[114.2379999999998,22.218],[114.2363999999998,22.218],[114.2363999999998,22.2164]]]}},{"type":"Feature","properties":{"id":"lu-southern-04-55","class":"built_up","vegetationFraction":0.174,"pavedFraction":0.498,"waterFraction":0.048,"simulated":true},"geometry":{"type":"Polygon","coordinates":[[[114.2379999999998,22.2164],[114.2395999999998,22.2164],[114.2395999999998,22.218],[114.2379999999998,22.218],[114.2379999999998,22.2164]]]}},{"type":"Feature","properties":{"id":"lu-southern-04-56","class":"urban_open_space","vegetationFraction":0.263,"pavedFraction":0.761,"waterFraction":0.011,"simulated":true},"geometry":{"type":"Polygon","coordinates":[[[114.2395999999998,22.2164],[114.2411999999998,22.2164],[114.2411999999998,22.218],[114.2395999999998,22.218],[114.2395999999998,22.2164]]]}},{"type":"Feature","properties":{"id":"lu-southern-04-57","class":"built_up","vegetationFraction":0.152,"pavedFraction":0.553,"waterFraction":0.009,"simulated":true},"geometry":{"type":"Polygon","coordinates":[[[114.2411999999998,22.2164],[114.24279999999979,22.2164],[114.24279999999979,22.218],[114.2411999999998,22.218],[114.2411999999998,22.2164]]]}},{"type":"Feature","properties":{"id":"lu-southern-04-58","class":"built_up","vegetationFraction":0.185,"pavedFraction":0.761,"waterFraction":0.036,"simulated":true},"geometry":{"type":"Polygon","coordinates":[[[114.24279999999979,22.2164],[114.24439999999979,22.2164],[114.24439999999979,22.218],[114.24279999999979,22.218],[114.24279999999979,22.2164]]]}},{"type":"Feature","properties":{"id":"lu-southern-04-59","class":"built_up","vegetationFraction":0.141,"pavedFraction":0.586,"waterFraction":0.02,"simulated":true},"geometry":{"type":"Polygon","coordinates":[[[114.24439999999979,22.2164],[114.24599999999978,22.2164],[114.24599999999978,22.218],[114.24439999999979,22.218],[114.24439999999979,22.2164]]]}},{"type":"Feature","properties":{"id":"lu-southern-04-60","class":"built_up","vegetationFraction":0.127,"pavedFraction":0.521,"waterFraction":0.04,"simulated":true},"geometry":{"type":"Polygon","coordinates":[[[114.24599999999978,22.2164],[114.24759999999978,22.2164],[114.24759999999978,22.218],[114.24599999999978,22.218],[114.24599999999978,22.2164]]]}},{"type":"Feature","properties":{"id":"lu-southern-04-61","class":"built_up","vegetationFraction":0.204,"pavedFraction":0.642,"waterFraction":0.041,"simulated":true},"geometry":{"type":"Polygon","coordinates":[[[114.24759999999978,22.2164],[114.24919999999977,22.2164],[114.24919999999977,22.218],[114.24759999999978,22.218],[114.24759999999978,22.2164]]]}},{"type":"Feature","properties":{"id":"lu-southern-04-62","class":"built_up","vegetationFraction":0.207,"pavedFraction":0.616,"waterFraction":0.053,"simulated":true},"geometry":{"type":"Polygon","coordinates":[[[114.24919999999977,22.2164],[114.25079999999977,22.2164],[114.25079999999977,22.218],[114.24919999999977,22.218],[114.24919999999977,22.2164]]]}},{"type":"Feature","properties":{"id":"lu-southern-04-63","class":"urban_open_space","vegetationFraction":0.25,"pavedFraction":0.765,"waterFraction":0.056,"simulated":true},"geometry":{"type":"Polygon","coordinates":[[[114.25079999999977,22.2164],[114.25239999999977,22.2164],[114.25239999999977,22.218],[114.25079999999977,22.218],[114.25079999999977,22.2164]]]}},{"type":"Feature","properties":{"id":"lu-southern-04-64","class":"built_up","vegetationFraction":0.226,"pavedFraction":0.751,"waterFraction":0.053,"simulated":true},"geometry":{"type":"Polygon","coordinates":[[[114.25239999999977,22.2164],[114.25399999999976,22.2164],[114.25399999999976,22.218],[114.25239999999977,22.218],[114.25239999999977,22.2164]]]}},{"type":"Feature","properties":{"id":"lu-southern-04-65","class":"built_up","vegetationFraction":0.21,"pavedFraction":0.766,"waterFraction":0.02,"simulated":true},"geometry":{"type":"Polygon","coordinates":[[[114.25399999999976,22.2164],[114.25559999999976,22.2164],[114.25559999999976,22.218],[114.25399999999976,22.218],[114.25399999999976,22.2164]]]}},{"type":"Feature","properties":{"id":"lu-southern-04-66","class":"built_up","vegetationFraction":0.152,"pavedFraction":0.684,"waterFraction":0.049,"simulated":true},"geometry":{"type":"Polygon","coordinates":[[[114.25559999999976,22.2164],[114.25719999999976,22.2164],[114.25719999999976,22.218],[114.25559999999976,22.218],[114.25559999999976,22.2164]]]}},{"type":"Feature","properties":{"id":"lu-southern-04-67","class":"built_up","vegetationFraction":0.19,"pavedFraction":0.487,"waterFraction":0.023,"simulated":true},"geometry":{"type":"Polygon","coordinates":[[[114.25719999999976,22.2164],[114.25879999999975,22.2164],[114.25879999999975,22.218],[114.25719999999976,22.218],[114.25719999999976,22.2164]]]}},{"type":"Feature","properties":{"id":"lu-southern-04-68","class":"built_up","vegetationFraction":0.204,"pavedFraction":0.718,"waterFraction":0.021,"simulated":true},"geometry":{"type":"Polygon","coordinates":[[[114.25879999999975,22.2164],[114.26039999999975,22.2164],[114.26039999999975,22.218],[114.25879999999975,22.218],[114.25879999999975,22.2164]]]}},{"type":"Feature","properties":{"id":"lu-southern-04-69","class":"built_up","vegetationFraction":0.172,"pavedFraction":0.551,"waterFraction":0.007,"simulated":true},"geometry":{"type":"Polygon","coordinates":[[[114.26039999999975,22.2164],[114.26199999999974,22.2164],[114.26199999999974,22.218],[114.26039999999975,22.218],[114.26039999999975,22.2164]]]}},{"type":"Feature","properties":{"id":"lu-southern-04-70","class":"built_up","vegetationFraction":0.17,"pavedFraction":0.568,"waterFraction":0.014,"simulated":true},"geometry":{"type":"Polygon","coordinates":[[[114.26199999999974,22.2164],[114.26359999999974,22.2164],[114.26359999999974,22.218],[114.26199999999974,22.218],[114.26199999999974,22.2164]]]}},{"type":"Feature","properties":{"id":"lu-southern-04-71","class":"built_up","vegetationFraction":0.18,"pavedFraction":0.762,"waterFraction":0.053,"simulated":true},"geometry":{"type":"Polygon","coordinates":[[[114.26359999999974,22.2164],[114.26519999999974,22.2164],[114.26519999999974,22.218],[114.26359999999974,22.218],[114.26359999999974,22.2164]]]}},{"type":"Feature","properties":{"id":"lu-southern-05-00","class":"built_up","vegetationFraction":0.173,"pavedFraction":0.542,"waterFraction":0.031,"simulated":true},"geometry":{"type":"Polygon","coordinates":[[[114.15,22.218],[114.1516,22.218],[114.1516,22.2196],[114.15,22.2196],[114.15,22.218]]]}},{"type":"Feature","properties":{"id":"lu-southern-05-01","class":"built_up","vegetationFraction":0.23,"pavedFraction":0.651,"waterFraction":0.048,"simulated":true},"geometry":{"type":"Polygon","coordinates":[[[114.1516,22.218],[114.1532,22.218],[114.1532,22.2196],[114.1516,22.2196],[114.1516,22.218]]]}},{"type":"Feature","properties":{"id":"lu-southern-05-02","class":"built_up","vegetationFraction":0.236,"pavedFraction":0.565,"waterFraction":0.038,"simulated":true},"geometry":{"type":"Polygon","coordinates":[[[114.1532,22.218],[114.1548,22.218],[114.1548,22.2196],[114.1532,22.2196],[114.1532,22.218]]]}},{"type":"Feature","properties":{"id":"lu-southern-05-03","class":"built_up","vegetationFraction":0.151,"pavedFraction":0.725,"waterFraction":0.002,"simulated":true},"geometry":{"type":"Polygon","coordinates":[[[114.1548,22.218],[114.15639999999999,22.218],[114.15639999999999,22.2196],[114.1548,22.2196],[114.1548,22.218]]]}},{"type":"Feature","properties":{"id":"lu-southern-05-04","class":"urban_open_space","vegetationFraction":0.27,"pavedFraction":0.544,"waterFraction":0.035,"simulated":true},"geometry":{"type":"Polygon","coordinates":[[[114.15639999999999,22.218],[114.15799999999999,22.218],[114.15799999999999,22.2196],[114.15639999999999,22.2196],[114.15639999999999,22.218]]]}},{"type":"Feature","properties":{"id":"lu-southern-05-05","class":"built_up","vegetationFraction":0.177,"pavedFraction":0.627,"waterFraction":0.043,"simulated":true},"geometry":{"type":"Polygon","coordinates":[[[114.15799999999999,22.218],[114.15959999999998,22.218],[114.15959999999998,22.2196],[114.15799999999999,22.2196],[114.15799999999999,22.218]]]}},{"type":"Feature","properties":{"id":"lu-southern-05-06","class":"built_up","vegetationFraction":0.183,"pavedFraction":0.712,"waterFraction":0.043,"simulated":true},"geometry":{"type":"Polygon","coordinates":[[[114.15959999999998,22.218],[114.16119999999998,22.218],[114.16119999999998,22.2196],[114.15959999999998,22.2196],[114.15959999999998,22.218]]]}},{"type":"Feature","properties":{"id":"lu-southern-05-07","class":"built_up","vegetationFraction":0.232,"pavedFraction":0.502,"waterFraction":0.017,"simulated":true},"geometry":{"type":"Polygon","coordinates":[[[114.16119999999998,22.218],[114.16279999999998,22.218],[114.16279999999998,22.2196],[114.16119999999998,22.2196],[114.16119999999998,22.218]]]}},{"type":"Feature","properties":{"id":"lu-southern-05-08","class":"built_up","vegetationFraction":0.117,"pavedFraction":0.772,"waterFraction":0.049,"simulated":true},"geometry":{"type":"Polygon","coordinates":[[[114.16279999999998,22.218],[114.16439999999997,22.218],[114.16439999999997,22.2196],[114.16279999999998,22.2196],[114.16279999999998,22.218]]]}},{"type":"Feature","properties":{"id":"lu-southern-05-09","class":"urban_open_space","vegetationFraction":0.267,"pavedFraction":0.636,"waterFraction":0.018,"simulated":true},"geometry":{"type":"Polygon","coordinates":[[[114.16439999999997,22.218],[114.16599999999997,22.218],[114.16599999999997,22.2196],[114.16439999999997,22.2196],[114.16439999999997,22.218]]]}},{"type":"Feature","properties":{"id":"lu-southern-05-10","class":"built_up","vegetationFraction":0.222,"pavedFraction":0.636,"waterFraction":0.004,"simulated":true},"geometry":{"type":"Polygon","coordinates":[[[114.16599999999997,22.218],[114.16759999999996,22.218],[114.16759999999996,22.2196],[114.16599999999997,22.2196],[114.16599999999997,22.218]]]}},{"type":"Feature","properties":{"id":"lu-southern-05-11","class":"built_up","vegetationFraction":0.152,"pavedFraction":0.685,"waterFraction":0.047,"simulated":true},"geometry":{"type":"Polygon","coordinates":[[[114.16759999999996,22.218],[114.16919999999996,22.218],[114.16919999999996,22.2196],[114.16759999999996,22.2196],[114.16759999999996,22.218]]]}},{"type":"Feature","properties":{"id":"lu-southern-05-12","class":"urban_open_space","vegetationFraction":0.262,"pavedFraction":0.707,"waterFraction":0.004,"simulated":true},"geometry":{"type":"Polygon","coordinates":[[[114.16919999999996,22.218],[114.17079999999996,22.218],[114.17079999999996,22.2196],[114.16919999999996,22.2196],[114.16919999999996,22.218]]]}},{"type":"Feature","properties":{"id":"lu-southern-05-13","class":"built_up","vegetationFraction":0.227,"pavedFraction":0.605,"waterFraction":0.003,"simulated":true},"geometry":{"type":"Polygon","coordinates":[[[114.17079999999996,22.218],[114.17239999999995,22.218],[114.17239999999995,22.2196],[114.17079999999996,22.2196],[114.17079999999996,22.218]]]}},{"type":"Feature","properties":{"id":"lu-southern-05-14","class":"built_up","vegetationFraction":0.186,"pavedFraction":0.613,"waterFraction":0.006,"simulated":true},"geometry":{"type":"Polygon","coordinates":[[[114.17239999999995,22.218],[114.17399999999995,22.218],[114.17399999999995,22.2196],[114.17239999999995,22.2196],[114.17239999999995,22.218]]]}},{"type":"Feature","properties":{"id":"lu-southern-05-15","class":"built_up","vegetationFraction":0.212,"pavedFraction":0.58,"waterFraction":0.035,"simulated":true},"geometry":{"type":"Polygon","coordinates":[[[114.17399999999995,22.218],[114.17559999999995,22.218],[114.17559999999995,22.2196],[114.17399999999995,22.2196],[114.17399999999995,22.218]]]}},{"type":"Feature","properties":{"id":"lu-southern-05-16","class":"built_up","vegetationFraction":0.146,"pavedFraction":0.614,"waterFraction":0.046,"simulated":true},"geometry":{"type":"Polygon","coordinates":[[[114.17559999999995,22.218],[114.17719999999994,22.218],[114.17719999999994,22.2196],[114.17559999999995,22.2196],[114.17559999999995,22.218]]]}},{"type":"Feature","properties":{"id":"lu-southern-05-17","class":"built_up","vegetationFraction":0.195,"pavedFraction":0.724,"waterFraction":0.044,"simulated":true},"geometry":{"type":"Polygon","coordinates":[[[114.17719999999994,22.218],[114.17879999999994,22.218],[114.17879999999994,22.2196],[114.17719999999994,22.2196],[114.17719999999994,22.218]]]}},{"type":"Feature","properties":{"id":"lu-southern-05-18","class":"built_up","vegetationFraction":0.172,"pavedFraction":0.48,"waterFraction":0.022,"simulated":true},"geometry":{"type":"Polygon","coordinates":[[[114.17879999999994,22.218],[114.18039999999993,22.218],[114.18039999999993,22.2196],[114.17879999999994,22.2196],[114.17879999999994,22.218]]]}},{"type":"Feature","properties":{"id":"lu-southern-05-19","class":"urban_open_space","vegetationFraction":0.25,"pavedFraction":0.736,"waterFraction":0.02,"simulated":true},"geometry":{"type":"Polygon","coordinates":[[[114.18039999999993,22.218],[114.18199999999993,22.218],[114.18199999999993,22.2196],[114.18039999999993,22.2196],[114.18039999999993,22.218]]]}},{"type":"Feature","properties":{"id":"lu-southern-05-20","class":"built_up","vegetationFraction":0.166,"pavedFraction":0.481,"waterFraction":0.011,"simulated":true},"geometry":{"type":"Polygon","coordinates":[[[114.18199999999993,22.218],[114.18359999999993,22.218],[114.18359999999993,22.2196],[114.18199999999993,22.2196],[114.18199999999993,22.218]]]}},{"type":"Feature","properties":{"id":"lu-southern-05-21","class":"built_up","vegetationFraction":0.175,"pavedFraction":0.567,"waterFraction":0.058,"simulated":true},"geometry":{"type":"Polygon","coordinates":[[[114.18359999999993,22.218],[114.18519999999992,22.218],[114.18519999999992,22.2196],[114.18359999999993,22.2196],[114.18359999999993,22.218]]]}},{"type":"Feature","properties":{"id":"lu-southern-05-22","class":"built_up","vegetationFraction":0.152,"pavedFraction":0.54,"waterFraction":0.003,"simulated":true},"geometry":{"type":"Polygon","coordinates":[[[114.18519999999992,22.218],[114.18679999999992,22.218],[114.18679999999992,22.2196],[114.18519999999992,22.2196],[114.18519999999992,22.218]]]}},{"type":"Feature","properties":{"id":"lu-southern-05-23","class":"urban_open_space","vegetationFraction":0.269,"pavedFraction":0.736,"waterFraction":0.011,"simulated":true},"geometry":{"type":"Polygon","coordinates":[[[114.18679999999992,22.218],[114.18839999999992,22.218],[114.18839999999992,22.2196],[114.18679999999992,22.2196],[114.18679999999992,22.218]]]}},{"type":"Feature","properties":{"id":"lu-southern-05-24","class":"built_up","vegetationFraction":0.156,"pavedFraction":0.587,"waterFraction":0.017,"simulated":true},"geometry":{"type":"Polygon","coordinates":[[[114.18839999999992,22.218],[114.18999999999991,22.218],[114.18999999999991,22.2196],[114.18839999999992,22.2196],[114.18839999999992,22.218]]]}},{"type":"Feature","properties":{"id":"lu-southern-05-25","class":"built_up","vegetationFraction":0.101,"pavedFraction":0.522,"waterFraction":0.058,"simulated":true},"geometry":{"type":"Polygon","coordinates":[[[114.18999999999991,22.218],[114.19159999999991,22.218],[114.19159999999991,22.2196],[114.18999999999991,22.2196],[114.18999999999991,22.218]]]}},{"type":"Feature","properties":{"id":"lu-southern-05-26","class":"built_up","vegetationFraction":0.199,"pavedFraction":0.559,"waterFraction":0.022,"simulated":true},"geometry":{"type":"Polygon","coordinates":[[[114.19159999999991,22.218],[114.1931999999999,22.218],[114.1931999999999,22.2196],[114.19159999999991,22.2196],[114.19159999999991,22.218]]]}},{"type":"Feature","properties":{"id":"lu-southern-05-27","class":"urban_open_space","vegetationFraction":0.279,"pavedFraction":0.5,"waterFraction":0.015,"simulated":true},"geometry":{"type":"Polygon","coordinates":[[[114.1931999999999,22.218],[114.1947999999999,22.218],[114.1947999999999,22.2196],[114.1931999999999,22.2196],[114.1931999999999,22.218]]]}},{"type":"Feature","properties":{"id":"lu-southern-05-28","class":"built_up","vegetationFraction":0.247,"pavedFraction":0.555,"waterFraction":0.016,"simulated":true},"geometry":{"type":"Polygon","coordinates":[[[114.1947999999999,22.218],[114.1963999999999,22.218],[114.1963999999999,22.2196],[114.1947999999999,22.2196],[114.1947999999999,22.218]]]}},{"type":"Feature","properties":{"id":"lu-southern-05-29","class":"built_up","vegetationFraction":0.137,"pavedFraction":0.622,"waterFraction":0.022,"simulated":true},"geometry":{"type":"Polygon","coordinates":[[[114.1963999999999,22.218],[114.1979999999999,22.218],[114.1979999999999,22.2196],[114.1963999999999,22.2196],[114.1963999999999,22.218]]]}},{"type":"Feature","properties":{"id":"lu-southern-05-30","class":"built_up","vegetationFraction":0.197,"pavedFraction":0.564,"waterFraction":0.0,"simulated":true},"geometry":{"type":"Polygon","coordinates":[[[114.1979999999999,22.218],[114.19959999999989,22.218],[114.19959999999989,22.2196],[114.1979999999999,22.2196],[114.1979999999999,22.218]]]}},{"type":"Feature","properties":{"id":"lu-southern-05-31","class":"built_up","vegetationFraction":0.141,"pavedFraction":0.516,"waterFraction":0.014,"simulated":true},"geometry":{"type":"Polygon","coordinates":[[[114.19959999999989,22.218],[114.20119999999989,22.218],[114.20119999999989,22.2196],[114.19959999999989,22.2196],[114.19959999999989,22.218]]]}},{"type":"Feature","properties":{"id":"lu-southern-05-32","class":"built_up","vegetationFraction":0.239,"pavedFraction":0.574,"waterFraction":0.058,"simulated":true},"geometry":{"type":"Polygon","coordinates":[[[114.20119999999989,22.218],[114.20279999999988,22.218],[114.20279999999988,22.2196],[114.20119999999989,22.2196],[114.20119999999989,22.218]]]}},{"type":"Feature","properties":{"id":"lu-southern-05-33","class":"built_up","vegetationFraction":0.166,"pavedFraction":0.592,"waterFraction":0.047,"simulated":true},"geometry":{"type":"Polygon","coordinates":[[[114.20279999999988,22.218],[114.20439999999988,22.218],[114.20439999999988,22.2196],[114.20279999999988,22.2196],[114.20279999999988,22.218]]]}},{"type":"Feature","properties":{"id":"lu-southern-05-34","class":"built_up","vegetationFraction":0.144,"pavedFraction":0.532,"waterFraction":0.015,"simulated":true},"geometry":{"type":"Polygon","coordinates":[[[114.20439999999988,22.218],[114.20599999999988,22.218],[114.20599999999988,22.2196],[114.20439999999988,22.2196],[114.20439999999988,22.218]]]}},{"type":"Feature","properties":{"id":"lu-southern-05-35","class":"built_up","vegetationFraction":0.171,"pavedFraction":0.546,"waterFraction":0.034,"simulated":true},"geometry":{"type":"Polygon","coordinates":[[[114.20599999999988,22.218],[114.20759999999987,22.218],[114.20759999999987,22.2196],[114.20599999999988,22.2196],[114.20599999999988,22.218]]]}},{"type":"Feature","properties":{"id":"lu-southern-05-36","class":"built_up","vegetationFraction":0.166,"pavedFraction":0.691,"waterFraction":0.059,"simulated":true},"geometry":{"type":"Polygon","coordinates":[[[114.20759999999987,22.218],[114.20919999999987,22.218],[114.20919999999987,22.2196],[114.20759999999987,22.2196],[114.20759999999987,22.218]]]}},{"type":"Feature","properties":{"id":"lu-southern-05-37","class":"built_up","vegetationFraction":0.165,"pavedFraction":0.693,"waterFraction":0.06,"simulated":true},"geometry":{"type":"Polygon","coordinates":[[[114.20919999999987,22.218],[114.21079999999986,22.218],[114.21079999999986,22.2196],[114.20919999999987,22.2196],[114.20919999999987,22.218]]]}},{"type":"Feature","properties":{"id":"lu-southern-05-38","class":"built_up","vegetationFraction":0.164,"pavedFraction":0.556,"waterFraction":0.046,"simulated":true},"geometry":{"type":"Polygon","coordinates":[[[114.21079999999986,22.218],[114.21239999999986,22.218],[114.21239999999986,22.2196],[114.21079999999986,22.2196],[114.21079999999986,22.218]]]}},{"type":"Feature","properties":{"id":"lu-southern-05-39","class":"built_up","vegetationFraction":0.171,"pavedFraction":0.78,"waterFraction":0.049,"simulated":true},"geometry":{"type":"Polygon","coordinates":[[[114.21239999999986,22.218],[114.21399999999986,22.218],[114.21399999999986,22.2196],[114.21239999999986,22.2196],[114.21239999999986,22.218]]]}},{"type":"Feature","properties":{"id":"lu-southern-05-40","class":"urban_open_space","vegetationFraction":0.264,"pavedFraction":0.653,"waterFraction":0.055,"simulated":true},"geometry":{"type":"Polygon","coordinates":[[[114.21399999999986,22.218],[114.21559999999985,22.218],[114.21559999999985,22.2196],[114.21399999999986,22.2196],[114.21399999999986,22.218]]]}},{"type":"Feature","properties":{"id":"lu-southern-05-41","class":"built_up","vegetationFraction":0.25,"pavedFraction":0.586,"waterFraction":0.019,"simulated":true},"geometry":{"type":"Polygon","coordinates":[[[114.21559999999985,22.218],[114.21719999999985,22.218],[114.21719999999985,22.2196],[114.21559999999985,22.2196],[114.21559999999985,22.218]]]}},{"type":"Feature","properties":{"id":"lu-southern-05-42","class":"built_up","vegetationFraction":0.166,"pavedFraction":0.532,"waterFraction":0.005,"simulated":true},"geometry":{"type":"Polygon","coordinates":[[[114.21719999999985,22.218],[114.21879999999985,22.218],[114.21879999999985,22.2196],[114.21719999999985,22.2196],[114.21719999999985,22.218]]]}},{"type":"Feature","properties":{"id":"lu-southern-05-43","class":"built_up","vegetationFraction":0.244,"pavedFraction":0.538,"waterFraction":0.011,"simulated":true},"geometry":{"type":"Polygon","coordinates":[[[114.21879999999985,22.218],[114.22039999999984,22.218],[114.22039999999984,22.2196],[114.21879999999985,22.2196],[114.21879999999985,22.218]]]}},{"type":"Feature","properties":{"id":"lu-southern-05-44","class":"built_up","vegetationFraction":0.17,"pavedFraction":0.487,"waterFraction":0.06,"simulated":true},"geometry":{"type":"Polygon","coordinates":[[[114.22039999999984,22.218],[114.22199999999984,22.218],[114.22199999999984,22.2196],[114.22039999999984,22.2196],[114.22039999999984,22.218]]]}},{"type":"Feature","properties":{"id":"lu-southern-05-45","class":"urban_open_space","vegetationFraction":0.252,"pavedFraction":0.647,"waterFraction":0.016,"simulated":true},"geometry":{"type":"Polygon","coordinates":[[[114.22199999999984,22.218],[114.22359999999983,22.218],[114.22359999999983,22.2196],[114.22199999999984,22.2196],[114.22199999999984,22.218]]]}},{"type":"Feature","properties":{"id":"lu-southern-05-46","class":"built_up","vegetationFraction":0.115,"pavedFraction":0.744,"waterFraction":0.026,"simulated":true},"geometry":{"type":"Polygon","coordinates":[[[114.22359999999983,22.218],[114.22519999999983,22.218],[114.22519999999983,22.2196],[114.22359999999983,22.2196],[114.22359999999983,22.218]]]}},{"type":"Feature","properties":{"id":"lu-southern-05-47","class":"urban_open_space","vegetationFraction":0.275,"pavedFraction":0.505,"waterFraction":0.053,"simulated":true},"geometry":{"type":"Polygon","coordinates":[[[114.22519999999983,22.218],[114.22679999999983,22.218],[114.22679999999983,22.2196],[114.22519999999983,22.2196],[114.22519999999983,22.218]]]}},{"type":"Feature","properties":{"id":"lu-southern-05-48","class":"urban_open_space","vegetationFraction":0.254,"pavedFraction":0.548,"waterFraction":0.008,"simulated":true},"geometry":{"type":"Polygon","coordinates":[[[114.22679999999983,22.218],[114.22839999999982,22.218],[114.22839999999982,22.2196],[114.22679999999983,22.2196],[114.22679999999983,22.218]]]}},{"type":"Feature","properties":{"id":"lu-southern-05-49","class":"built_up","vegetationFraction":0.139,"pavedFraction":0.532,"waterFraction":0.036,"simulated":true},"geometry":{"type":"Polygon","coordinates":[[[114.22839999999982,22.218],[114.22999999999982,22.218],[114.22999999999982,22.2196],[114.22839999999982,22.2196],[114.22839999999982,22.218]]]}},{"type":"Feature","properties":{"id":"lu-southern-05-50","class":"urban_open_space","vegetationFraction":0.269,"pavedFraction":0.753,"waterFraction":0.056,"simulated":true},"geometry":{"type":"Polygon","coordinates":[[[114.22999999999982,22.218],[114.23159999999982,22.218],[114.23159999999982,22.2196],[114.22999999999982,22.2196],[114.22999999999982,22.218]]]}},{"type":"Feature","properties":{"id":"lu-southern-05-51","class":"built_up","vegetationFraction":0.206,"pavedFraction":0.54,"waterFraction":0.022,"simulated":true},"geometry":{"type":"Polygon","coordinates":[[[114.23159999999982,22.218],[114.23319999999981,22.218],[114.23319999999981,22.2196],[114.23159999999982,22.2196],[114.23159999999982,22.218]]]}},{"type":"Feature","properties":{"id":"lu-southern-05-52","class":"built_up","vegetationFraction":0.227,"pavedFraction":0.522,"waterFraction":0.038,"simulated":true},"geometry":{"type":"Polygon","coordinates":[[[114.23319999999981,22.218],[114.23479999999981,22.218],[114.23479999999981,22.2196],[114.23319999999981,22.2196],[114.23319999999981,22.218]]]}},{"type":"Feature","properties":{"id":"lu-southern-05-53","class":"built_up","vegetationFraction":0.168,"pavedFraction":0.669,"waterFraction":0.032,"simulated":true},"geometry":{"type":"Polygon","coordinates":[[[114.23479999999981,22.218],[114.2363999999998,22.218],[114.2363999999998,22.2196],[114.23479999999981,22.2196],[114.23479999999981,22.218]]]}},{"type":"Feature","properties":{"id":"lu-southern-05-54","class":"built_up","vegetationFraction":0.238,"pavedFraction":0.589,"waterFraction":0.027,"simulated":true},"geometry":{"type":"Polygon","coordinates":[[[114.2363999999998,22.218],[114.2379999999998,22.218],[114.2379999999998,22.2196],[114.2363999999998,22.2196],[114.2363999999998,22.218]]]}},{"type":"Feature","properties":{"id":"lu-southern-05-55","class":"built_up","vegetationFraction":0.208,"pavedFraction":0.498,"waterFraction":0.044,"simulated":true},"geometry":{"type":"Polygon","coordinates":[[[114.2379999999998,22.218],[114.2395999999998,22.218],[114.2395999999998,22.2196],[114.2379999999998,22.2196],[114.2379999999998,22.218]]]}},{"type":"Feature","properties":{"id":"lu-southern-05-56","class":"urban_open_space","vegetationFraction":0.256,"pavedFraction":0.5,"waterFraction":0.041,"simulated":true},"geometry":{"type":"Polygon","coordinates":[[[114.2395999999998,22.218],[114.2411999999998,22.218],[114.2411999999998,22.2196],[114.2395999999998,22.2196],[114.2395999999998,22.218]]]}},{"type":"Feature","properties":{"id":"lu-southern-05-57","class":"built_up","vegetationFraction":0.12,"pavedFraction":0.687,"waterFraction":0.016,"simulated":true},"geometry":{"type":"Polygon","coordinates":[[[114.2411999999998,22.218],[114.24279999999979,22.218],[114.24279999999979,22.2196],[114.2411999999998,22.2196],[114.2411999999998,22.218]]]}},{"type":"Feature","properties":{"id":"lu-southern-05-58","class":"built_up","vegetationFraction":0.114,"pavedFraction":0.645,"waterFraction":0.049,"simulated":true},"geometry":{"type":"Polygon","coordinates":[[[114.24279999999979,22.218],[114.24439999999979,22.218],[114.24439999999979,22.2196],[114.24279999999979,22.2196],[114.24279999999979,22.218]]]}},{"type":"Feature","properties":{"id":"lu-southern-05-59","class":"built_up","vegetationFraction":0.171,"pavedFraction":0.613,"waterFraction":0.06,"simulated":true},"geometry":{"type":"Polygon","coordinates":[[[114.24439999999979,22.218],[114.24599999999978,22.218],[114.24599999999978,22.2196],[114.24439999999979,22.2196],[114.24439999999979,22.218]]]}},{"type":"Feature","properties":{"id":"lu-southern-05-60","class":"built_up","vegetationFraction":0.154,"pavedFraction":0.604,"waterFraction":0.046,"simulated":true},"geometry":{"type":"Polygon","coordinates":[[[114.24599999999978,22.218],[114.24759999999978,22.218],[114.24759999999978,22.2196],[114.24599999999978,22.2196],[114.24599999999978,22.218]]]}},{"type":"Feature","properties":{"id":"lu-southern-05-61","class":"built_up","vegetationFraction":0.125,"pavedFraction":0.656,"waterFraction":0.058,"simulated":true},"geometry":{"type":"Polygon","coordinates":[[[114.24759999999978,22.218],[114.24919999999977,22.218],[114.24919999999977,22.2196],[114.24759999999978,22.2196],[114.24759999999978,22.218]]]}},{"type":"Feature","properties":{"id":"lu-southern-05-62","class":"built_up","vegetationFraction":0.204,"pavedFraction":0.599,"waterFraction":0.013,"simulated":true},"geometry":{"type":"Polygon","coordinates":[[[114.24919999999977,22.218],[114.25079999999977,22.218],[114.25079999999977,22.2196],[114.24919999999977,22.2196],[114.24919999999977,22.218]]]}},{"type":"Feature","properties":{"id":"lu-southern-05-63","class":"built_up","vegetationFraction":0.2,"pavedFraction":0.716,"waterFraction":0.019,"simulated":true},"geometry":{"type":"Polygon","coordinates":[[[114.25079999999977,22.218],[114.25239999999977,22.218],[114.25239999999977,22.2196],[114.25079999999977,22.2196],[114.25079999999977,22.218]]]}},{"type":"Feature","properties":{"id":"lu-southern-05-64","class":"built_up","vegetationFraction":0.188,"pavedFraction":0.522,"waterFraction":0.012,"simulated":true},"geometry":{"type":"Polygon","coordinates":[[[114.25239999999977,22.218],[114.25399999999976,22.218],[114.25399999999976,22.2196],[114.25239999999977,22.2196],[114.25239999999977,22.218]]]}},{"type":"Feature","properties":{"id":"lu-southern-05-65","class":"built_up","vegetationFraction":0.111,"pavedFraction":0.586,"waterFraction":0.027,"simulated":true},"geometry":{"type":"Polygon","coordinates":[[[114.25399999999976,22.218],[114.25559999999976,22.218],[114.25559999999976,22.2196],[114.25399999999976,22.2196],[114.25399999999976,22.218]]]}},{"type":"Feature","properties":{"id":"lu-southern-05-66","class":"urban_open_space","vegetationFraction":0.274,"pavedFraction":0.673,"waterFraction":0.012,"simulated":true},"geometry":{"type":"Polygon","coordinates":[[[114.25559999999976,22.218],[114.25719999999976,22.218],[114.25719999999976,22.2196],[114.25559999999976,22.2196],[114.25559999999976,22.218]]]}},{"type":"Feature","properties":{"id":"lu-southern-05-67","class":"built_up","vegetationFraction":0.118,"pavedFraction":0.553,"waterFraction":0.055,"simulated":true},"geometry":{"type":"Polygon","coordinates":[[[114.25719999999976,22.218],[114.25879999999975,22.218],[114.25879999999975,22.2196],[114.25719999999976,22.2196],[114.25719999999976,22.218]]]}},{"type":"Feature","properties":{"id":"lu-southern-05-68","class":"built_up","vegetationFraction":0.231,"pavedFraction":0.628,"waterFraction":0.034,"simulated":true},"geometry":{"type":"Polygon","coordinates":[[[114.25879999999975,22.218],[114.26039999999975,22.218],[114.26039999999975,22.2196],[114.25879999999975,22.2196],[114.25879999999975,22.218]]]}},{"type":"Feature","properties":{"id":"lu-southern-05-69","class":"built_up","vegetationFraction":0.135,"pavedFraction":0.492,"waterFraction":0.01,"simulated":true},"geometry":{"type":"Polygon","coordinates":[[[114.26039999999975,22.218],[114.26199999999974,22.218],[114.26199999999974,22.2196],[114.26039999999975,22.2196],[114.26039999999975,22.218]]]}},{"type":"Feature","properties":{"id":"lu-southern-05-70","class":"built_up","vegetationFraction":0.136,"pavedFraction":0.491,"waterFraction":0.052,"simulated":true},"geometry":{"type":"Polygon","coordinates":[[[114.26199999999974,22.218],[114.26359999999974,22.218],[114.26359999999974,22.2196],[114.26199999999974,22.2196],[114.26199999999974,22.218]]]}},{"type":"Feature","properties":{"id":"lu-southern-05-71","class":"built_up","vegetationFraction":0.192,"pavedFraction":0.669,"waterFraction":0.054,"simulated":true},"geometry":{"type":"Polygon","coordinates":[[[114.26359999999974,22.218],[114.26519999999974,22.218],[114.26519999999974,22.2196],[114.26359999999974,22.2196],[114.26359999999974,22.218]]]}},{"type":"Feature","properties":{"id":"lu-southern-06-00","class":"built_up","vegetationFraction":0.217,"pavedFraction":0.668,"waterFraction":0.042,"simulated":true},"geometry":{"type":"Polygon","coordinates":[[[114.15,22.2196],[114.1516,22.2196],[114.1516,22.2212],[114.15,22.2212],[114.15,22.2196]]]}},{"type":"Feature","properties":{"id":"lu-southern-06-01","class":"built_up","vegetationFraction":0.156,"pavedFraction":0.524,"waterFraction":0.04,"simulated":true},"geometry":{"type":"Polygon","coordinates":[[[114.1516,22.2196],[114.1532,22.2196],[114.1532,22.2212],[114.1516,22.2212],[114.1516,22.2196]]]}},{"type":"Feature","properties":{"id":"lu-southern-06-02","class":"built_up","vegetationFraction":0.236,"pavedFraction":0.726,"waterFraction":0.017,"simulated":true},"geometry":{"type":"Polygon","coordinates":[[[114.1532,22.2196],[114.1548,22.2196],[114.1548,22.2212],[114.1532,22.2212],[114.1532,22.2196]]]}},{"type":"Feature","properties":{"id":"lu-southern-06-03","class":"built_up","vegetationFraction":0.154,"pavedFraction":0.554,"waterFraction":0.008,"simulated":true},"geometry":{"type":"Polygon","coordinates":[[[114.1548,22.2196],[114.15639999999999,22.2196],[114.15639999999999,22.2212],[114.1548,22.2212],[114.1548,22.2196]]]}},{"type":"Feature","properties":{"id":"lu-southern-06-04","class":"built_up","vegetationFraction":0.135,"pavedFraction":0.714,"waterFraction":0.017,"simulated":true},"geometry":{"type":"Polygon","coordinates":[[[114.15639999999999,22.2196],[114.15799999999999,22.2196],[114.15799999999999,22.2212],[114.15639999999999,22.2212],[114.15639999999999,22.2196]]]}},{"type":"Feature","properties":{"id":"lu-southern-06-05","class":"built_up","vegetationFraction":0.184,"pavedFraction":0.704,"waterFraction":0.036,"simulated":true},"geometry":{"type":"Polygon","coordinates":[[[114.15799999999999,22.2196],[114.15959999999998,22.2196],[114.15959999999998,22.2212],[114.15799999999999,22.2212],[114.15799999999999,22.2196]]]}},{"type":"Feature","properties":{"id":"lu-southern-06-06","class":"built_up","vegetationFraction":0.196,"pavedFraction":0.719,"waterFraction":0.008,"simulated":true},"geometry":{"type":"Polygon","coordinates":[[[114.15959999999998,22.2196],[114.16119999999998,22.2196],[114.16119999999998,22.2212],[114.15959999999998,22.2212],[114.15959999999998,22.2196]]]}},{"type":"Feature","properties":{"id":"lu-southern-06-07","class":"built_up","vegetationFraction":0.188,"pavedFraction":0.672,"waterFraction":0.04,"simulated":true},"geometry":{"type":"Polygon","coordinates":[[[114.16119999999998,22.2196],[114.16279999999998,22.2196],[114.16279999999998,22.2212],[114.16119999999998,22.2212],[114.16119999999998,22.2196]]]}},{"type":"Feature","properties":{"id":"lu-southern-06-08","class":"urban_open_space","vegetationFraction":0.272,"pavedFraction":0.508,"waterFraction":0.044,"simulated":true},"geometry":{"type":"Polygon","coordinates":[[[114.16279999999998,22.2196],[114.16439999999997,22.2196],[114.16439999999997,22.2212],[114.16279999999998,22.2212],[114.16279999999998,22.2196]]]}},{"type":"Feature","properties":{"id":"lu-southern-06-09","class":"built_up","vegetationFraction":0.161,"pavedFraction":0.625,"waterFraction":0.03,"simulated":true},"geometry":{"type":"Polygon","coordinates":[[[114.16439999999997,22.2196],[114.16599999999997,22.2196],[114.16599999999997,22.2212],[114.16439999999997,22.2212],[114.16439999999997,22.2196]]]}},{"type":"Feature","properties":{"id":"lu-southern-06-10","class":"built_up","vegetationFraction":0.227,"pavedFraction":0.702,"waterFraction":0.007,"simulated":true},"geometry":{"type":"Polygon","coordinates":[[[114.16599999999997,22.2196],[114.16759999999996,22.2196],[114.16759999999996,22.2212],[114.16599999999997,22.2212],[114.16599999999997,22.2196]]]}},{"type":"Feature","properties":{"id":"lu-southern-06-11","class":"built_up","vegetationFraction":0.136,"pavedFraction":0.642,"waterFraction":0.049,"simulated":true},"geometry":{"type":"Polygon","coordinates":[[[114.16759999999996,22.2196],[114.16919999999996,22.2196],[114.16919999999996,22.2212],[114.16759999999996,22.2212],[114.16759999999996,22.2196]]]}},{"type":"Feature","properties":{"id":"lu-southern-06-12","class":"built_up","vegetationFraction":0.118,"pavedFraction":0.733,"waterFraction":0.022,"simulated":true},"geometry":{"type":"Polygon","coordinates":[[[114.16919999999996,22.2196],[114.17079999999996,22.2196],[114.17079999999996,22.2212],[114.16919999999996,22.2212],[114.16919999999996,22.2196]]]}},{"type":"Feature","properties":{"id":"lu-southern-06-13","class":"built_up","vegetationFraction":0.203,"pavedFraction":0.776,"waterFraction":0.046,"simulated":true},"geometry":{"type":"Polygon","coordinates":[[[114.17079999999996,22.2196],[114.17239999999995,22.2196],[114.17239999999995,22.2212],[114.17079999999996,22.2212],[114.17079999999996,22.2196]]]}},{"type":"Feature","properties":{"id":"lu-southern-06-14","class":"urban_open_space","vegetationFraction":0.274,"pavedFraction":0.72,"waterFraction":0.013,"simulated":true},"geometry":{"type":"Polygon","coordinates":[[[114.17239999999995,22.2196],[114.17399999999995,22.2196],[114.17399999999995,22.2212],[114.17239999999995,22.2212],[114.17239999999995,22.2196]]]}},{"type":"Feature","properties":{"id":"lu-southern-06-15","class":"built_up","vegetationFraction":0.231,"pavedFraction":0.7,"waterFraction":0.032,"simulated":true},"geometry":{"type":"Polygon","coordinates":[[[114.17399999999995,22.2196],[114.17559999999995,22.2196],[114.17559999999995,22.2212],[114.17399999999995,22.2212],[114.17399999999995,22.2196]]]}},{"type":"Feature","properties":{"id":"lu-southern-06-16","class":"urban_open_space","vegetationFraction":0.263,"pavedFraction":0.669,"waterFraction":0.043,"simulated":true},"geometry":{"type":"Polygon","coordinates":[[[114.17559999999995,22.2196],[114.17719999999994,22.2196],[114.17719999999994,22.2212],[114.17559999999995,22.2212],[114.17559999999995,22.2196]]]}},{"type":"Feature","properties":{"id":"lu-southern-06-17","class":"built_up","vegetationFraction":0.168,"pavedFraction":0.619,"waterFraction":0.03,"simulated":true},"geometry":{"type":"Polygon","coordinates":[[[114.17719999999994,22.2196],[114.17879999999994,22.2196],[114.17879999999994,22.2212],[114.17719999999994,22.2212],[114.17719999999994,22.2196]]]}},{"type":"Feature","properties":{"id":"lu-southern-06-18","class":"built_up","vegetationFraction":0.142,"pavedFraction":0.579,"waterFraction":0.023,"simulated":true},"geometry":{"type":"Polygon","coordinates":[[[114.17879999999994,22.2196],[114.18039999999993,22.2196],[114.18039999999993,22.2212],[114.17879999999994,22.2212],[114.17879999999994,22.2196]]]}},{"type":"Feature","properties":{"id":"lu-southern-06-19","class":"built_up","vegetationFraction":0.249,"pavedFraction":0.492,"waterFraction":0.036,"simulated":true},"geometry":{"type":"Polygon","coordinates":[[[114.18039999999993,22.2196],[114.18199999999993,22.2196],[114.18199999999993,22.2212],[114.18039999999993,22.2212],[114.18039999999993,22.2196]]]}},{"type":"Feature","properties":{"id":"lu-southern-06-20","class":"built_up","vegetationFraction":0.116,"pavedFraction":0.768,"waterFraction":0.029,"simulated":true},"geometry":{"type":"Polygon","coordinates":[[[114.18199999999993,22.2196],[114.18359999999993,22.2196],[114.18359999999993,22.2212],[114.18199999999993,22.2212],[114.18199999999993,22.2196]]]}},{"type":"Feature","properties":{"id":"lu-southern-06-21","class":"built_up","vegetationFraction":0.185,"pavedFraction":0.506,"waterFraction":0.027,"simulated":true},"geometry":{"type":"Polygon","coordinates":[[[114.18359999999993,22.2196],[114.18519999999992,22.2196],[114.18519999999992,22.2212],[114.18359999999993,22.2212],[114.18359999999993,22.2196]]]}},{"type":"Feature","properties":{"id":"lu-southern-06-22","class":"built_up","vegetationFraction":0.102,"pavedFraction":0.599,"waterFraction":0.011,"simulated":true},"geometry":{"type":"Polygon","coordinates":[[[114.18519999999992,22.2196],[114.18679999999992,22.2196],[114.18679999999992,22.2212],[114.18519999999992,22.2212],[114.18519999999992,22.2196]]]}},{"type":"Feature","properties":{"id":"lu-southern-06-23","class":"built_up","vegetationFraction":0.113,"pavedFraction":0.655,"waterFraction":0.037,"simulated":true},"geometry":{"type":"Polygon","coordinates":[[[114.18679999999992,22.2196],[114.18839999999992,22.2196],[114.18839999999992,22.2212],[114.18679999999992,22.2212],[114.18679999999992,22.2196]]]}},{"type":"Feature","properties":{"id":"lu-southern-06-24","class":"built_up","vegetationFraction":0.236,"pavedFraction":0.773,"waterFraction":0.06,"simulated":true},"geometry":{"type":"Polygon","coordinates":[[[114.18839999999992,22.2196],[114.18999999999991,22.2196],[114.18999999999991,22.2212],[114.18839999999992,22.2212],[114.18839999999992,22.2196]]]}},{"type":"Feature","properties":{"id":"lu-southern-06-25","class":"urban_open_space","vegetationFraction":0.264,"pavedFraction":0.611,"waterFraction":0.04,"simulated":true},"geometry":{"type":"Polygon","coordinates":[[[114.18999999999991,22.2196],[114.19159999999991,22.2196],[114.19159999999991,22.2212],[114.18999999999991,22.2212],[114.18999999999991,22.2196]]]}},{"type":"Feature","properties":{"id":"lu-southern-06-26","class":"built_up","vegetationFraction":0.186,"pavedFraction":0.524,"waterFraction":0.034,"simulated":true},"geometry":{"type":"Polygon","coordinates":[[[114.19159999999991,22.2196],[114.1931999999999,22.2196],[114.1931999999999,22.2212],[114.19159999999991,22.2212],[114.19159999999991,22.2196]]]}},{"type":"Feature","properties":{"id":"lu-southern-06-27","class":"built_up","vegetationFraction":0.193,"pavedFraction":0.615,"waterFraction":0.019,"simulated":true},"geometry":{"type":"Polygon","coordinates":[[[114.1931999999999,22.2196],[114.1947999999999,22.2196],[114.1947999999999,22.2212],[114.1931999999999,22.2212],[114.1931999999999,22.2196]]]}},{"type":"Feature","properties":{"id":"lu-southern-06-28","class":"built_up","vegetationFraction":0.184,"pavedFraction":0.778,"waterFraction":0.043,"simulated":true},"geometry":{"type":"Polygon","coordinates":[[[114.1947999999999,22.2196],[114.1963999999999,22.2196],[114.1963999999999,22.2212],[114.1947999999999,22.2212],[114.1947999999999,22.2196]]]}},{"type":"Feature","properties":{"id":"lu-southern-06-29","class":"built_up","vegetationFraction":0.141,"pavedFraction":0.482,"waterFraction":0.039,"simulated":true},"geometry":{"type":"Polygon","coordinates":[[[114.1963999999999,22.2196],[114.1979999999999,22.2196],[114.1979999999999,22.2212],[114.1963999999999,22.2212],[114.1963999999999,22.2196]]]}},{"type":"Feature","properties":{"id":"lu-southern-06-30","class":"urban_open_space","vegetationFraction":0.273,"pavedFraction":0.535,"waterFraction":0.019,"simulated":true},"geometry":{"type":"Polygon","coordinates":[[[114.1979999999999,22.2196],[114.19959999999989,22.2196],[114.19959999999989,22.2212],[114.1979999999999,22.2212],[114.1979999999999,22.2196]]]}},{"type":"Feature","properties":{"id":"lu-southern-06-31","class":"built_up","vegetationFraction":0.178,"pavedFraction":0.649,"waterFraction":0.001,"simulated":true},"geometry":{"type":"Polygon","coordinates":[[[114.19959999999989,22.2196],[114.20119999999989,22.2196],[114.20119999999989,22.2212],[114.19959999999989,22.2212],[114.19959999999989,22.2196]]]}},{"type":"Feature","properties":{"id":"lu-southern-06-32","class":"built_up","vegetationFraction":0.169,"pavedFraction":0.487,"waterFraction":0.012,"simulated":true},"geometry":{"type":"Polygon","coordinates":[[[114.20119999999989,22.2196],[114.20279999999988,22.2196],[114.20279999999988,22.2212],[114.20119999999989,22.2212],[114.20119999999989,22.2196]]]}},{"type":"Feature","properties":{"id":"lu-southern-06-33","class":"built_up","vegetationFraction":0.181,"pavedFraction":0.533,"waterFraction":0.046,"simulated":true},"geometry":{"type":"Polygon","coordinates":[[[114.20279999999988,22.2196],[114.20439999999988,22.2196],[114.20439999999988,22.2212],[114.20279999999988,22.2212],[114.20279999999988,22.2196]]]}},{"type":"Feature","properties":{"id":"lu-southern-06-34","class":"built_up","vegetationFraction":0.173,"pavedFraction":0.714,"waterFraction":0.041,"simulated":true},"geometry":{"type":"Polygon","coordinates":[[[114.20439999999988,22.2196],[114.20599999999988,22.2196],[114.20599999999988,22.2212],[114.20439999999988,22.2212],[114.20439999999988,22.2196]]]}},{"type":"Feature","properties":{"id":"lu-southern-06-35","class":"urban_open_space","vegetationFraction":0.276,"pavedFraction":0.644,"waterFraction":0.013,"simulated":true},"geometry":{"type":"Polygon","coordinates":[[[114.20599999999988,22.2196],[114.20759999999987,22.2196],[114.20759999999987,22.2212],[114.20599999999988,22.2212],[114.20599999999988,22.2196]]]}},{"type":"Feature","properties":{"id":"lu-southern-06-36","class":"built_up","vegetationFraction":0.111,"pavedFraction":0.686,"waterFraction":0.015,"simulated":true},"geometry":{"type":"Polygon","coordinates":[[[114.20759999999987,22.2196],[114.20919999999987,22.2196],[114.20919999999987,22.2212],[114.20759999999987,22.2212],[114.20759999999987,22.2196]]]}},{"type":"Feature","properties":{"id":"lu-southern-06-37","class":"built_up","vegetationFraction":0.173,"pavedFraction":0.566,"waterFraction":0.023,"simulated":true},"geometry":{"type":"Polygon","coordinates":[[[114.20919999999987,22.2196],[114.21079999999986,22.2196],[114.21079999999986,22.2212],[114.20919999999987,22.2212],[114.20919999999987,22.2196]]]}},{"type":"Feature","properties":{"id":"lu-southern-06-38","class":"built_up","vegetationFraction":0.101,"pavedFraction":0.774,"waterFraction":0.002,"simulated":true},"geometry":{"type":"Polygon","coordinates":[[[114.21079999999986,22.2196],[114.21239999999986,22.2196],[114.21239999999986,22.2212],[114.21079999999986,22.2212],[114.21079999999986,22.2196]]]}},{"type":"Feature","properties":{"id":"lu-southern-06-39","class":"urban_open_space","vegetationFraction":0.26,"pavedFraction":0.767,"waterFraction":0.053,"simulated":true},"geometry":{"type":"Polygon","coordinates":[[[114.21239999999986,22.2196],[114.21399999999986,22.2196],[114.21399999999986,22.2212],[114.21239999999986,22.2212],[114.21239999999986,22.2196]]]}},{"type":"Feature","properties":{"id":"lu-southern-06-40","class":"built_up","vegetationFraction":0.15,"pavedFraction":0.625,"waterFraction":0.029,"simulated":true},"geometry":{"type":"Polygon","coordinates":[[[114.21399999999986,22.2196],[114.21559999999985,22.2196],[114.21559999999985,22.2212],[114.21399999999986,22.2212],[114.21399999999986,22.2196]]]}},{"type":"Feature","properties":{"id":"lu-southern-06-41","class":"built_up","vegetationFraction":0.176,"pavedFraction":0.525,"waterFraction":0.047,"simulated":true},"geometry":{"type":"Polygon","coordinates":[[[114.21559999999985,22.2196],[114.21719999999985,22.2196],[114.21719999999985,22.2212],[114.21559999999985,22.2212],[114.21559999999985,22.2196]]]}},{"type":"Feature","properties":{"id":"lu-southern-06-42","class":"built_up","vegetationFraction":0.183,"pavedFraction":0.481,"waterFraction":0.008,"simulated":true},"geometry":{"type":"Polygon","coordinates":[[[114.21719999999985,22.2196],[114.21879999999985,22.2196],[114.21879999999985,22.2212],[114.21719999999985,22.2212],[114.21719999999985,22.2196]]]}},{"type":"Feature","properties":{"id":"lu-southern-06-43","class":"urban_open_space","vegetationFraction":0.279,"pavedFraction":0.611,"waterFraction":0.021,"simulated":true},"geometry":{"type":"Polygon","coordinates":[[[114.21879999999985,22.2196],[114.22039999999984,22.2196],[114.22039999999984,22.2212],[114.21879999999985,22.2212],[114.21879999999985,22.2196]]]}},{"type":"Feature","properties":{"id":"lu-southern-06-44","class":"built_up","vegetationFraction":0.167,"pavedFraction":0.655,"waterFraction":0.002,"simulated":true},"geometry":{"type":"Polygon","coordinates":[[[114.22039999999984,22.2196],[114.22199999999984,22.2196],[114.22199999999984,22.2212],[114.22039999999984,22.2212],[114.22039999999984,22.2196]]]}},{"type":"Feature","properties":{"id":"lu-southern-06-45","class":"urban_open_space","vegetationFraction":0.266,"pavedFraction":0.712,"waterFraction":0.032,"simulated":true},"geometry":{"type":"Polygon","coordinates":[[[114.22199999999984,22.2196],[114.22359999999983,22.2196],[114.22359999999983,22.2212],[114.22199999999984,22.2212],[114.22199999999984,22.2196]]]}},{"type":"Feature","properties":{"id":"lu-southern-06-46","class":"urban_open_space","vegetationFraction":0.262,"pavedFraction":0.493,"waterFraction":0.044,"simulated":true},"geometry":{"type":"Polygon","coordinates":[[[114.22359999999983,22.2196],[114.22519999999983,22.2196],[114.22519999999983,22.2212],[114.22359999999983,22.2212],[114.22359999999983,22.2196]]]}},{"type":"Feature","properties":{"id":"lu-southern-06-47","class":"built_up","vegetationFraction":0.204,"pavedFraction":0.579,"waterFraction":0.019,"simulated":true},"geometry":{"type":"Polygon","coordinates":[[[114.22519999999983,22.2196],[114.22679999999983,22.2196],[114.22679999999983,22.2212],[114.22519999999983,22.2212],[114.22519999999983,22.2196]]]}},{"type":"Feature","properties":{"id":"lu-southern-06-48","class":"built_up","vegetationFraction":0.185,"pavedFraction":0.587,"waterFraction":0.009,"simulated":true},"geometry":{"type":"Polygon","coordinates":[[[114.22679999999983,22.2196],[114.22839999999982,22.2196],[114.22839999999982,22.2212],[114.22679999999983,22.2212],[114.22679999999983,22.2196]]]}},{"type":"Feature","properties":{"id":"lu-southern-06-49","class":"built_up","vegetationFraction":0.161,"pavedFraction":0.496,"waterFraction":0.005,"simulated":true},"geometry":{"type":"Polygon","coordinates":[[[114.22839999999982,22.2196],[114.22999999999982,22.2196],[114.22999999999982,22.2212],[114.22839999999982,22.2212],[114.22839999999982,22.2196]]]}},{"type":"Feature","properties":{"id":"lu-southern-06-50","class":"built_up","vegetationFraction":0.188,"pavedFraction":0.68,"waterFraction":0.013,"simulated":true},"geometry":{"type":"Polygon","coordinates":[[[114.22999999999982,22.2196],[114.23159999999982,22.2196],[114.23159999999982,22.2212],[114.22999999999982,22.2212],[114.22999999999982,22.2196]]]}},{"type":"Feature","properties":{"id":"lu-southern-06-51","class":"built_up","vegetationFraction":0.202,"pavedFraction":0.594,"waterFraction":0.009,"simulated":true},"geometry":{"type":"Polygon","coordinates":[[[114.23159999999982,22.2196],[114.23319999999981,22.2196],[114.23319999999981,22.2212],[114.23159999999982,22.2212],[114.23159999999982,22.2196]]]}},{"type":"Feature","properties":{"id":"lu-southern-06-52","class":"built_up","vegetationFraction":0.22,"pavedFraction":0.506,"waterFraction":0.058,"simulated":true},"geometry":{"type":"Polygon","coordinates":[[[114.23319999999981,22.2196],[114.23479999999981,22.2196],[114.23479999999981,22.2212],[114.23319999999981,22.2212],[114.23319999999981,22.2196]]]}},{"type":"Feature","properties":{"id":"lu-southern-06-53","class":"built_up","vegetationFraction":0.164,"pavedFraction":0.592,"waterFraction":0.052,"simulated":true},"geometry":{"type":"Polygon","coordinates":[[[114.23479999999981,22.2196],[114.2363999999998,22.2196],[114.2363999999998,22.2212],[114.23479999999981,22.2212],[114.23479999999981,22.2196]]]}},{"type":"Feature","properties":{"id":"lu-southern-06-54","class":"built_up","vegetationFraction":0.248,"pavedFraction":0.769,"waterFraction":0.038,"simulated":true},"geometry":{"type":"Polygon","coordinates":[[[114.2363999999998,22.2196],[114.2379999999998,22.2196],[114.2379999999998,22.2212],[114.2363999999998,22.2212],[114.2363999999998,22.2196]]]}},{"type":"Feature","properties":{"id":"lu-southern-06-55","class":"built_up","vegetationFraction":0.12,"pavedFraction":0.548,"waterFraction":0.048,"simulated":true},"geometry":{"type":"Polygon","coordinates":[[[114.2379999999998,22.2196],[114.2395999999998,22.2196],[114.2395999999998,22.2212],[114.2379999999998,22.2212],[114.2379999999998,22.2196]]]}},{"type":"Feature","properties":{"id":"lu-southern-06-56","class":"built_up","vegetationFraction":0.149,"pavedFraction":0.687,"waterFraction":0.006,"simulated":true},"geometry":{"type":"Polygon","coordinates":[[[114.2395999999998,22.2196],[114.2411999999998,22.2196],[114.2411999999998,22.2212],[114.2395999999998,22.2212],[114.2395999999998,22.2196]]]}},{"type":"Feature","properties":{"id":"lu-southern-06-57","class":"built_up","vegetationFraction":0.202,"pavedFraction":0.575,"waterFraction":0.009,"simulated":true},"geometry":{"type":"Polygon","coordinates":[[[114.2411999999998,22.2196],[114.24279999999979,22.2196],[114.24279999999979,22.2212],[114.2411999999998,22.2212],[114.2411999999998,22.2196]]]}},{"type":"Feature","properties":{"id":"lu-southern-06-58","class":"built_up","vegetationFraction":0.125,"pavedFraction":0.765,"waterFraction":0.038,"simulated":true},"geometry":{"type":"Polygon","coordinates":[[[114.24279999999979,22.2196],[114.24439999999979,22.2196],[114.24439999999979,22.2212],[114.24279999999979,22.2212],[114.24279999999979,22.2196]]]}},{"type":"Feature","properties":{"id":"lu-southern-06-59","class":"urban_open_space","vegetationFraction":0.26,"pavedFraction":0.488,"waterFraction":0.04,"simulated":true},"geometry":{"type":"Polygon","coordinates":[[[114.24439999999979,22.2196],[114.24599999999978,22.2196],[114.24599999999978,22.2212],[114.24439999999979,22.2212],[114.24439999999979,22.2196]]]}},{"type":"Feature","properties":{"id":"lu-southern-06-60","class":"built_up","vegetationFraction":0.226,"pavedFraction":0.66,"waterFraction":0.014,"simulated":true},"geometry":{"type":"Polygon","coordinates":[[[114.24599999999978,22.2196],[114.24759999999978,22.2196],[114.24759999999978,22.2212],[114.24599999999978,22.2212],[114.24599999999978,22.2196]]]}},{"type":"Feature","properties":{"id":"lu-southern-06-61","class":"built_up","vegetationFraction":0.2,"pavedFraction":0.514,"waterFraction":0.057,"simulated":true},"geometry":{"type":"Polygon","coordinates":[[[114.24759999999978,22.2196],[114.24919999999977,22.2196],[114.24919999999977,22.2212],[114.24759999999978,22.2212],[114.24759999999978,22.2196]]]}},{"type":"Feature","properties":{"id":"lu-southern-06-62","class":"built_up","vegetationFraction":0.127,"pavedFraction":0.668,"waterFraction":0.022,"simulated":true},"geometry":{"type":"Polygon","coordinates":[[[114.24919999999977,22.2196],[114.25079999999977,22.2196],[114.25079999999977,22.2212],[114.24919999999977,22.2212],[114.24919999999977,22.2196]]]}},{"type":"Feature","properties":{"id":"lu-southern-06-63","class":"built_up","vegetationFraction":0.154,"pavedFraction":0.601,"waterFraction":0.047,"simulated":true},"geometry":{"type":"Polygon","coordinates":[[[114.25079999999977,22.2196],[114.25239999999977,22.2196],[114.25239999999977,22.2212],[114.25079999999977,22.2212],[114.25079999999977,22.2196]]]}},{"type":"Feature","properties":{"id":"lu-southern-06-64","class":"built_up","vegetationFraction":0.202,"pavedFraction":0.573,"waterFraction":0.024,"simulated":true},"geometry":{"type":"Polygon","coordinates":[[[114.25239999999977,22.2196],[114.25399999999976,22.2196],[114.25399999999976,22.2212],[114.25239999999977,22.2212],[114.25239999999977,22.2196]]]}},{"type":"Feature","properties":{"id":"lu-southern-06-65","class":"built_up","vegetationFraction":0.209,"pavedFraction":0.481,"waterFraction":0.002,"simulated":true},"geometry":{"type":"Polygon","coordinates":[[[114.25399999999976,22.2196],[114.25559999999976,22.2196],[114.25559999999976,22.2212],[114.25399999999976,22.2212],[114.25399999999976,22.2196]]]}},{"type":"Feature","properties":{"id":"lu-southern-06-66","class":"built_up","vegetationFraction":0.131,"pavedFraction":0.674,"waterFraction":0.003,"simulated":true},"geometry":{"type":"Polygon","coordinates":[[[114.25559999999976,22.2196],[114.25719999999976,22.2196],[114.25719999999976,22.2212],[114.25559999999976,22.2212],[114.25559999999976,22.2196]]]}},{"type":"Feature","properties":{"id":"lu-southern-06-67","class":"built_up","vegetationFraction":0.246,"pavedFraction":0.669,"waterFraction":0.005,"simulated":true},"geometry":{"type":"Polygon","coordinates":[[[114.25719999999976,22.2196],[114.25879999999975,22.2196],[114.25879999999975,22.2212],[114.25719999999976,22.2212],[114.25719999999976,22.2196]]]}},{"type":"Feature","properties":{"id":"lu-southern-06-68","class":"built_up","vegetationFraction":0.219,"pavedFraction":0.641,"waterFraction":0.009,"simulated":true},"geometry":{"type":"Polygon","coordinates":[[[114.25879999999975,22.2196],[114.26039999999975,22.2196],[114.26039999999975,22.2212],[114.25879999999975,22.2212],[114.25879999999975,22.2196]]]}},{"type":"Feature","properties":{"id":"lu-southern-06-69","class":"built_up","vegetationFraction":0.153,"pavedFraction":0.585,"waterFraction":0.008,"simulated":true},"geometry":{"type":"Polygon","coordinates":[[[114.26039999999975,22.2196],[114.26199999999974,22.2196],[114.26199999999974,22.2212],[114.26039999999975,22.2212],[114.26039999999975,22.2196]]]}},{"type":"Feature","properties":{"id":"lu-southern-06-70","class":"built_up","vegetationFraction":0.133,"pavedFraction":0.68,"waterFraction":0.025,"simulated":true},"geometry":{"type":"Polygon","coordinates":[[[114.26199999999974,22.2196],[114.26359999999974,22.2196],[114.26359999999974,22.2212],[114.26199999999974,22.2212],[114.26199999999974,22.2196]]]}},{"type":"Feature","properties":{"id":"lu-southern-06-71","class":"built_up","vegetationFraction":0.128,"pavedFraction":0.533,"waterFraction":0.018,"simulated":true},"geometry":{"type":"Polygon","coordinates":[[[114.26359999999974,22.2196],[114.26519999999974,22.2196],[114.26519999999974,22.2212],[114.26359999999974,22.2212],[114.26359999999974,22.2196]]]}},{"type":"Feature","properties":{"id":"lu-southern-07-00","class":"urban_open_space","vegetationFraction":0.269,"pavedFraction":0.754,"waterFraction":0.048,"simulated":true},"geometry":{"type":"Polygon","coordinates":[[[114.15,22.2212],[114.1516,22.2212],[114.1516,22.2228],[114.15,22.2228],[114.15,22.2212]]]}},{"type":"Feature","properties":{"id":"lu-southern-07-01","class":"built_up","vegetationFraction":0.12,"pavedFraction":0.739,"waterFraction":0.042,"simulated":true},"geometry":{"type":"Polygon","coordinates":[[[114.1516,22.2212],[114.1532,22.2212],[114.1532,22.2228],[114.1516,22.2228],[114.1516,22.2212]]]}},{"type":"Feature","properties":{"id":"lu-southern-07-02","class":"built_up","vegetationFraction":0.171,"pavedFraction":0.731,"waterFraction":0.002,"simulated":true},"geometry":{"type":"Polygon","coordinates":[[[114.1532,22.2212],[114.1548,22.2212],[114.1548,22.2228],[114.1532,22.2228],[114.1532,22.2212]]]}},{"type":"Feature","properties":{"id":"lu-southern-07-03","class":"urban_open_space","vegetationFraction":0.256,"pavedFraction":0.614,"waterFraction":0.03,"simulated":true},"geometry":{"type":"Polygon","coordinates":[[[114.1548,22.2212],[114.15639999999999,22.2212],[114.15639999999999,22.2228],[114.1548,22.2228],[114.1548,22.2212]]]}},{"type":"Feature","properties":{"id":"lu-southern-07-04","class":"built_up","vegetationFraction":0.104,"pavedFraction":0.719,"waterFraction":0.025,"simulated":true},"geometry":{"type":"Polygon","coordinates":[[[114.15639999999999,22.2212],[114.15799999999999,22.2212],[114.15799999999999,22.2228],[114.15639999999999,22.2228],[114.15639999999999,22.2212]]]}},{"type":"Feature","properties":{"id":"lu-southern-07-05","class":"built_up","vegetationFraction":0.136,"pavedFraction":0.551,"waterFraction":0.02,"simulated":true},"geometry":{"type":"Polygon","coordinates":[[[114.15799999999999,22.2212],[114.15959999999998,22.2212],[114.15959999999998,22.2228],[114.15799999999999,22.2228],[114.15799999999999,22.2212]]]}},{"type":"Feature","properties":{"id":"lu-southern-07-06","class":"built_up","vegetationFraction":0.161,"pavedFraction":0.481,"waterFraction":0.01,"simulated":true},"geometry":{"type":"Polygon","coordinates":[[[114.15959999999998,22.2212],[114.16119999999998,22.2212],[114.16119999999998,22.2228],[114.15959999999998,22.2228],[114.15959999999998,22.2212]]]}},{"type":"Feature","properties":{"id":"lu-southern-07-07","class":"built_up","vegetationFraction":0.125,"pavedFraction":0.699,"waterFraction":0.002,"simulated":true},"geometry":{"type":"Polygon","coordinates":[[[114.16119999999998,22.2212],[114.16279999999998,22.2212],[114.16279999999998,22.2228],[114.16119999999998,22.2228],[114.16119999999998,22.2212]]]}},{"type":"Feature","properties":{"id":"lu-southern-07-08","class":"built_up","vegetationFraction":0.173,"pavedFraction":0.704,"waterFraction":0.042,"simulated":true},"geometry":{"type":"Polygon","coordinates":[[[114.16279999999998,22.2212],[114.16439999999997,22.2212],[114.16439999999997,22.2228],[114.16279999999998,22.2228],[114.16279999999998,22.2212]]]}},{"type":"Feature","properties":{"id":"lu-southern-07-09","class":"built_up","vegetationFraction":0.128,"pavedFraction":0.514,"waterFraction":0.023,"simulated":true},"geometry":{"type":"Polygon","coordinates":[[[114.16439999999997,22.2212],[114.16599999999997,22.2212],[114.16599999999997,22.2228],[114.16439999999997,22.2228],[114.16439999999997,22.2212]]]}},{"type":"Feature","properties":{"id":"lu-southern-07-10","class":"built_up","vegetationFraction":0.191,"pavedFraction":0.661,"waterFraction":0.049,"simulated":true},"geometry":{"type":"Polygon","coordinates":[[[114.16599999999997,22.2212],[114.16759999999996,22.2212],[114.16759999999996,22.2228],[114.16599999999997,22.2228],[114.16599999999997,22.2212]]]}},{"type":"Feature","properties":{"id":"lu-southern-07-11","class":"urban_open_space","vegetationFraction":0.278,"pavedFraction":0.488,"waterFraction":0.046,"simulated":true},"geometry":{"type":"Polygon","coordinates":[[[114.16759999999996,22.2212],[114.16919999999996,22.2212],[114.16919999999996,22.2228],[114.16759999999996,22.2228],[114.16759999999996,22.2212]]]}},{"type":"Feature","properties":{"id":"lu-southern-07-12","class":"urban_open_space","vegetationFraction":0.279,"pavedFraction":0.536,"waterFraction":0.036,"simulated":true},"geometry":{"type":"Polygon","coordinates":[[[114.16919999999996,22.2212],[114.17079999999996,22.2212],[114.17079999999996,22.2228],[114.16919999999996,22.2228],[114.16919999999996,22.2212]]]}},{"type":"Feature","properties":{"id":"lu-southern-07-13","class":"built_up","vegetationFraction":0.194,"pavedFraction":0.566,"waterFraction":0.023,"simulated":true},"geometry":{"type":"Polygon","coordinates":[[[114.17079999999996,22.2212],[114.17239999999995,22.2212],[114.17239999999995,22.2228],[114.17079999999996,22.2228],[114.17079999999996,22.2212]]]}},{"type":"Feature","properties":{"id":"lu-southern-07-14","class":"built_up","vegetationFraction":0.221,"pavedFraction":0.558,"waterFraction":0.053,"simulated":true},"geometry":{"type":"Polygon","coordinates":[[[114.17239999999995,22.2212],[114.17399999999995,22.2212],[114.17399999999995,22.2228],[114.17239999999995,22.2228],[114.17239999999995,22.2212]]]}},{"type":"Feature","properties":{"id":"lu-southern-07-15","class":"urban_open_space","vegetationFraction":0.255,"pavedFraction":0.639,"waterFraction":0.039,"simulated":true},"geometry":{"type":"Polygon","coordinates":[[[114.17399999999995,22.2212],[114.17559999999995,22.2212],[114.17559999999995,22.2228],[114.17399999999995,22.2228],[114.17399999999995,22.2212]]]}},{"type":"Feature","properties":{"id":"lu-southern-07-16","class":"built_up","vegetationFraction":0.243,"pavedFraction":0.719,"waterFraction":0.002,"simulated":true},"geometry":{"type":"Polygon","coordinates":[[[114.17559999999995,22.2212],[114.17719999999994,22.2212],[114.17719999999994,22.2228],[114.17559999999995,22.2228],[114.17559999999995,22.2212]]]}},{"type":"Feature","properties":{"id":"lu-southern-07-17","class":"built_up","vegetationFraction":0.217,"pavedFraction":0.576,"waterFraction":0.048,"simulated":true},"geometry":{"type":"Polygon","coordinates":[[[114.17719999999994,22.2212],[114.17879999999994,22.2212],[114.17879999999994,22.2228],[114.17719999999994,22.2228],[114.17719999999994,22.2212]]]}},{"type":"Feature","properties":{"id":"lu-southern-07-18","class":"built_up","vegetationFraction":0.131,"pavedFraction":0.658,"waterFraction":0.059,"simulated":true},"geometry":{"type":"Polygon","coordinates":[[[114.17879999999994,22.2212],[114.18039999999993,22.2212],[114.18039999999993,22.2228],[114.17879999999994,22.2228],[114.17879999999994,22.2212]]]}},{"type":"Feature","properties":{"id":"lu-southern-07-19","class":"built_up","vegetationFraction":0.12,"pavedFraction":0.652,"waterFraction":0.023,"simulated":true},"geometry":{"type":"Polygon","coordinates":[[[114.18039999999993,22.2212],[114.18199999999993,22.2212],[114.18199999999993,22.2228],[114.18039999999993,22.2228],[114.18039999999993,22.2212]]]}},{"type":"Feature","properties":{"id":"lu-southern-07-20","class":"built_up","vegetationFraction":0.189,"pavedFraction":0.489,"waterFraction":0.014,"simulated":true},"geometry":{"type":"Polygon","coordinates":[[[114.18199999999993,22.2212],[114.18359999999993,22.2212],[114.18359999999993,22.2228],[114.18199999999993,22.2228],[114.18199999999993,22.2212]]]}},{"type":"Feature","properties":{"id":"lu-southern-07-21","class":"built_up","vegetationFraction":0.217,"pavedFraction":0.736,"waterFraction":0.05,"simulated":true},"geometry":{"type":"Polygon","coordinates":[[[114.18359999999993,22.2212],[114.18519999999992,22.2212],[114.18519999999992,22.2228],[114.18359999999993,22.2228],[114.18359999999993,22.2212]]]}},{"type":"Feature","properties":{"id":"lu-southern-07-22","class":"built_up","vegetationFraction":0.198,"pavedFraction":0.689,"waterFraction":0.042,"simulated":true},"geometry":{"type":"Polygon","coordinates":[[[114.18519999999992,22.2212],[114.18679999999992,22.2212],[114.18679999999992,22.2228],[114.18519999999992,22.2228],[114.18519999999992,22.2212]]]}},{"type":"Feature","properties":{"id":"lu-southern-07-23","class":"built_up","vegetationFraction":0.164,"pavedFraction":0.593,"waterFraction":0.002,"simulated":true},"geometry":{"type":"Polygon","coordinates":[[[114.18679999999992,22.2212],[114.18839999999992,22.2212],[114.18839999999992,22.2228],[114.18679999999992,22.2228],[114.18679999999992,22.2212]]]}},{"type":"Feature","properties":{"id":"lu-southern-07-24","class":"built_up","vegetationFraction":0.214,"pavedFraction":0.572,"waterFraction":0.019,"simulated":true},"geometry":{"type":"Polygon","coordinates":[[[114.18839999999992,22.2212],[114.18999999999991,22.2212],[114.18999999999991,22.2228],[114.18839999999992,22.2228],[114.18839999999992,22.2212]]]}},{"type":"Feature","properties":{"id":"lu-southern-07-25","class":"built_up","vegetationFraction":0.226,"pavedFraction":0.505,"waterFraction":0.027,"simulated":true},"geometry":{"type":"Polygon","coordinates":[[[114.18999999999991,22.2212],[114.19159999999991,22.2212],[114.19159999999991,22.2228],[114.18999999999991,22.2228],[114.18999999999991,22.2212]]]}},{"type":"Feature","properties":{"id":"lu-southern-07-26","class":"built_up","vegetationFraction":0.144,"pavedFraction":0.746,"waterFraction":0.012,"simulated":true},"geometry":{"type":"Polygon","coordinates":[[[114.19159999999991,22.2212],[114.1931999999999,22.2212],[114.1931999999999,22.2228],[114.19159999999991,22.2228],[114.19159999999991,22.2212]]]}},{"type":"Feature","properties":{"id":"lu-southern-07-27","class":"built_up","vegetationFraction":0.152,"pavedFraction":0.629,"waterFraction":0.013,"simulated":true},"geometry":{"type":"Polygon","coordinates":[[[114.1931999999999,22.2212],[114.1947999999999,22.2212],[114.1947999999999,22.2228],[114.1931999999999,22.2228],[114.1931999999999,22.2212]]]}},{"type":"Feature","properties":{"id":"lu-southern-07-28","class":"built_up","vegetationFraction":0.108,"pavedFraction":0.533,"waterFraction":0.026,"simulated":true},"geometry":{"type":"Polygon","coordinates":[[[114.1947999999999,22.2212],[114.1963999999999,22.2212],[114.1963999999999,22.2228],[114.1947999999999,22.2228],[114.1947999999999,22.2212]]]}},{"type":"Feature","properties":{"id":"lu-southern-07-29","class":"built_up","vegetationFraction":0.122,"pavedFraction":0.584,"waterFraction":0.031,"simulated":true},"geometry":{"type":"Polygon","coordinates":[[[114.1963999999999,22.2212],[114.1979999999999,22.2212],[114.1979999999999,22.2228],[114.1963999999999,22.2228],[114.1963999999999,22.2212]]]}},{"type":"Feature","properties":{"id":"lu-southern-07-30","class":"built_up","vegetationFraction":0.242,"pavedFraction":0.772,"waterFraction":0.001,"simulated":true},"geometry":{"type":"Polygon","coordinates":[[[114.1979999999999,22.2212],[114.19959999999989,22.2212],[114.19959999999989,22.2228],[114.1979999999999,22.2228],[114.1979999999999,22.2212]]]}},{"type":"Feature","properties":{"id":"lu-southern-07-31","class":"urban_open_space","vegetationFraction":0.254,"pavedFraction":0.711,"waterFraction":0.044,"simulated":true},"geometry":{"type":"Polygon","coordinates":[[[114.19959999999989,22.2212],[114.20119999999989,22.2212],[114.20119999999989,22.2228],[114.19959999999989,22.2228],[114.19959999999989,22.2212]]]}},{"type":"Feature","properties":{"id":"lu-southern-07-32","class":"built_up","vegetationFraction":0.155,"pavedFraction":0.705,"waterFraction":0.039,"simulated":true},"geometry":{"type":"Polygon","coordinates":[[[114.20119999999989,22.2212],[114.20279999999988,22.2212],[114.20279999999988,22.2228],[114.20119999999989,22.2228],[114.20119999999989,22.2212]]]}},{"type":"Feature","properties":{"id":"lu-southern-07-33","class":"built_up","vegetationFraction":0.129,"pavedFraction":0.681,"waterFraction":0.055,"simulated":true},"geometry":{"type":"Polygon","coordinates":[[[114.20279999999988,22.2212],[114.20439999999988,22.2212],[114.20439999999988,22.2228],[114.20279999999988,22.2228],[114.20279999999988,22.2212]]]}},{"type":"Feature","properties":{"id":"lu-southern-07-34","class":"built_up","vegetationFraction":0.22,"pavedFraction":0.678,"waterFraction":0.011,"simulated":true},"geometry":{"type":"Polygon","coordinates":[[[114.20439999999988,22.2212],[114.20599999999988,22.2212],[114.20599999999988,22.2228],[114.20439999999988,22.2228],[114.20439999999988,22.2212]]]}},{"type":"Feature","properties":{"id":"lu-southern-07-35","class":"built_up","vegetationFraction":0.116,"pavedFraction":0.572,"waterFraction":0.006,"simulated":true},"geometry":{"type":"Polygon","coordinates":[[[114.20599999999988,22.2212],[114.20759999999987,22.2212],[114.20759999999987,22.2228],[114.20599999999988,22.2228],[114.20599999999988,22.2212]]]}},{"type":"Feature","properties":{"id":"lu-southern-07-36","class":"built_up","vegetationFraction":0.127,"pavedFraction":0.616,"waterFraction":0.044,"simulated":true},"geometry":{"type":"Polygon","coordinates":[[[114.20759999999987,22.2212],[114.20919999999987,22.2212],[114.20919999999987,22.2228],[114.20759999999987,22.2228],[114.20759999999987,22.2212]]]}},{"type":"Feature","properties":{"id":"lu-southern-07-37","class":"built_up","vegetationFraction":0.161,"pavedFraction":0.764,"waterFraction":0.013,"simulated":true},"geometry":{"type":"Polygon","coordinates":[[[114.20919999999987,22.2212],[114.21079999999986,22.2212],[114.21079999999986,22.2228],[114.20919999999987,22.2228],[114.20919999999987,22.2212]]]}},{"type":"Feature","properties":{"id":"lu-southern-07-38","class":"built_up","vegetationFraction":0.136,"pavedFraction":0.684,"waterFraction":0.058,"simulated":true},"geometry":{"type":"Polygon","coordinates":[[[114.21079999999986,22.2212],[114.21239999999986,22.2212],[114.21239999999986,22.2228],[114.21079999999986,22.2228],[114.21079999999986,22.2212]]]}},{"type":"Feature","properties":{"id":"lu-southern-07-39","class":"built_up","vegetationFraction":0.129,"pavedFraction":0.728,"waterFraction":0.05,"simulated":true},"geometry":{"type":"Polygon","coordinates":[[[114.21239999999986,22.2212],[114.21399999999986,22.2212],[114.21399999999986,22.2228],[114.21239999999986,22.2228],[114.21239999999986,22.2212]]]}},{"type":"Feature","properties":{"id":"lu-southern-07-40","class":"built_up","vegetationFraction":0.245,"pavedFraction":0.536,"waterFraction":0.04,"simulated":true},"geometry":{"type":"Polygon","coordinates":[[[114.21399999999986,22.2212],[114.21559999999985,22.2212],[114.21559999999985,22.2228],[114.21399999999986,22.2228],[114.21399999999986,22.2212]]]}},{"type":"Feature","properties":{"id":"lu-southern-07-41","class":"built_up","vegetationFraction":0.231,"pavedFraction":0.562,"waterFraction":0.041,"simulated":true},"geometry":{"type":"Polygon","coordinates":[[[114.21559999999985,22.2212],[114.21719999999985,22.2212],[114.21719999999985,22.2228],[114.21559999999985,22.2228],[114.21559999999985,22.2212]]]}},{"type":"Feature","properties":{"id":"lu-southern-07-42","class":"urban_open_space","vegetationFraction":0.264,"pavedFraction":0.665,"waterFraction":0.04,"simulated":true},"geometry":{"type":"Polygon","coordinates":[[[114.21719999999985,22.2212],[114.21879999999985,22.2212],[114.21879999999985,22.2228],[114.21719999999985,22.2228],[114.21719999999985,22.2212]]]}},{"type":"Feature","properties":{"id":"lu-southern-07-43","class":"built_up","vegetationFraction":0.113,"pavedFraction":0.716,"waterFraction":0.028,"simulated":true},"geometry":{"type":"Polygon","coordinates":[[[114.21879999999985,22.2212],[114.22039999999984,22.2212],[114.22039999999984,22.2228],[114.21879999999985,22.2228],[114.21879999999985,22.2212]]]}},{"type":"Feature","properties":{"id":"lu-southern-07-44","class":"built_up","vegetationFraction":0.154,"pavedFraction":0.624,"waterFraction":0.053,"simulated":true},"geometry":{"type":"Polygon","coordinates":[[[114.22039999999984,22.2212],[114.22199999999984,22.2212],[114.22199999999984,22.2228],[114.22039999999984,22.2228],[114.22039999999984,22.2212]]]}},{"type":"Feature","properties":{"id":"lu-southern-07-45","class":"built_up","vegetationFraction":0.176,"pavedFraction":0.588,"waterFraction":0.045,"simulated":true},"geometry":{"type":"Polygon","coordinates":[[[114.22199999999984,22.2212],[114.22359999999983,22.2212],[114.22359999999983,22.2228],[114.22199999999984,22.2228],[114.22199999999984,22.2212]]]}},{"type":"Feature","properties":{"id":"lu-southern-07-46","class":"built_up","vegetationFraction":0.171,"pavedFraction":0.742,"waterFraction":0.04,"simulated":true},"geometry":{"type":"Polygon","coordinates":[[[114.22359999999983,22.2212],[114.22519999999983,22.2212],[114.22519999999983,22.2228],[114.22359999999983,22.2228],[114.22359999999983,22.2212]]]}},{"type":"Feature","properties":{"id":"lu-southern-07-47","class":"built_up","vegetationFraction":0.125,"pavedFraction":0.544,"waterFraction":0.0,"simulated":true},"geometry":{"type":"Polygon","coordinates":[[[114.22519999999983,22.2212],[114.22679999999983,22.2212],[114.22679999999983,22.2228],[114.22519999999983,22.2228],[114.22519999999983,22.2212]]]}},{"type":"Feature","properties":{"id":"lu-southern-07-48","class":"built_up","vegetationFraction":0.234,"pavedFraction":0.564,"waterFraction":0.043,"simulated":true},"geometry":{"type":"Polygon","coordinates":[[[114.22679999999983,22.2212],[114.22839999999982,22.2212],[114.22839999999982,22.2228],[114.22679999999983,22.2228],[114.22679999999983,22.2212]]]}},{"type":"Feature","properties":{"id":"lu-southern-07-49","class":"built_up","vegetationFraction":0.173,"pavedFraction":0.641,"waterFraction":0.006,"simulated":true},"geometry":{"type":"Polygon","coordinates":[[[114.22839999999982,22.2212],[114.22999999999982,22.2212],[114.22999999999982,22.2228],[114.22839999999982,22.2228],[114.22839999999982,22.2212]]]}},{"type":"Feature","properties":{"id":"lu-southern-07-50","class":"built_up","vegetationFraction":0.181,"pavedFraction":0.676,"waterFraction":0.059,"simulated":true},"geometry":{"type":"Polygon","coordinates":[[[114.22999999999982,22.2212],[114.23159999999982,22.2212],[114.23159999999982,22.2228],[114.22999999999982,22.2228],[114.22999999999982,22.2212]]]}},{"type":"Feature","properties":{"id":"lu-southern-07-51","class":"built_up","vegetationFraction":0.149,"pavedFraction":0.578,"waterFraction":0.042,"simulated":true},"geometry":{"type":"Polygon","coordinates":[[[114.23159999999982,22.2212],[114.23319999999981,22.2212],[114.23319999999981,22.2228],[114.23159999999982,22.2228],[114.23159999999982,22.2212]]]}},{"type":"Feature","properties":{"id":"lu-southern-07-52","class":"built_up","vegetationFraction":0.123,"pavedFraction":0.511,"waterFraction":0.035,"simulated":true},"geometry":{"type":"Polygon","coordinates":[[[114.23319999999981,22.2212],[114.23479999999981,22.2212],[114.23479999999981,22.2228],[114.23319999999981,22.2228],[114.23319999999981,22.2212]]]}},{"type":"Feature","properties":{"id":"lu-southern-07-53","class":"built_up","vegetationFraction":0.209,"pavedFraction":0.581,"waterFraction":0.026,"simulated":true},"geometry":{"type":"Polygon","coordinates":[[[114.23479999999981,22.2212],[114.2363999999998,22.2212],[114.2363999999998,22.2228],[114.23479999999981,22.2228],[114.23479999999981,22.2212]]]}},{"type":"Feature","properties":{"id":"lu-southern-07-54","class":"built_up","vegetationFraction":0.142,"pavedFraction":0.629,"waterFraction":0.046,"simulated":true},"geometry":{"type":"Polygon","coordinates":[[[114.2363999999998,22.2212],[114.2379999999998,22.2212],[114.2379999999998,22.2228],[114.2363999999998,22.2228],[114.2363999999998,22.2212]]]}},{"type":"Feature","properties":{"id":"lu-southern-07-55","class":"built_up","vegetationFraction":0.216,"pavedFraction":0.776,"waterFraction":0.06,"simulated":true},"geometry":{"type":"Polygon","coordinates":[[[114.2379999999998,22.2212],[114.2395999999998,22.2212],[114.2395999999998,22.2228],[114.2379999999998,22.2228],[114.2379999999998,22.2212]]]}},{"type":"Feature","properties":{"id":"lu-southern-07-56","class":"built_up","vegetationFraction":0.137,"pavedFraction":0.732,"waterFraction":0.039,"simulated":true},"geometry":{"type":"Polygon","coordinates":[[[114.2395999999998,22.2212],[114.2411999999998,22.2212],[114.2411999999998,22.2228],[114.2395999999998,22.2228],[114.2395999999998,22.2212]]]}},{"type":"Feature","properties":{"id":"lu-southern-07-57","class":"built_up","vegetationFraction":0.141,"pavedFraction":0.509,"waterFraction":0.042,"simulated":true},"geometry":{"type":"Polygon","coordinates":[[[114.2411999999998,22.2212],[114.24279999999979,22.2212],[114.24279999999979,22.2228],[114.2411999999998,22.2228],[114.2411999999998,22.2212]]]}},{"type":"Feature","properties":{"id":"lu-southern-07-58","class":"built_up","vegetationFraction":0.202,"pavedFraction":0.646,"waterFraction":0.013,"simulated":true},"geometry":{"type":"Polygon","coordinates":[[[114.24279999999979,22.2212],[114.24439999999979,22.2212],[114.24439999999979,22.2228],[114.24279999999979,22.2228],[114.24279999999979,22.2212]]]}},{"type":"Feature","properties":{"id":"lu-southern-07-59","class":"built_up","vegetationFraction":0.156,"pavedFraction":0.589,"waterFraction":0.002,"simulated":true},"geometry":{"type":"Polygon","coordinates":[[[114.24439999999979,22.2212],[114.24599999999978,22.2212],[114.24599999999978,22.2228],[114.24439999999979,22.2228],[114.24439999999979,22.2212]]]}},{"type":"Feature","properties":{"id":"lu-southern-07-60","class":"urban_open_space","vegetationFraction":0.267,"pavedFraction":0.644,"waterFraction":0.025,"simulated":true},"geometry":{"type":"Polygon","coordinates":[[[114.24599999999978,22.2212],[114.24759999999978,22.2212],[114.24759999999978,22.2228],[114.24599999999978,22.2228],[114.24599999999978,22.2212]]]}},{"type":"Feature","properties":{"id":"lu-southern-07-61","class":"built_up","vegetationFraction":0.143,"pavedFraction":0.613,"waterFraction":0.022,"simulated":true},"geometry":{"type":"Polygon","coordinates":[[[114.24759999999978,22.2212],[114.24919999999977,22.2212],[114.24919999999977,22.2228],[114.24759999999978,22.2228],[114.24759999999978,22.2212]]]}},{"type":"Feature","properties":{"id":"lu-southern-07-62","class":"urban_open_space","vegetationFraction":0.274,"pavedFraction":0.564,"waterFraction":0.05,"simulated":true},"geometry":{"type":"Polygon","coordinates":[[[114.24919999999977,22.2212],[114.25079999999977,22.2212],[114.25079999999977,22.2228],[114.24919999999977,22.2228],[114.24919999999977,22.2212]]]}},{"type":"Feature","properties":{"id":"lu-southern-07-63","class":"built_up","vegetationFraction":0.137,"pavedFraction":0.756,"waterFraction":0.031,"simulated":true},"geometry":{"type":"Polygon","coordinates":[[[114.25079999999977,22.2212],[114.25239999999977,22.2212],[114.25239999999977,22.2228],[114.25079999999977,22.2228],[114.25079999999977,22.2212]]]}},{"type":"Feature","properties":{"id":"lu-southern-07-64","class":"built_up","vegetationFraction":0.23,"pavedFraction":0.751,"waterFraction":0.001,"simulated":true},"geometry":{"type":"Polygon","coordinates":[[[114.25239999999977,22.2212],[114.25399999999976,22.2212],[114.25399999999976,22.2228],[114.25239999999977,22.2228],[114.25239999999977,22.2212]]]}},{"type":"Feature","properties":{"id":"lu-southern-07-65","class":"urban_open_space","vegetationFraction":0.26,"pavedFraction":0.776,"waterFraction":0.057,"simulated":true},"geometry":{"type":"Polygon","coordinates":[[[114.25399999999976,22.2212],[114.25559999999976,22.2212],[114.25559999999976,22.2228],[114.25399999999976,22.2228],[114.25399999999976,22.2212]]]}},{"type":"Feature","properties":{"id":"lu-southern-07-66","class":"built_up","vegetationFraction":0.141,"pavedFraction":0.775,"waterFraction":0.007,"simulated":true},"geometry":{"type":"Polygon","coordinates":[[[114.25559999999976,22.2212],[114.25719999999976,22.2212],[114.25719999999976,22.2228],[114.25559999999976,22.2228],[114.25559999999976,22.2212]]]}},{"type":"Feature","properties":{"id":"lu-southern-07-67","class":"built_up","vegetationFraction":0.193,"pavedFraction":0.588,"waterFraction":0.037,"simulated":true},"geometry":{"type":"Polygon","coordinates":[[[114.25719999999976,22.2212],[114.25879999999975,22.2212],[114.25879999999975,22.2228],[114.25719999999976,22.2228],[114.25719999999976,22.2212]]]}},{"type":"Feature","properties":{"id":"lu-southern-07-68","class":"built_up","vegetationFraction":0.139,"pavedFraction":0.739,"waterFraction":0.038,"simulated":true},"geometry":{"type":"Polygon","coordinates":[[[114.25879999999975,22.2212],[114.26039999999975,22.2212],[114.26039999999975,22.2228],[114.25879999999975,22.2228],[114.25879999999975,22.2212]]]}},{"type":"Feature","properties":{"id":"lu-southern-07-69","class":"built_up","vegetationFraction":0.219,"pavedFraction":0.636,"waterFraction":0.049,"simulated":true},"geometry":{"type":"Polygon","coordinates":[[[114.26039999999975,22.2212],[114.26199999999974,22.2212],[114.26199999999974,22.2228],[114.26039999999975,22.2228],[114.26039999999975,22.2212]]]}},{"type":"Feature","properties":{"id":"lu-southern-07-70","class":"built_up","vegetationFraction":0.185,"pavedFraction":0.725,"waterFraction":0.041,"simulated":true},"geometry":{"type":"Polygon","coordinates":[[[114.26199999999974,22.2212],[114.26359999999974,22.2212],[114.26359999999974,22.2228],[114.26199999999974,22.2228],[114.26199999999974,22.2212]]]}},{"type":"Feature","properties":{"id":"lu-southern-07-71","class":"built_up","vegetationFraction":0.205,"pavedFraction":0.682,"waterFraction":0.032,"simulated":true},"geometry":{"type":"Polygon","coordinates":[[[114.26359999999974,22.2212],[114.26519999999974,22.2212],[114.26519999999974,22.2228],[114.26359999999974,22.2228],[114.26359999999974,22.2212]]]}},{"type":"Feature","properties":{"id":"lu-southern-08-00","class":"built_up","vegetationFraction":0.181,"pavedFraction":0.702,"waterFraction":0.006,"simulated":true},"geometry":{"type":"Polygon","coordinates":[[[114.15,22.2228],[114.1516,22.2228],[114.1516,22.2244],[114.15,22.2244],[114.15,22.2228]]]}},{"type":"Feature","properties":{"id":"lu-southern-08-01","class":"built_up","vegetationFraction":0.203,"pavedFraction":0.698,"waterFraction":0.054,"simulated":true},"geometry":{"type":"Polygon","coordinates":[[[114.1516,22.2228],[114.1532,22.2228],[114.1532,22.2244],[114.1516,22.2244],[114.1516,22.2228]]]}},{"type":"Feature","properties":{"id":"lu-southern-08-02","class":"built_up","vegetationFraction":0.229,"pavedFraction":0.722,"waterFraction":0.02,"simulated":true},"geometry":{"type":"Polygon","coordinates":[[[114.1532,22.2228],[114.1548,22.2228],[114.1548,22.2244],[114.1532,22.2244],[114.1532,22.2228]]]}},{"type":"Feature","properties":{"id":"lu-southern-08-03","class":"built_up","vegetationFraction":0.248,"pavedFraction":0.72,"waterFraction":0.051,"simulated":true},"geometry":{"type":"Polygon","coordinates":[[[114.1548,22.2228],[114.15639999999999,22.2228],[114.15639999999999,22.2244],[114.1548,22.2244],[114.1548,22.2228]]]}},{"type":"Feature","properties":{"id":"lu-southern-08-04","class":"built_up","vegetationFraction":0.104,"pavedFraction":0.491,"waterFraction":0.011,"simulated":true},"geometry":{"type":"Polygon","coordinates":[[[114.15639999999999,22.2228],[114.15799999999999,22.2228],[114.15799999999999,22.2244],[114.15639999999999,22.2244],[114.15639999999999,22.2228]]]}},{"type":"Feature","properties":{"id":"lu-southern-08-05","class":"built_up","vegetationFraction":0.202,"pavedFraction":0.535,"waterFraction":0.004,"simulated":true},"geometry":{"type":"Polygon","coordinates":[[[114.15799999999999,22.2228],[114.15959999999998,22.2228],[114.15959999999998,22.2244],[114.15799999999999,22.2244],[114.15799999999999,22.2228]]]}},{"type":"Feature","properties":{"id":"lu-southern-08-06","class":"urban_open_space","vegetationFraction":0.276,"pavedFraction":0.516,"waterFraction":0.046,"simulated":true},"geometry":{"type":"Polygon","coordinates":[[[114.15959999999998,22.2228],[114.16119999999998,22.2228],[114.16119999999998,22.2244],[114.15959999999998,22.2244],[114.15959999999998,22.2228]]]}},{"type":"Feature","properties":{"id":"lu-southern-08-07","class":"built_up","vegetationFraction":0.147,"pavedFraction":0.742,"waterFraction":0.018,"simulated":true},"geometry":{"type":"Polygon","coordinates":[[[114.16119999999998,22.2228],[114.16279999999998,22.2228],[114.16279999999998,22.2244],[114.16119999999998,22.2244],[114.16119999999998,22.2228]]]}},{"type":"Feature","properties":{"id":"lu-southern-08-08","class":"built_up","vegetationFraction":0.14,"pavedFraction":0.602,"waterFraction":0.024,"simulated":true},"geometry":{"type":"Polygon","coordinates":[[[114.16279999999998,22.2228],[114.16439999999997,22.2228],[114.16439999999997,22.2244],[114.16279999999998,22.2244],[114.16279999999998,22.2228]]]}},{"type":"Feature","properties":{"id":"lu-southern-08-09","class":"built_up","vegetationFraction":0.154,"pavedFraction":0.604,"waterFraction":0.045,"simulated":true},"geometry":{"type":"Polygon","coordinates":[[[114.16439999999997,22.2228],[114.16599999999997,22.2228],[114.16599999999997,22.2244],[114.16439999999997,22.2244],[114.16439999999997,22.2228]]]}},{"type":"Feature","properties":{"id":"lu-southern-08-10","class":"built_up","vegetationFraction":0.188,"pavedFraction":0.595,"waterFraction":0.035,"simulated":true},"geometry":{"type":"Polygon","coordinates":[[[114.16599999999997,22.2228],[114.16759999999996,22.2228],[114.16759999999996,22.2244],[114.16599999999997,22.2244],[114.16599999999997,22.2228]]]}},{"type":"Feature","properties":{"id":"lu-southern-08-11","class":"built_up","vegetationFraction":0.15,"pavedFraction":0.626,"waterFraction":0.005,"simulated":true},"geometry":{"type":"Polygon","coordinates":[[[114.16759999999996,22.2228],[114.16919999999996,22.2228],[114.16919999999996,22.2244],[114.16759999999996,22.2244],[114.16759999999996,22.2228]]]}},{"type":"Feature","properties":{"id":"lu-southern-08-12","class":"built_up","vegetationFraction":0.188,"pavedFraction":0.669,"waterFraction":0.041,"simulated":true},"geometry":{"type":"Polygon","coordinates":[[[114.16919999999996,22.2228],[114.17079999999996,22.2228],[114.17079999999996,22.2244],[114.16919999999996,22.2244],[114.16919999999996,22.2228]]]}},{"type":"Feature","properties":{"id":"lu-southern-08-13","class":"built_up","vegetationFraction":0.204,"pavedFraction":0.749,"waterFraction":0.052,"simulated":true},"geometry":{"type":"Polygon","coordinates":[[[114.17079999999996,22.2228],[114.17239999999995,22.2228],[114.17239999999995,22.2244],[114.17079999999996,22.2244],[114.17079999999996,22.2228]]]}},{"type":"Feature","properties":{"id":"lu-southern-08-14","class":"urban_open_space","vegetationFraction":0.26,"pavedFraction":0.614,"waterFraction":0.057,"simulated":true},"geometry":{"type":"Polygon","coordinates":[[[114.17239999999995,22.2228],[114.17399999999995,22.2228],[114.17399999999995,22.2244],[114.17239999999995,22.2244],[114.17239999999995,22.2228]]]}},{"type":"Feature","properties":{"id":"lu-southern-08-15","class":"built_up","vegetationFraction":0.225,"pavedFraction":0.719,"waterFraction":0.048,"simulated":true},"geometry":{"type":"Polygon","coordinates":[[[114.17399999999995,22.2228],[114.17559999999995,22.2228],[114.17559999999995,22.2244],[114.17399999999995,22.2244],[114.17399999999995,22.2228]]]}},{"type":"Feature","properties":{"id":"lu-southern-08-16","class":"built_up","vegetationFraction":0.134,"pavedFraction":0.666,"waterFraction":0.013,"simulated":true},"geometry":{"type":"Polygon","coordinates":[[[114.17559999999995,22.2228],[114.17719999999994,22.2228],[114.17719999999994,22.2244],[114.17559999999995,22.2244],[114.17559999999995,22.2228]]]}},{"type":"Feature","properties":{"id":"lu-southern-08-17","class":"built_up","vegetationFraction":0.143,"pavedFraction":0.568,"waterFraction":0.029,"simulated":true},"geometry":{"type":"Polygon","coordinates":[[[114.17719999999994,22.2228],[114.17879999999994,22.2228],[114.17879999999994,22.2244],[114.17719999999994,22.2244],[114.17719999999994,22.2228]]]}},{"type":"Feature","properties":{"id":"lu-southern-08-18","class":"built_up","vegetationFraction":0.196,"pavedFraction":0.715,"waterFraction":0.057,"simulated":true},"geometry":{"type":"Polygon","coordinates":[[[114.17879999999994,22.2228],[114.18039999999993,22.2228],[114.18039999999993,22.2244],[114.17879999999994,22.2244],[114.17879999999994,22.2228]]]}},{"type":"Feature","properties":{"id":"lu-southern-08-19","class":"built_up","vegetationFraction":0.11,"pavedFraction":0.78,"waterFraction":0.051,"simulated":true},"geometry":{"type":"Polygon","coordinates":[[[114.18039999999993,22.2228],[114.18199999999993,22.2228],[114.18199999999993,22.2244],[114.18039999999993,22.2244],[114.18039999999993,22.2228]]]}},{"type":"Feature","properties":{"id":"lu-southern-08-20","class":"urban_open_space","vegetationFraction":0.272,"pavedFraction":0.544,"waterFraction":0.005,"simulated":true},"geometry":{"type":"Polygon","coordinates":[[[114.18199999999993,22.2228],[114.18359999999993,22.2228],[114.18359999999993,22.2244],[114.18199999999993,22.2244],[114.18199999999993,22.2228]]]}},{"type":"Feature","properties":{"id":"lu-southern-08-21","class":"built_up","vegetationFraction":0.247,"pavedFraction":0.752,"waterFraction":0.014,"simulated":true},"geometry":{"type":"Polygon","coordinates":[[[114.18359999999993,22.2228],[114.18519999999992,22.2228],[114.18519999999992,22.2244],[114.18359999999993,22.2244],[114.18359999999993,22.2228]]]}},{"type":"Feature","properties":{"id":"lu-southern-08-22","class":"built_up","vegetationFraction":0.21,"pavedFraction":0.596,"waterFraction":0.004,"simulated":true},"geometry":{"type":"Polygon","coordinates":[[[114.18519999999992,22.2228],[114.18679999999992,22.2228],[114.18679999999992,22.2244],[114.18519999999992,22.2244],[114.18519999999992,22.2228]]]}},{"type":"Feature","properties":{"id":"lu-southern-08-23","class":"built_up","vegetationFraction":0.207,"pavedFraction":0.586,"waterFraction":0.046,"simulated":true},"geometry":{"type":"Polygon","coordinates":[[[114.18679999999992,22.2228],[114.18839999999992,22.2228],[114.18839999999992,22.2244],[114.18679999999992,22.2244],[114.18679999999992,22.2228]]]}},{"type":"Feature","properties":{"id":"lu-southern-08-24","class":"built_up","vegetationFraction":0.121,"pavedFraction":0.578,"waterFraction":0.036,"simulated":true},"geometry":{"type":"Polygon","coordinates":[[[114.18839999999992,22.2228],[114.18999999999991,22.2228],[114.18999999999991,22.2244],[114.18839999999992,22.2244],[114.18839999999992,22.2228]]]}},{"type":"Feature","properties":{"id":"lu-southern-08-25","class":"built_up","vegetationFraction":0.118,"pavedFraction":0.502,"waterFraction":0.019,"simulated":true},"geometry":{"type":"Polygon","coordinates":[[[114.18999999999991,22.2228],[114.19159999999991,22.2228],[114.19159999999991,22.2244],[114.18999999999991,22.2244],[114.18999999999991,22.2228]]]}},{"type":"Feature","properties":{"id":"lu-southern-08-26","class":"built_up","vegetationFraction":0.101,"pavedFraction":0.502,"waterFraction":0.02,"simulated":true},"geometry":{"type":"Polygon","coordinates":[[[114.19159999999991,22.2228],[114.1931999999999,22.2228],[114.1931999999999,22.2244],[114.19159999999991,22.2244],[114.19159999999991,22.2228]]]}},{"type":"Feature","properties":{"id":"lu-southern-08-27","class":"built_up","vegetationFraction":0.174,"pavedFraction":0.528,"waterFraction":0.018,"simulated":true},"geometry":{"type":"Polygon","coordinates":[[[114.1931999999999,22.2228],[114.1947999999999,22.2228],[114.1947999999999,22.2244],[114.1931999999999,22.2244],[114.1931999999999,22.2228]]]}},{"type":"Feature","properties":{"id":"lu-southern-08-28","class":"built_up","vegetationFraction":0.226,"pavedFraction":0.709,"waterFraction":0.046,"simulated":true},"geometry":{"type":"Polygon","coordinates":[[[114.1947999999999,22.2228],[114.1963999999999,22.2228],[114.1963999999999,22.2244],[114.1947999999999,22.2244],[114.1947999999999,22.2228]]]}},{"type":"Feature","properties":{"id":"lu-southern-08-29","class":"urban_open_space","vegetationFraction":0.254,"pavedFraction":0.621,"waterFraction":0.047,"simulated":true},"geometry":{"type":"Polygon","coordinates":[[[114.1963999999999,22.2228],[114.1979999999999,22.2228],[114.1979999999999,22.2244],[114.1963999999999,22.2244],[114.1963999999999,22.2228]]]}},{"type":"Feature","properties":{"id":"lu-southern-08-30","class":"built_up","vegetationFraction":0.173,"pavedFraction":0.773,"waterFraction":0.032,"simulated":true},"geometry":{"type":"Polygon","coordinates":[[[114.1979999999999,22.2228],[114.19959999999989,22.2228],[114.19959999999989,22.2244],[114.1979999999999,22.2244],[114.1979999999999,22.2228]]]}},{"type":"Feature","properties":{"id":"lu-southern-08-31","class":"built_up","vegetationFraction":0.124,"pavedFraction":0.646,"waterFraction":0.03,"simulated":true},"geometry":{"type":"Polygon","coordinates":[[[114.19959999999989,22.2228],[114.20119999999989,22.2228],[114.20119999999989,22.2244],[114.19959999999989,22.2244],[114.19959999999989,22.2228]]]}},{"type":"Feature","properties":{"id":"lu-southern-08-32","class":"built_up","vegetationFraction":0.14,"pavedFraction":0.609,"waterFraction":0.003,"simulated":true},"geometry":{"type":"Polygon","coordinates":[[[114.20119999999989,22.2228],[114.20279999999988,22.2228],[114.20279999999988,22.2244],[114.20119999999989,22.2244],[114.20119999999989,22.2228]]]}},{"type":"Feature","properties":{"id":"lu-southern-08-33","class":"urban_open_space","vegetationFraction":0.264,"pavedFraction":0.538,"waterFraction":0.054,"simulated":true},"geometry":{"type":"Polygon","coordinates":[[[114.20279999999988,22.2228],[114.20439999999988,22.2228],[114.20439999999988,22.2244],[114.20279999999988,22.2244],[114.20279999999988,22.2228]]]}},{"type":"Feature","properties":{"id":"lu-southern-08-34","class":"built_up","vegetationFraction":0.224,"pavedFraction":0.724,"waterFraction":0.024,"simulated":true},"geometry":{"type":"Polygon","coordinates":[[[114.20439999999988,22.2228],[114.20599999999988,22.2228],[114.20599999999988,22.2244],[114.20439999999988,22.2244],[114.20439999999988,22.2228]]]}},{"type":"Feature","properties":{"id":"lu-southern-08-35","class":"built_up","vegetationFraction":0.25,"pavedFraction":0.739,"waterFraction":0.008,"simulated":true},"geometry":{"type":"Polygon","coordinates":[[[114.20599999999988,22.2228],[114.20759999999987,22.2228],[114.20759999999987,22.2244],[114.20599999999988,22.2244],[114.20599999999988,22.2228]]]}},{"type":"Feature","properties":{"id":"lu-southern-08-36","class":"built_up","vegetationFraction":0.151,"pavedFraction":0.552,"waterFraction":0.018,"simulated":true},"geometry":{"type":"Polygon","coordinates":[[[114.20759999999987,22.2228],[114.20919999999987,22.2228],[114.20919999999987,22.2244],[114.20759999999987,22.2244],[114.20759999999987,22.2228]]]}},{"type":"Feature","properties":{"id":"lu-southern-08-37","class":"built_up","vegetationFraction":0.112,"pavedFraction":0.52,"waterFraction":0.047,"simulated":true},"geometry":{"type":"Polygon","coordinates":[[[114.20919999999987,22.2228],[114.21079999999986,22.2228],[114.21079999999986,22.2244],[114.20919999999987,22.2244],[114.20919999999987,22.2228]]]}},{"type":"Feature","properties":{"id":"lu-southern-08-38","class":"urban_open_space","vegetationFraction":0.259,"pavedFraction":0.712,"waterFraction":0.05,"simulated":true},"geometry":{"type":"Polygon","coordinates":[[[114.21079999999986,22.2228],[114.21239999999986,22.2228],[114.21239999999986,22.2244],[114.21079999999986,22.2244],[114.21079999999986,22.2228]]]}},{"type":"Feature","properties":{"id":"lu-southern-08-39","class":"built_up","vegetationFraction":0.149,"pavedFraction":0.499,"waterFraction":0.056,"simulated":true},"geometry":{"type":"Polygon","coordinates":[[[114.21239999999986,22.2228],[114.21399999999986,22.2228],[114.21399999999986,22.2244],[114.21239999999986,22.2244],[114.21239999999986,22.2228]]]}},{"type":"Feature","properties":{"id":"lu-southern-08-40","class":"built_up","vegetationFraction":0.171,"pavedFraction":0.752,"waterFraction":0.04,"simulated":true},"geometry":{"type":"Polygon","coordinates":[[[114.21399999999986,22.2228],[114.21559999999985,22.2228],[114.21559999999985,22.2244],[114.21399999999986,22.2244],[114.21399999999986,22.2228]]]}},{"type":"Feature","properties":{"id":"lu-southern-08-41","class":"built_up","vegetationFraction":0.14,"pavedFraction":0.722,"waterFraction":0.027,"simulated":true},"geometry":{"type":"Polygon","coordinates":[[[114.21559999999985,22.2228],[114.21719999999985,22.2228],[114.21719999999985,22.2244],[114.21559999999985,22.2244],[114.21559999999985,22.2228]]]}},{"type":"Feature","properties":{"id":"lu-southern-08-42","class":"urban_open_space","vegetationFraction":0.268,"pavedFraction":0.549,"waterFraction":0.052,"simulated":true},"geometry":{"type":"Polygon","coordinates":[[[114.21719999999985,22.2228],[114.21879999999985,22.2228],[114.21879999999985,22.2244],[114.21719999999985,22.2244],[114.21719999999985,22.2228]]]}},{"type":"Feature","properties":{"id":"lu-southern-08-43","class":"built_up","vegetationFraction":0.24,"pavedFraction":0.484,"waterFraction":0.034,"simulated":true},"geometry":{"type":"Polygon","coordinates":[[[114.21879999999985,22.2228],[114.22039999999984,22.2228],[114.22039999999984,22.2244],[114.21879999999985,22.2244],[114.21879999999985,22.2228]]]}},{"type":"Feature","properties":{"id":"lu-southern-08-44","class":"urban_open_space","vegetationFraction":0.267,"pavedFraction":0.487,"waterFraction":0.009,"simulated":true},"geometry":{"type":"Polygon","coordinates":[[[114.22039999999984,22.2228],[114.22199999999984,22.2228],[114.22199999999984,22.2244],[114.22039999999984,22.2244],[114.22039999999984,22.2228]]]}},{"type":"Feature","properties":{"id":"lu-southern-08-45","class":"built_up","vegetationFraction":0.236,"pavedFraction":0.647,"waterFraction":0.054,"simulated":true},"geometry":{"type":"Polygon","coordinates":[[[114.22199999999984,22.2228],[114.22359999999983,22.2228],[114.22359999999983,22.2244],[114.22199999999984,22.2244],[114.22199999999984,22.2228]]]}},{"type":"Feature","properties":{"id":"lu-southern-08-46","class":"built_up","vegetationFraction":0.179,"pavedFraction":0.534,"waterFraction":0.001,"simulated":true},"geometry":{"type":"Polygon","coordinates":[[[114.22359999999983,22.2228],[114.22519999999983,22.2228],[114.22519999999983,22.2244],[114.22359999999983,22.2244],[114.22359999999983,22.2228]]]}},{"type":"Feature","properties":{"id":"lu-southern-08-47","class":"built_up","vegetationFraction":0.111,"pavedFraction":0.744,"waterFraction":0.001,"simulated":true},"geometry":{"type":"Polygon","coordinates":[[[114.22519999999983,22.2228],[114.22679999999983,22.2228],[114.22679999999983,22.2244],[114.22519999999983,22.2244],[114.22519999999983,22.2228]]]}},{"type":"Feature","properties":{"id":"lu-southern-08-48","class":"built_up","vegetationFraction":0.199,"pavedFraction":0.609,"waterFraction":0.06,"simulated":true},"geometry":{"type":"Polygon","coordinates":[[[114.22679999999983,22.2228],[114.22839999999982,22.2228],[114.22839999999982,22.2244],[114.22679999999983,22.2244],[114.22679999999983,22.2228]]]}},{"type":"Feature","properties":{"id":"lu-southern-08-49","class":"urban_open_space","vegetationFraction":0.271,"pavedFraction":0.528,"waterFraction":0.006,"simulated":true},"geometry":{"type":"Polygon","coordinates":[[[114.22839999999982,22.2228],[114.22999999999982,22.2228],[114.22999999999982,22.2244],[114.22839999999982,22.2244],[114.22839999999982,22.2228]]]}},{"type":"Feature","properties":{"id":"lu-southern-08-50","class":"built_up","vegetationFraction":0.108,"pavedFraction":0.621,"waterFraction":0.009,"simulated":true},"geometry":{"type":"Polygon","coordinates":[[[114.22999999999982,22.2228],[114.23159999999982,22.2228],[114.23159999999982,22.2244],[114.22999999999982,22.2244],[114.22999999999982,22.2228]]]}},{"type":"Feature","properties":{"id":"lu-southern-08-51","class":"built_up","vegetationFraction":0.106,"pavedFraction":0.695,"waterFraction":0.016,"simulated":true},"geometry":{"type":"Polygon","coordinates":[[[114.23159999999982,22.2228],[114.23319999999981,22.2228],[114.23319999999981,22.2244],[114.23159999999982,22.2244],[114.23159999999982,22.2228]]]}},{"type":"Feature","properties":{"id":"lu-southern-08-52","class":"built_up","vegetationFraction":0.208,"pavedFraction":0.745,"waterFraction":0.007,"simulated":true},"geometry":{"type":"Polygon","coordinates":[[[114.23319999999981,22.2228],[114.23479999999981,22.2228],[114.23479999999981,22.2244],[114.23319999999981,22.2244],[114.23319999999981,22.2228]]]}},{"type":"Feature","properties":{"id":"lu-southern-08-53","class":"built_up","vegetationFraction":0.166,"pavedFraction":0.689,"waterFraction":0.053,"simulated":true},"geometry":{"type":"Polygon","coordinates":[[[114.23479999999981,22.2228],[114.2363999999998,22.2228],[114.2363999999998,22.2244],[114.23479999999981,22.2244],[114.23479999999981,22.2228]]]}},{"type":"Feature","properties":{"id":"lu-southern-08-54","class":"built_up","vegetationFraction":0.239,"pavedFraction":0.58,"waterFraction":0.018,"simulated":true},"geometry":{"type":"Polygon","coordinates":[[[114.2363999999998,22.2228],[114.2379999999998,22.2228],[114.2379999999998,22.2244],[114.2363999999998,22.2244],[114.2363999999998,22.2228]]]}},{"type":"Feature","properties":{"id":"lu-southern-08-55","class":"built_up","vegetationFraction":0.192,"pavedFraction":0.549,"waterFraction":0.036,"simulated":true},"geometry":{"type":"Polygon","coordinates":[[[114.2379999999998,22.2228],[114.2395999999998,22.2228],[114.2395999999998,22.2244],[114.2379999999998,22.2244],[114.2379999999998,22.2228]]]}},{"type":"Feature","properties":{"id":"lu-southern-08-56","class":"built_up","vegetationFraction":0.185,"pavedFraction":0.634,"waterFraction":0.008,"simulated":true},"geometry":{"type":"Polygon","coordinates":[[[114.2395999999998,22.2228],[114.2411999999998,22.2228],[114.2411999999998,22.2244],[114.2395999999998,22.2244],[114.2395999999998,22.2228]]]}},{"type":"Feature","properties":{"id":"lu-southern-08-57","class":"built_up","vegetationFraction":0.242,"pavedFraction":0.506,"waterFraction":0.035,"simulated":true},"geometry":{"type":"Polygon","coordinates":[[[114.2411999999998,22.2228],[114.24279999999979,22.2228],[114.24279999999979,22.2244],[114.2411999999998,22.2244],[114.2411999999998,22.2228]]]}},{"type":"Feature","properties":{"id":"lu-southern-08-58","class":"built_up","vegetationFraction":0.192,"pavedFraction":0.611,"waterFraction":0.058,"simulated":true},"geometry":{"type":"Polygon","coordinates":[[[114.24279999999979,22.2228],[114.24439999999979,22.2228],[114.24439999999979,22.2244],[114.24279999999979,22.2244],[114.24279999999979,22.2228]]]}},{"type":"Feature","properties":{"id":"lu-southern-08-59","class":"built_up","vegetationFraction":0.142,"pavedFraction":0.62,"waterFraction":0.003,"simulated":true},"geometry":{"type":"Polygon","coordinates":[[[114.24439999999979,22.2228],[114.24599999999978,22.2228],[114.24599999999978,22.2244],[114.24439999999979,22.2244],[114.24439999999979,22.2228]]]}},{"type":"Feature","properties":{"id":"lu-southern-08-60","class":"built_up","vegetationFraction":0.195,"pavedFraction":0.716,"waterFraction":0.03,"simulated":true},"geometry":{"type":"Polygon","coordinates":[[[114.24599999999978,22.2228],[114.24759999999978,22.2228],[114.24759999999978,22.2244],[114.24599999999978,22.2244],[114.24599999999978,22.2228]]]}},{"type":"Feature","properties":{"id":"lu-southern-08-61","class":"built_up","vegetationFraction":0.208,"pavedFraction":0.56,"waterFraction":0.034,"simulated":true},"geometry":{"type":"Polygon","coordinates":[[[114.24759999999978,22.2228],[114.24919999999977,22.2228],[114.24919999999977,22.2244],[114.24759999999978,22.2244],[114.24759999999978,22.2228]]]}},{"type":"Feature","properties":{"id":"lu-southern-08-62","class":"urban_open_space","vegetationFraction":0.265,"pavedFraction":0.771,"waterFraction":0.023,"simulated":true},"geometry":{"type":"Polygon","coordinates":[[[114.24919999999977,22.2228],[114.25079999999977,22.2228],[114.25079999999977,22.2244],[114.24919999999977,22.2244],[114.24919999999977,22.2228]]]}},{"type":"Feature","properties":{"id":"lu-southern-08-63","class":"built_up","vegetationFraction":0.18,"pavedFraction":0.56,"waterFraction":0.049,"simulated":true},"geometry":{"type":"Polygon","coordinates":[[[114.25079999999977,22.2228],[114.25239999999977,22.2228],[114.25239999999977,22.2244],[114.25079999999977,22.2244],[114.25079999999977,22.2228]]]}},{"type":"Feature","properties":{"id":"lu-southern-08-64","class":"urban_open_space","vegetationFraction":0.266,"pavedFraction":0.645,"waterFraction":0.012,"simulated":true},"geometry":{"type":"Polygon","coordinates":[[[114.25239999999977,22.2228],[114.25399999999976,22.2228],[114.25399999999976,22.2244],[114.25239999999977,22.2244],[114.25239999999977,22.2228]]]}},{"type":"Feature","properties":{"id":"lu-southern-08-65","class":"urban_open_space","vegetationFraction":0.264,"pavedFraction":0.486,"waterFraction":0.015,"simulated":true},"geometry":{"type":"Polygon","coordinates":[[[114.25399999999976,22.2228],[114.25559999999976,22.2228],[114.25559999999976,22.2244],[114.25399999999976,22.2244],[114.25399999999976,22.2228]]]}},{"type":"Feature","properties":{"id":"lu-southern-08-66","class":"urban_open_space","vegetationFraction":0.274,"pavedFraction":0.749,"waterFraction":0.028,"simulated":true},"geometry":{"type":"Polygon","coordinates":[[[114.25559999999976,22.2228],[114.25719999999976,22.2228],[114.25719999999976,22.2244],[114.25559999999976,22.2244],[114.25559999999976,22.2228]]]}},{"type":"Feature","properties":{"id":"lu-southern-08-67","class":"built_up","vegetationFraction":0.221,"pavedFraction":0.6,"waterFraction":0.055,"simulated":true},"geometry":{"type":"Polygon","coordinates":[[[114.25719999999976,22.2228],[114.25879999999975,22.2228],[114.25879999999975,22.2244],[114.25719999999976,22.2244],[114.25719999999976,22.2228]]]}},{"type":"Feature","properties":{"id":"lu-southern-08-68","class":"built_up","vegetationFraction":0.235,"pavedFraction":0.601,"waterFraction":0.028,"simulated":true},"geometry":{"type":"Polygon","coordinates":[[[114.25879999999975,22.2228],[114.26039999999975,22.2228],[114.26039999999975,22.2244],[114.25879999999975,22.2244],[114.25879999999975,22.2228]]]}},{"type":"Feature","properties":{"id":"lu-southern-08-69","class":"built_up","vegetationFraction":0.219,"pavedFraction":0.532,"waterFraction":0.004,"simulated":true},"geometry":{"type":"Polygon","coordinates":[[[114.26039999999975,22.2228],[114.26199999999974,22.2228],[114.26199999999974,22.2244],[114.26039999999975,22.2244],[114.26039999999975,22.2228]]]}},{"type":"Feature","properties":{"id":"lu-southern-08-70","class":"built_up","vegetationFraction":0.191,"pavedFraction":0.619,"waterFraction":0.001,"simulated":true},"geometry":{"type":"Polygon","coordinates":[[[114.26199999999974,22.2228],[114.26359999999974,22.2228],[114.26359999999974,22.2244],[114.26199999999974,22.2244],[114.26199999999974,22.2228]]]}},{"type":"Feature","properties":{"id":"lu-southern-08-71","class":"built_up","vegetationFraction":0.108,"pavedFraction":0.56,"waterFraction":0.058,"simulated":true},"geometry":{"type":"Polygon","coordinates":[[[114.26359999999974,22.2228],[114.26519999999974,22.2228],[114.26519999999974,22.2244],[114.26359999999974,22.2244],[114.26359999999974,22.2228]]]}},{"type":"Feature","properties":{"id":"lu-southern-09-00","class":"built_up","vegetationFraction":0.217,"pavedFraction":0.756,"waterFraction":0.024,"simulated":true},"geometry":{"type":"Polygon","coordinates":[[[114.15,22.2244],[114.1516,22.2244],[114.1516,22.226],[114.15,22.226],[114.15,22.2244]]]}},{"type":"Feature","properties":{"id":"lu-southern-09-01","class":"built_up","vegetationFraction":0.236,"pavedFraction":0.572,"waterFraction":0.013,"simulated":true},"geometry":{"type":"Polygon","coordinates":[[[114.1516,22.2244],[114.1532,22.2244],[114.1532,22.226],[114.1516,22.226],[114.1516,22.2244]]]}},{"type":"Feature","properties":{"id":"lu-southern-09-02","class":"built_up","vegetationFraction":0.193,"pavedFraction":0.724,"waterFraction":0.03,"simulated":true},"geometry":{"type":"Polygon","coordinates":[[[114.1532,22.2244],[114.1548,22.2244],[114.1548,22.226],[114.1532,22.226],[114.1532,22.2244]]]}},{"type":"Feature","properties":{"id":"lu-southern-09-03","class":"built_up","vegetationFraction":0.197,"pavedFraction":0.687,"waterFraction":0.042,"simulated":true},"geometry":{"type":"Polygon","coordinates":[[[114.1548,22.2244],[114.15639999999999,22.2244],[114.15639999999999,22.226],[114.1548,22.226],[114.1548,22.2244]]]}},{"type":"Feature","properties":{"id":"lu-southern-09-04","class":"built_up","vegetationFraction":0.132,"pavedFraction":0.751,"waterFraction":0.026,"simulated":true},"geometry":{"type":"Polygon","coordinates":[[[114.15639999999999,22.2244],[114.15799999999999,22.2244],[114.15799999999999,22.226],[114.15639999999999,22.226],[114.15639999999999,22.2244]]]}},{"type":"Feature","properties":{"id":"lu-southern-09-05","class":"built_up","vegetationFraction":0.14,"pavedFraction":0.756,"waterFraction":0.009,"simulated":true},"geometry":{"type":"Polygon","coordinates":[[[114.15799999999999,22.2244],[114.15959999999998,22.2244],[114.15959999999998,22.226],[114.15799999999999,22.226],[114.15799999999999,22.2244]]]}},{"type":"Feature","properties":{"id":"lu-southern-09-06","class":"built_up","vegetationFraction":0.233,"pavedFraction":0.513,"waterFraction":0.009,"simulated":true},"geometry":{"type":"Polygon","coordinates":[[[114.15959999999998,22.2244],[114.16119999999998,22.2244],[114.16119999999998,22.226],[114.15959999999998,22.226],[114.15959999999998,22.2244]]]}},{"type":"Feature","properties":{"id":"lu-southern-09-07","class":"built_up","vegetationFraction":0.185,"pavedFraction":0.625,"waterFraction":0.028,"simulated":true},"geometry":{"type":"Polygon","coordinates":[[[114.16119999999998,22.2244],[114.16279999999998,22.2244],[114.16279999999998,22.226],[114.16119999999998,22.226],[114.16119999999998,22.2244]]]}},{"type":"Feature","properties":{"id":"lu-southern-09-08","class":"urban_open_space","vegetationFraction":0.252,"pavedFraction":0.553,"waterFraction":0.022,"simulated":true},"geometry":{"type":"Polygon","coordinates":[[[114.16279999999998,22.2244],[114.16439999999997,22.2244],[114.16439999999997,22.226],[114.16279999999998,22.226],[114.16279999999998,22.2244]]]}},{"type":"Feature","properties":{"id":"lu-southern-09-09","class":"built_up","vegetationFraction":0.226,"pavedFraction":0.758,"waterFraction":0.049,"simulated":true},"geometry":{"type":"Polygon","coordinates":[[[114.16439999999997,22.2244],[114.16599999999997,22.2244],[114.16599999999997,22.226],[114.16439999999997,22.226],[114.16439999999997,22.2244]]]}},{"type":"Feature","properties":{"id":"lu-southern-09-10","class":"built_up","vegetationFraction":0.104,"pavedFraction":0.696,"waterFraction":0.031,"simulated":true},"geometry":{"type":"Polygon","coordinates":[[[114.16599999999997,22.2244],[114.16759999999996,22.2244],[114.16759999999996,22.226],[114.16599999999997,22.226],[114.16599999999997,22.2244]]]}},{"type":"Feature","properties":{"id":"lu-southern-09-11","class":"built_up","vegetationFraction":0.189,"pavedFraction":0.766,"waterFraction":0.041,"simulated":true},"geometry":{"type":"Polygon","coordinates":[[[114.16759999999996,22.2244],[114.16919999999996,22.2244],[114.16919999999996,22.226],[114.16759999999996,22.226],[114.16759999999996,22.2244]]]}},{"type":"Feature","properties":{"id":"lu-southern-09-12","class":"urban_open_space","vegetationFraction":0.262,"pavedFraction":0.612,"waterFraction":0.011,"simulated":true},"geometry":{"type":"Polygon","coordinates":[[[114.16919999999996,22.2244],[114.17079999999996,22.2244],[114.17079999999996,22.226],[114.16919999999996,22.226],[114.16919999999996,22.2244]]]}},{"type":"Feature","properties":{"id":"lu-southern-09-13","class":"built_up","vegetationFraction":0.111,"pavedFraction":0.762,"waterFraction":0.005,"simulated":true},"geometry":{"type":"Polygon","coordinates":[[[114.17079999999996,22.2244],[114.17239999999995,22.2244],[114.17239999999995,22.226],[114.17079999999996,22.226],[114.17079999999996,22.2244]]]}},{"type":"Feature","properties":{"id":"lu-southern-09-14","class":"built_up","vegetationFraction":0.233,"pavedFraction":0.532,"waterFraction":0.011,"simulated":true},"geometry":{"type":"Polygon","coordinates":[[[114.17239999999995,22.2244],[114.17399999999995,22.2244],[114.17399999999995,22.226],[114.17239999999995,22.226],[114.17239999999995,22.2244]]]}},{"type":"Feature","properties":{"id":"lu-southern-09-15","class":"built_up","vegetationFraction":0.156,"pavedFraction":0.678,"waterFraction":0.003,"simulated":true},"geometry":{"type":"Polygon","coordinates":[[[114.17399999999995,22.2244],[114.17559999999995,22.2244],[114.17559999999995,22.226],[114.17399999999995,22.226],[114.17399999999995,22.2244]]]}},{"type":"Feature","properties":{"id":"lu-southern-09-16","class":"built_up","vegetationFraction":0.246,"pavedFraction":0.509,"waterFraction":0.032,"simulated":true},"geometry":{"type":"Polygon","coordinates":[[[114.17559999999995,22.2244],[114.17719999999994,22.2244],[114.17719999999994,22.226],[114.17559999999995,22.226],[114.17559999999995,22.2244]]]}},{"type":"Feature","properties":{"id":"lu-southern-09-17","class":"built_up","vegetationFraction":0.169,"pavedFraction":0.614,"waterFraction":0.039,"simulated":true},"geometry":{"type":"Polygon","coordinates":[[[114.17719999999994,22.2244],[114.17879999999994,22.2244],[114.17879999999994,22.226],[114.17719999999994,22.226],[114.17719999999994,22.2244]]]}},{"type":"Feature","properties":{"id":"lu-southern-09-18","class":"built_up","vegetationFraction":0.178,"pavedFraction":0.545,"waterFraction":0.052,"simulated":true},"geometry":{"type":"Polygon","coordinates":[[[114.17879999999994,22.2244],[114.18039999999993,22.2244],[114.18039999999993,22.226],[114.17879999999994,22.226],[114.17879999999994,22.2244]]]}},{"type":"Feature","properties":{"id":"lu-southern-09-19","class":"built_up","vegetationFraction":0.163,"pavedFraction":0.611,"waterFraction":0.05,"simulated":true},"geometry":{"type":"Polygon","coordinates":[[[114.18039999999993,22.2244],[114.18199999999993,22.2244],[114.18199999999993,22.226],[114.18039999999993,22.226],[114.18039999999993,22.2244]]]}},{"type":"Feature","properties":{"id":"lu-southern-09-20","class":"built_up","vegetationFraction":0.193,"pavedFraction":0.708,"waterFraction":0.052,"simulated":true},"geometry":{"type":"Polygon","coordinates":[[[114.18199999999993,22.2244],[114.18359999999993,22.2244],[114.18359999999993,22.226],[114.18199999999993,22.226],[114.18199999999993,22.2244]]]}},{"type":"Feature","properties":{"id":"lu-southern-09-21","class":"built_up","vegetationFraction":0.25,"pavedFraction":0.644,"waterFraction":0.058,"simulated":true},"geometry":{"type":"Polygon","coordinates":[[[114.18359999999993,22.2244],[114.18519999999992,22.2244],[114.18519999999992,22.226],[114.18359999999993,22.226],[114.18359999999993,22.2244]]]}},{"type":"Feature","properties":{"id":"lu-southern-09-22","class":"built_up","vegetationFraction":0.195,"pavedFraction":0.642,"waterFraction":0.049,"simulated":true},"geometry":{"type":"Polygon","coordinates":[[[114.18519999999992,22.2244],[114.18679999999992,22.2244],[114.18679999999992,22.226],[114.18519999999992,22.226],[114.18519999999992,22.2244]]]}},{"type":"Feature","properties":{"id":"lu-southern-09-23","class":"built_up","vegetationFraction":0.152,"pavedFraction":0.621,"waterFraction":0.015,"simulated":true},"geometry":{"type":"Polygon","coordinates":[[[114.18679999999992,22.2244],[114.18839999999992,22.2244],[114.18839999999992,22.226],[114.18679999999992,22.226],[114.18679999999992,22.2244]]]}},{"type":"Feature","properties":{"id":"lu-southern-09-24","class":"built_up","vegetationFraction":0.15,"pavedFraction":0.644,"waterFraction":0.032,"simulated":true},"geometry":{"type":"Polygon","coordinates":[[[114.18839999999992,22.2244],[114.18999999999991,22.2244],[114.18999999999991,22.226],[114.18839999999992,22.226],[114.18839999999992,22.2244]]]}},{"type":"Feature","properties":{"id":"lu-southern-09-25","class":"built_up","vegetationFraction":0.14,"pavedFraction":0.581,"waterFraction":0.026,"simulated":true},"geometry":{"type":"Polygon","coordinates":[[[114.18999999999991,22.2244],[114.19159999999991,22.2244],[114.19159999999991,22.226],[114.18999999999991,22.226],[114.18999999999991,22.2244]]]}},{"type":"Feature","properties":{"id":"lu-southern-09-26","class":"built_up","vegetationFraction":0.121,"pavedFraction":0.682,"waterFraction":0.05,"simulated":true},"geometry":{"type":"Polygon","coordinates":[[[114.19159999999991,22.2244],[114.1931999999999,22.2244],[114.1931999999999,22.226],[114.19159999999991,22.226],[114.19159999999991,22.2244]]]}},{"type":"Feature","properties":{"id":"lu-southern-09-27","class":"built_up","vegetationFraction":0.221,"pavedFraction":0.666,"waterFraction":0.023,"simulated":true},"geometry":{"type":"Polygon","coordinates":[[[114.1931999999999,22.2244],[114.1947999999999,22.2244],[114.1947999999999,22.226],[114.1931999999999,22.226],[114.1931999999999,22.2244]]]}},{"type":"Feature","properties":{"id":"lu-southern-09-28","class":"built_up","vegetationFraction":0.176,"pavedFraction":0.747,"waterFraction":0.059,"simulated":true},"geometry":{"type":"Polygon","coordinates":[[[114.1947999999999,22.2244],[114.1963999999999,22.2244],[114.1963999999999,22.226],[114.1947999999999,22.226],[114.1947999999999,22.2244]]]}},{"type":"Feature","properties":{"id":"lu-southern-09-29","class":"built_up","vegetationFraction":0.195,"pavedFraction":0.726,"waterFraction":0.02,"simulated":true},"geometry":{"type":"Polygon","coordinates":[[[114.1963999999999,22.2244],[114.1979999999999,22.2244],[114.1979999999999,22.226],[114.1963999999999,22.226],[114.1963999999999,22.2244]]]}},{"type":"Feature","properties":{"id":"lu-southern-09-30","class":"urban_open_space","vegetationFraction":0.274,"pavedFraction":0.728,"waterFraction":0.035,"simulated":true},"geometry":{"type":"Polygon","coordinates":[[[114.1979999999999,22.2244],[114.19959999999989,22.2244],[114.19959999999989,22.226],[114.1979999999999,22.226],[114.1979999999999,22.2244]]]}},{"type":"Feature","properties":{"id":"lu-southern-09-31","class":"built_up","vegetationFraction":0.238,"pavedFraction":0.606,"waterFraction":0.029,"simulated":true},"geometry":{"type":"Polygon","coordinates":[[[114.19959999999989,22.2244],[114.20119999999989,22.2244],[114.20119999999989,22.226],[114.19959999999989,22.226],[114.19959999999989,22.2244]]]}},{"type":"Feature","properties":{"id":"lu-southern-09-32","class":"built_up","vegetationFraction":0.25,"pavedFraction":0.681,"waterFraction":0.027,"simulated":true},"geometry":{"type":"Polygon","coordinates":[[[114.20119999999989,22.2244],[114.20279999999988,22.2244],[114.20279999999988,22.226],[114.20119999999989,22.226],[114.20119999999989,22.2244]]]}},{"type":"Feature","properties":{"id":"lu-southern-09-33","class":"built_up","vegetationFraction":0.207,"pavedFraction":0.719,"waterFraction":0.021,"simulated":true},"geometry":{"type":"Polygon","coordinates":[[[114.20279999999988,22.2244],[114.20439999999988,22.2244],[114.20439999999988,22.226],[114.20279999999988,22.226],[114.20279999999988,22.2244]]]}},{"type":"Feature","properties":{"id":"lu-southern-09-34","class":"built_up","vegetationFraction":0.202,"pavedFraction":0.679,"waterFraction":0.016,"simulated":true},"geometry":{"type":"Polygon","coordinates":[[[114.20439999999988,22.2244],[114.20599999999988,22.2244],[114.20599999999988,22.226],[114.20439999999988,22.226],[114.20439999999988,22.2244]]]}},{"type":"Feature","properties":{"id":"lu-southern-09-35","class":"built_up","vegetationFraction":0.207,"pavedFraction":0.541,"waterFraction":0.0,"simulated":true},"geometry":{"type":"Polygon","coordinates":[[[114.20599999999988,22.2244],[114.20759999999987,22.2244],[114.20759999999987,22.226],[114.20599999999988,22.226],[114.20599999999988,22.2244]]]}},{"type":"Feature","properties":{"id":"lu-southern-09-36","class":"built_up","vegetationFraction":0.217,"pavedFraction":0.729,"waterFraction":0.03,"simulated":true},"geometry":{"type":"Polygon","coordinates":[[[114.20759999999987,22.2244],[114.20919999999987,22.2244],[114.20919999999987,22.226],[114.20759999999987,22.226],[114.20759999999987,22.2244]]]}},{"type":"Feature","properties":{"id":"lu-southern-09-37","class":"built_up","vegetationFraction":0.135,"pavedFraction":0.687,"waterFraction":0.004,"simulated":true},"geometry":{"type":"Polygon","coordinates":[[[114.20919999999987,22.2244],[114.21079999999986,22.2244],[114.21079999999986,22.226],[114.20919999999987,22.226],[114.20919999999987,22.2244]]]}},{"type":"Feature","properties":{"id":"lu-southern-09-38","class":"built_up","vegetationFraction":0.155,"pavedFraction":0.729,"waterFraction":0.014,"simulated":true},"geometry":{"type":"Polygon","coordinates":[[[114.21079999999986,22.2244],[114.21239999999986,22.2244],[114.21239999999986,22.226],[114.21079999999986,22.226],[114.21079999999986,22.2244]]]}},{"type":"Feature","properties":{"id":"lu-southern-09-39","class":"urban_open_space","vegetationFraction":0.274,"pavedFraction":0.618,"waterFraction":0.019,"simulated":true},"geometry":{"type":"Polygon","coordinates":[[[114.21239999999986,22.2244],[114.21399999999986,22.2244],[114.21399999999986,22.226],[114.21239999999986,22.226],[114.21239999999986,22.2244]]]}},{"type":"Feature","properties":{"id":"lu-southern-09-40","class":"built_up","vegetationFraction":0.104,"pavedFraction":0.522,"waterFraction":0.011,"simulated":true},"geometry":{"type":"Polygon","coordinates":[[[114.21399999999986,22.2244],[114.21559999999985,22.2244],[114.21559999999985,22.226],[114.21399999999986,22.226],[114.21399999999986,22.2244]]]}},{"type":"Feature","properties":{"id":"lu-southern-09-41","class":"built_up","vegetationFraction":0.142,"pavedFraction":0.741,"waterFraction":0.042,"simulated":true},"geometry":{"type":"Polygon","coordinates":[[[114.21559999999985,22.2244],[114.21719999999985,22.2244],[114.21719999999985,22.226],[114.21559999999985,22.226],[114.21559999999985,22.2244]]]}},{"type":"Feature","properties":{"id":"lu-southern-09-42","class":"urban_open_space","vegetationFraction":0.259,"pavedFraction":0.712,"waterFraction":0.054,"simulated":true},"geometry":{"type":"Polygon","coordinates":[[[114.21719999999985,22.2244],[114.21879999999985,22.2244],[114.21879999999985,22.226],[114.21719999999985,22.226],[114.21719999999985,22.2244]]]}},{"type":"Feature","properties":{"id":"lu-southern-09-43","class":"urban_open_space","vegetationFraction":0.276,"pavedFraction":0.622,"waterFraction":0.008,"simulated":true},"geometry":{"type":"Polygon","coordinates":[[[114.21879999999985,22.2244],[114.22039999999984,22.2244],[114.22039999999984,22.226],[114.21879999999985,22.226],[114.21879999999985,22.2244]]]}},{"type":"Feature","properties":{"id":"lu-southern-09-44","class":"built_up","vegetationFraction":0.191,"pavedFraction":0.594,"waterFraction":0.013,"simulated":true},"geometry":{"type":"Polygon","coordinates":[[[114.22039999999984,22.2244],[114.22199999999984,22.2244],[114.22199999999984,22.226],[114.22039999999984,22.226],[114.22039999999984,22.2244]]]}},{"type":"Feature","properties":{"id":"lu-southern-09-45","class":"urban_open_space","vegetationFraction":0.277,"pavedFraction":0.725,"waterFraction":0.024,"simulated":true},"geometry":{"type":"Polygon","coordinates":[[[114.22199999999984,22.2244],[114.22359999999983,22.2244],[114.22359999999983,22.226],[114.22199999999984,22.226],[114.22199999999984,22.2244]]]}},{"type":"Feature","properties":{"id":"lu-southern-09-46","class":"built_up","vegetationFraction":0.19,"pavedFraction":0.514,"waterFraction":0.017,"simulated":true},"geometry":{"type":"Polygon","coordinates":[[[114.22359999999983,22.2244],[114.22519999999983,22.2244],[114.22519999999983,22.226],[114.22359999999983,22.226],[114.22359999999983,22.2244]]]}},{"type":"Feature","properties":{"id":"lu-southern-09-47","class":"built_up","vegetationFraction":0.165,"pavedFraction":0.693,"waterFraction":0.029,"simulated":true},"geometry":{"type":"Polygon","coordinates":[[[114.22519999999983,22.2244],[114.22679999999983,22.2244],[114.22679999999983,22.226],[114.22519999999983,22.226],[114.22519999999983,22.2244]]]}},{"type":"Feature","properties":{"id":"lu-southern-09-48","class":"built_up","vegetationFraction":0.224,"pavedFraction":0.671,"waterFraction":0.003,"simulated":true},"geometry":{"type":"Polygon","coordinates":[[[114.22679999999983,22.2244],[114.22839999999982,22.2244],[114.22839999999982,22.226],[114.22679999999983,22.226],[114.22679999999983,22.2244]]]}},{"type":"Feature","properties":{"id":"lu-southern-09-49","class":"urban_open_space","vegetationFraction":0.28,"pavedFraction":0.588,"waterFraction":0.013,"simulated":true},"geometry":{"type":"Polygon","coordinates":[[[114.22839999999982,22.2244],[114.22999999999982,22.2244],[114.22999999999982,22.226],[114.22839999999982,22.226],[114.22839999999982,22.2244]]]}},{"type":"Feature","properties":{"id":"lu-southern-09-50","class":"built_up","vegetationFraction":0.116,"pavedFraction":0.498,"waterFraction":0.033,"simulated":true},"geometry":{"type":"Polygon","coordinates":[[[114.22999999999982,22.2244],[114.23159999999982,22.2244],[114.23159999999982,22.226],[114.22999999999982,22.226],[114.22999999999982,22.2244]]]}},{"type":"Feature","properties":{"id":"lu-southern-09-51","class":"urban_open_space","vegetationFraction":0.271,"pavedFraction":0.691,"waterFraction":0.032,"simulated":true},"geometry":{"type":"Polygon","coordinates":[[[114.23159999999982,22.2244],[114.23319999999981,22.2244],[114.23319999999981,22.226],[114.23159999999982,22.226],[114.23159999999982,22.2244]]]}},{"type":"Feature","properties":{"id":"lu-southern-09-52","class":"built_up","vegetationFraction":0.159,"pavedFraction":0.678,"waterFraction":0.041,"simulated":true},"geometry":{"type":"Polygon","coordinates":[[[114.23319999999981,22.2244],[114.23479999999981,22.2244],[114.23479999999981,22.226],[114.23319999999981,22.226],[114.23319999999981,22.2244]]]}},{"type":"Feature","properties":{"id":"lu-southern-09-53","class":"built_up","vegetationFraction":0.206,"pavedFraction":0.567,"waterFraction":0.016,"simulated":true},"geometry":{"type":"Polygon","coordinates":[[[114.23479999999981,22.2244],[114.2363999999998,22.2244],[114.2363999999998,22.226],[114.23479999999981,22.226],[114.23479999999981,22.2244]]]}},{"type":"Feature","properties":{"id":"lu-southern-09-54","class":"built_up","vegetationFraction":0.185,"pavedFraction":0.534,"waterFraction":0.052,"simulated":true},"geometry":{"type":"Polygon","coordinates":[[[114.2363999999998,22.2244],[114.2379999999998,22.2244],[114.2379999999998,22.226],[114.2363999999998,22.226],[114.2363999999998,22.2244]]]}},{"type":"Feature","properties":{"id":"lu-southern-09-55","class":"built_up","vegetationFraction":0.116,"pavedFraction":0.551,"waterFraction":0.031,"simulated":true},"geometry":{"type":"Polygon","coordinates":[[[114.2379999999998,22.2244],[114.2395999999998,22.2244],[114.2395999999998,22.226],[114.2379999999998,22.226],[114.2379999999998,22.2244]]]}},{"type":"Feature","properties":{"id":"lu-southern-09-56","class":"urban_open_space","vegetationFraction":0.262,"pavedFraction":0.551,"waterFraction":0.035,"simulated":true},"geometry":{"type":"Polygon","coordinates":[[[114.2395999999998,22.2244],[114.2411999999998,22.2244],[114.2411999999998,22.226],[114.2395999999998,22.226],[114.2395999999998,22.2244]]]}},{"type":"Feature","properties":{"id":"lu-southern-09-57","class":"built_up","vegetationFraction":0.127,"pavedFraction":0.669,"waterFraction":0.059,"simulated":true},"geometry":{"type":"Polygon","coordinates":[[[114.2411999999998,22.2244],[114.24279999999979,22.2244],[114.24279999999979,22.226],[114.2411999999998,22.226],[114.2411999999998,22.2244]]]}},{"type":"Feature","properties":{"id":"lu-southern-09-58","class":"built_up","vegetationFraction":0.144,"pavedFraction":0.704,"waterFraction":0.047,"simulated":true},"geometry":{"type":"Polygon","coordinates":[[[114.24279999999979,22.2244],[114.24439999999979,22.2244],[114.24439999999979,22.226],[114.24279999999979,22.226],[114.24279999999979,22.2244]]]}},{"type":"Feature","properties":{"id":"lu-southern-09-59","class":"built_up","vegetationFraction":0.221,"pavedFraction":0.674,"waterFraction":0.019,"simulated":true},"geometry":{"type":"Polygon","coordinates":[[[114.24439999999979,22.2244],[114.24599999999978,22.2244],[114.24599999999978,22.226],[114.24439999999979,22.226],[114.24439999999979,22.2244]]]}},{"type":"Feature","properties":{"id":"lu-southern-09-60","class":"urban_open_space","vegetationFraction":0.252,"pavedFraction":0.736,"waterFraction":0.015,"simulated":true},"geometry":{"type":"Polygon","coordinates":[[[114.24599999999978,22.2244],[114.24759999999978,22.2244],[114.24759999999978,22.226],[114.24599999999978,22.226],[114.24599999999978,22.2244]]]}},{"type":"Feature","properties":{"id":"lu-southern-09-61","class":"built_up","vegetationFraction":0.188,"pavedFraction":0.778,"waterFraction":0.015,"simulated":true},"geometry":{"type":"Polygon","coordinates":[[[114.24759999999978,22.2244],[114.24919999999977,22.2244],[114.24919999999977,22.226],[114.24759999999978,22.226],[114.24759999999978,22.2244]]]}},{"type":"Feature","properties":{"id":"lu-southern-09-62","class":"urban_open_space","vegetationFraction":0.28,"pavedFraction":0.771,"waterFraction":0.032,"simulated":true},"geometry":{"type":"Polygon","coordinates":[[[114.24919999999977,22.2244],[114.25079999999977,22.2244],[114.25079999999977,22.226],[114.24919999999977,22.226],[114.24919999999977,22.2244]]]}},{"type":"Feature","properties":{"id":"lu-southern-09-63","class":"built_up","vegetationFraction":0.16,"pavedFraction":0.571,"waterFraction":0.036,"simulated":true},"geometry":{"type":"Polygon","coordinates":[[[114.25079999999977,22.2244],[114.25239999999977,22.2244],[114.25239999999977,22.226],[114.25079999999977,22.226],[114.25079999999977,22.2244]]]}},{"type":"Feature","properties":{"id":"lu-southern-09-64","class":"built_up","vegetationFraction":0.211,"pavedFraction":0.571,"waterFraction":0.002,"simulated":true},"geometry":{"type":"Polygon","coordinates":[[[114.25239999999977,22.2244],[114.25399999999976,22.2244],[114.25399999999976,22.226],[114.25239999999977,22.226],[114.25239999999977,22.2244]]]}},{"type":"Feature","properties":{"id":"lu-southern-09-65","class":"urban_open_space","vegetationFraction":0.272,"pavedFraction":0.76,"waterFraction":0.018,"simulated":true},"geometry":{"type":"Polygon","coordinates":[[[114.25399999999976,22.2244],[114.25559999999976,22.2244],[114.25559999999976,22.226],[114.25399999999976,22.226],[114.25399999999976,22.2244]]]}},{"type":"Feature","properties":{"id":"lu-southern-09-66","class":"built_up","vegetationFraction":0.218,"pavedFraction":0.756,"waterFraction":0.058,"simulated":true},"geometry":{"type":"Polygon","coordinates":[[[114.25559999999976,22.2244],[114.25719999999976,22.2244],[114.25719999999976,22.226],[114.25559999999976,22.226],[114.25559999999976,22.2244]]]}},{"type":"Feature","properties":{"id":"lu-southern-09-67","class":"built_up","vegetationFraction":0.115,"pavedFraction":0.752,"waterFraction":0.013,"simulated":true},"geometry":{"type":"Polygon","coordinates":[[[114.25719999999976,22.2244],[114.25879999999975,22.2244],[114.25879999999975,22.226],[114.25719999999976,22.226],[114.25719999999976,22.2244]]]}},{"type":"Feature","properties":{"id":"lu-southern-09-68","class":"built_up","vegetationFraction":0.15,"pavedFraction":0.594,"waterFraction":0.03,"simulated":true},"geometry":{"type":"Polygon","coordinates":[[[114.25879999999975,22.2244],[114.26039999999975,22.2244],[114.26039999999975,22.226],[114.25879999999975,22.226],[114.25879999999975,22.2244]]]}},{"type":"Feature","properties":{"id":"lu-southern-09-69","class":"built_up","vegetationFraction":0.192,"pavedFraction":0.724,"waterFraction":0.048,"simulated":true},"geometry":{"type":"Polygon","coordinates":[[[114.26039999999975,22.2244],[114.26199999999974,22.2244],[114.26199999999974,22.226],[114.26039999999975,22.226],[114.26039999999975,22.2244]]]}},{"type":"Feature","properties":{"id":"lu-southern-09-70","class":"built_up","vegetationFraction":0.105,"pavedFraction":0.571,"waterFraction":0.004,"simulated":true},"geometry":{"type":"Polygon","coordinates":[[[114.26199999999974,22.2244],[114.26359999999974,22.2244],[114.26359999999974,22.226],[114.26199999999974,22.226],[114.26199999999974,22.2244]]]}},{"type":"Feature","properties":{"id":"lu-southern-09-71","class":"built_up","vegetationFraction":0.116,"pavedFraction":0.607,"waterFraction":0.005,"simulated":true},"geometry":{"type":"Polygon","coordinates":[[[114.26359999999974,22.2244],[114.26519999999974,22.2244],[114.26519999999974,22.226],[114.26359999999974,22.226],[114.26359999999974,22.2244]]]}},{"type":"Feature","properties":{"id":"lu-southern-10-00","class":"built_up","vegetationFraction":0.238,"pavedFraction":0.609,"waterFraction":0.056,"simulated":true},"geometry":{"type":"Polygon","coordinates":[[[114.15,22.226],[114.1516,22.226],[114.1516,22.2276],[114.15,22.2276],[114.15,22.226]]]}},{"type":"Feature","properties":{"id":"lu-southern-10-01","class":"built_up","vegetationFraction":0.123,"pavedFraction":0.555,"waterFraction":0.038,"simulated":true},"geometry":{"type":"Polygon","coordinates":[[[114.1516,22.226],[114.1532,22.226],[114.1532,22.2276],[114.1516,22.2276],[114.1516,22.226]]]}},{"type":"Feature","properties":{"id":"lu-southern-10-02","class":"built_up","vegetationFraction":0.218,"pavedFraction":0.584,"waterFraction":0.035,"simulated":true},"geometry":{"type":"Polygon","coordinates":[[[114.1532,22.226],[114.1548,22.226],[114.1548,22.2276],[114.1532,22.2276],[114.1532,22.226]]]}},{"type":"Feature","properties":{"id":"lu-southern-10-03","class":"urban_open_space","vegetationFraction":0.255,"pavedFraction":0.489,"waterFraction":0.054,"simulated":true},"geometry":{"type":"Polygon","coordinates":[[[114.1548,22.226],[114.15639999999999,22.226],[114.15639999999999,22.2276],[114.1548,22.2276],[114.1548,22.226]]]}},{"type":"Feature","properties":{"id":"lu-southern-10-04","class":"urban_open_space","vegetationFraction":0.272,"pavedFraction":0.755,"waterFraction":0.031,"simulated":true},"geometry":{"type":"Polygon","coordinates":[[[114.15639999999999,22.226],[114.15799999999999,22.226],[114.15799999999999,22.2276],[114.15639999999999,22.2276],[114.15639999999999,22.226]]]}},{"type":"Feature","properties":{"id":"lu-southern-10-05","class":"built_up","vegetationFraction":0.19,"pavedFraction":0.659,"waterFraction":0.003,"simulated":true},"geometry":{"type":"Polygon","coordinates":[[[114.15799999999999,22.226],[114.15959999999998,22.226],[114.15959999999998,22.2276],[114.15799999999999,22.2276],[114.15799999999999,22.226]]]}},{"type":"Feature","properties":{"id":"lu-southern-10-06","class":"urban_open_space","vegetationFraction":0.258,"pavedFraction":0.611,"waterFraction":0.024,"simulated":true},"geometry":{"type":"Polygon","coordinates":[[[114.15959999999998,22.226],[114.16119999999998,22.226],[114.16119999999998,22.2276],[114.15959999999998,22.2276],[114.15959999999998,22.226]]]}},{"type":"Feature","properties":{"id":"lu-southern-10-07","class":"built_up","vegetationFraction":0.214,"pavedFraction":0.561,"waterFraction":0.003,"simulated":true},"geometry":{"type":"Polygon","coordinates":[[[114.16119999999998,22.226],[114.16279999999998,22.226],[114.16279999999998,22.2276],[114.16119999999998,22.2276],[114.16119999999998,22.226]]]}},{"type":"Feature","properties":{"id":"lu-southern-10-08","class":"built_up","vegetationFraction":0.129,"pavedFraction":0.487,"waterFraction":0.005,"simulated":true},"geometry":{"type":"Polygon","coordinates":[[[114.16279999999998,22.226],[114.16439999999997,22.226],[114.16439999999997,22.2276],[114.16279999999998,22.2276],[114.16279999999998,22.226]]]}},{"type":"Feature","properties":{"id":"lu-southern-10-09","class":"built_up","vegetationFraction":0.127,"pavedFraction":0.492,"waterFraction":0.053,"simulated":true},"geometry":{"type":"Polygon","coordinates":[[[114.16439999999997,22.226],[114.16599999999997,22.226],[114.16599999999997,22.2276],[114.16439999999997,22.2276],[114.16439999999997,22.226]]]}},{"type":"Feature","properties":{"id":"lu-southern-10-10","class":"urban_open_space","vegetationFraction":0.252,"pavedFraction":0.728,"waterFraction":0.034,"simulated":true},"geometry":{"type":"Polygon","coordinates":[[[114.16599999999997,22.226],[114.16759999999996,22.226],[114.16759999999996,22.2276],[114.16599999999997,22.2276],[114.16599999999997,22.226]]]}},{"type":"Feature","properties":{"id":"lu-southern-10-11","class":"built_up","vegetationFraction":0.123,"pavedFraction":0.613,"waterFraction":0.048,"simulated":true},"geometry":{"type":"Polygon","coordinates":[[[114.16759999999996,22.226],[114.16919999999996,22.226],[114.16919999999996,22.2276],[114.16759999999996,22.2276],[114.16759999999996,22.226]]]}},{"type":"Feature","properties":{"id":"lu-southern-10-12","class":"built_up","vegetationFraction":0.245,"pavedFraction":0.481,"waterFraction":0.055,"simulated":true},"geometry":{"type":"Polygon","coordinates":[[[114.16919999999996,22.226],[114.17079999999996,22.226],[114.17079999999996,22.2276],[114.16919999999996,22.2276],[114.16919999999996,22.226]]]}},{"type":"Feature","properties":{"id":"lu-southern-10-13","class":"built_up","vegetationFraction":0.136,"pavedFraction":0.725,"waterFraction":0.049,"simulated":true},"geometry":{"type":"Polygon","coordinates":[[[114.17079999999996,22.226],[114.17239999999995,22.226],[114.17239999999995,22.2276],[114.17079999999996,22.2276],[114.17079999999996,22.226]]]}},{"type":"Feature","properties":{"id":"lu-southern-10-14","class":"built_up","vegetationFraction":0.217,"pavedFraction":0.616,"waterFraction":0.056,"simulated":true},"geometry":{"type":"Polygon","coordinates":[[[114.17239999999995,22.226],[114.17399999999995,22.226],[114.17399999999995,22.2276],[114.17239999999995,22.2276],[114.17239999999995,22.226]]]}},{"type":"Feature","properties":{"id":"lu-southern-10-15","class":"built_up","vegetationFraction":0.109,"pavedFraction":0.534,"waterFraction":0.036,"simulated":true},"geometry":{"type":"Polygon","coordinates":[[[114.17399999999995,22.226],[114.17559999999995,22.226],[114.17559999999995,22.2276],[114.17399999999995,22.2276],[114.17399999999995,22.226]]]}},{"type":"Feature","properties":{"id":"lu-southern-10-16","class":"urban_open_space","vegetationFraction":0.272,"pavedFraction":0.635,"waterFraction":0.052,"simulated":true},"geometry":{"type":"Polygon","coordinates":[[[114.17559999999995,22.226],[114.17719999999994,22.226],[114.17719999999994,22.2276],[114.17559999999995,22.2276],[114.17559999999995,22.226]]]}},{"type":"Feature","properties":{"id":"lu-southern-10-17","class":"built_up","vegetationFraction":0.173,"pavedFraction":0.712,"waterFraction":0.06,"simulated":true},"geometry":{"type":"Polygon","coordinates":[[[114.17719999999994,22.226],[114.17879999999994,22.226],[114.17879999999994,22.2276],[114.17719999999994,22.2276],[114.17719999999994,22.226]]]}},{"type":"Feature","properties":{"id":"lu-southern-10-18","class":"built_up","vegetationFraction":0.106,"pavedFraction":0.738,"waterFraction":0.028,"simulated":true},"geometry":{"type":"Polygon","coordinates":[[[114.17879999999994,22.226],[114.18039999999993,22.226],[114.18039999999993,22.2276],[114.17879999999994,22.2276],[114.17879999999994,22.226]]]}},{"type":"Feature","properties":{"id":"lu-southern-10-19","class":"urban_open_space","vegetationFraction":0.254,"pavedFraction":0.691,"waterFraction":0.06,"simulated":true},"geometry":{"type":"Polygon","coordinates":[[[114.18039999999993,22.226],[114.18199999999993,22.226],[114.18199999999993,22.2276],[114.18039999999993,22.2276],[114.18039999999993,22.226]]]}},{"type":"Feature","properties":{"id":"lu-southern-10-20","class":"built_up","vegetationFraction":0.194,"pavedFraction":0.628,"waterFraction":0.023,"simulated":true},"geometry":{"type":"Polygon","coordinates":[[[114.18199999999993,22.226],[114.18359999999993,22.226],[114.18359999999993,22.2276],[114.18199999999993,22.2276],[114.18199999999993,22.226]]]}},{"type":"Feature","properties":{"id":"lu-southern-10-21","class":"built_up","vegetationFraction":0.139,"pavedFraction":0.773,"waterFraction":0.042,"simulated":true},"geometry":{"type":"Polygon","coordinates":[[[114.18359999999993,22.226],[114.18519999999992,22.226],[114.18519999999992,22.2276],[114.18359999999993,22.2276],[114.18359999999993,22.226]]]}},{"type":"Feature","properties":{"id":"lu-southern-10-22","class":"urban_open_space","vegetationFraction":0.251,"pavedFraction":0.721,"waterFraction":0.055,"simulated":true},"geometry":{"type":"Polygon","coordinates":[[[114.18519999999992,22.226],[114.18679999999992,22.226],[114.18679999999992,22.2276],[114.18519999999992,22.2276],[114.18519999999992,22.226]]]}},{"type":"Feature","properties":{"id":"lu-southern-10-23","class":"built_up","vegetationFraction":0.13,"pavedFraction":0.739,"waterFraction":0.014,"simulated":true},"geometry":{"type":"Polygon","coordinates":[[[114.18679999999992,22.226],[114.18839999999992,22.226],[114.18839999999992,22.2276],[114.18679999999992,22.2276],[114.18679999999992,22.226]]]}},{"type":"Feature","properties":{"id":"lu-southern-10-24","class":"built_up","vegetationFraction":0.233,"pavedFraction":0.554,"waterFraction":0.02,"simulated":true},"geometry":{"type":"Polygon","coordinates":[[[114.18839999999992,22.226],[114.18999999999991,22.226],[114.18999999999991,22.2276],[114.18839999999992,22.2276],[114.18839999999992,22.226]]]}},{"type":"Feature","properties":{"id":"lu-southern-10-25","class":"urban_open_space","vegetationFraction":0.262,"pavedFraction":0.653,"waterFraction":0.048,"simulated":true},"geometry":{"type":"Polygon","coordinates":[[[114.18999999999991,22.226],[114.19159999999991,22.226],[114.19159999999991,22.2276],[114.18999999999991,22.2276],[114.18999999999991,22.226]]]}},{"type":"Feature","properties":{"id":"lu-southern-10-26","class":"built_up","vegetationFraction":0.188,"pavedFraction":0.504,"waterFraction":0.008,"simulated":true},"geometry":{"type":"Polygon","coordinates":[[[114.19159999999991,22.226],[114.1931999999999,22.226],[114.1931999999999,22.2276],[114.19159999999991,22.2276],[114.19159999999991,22.226]]]}},{"type":"Feature","properties":{"id":"lu-southern-10-27","class":"built_up","vegetationFraction":0.192,"pavedFraction":0.748,"waterFraction":0.027,"simulated":true},"geometry":{"type":"Polygon","coordinates":[[[114.1931999999999,22.226],[114.1947999999999,22.226],[114.1947999999999,22.2276],[114.1931999999999,22.2276],[114.1931999999999,22.226]]]}},{"type":"Feature","properties":{"id":"lu-southern-10-28","class":"built_up","vegetationFraction":0.102,"pavedFraction":0.6,"waterFraction":0.021,"simulated":true},"geometry":{"type":"Polygon","coordinates":[[[114.1947999999999,22.226],[114.1963999999999,22.226],[114.1963999999999,22.2276],[114.1947999999999,22.2276],[114.1947999999999,22.226]]]}},{"type":"Feature","properties":{"id":"lu-southern-10-29","class":"built_up","vegetationFraction":0.126,"pavedFraction":0.679,"waterFraction":0.034,"simulated":true},"geometry":{"type":"Polygon","coordinates":[[[114.1963999999999,22.226],[114.1979999999999,22.226],[114.1979999999999,22.2276],[114.1963999999999,22.2276],[114.1963999999999,22.226]]]}},{"type":"Feature","properties":{"id":"lu-southern-10-30","class":"built_up","vegetationFraction":0.142,"pavedFraction":0.721,"waterFraction":0.056,"simulated":true},"geometry":{"type":"Polygon","coordinates":[[[114.1979999999999,22.226],[114.19959999999989,22.226],[114.19959999999989,22.2276],[114.1979999999999,22.2276],[114.1979999999999,22.226]]]}},{"type":"Feature","properties":{"id":"lu-southern-10-31","class":"built_up","vegetationFraction":0.236,"pavedFraction":0.555,"waterFraction":0.042,"simulated":true},"geometry":{"type":"Polygon","coordinates":[[[114.19959999999989,22.226],[114.20119999999989,22.226],[114.20119999999989,22.2276],[114.19959999999989,22.2276],[114.19959999999989,22.226]]]}},{"type":"Feature","properties":{"id":"lu-southern-10-32","class":"built_up","vegetationFraction":0.166,"pavedFraction":0.771,"waterFraction":0.002,"simulated":true},"geometry":{"type":"Polygon","coordinates":[[[114.20119999999989,22.226],[114.20279999999988,22.226],[114.20279999999988,22.2276],[114.20119999999989,22.2276],[114.20119999999989,22.226]]]}},{"type":"Feature","properties":{"id":"lu-southern-10-33","class":"built_up","vegetationFraction":0.115,"pavedFraction":0.696,"waterFraction":0.044,"simulated":true},"geometry":{"type":"Polygon","coordinates":[[[114.20279999999988,22.226],[114.20439999999988,22.226],[114.20439999999988,22.2276],[114.20279999999988,22.2276],[114.20279999999988,22.226]]]}},{"type":"Feature","properties":{"id":"lu-southern-10-34","class":"built_up","vegetationFraction":0.138,"pavedFraction":0.595,"waterFraction":0.035,"simulated":true},"geometry":{"type":"Polygon","coordinates":[[[114.20439999999988,22.226],[114.20599999999988,22.226],[114.20599999999988,22.2276],[114.20439999999988,22.2276],[114.20439999999988,22.226]]]}},{"type":"Feature","properties":{"id":"lu-southern-10-35","class":"built_up","vegetationFraction":0.163,"pavedFraction":0.672,"waterFraction":0.032,"simulated":true},"geometry":{"type":"Polygon","coordinates":[[[114.20599999999988,22.226],[114.20759999999987,22.226],[114.20759999999987,22.2276],[114.20599999999988,22.2276],[114.20599999999988,22.226]]]}},{"type":"Feature","properties":{"id":"lu-southern-10-36","class":"urban_open_space","vegetationFraction":0.262,"pavedFraction":0.604,"waterFraction":0.023,"simulated":true},"geometry":{"type":"Polygon","coordinates":[[[114.20759999999987,22.226],[114.20919999999987,22.226],[114.20919999999987,22.2276],[114.20759999999987,22.2276],[114.20759999999987,22.226]]]}},{"type":"Feature","properties":{"id":"lu-southern-10-37","class":"built_up","vegetationFraction":0.221,"pavedFraction":0.511,"waterFraction":0.016,"simulated":true},"geometry":{"type":"Polygon","coordinates":[[[114.20919999999987,22.226],[114.21079999999986,22.226],[114.21079999999986,22.2276],[114.20919999999987,22.2276],[114.20919999999987,22.226]]]}},{"type":"Feature","properties":{"id":"lu-southern-10-38","class":"built_up","vegetationFraction":0.135,"pavedFraction":0.742,"waterFraction":0.041,"simulated":true},"geometry":{"type":"Polygon","coordinates":[[[114.21079999999986,22.226],[114.21239999999986,22.226],[114.21239999999986,22.2276],[114.21079999999986,22.2276],[114.21079999999986,22.226]]]}},{"type":"Feature","properties":{"id":"lu-southern-10-39","class":"built_up","vegetationFraction":0.113,"pavedFraction":0.58,"waterFraction":0.046,"simulated":true},"geometry":{"type":"Polygon","coordinates":[[[114.21239999999986,22.226],[114.21399999999986,22.226],[114.21399999999986,22.2276],[114.21239999999986,22.2276],[114.21239999999986,22.226]]]}},{"type":"Feature","properties":{"id":"lu-southern-10-40","class":"built_up","vegetationFraction":0.105,"pavedFraction":0.566,"waterFraction":0.007,"simulated":true},"geometry":{"type":"Polygon","coordinates":[[[114.21399999999986,22.226],[114.21559999999985,22.226],[114.21559999999985,22.2276],[114.21399999999986,22.2276],[114.21399999999986,22.226]]]}},{"type":"Feature","properties":{"id":"lu-southern-10-41","class":"built_up","vegetationFraction":0.115,"pavedFraction":0.771,"waterFraction":0.039,"simulated":true},"geometry":{"type":"Polygon","coordinates":[[[114.21559999999985,22.226],[114.21719999999985,22.226],[114.21719999999985,22.2276],[114.21559999999985,22.2276],[114.21559999999985,22.226]]]}},{"type":"Feature","properties":{"id":"lu-southern-10-42","class":"built_up","vegetationFraction":0.101,"pavedFraction":0.692,"waterFraction":0.013,"simulated":true},"geometry":{"type":"Polygon","coordinates":[[[114.21719999999985,22.226],[114.21879999999985,22.226],[114.21879999999985,22.2276],[114.21719999999985,22.2276],[114.21719999999985,22.226]]]}},{"type":"Feature","properties":{"id":"lu-southern-10-43","class":"built_up","vegetationFraction":0.141,"pavedFraction":0.741,"waterFraction":0.021,"simulated":true},"geometry":{"type":"Polygon","coordinates":[[[114.21879999999985,22.226],[114.22039999999984,22.226],[114.22039999999984,22.2276],[114.21879999999985,22.2276],[114.21879999999985,22.226]]]}},{"type":"Feature","properties":{"id":"lu-southern-10-44","class":"built_up","vegetationFraction":0.2,"pavedFraction":0.621,"waterFraction":0.054,"simulated":true},"geometry":{"type":"Polygon","coordinates":[[[114.22039999999984,22.226],[114.22199999999984,22.226],[114.22199999999984,22.2276],[114.22039999999984,22.2276],[114.22039999999984,22.226]]]}},{"type":"Feature","properties":{"id":"lu-southern-10-45","class":"built_up","vegetationFraction":0.19,"pavedFraction":0.495,"waterFraction":0.056,"simulated":true},"geometry":{"type":"Polygon","coordinates":[[[114.22199999999984,22.226],[114.22359999999983,22.226],[114.22359999999983,22.2276],[114.22199999999984,22.2276],[114.22199999999984,22.226]]]}},{"type":"Feature","properties":{"id":"lu-southern-10-46","class":"built_up","vegetationFraction":0.191,"pavedFraction":0.56,"waterFraction":0.037,"simulated":true},"geometry":{"type":"Polygon","coordinates":[[[114.22359999999983,22.226],[114.22519999999983,22.226],[114.22519999999983,22.2276],[114.22359999999983,22.2276],[114.22359999999983,22.226]]]}},{"type":"Feature","properties":{"id":"lu-southern-10-47","class":"built_up","vegetationFraction":0.123,"pavedFraction":0.56,"waterFraction":0.012,"simulated":true},"geometry":{"type":"Polygon","coordinates":[[[114.22519999999983,22.226],[114.22679999999983,22.226],[114.22679999999983,22.2276],[114.22519999999983,22.2276],[114.22519999999983,22.226]]]}},{"type":"Feature","properties":{"id":"lu-southern-10-48","class":"built_up","vegetationFraction":0.214,"pavedFraction":0.688,"waterFraction":0.027,"simulated":true},"geometry":{"type":"Polygon","coordinates":[[[114.22679999999983,22.226],[114.22839999999982,22.226],[114.22839999999982,22.2276],[114.22679999999983,22.2276],[114.22679999999983,22.226]]]}},{"type":"Feature","properties":{"id":"lu-southern-10-49","class":"built_up","vegetationFraction":0.174,"pavedFraction":0.487,"waterFraction":0.029,"simulated":true},"geometry":{"type":"Polygon","coordinates":[[[114.22839999999982,22.226],[114.22999999999982,22.226],[114.22999999999982,22.2276],[114.22839999999982,22.2276],[114.22839999999982,22.226]]]}},{"type":"Feature","properties":{"id":"lu-southern-10-50","class":"built_up","vegetationFraction":0.118,"pavedFraction":0.659,"waterFraction":0.015,"simulated":true},"geometry":{"type":"Polygon","coordinates":[[[114.22999999999982,22.226],[114.23159999999982,22.226],[114.23159999999982,22.2276],[114.22999999999982,22.2276],[114.22999999999982,22.226]]]}},{"type":"Feature","properties":{"id":"lu-southern-10-51","class":"urban_open_space","vegetationFraction":0.26,"pavedFraction":0.493,"waterFraction":0.039,"simulated":true},"geometry":{"type":"Polygon","coordinates":[[[114.23159999999982,22.226],[114.23319999999981,22.226],[114.23319999999981,22.2276],[114.23159999999982,22.2276],[114.23159999999982,22.226]]]}},{"type":"Feature","properties":{"id":"lu-southern-10-52","class":"built_up","vegetationFraction":0.181,"pavedFraction":0.659,"waterFraction":0.003,"simulated":true},"geometry":{"type":"Polygon","coordinates":[[[114.23319999999981,22.226],[114.23479999999981,22.226],[114.23479999999981,22.2276],[114.23319999999981,22.2276],[114.23319999999981,22.226]]]}},{"type":"Feature","properties":{"id":"lu-southern-10-53","class":"built_up","vegetationFraction":0.18,"pavedFraction":0.504,"waterFraction":0.035,"simulated":true},"geometry":{"type":"Polygon","coordinates":[[[114.23479999999981,22.226],[114.2363999999998,22.226],[114.2363999999998,22.2276],[114.23479999999981,22.2276],[114.23479999999981,22.226]]]}},{"type":"Feature","properties":{"id":"lu-southern-10-54","class":"built_up","vegetationFraction":0.218,"pavedFraction":0.545,"waterFraction":0.052,"simulated":true},"geometry":{"type":"Polygon","coordinates":[[[114.2363999999998,22.226],[114.2379999999998,22.226],[114.2379999999998,22.2276],[114.2363999999998,22.2276],[114.2363999999998,22.226]]]}},{"type":"Feature","properties":{"id":"lu-southern-10-55","class":"built_up","vegetationFraction":0.202,"pavedFraction":0.549,"waterFraction":0.053,"simulated":true},"geometry":{"type":"Polygon","coordinates":[[[114.2379999999998,22.226],[114.2395999999998,22.226],[114.2395999999998,22.2276],[114.2379999999998,22.2276],[114.2379999999998,22.226]]]}},{"type":"Feature","properties":{"id":"lu-southern-10-56","class":"built_up","vegetationFraction":0.13,"pavedFraction":0.621,"waterFraction":0.056,"simulated":true},"geometry":{"type":"Polygon","coordinates":[[[114.2395999999998,22.226],[114.2411999999998,22.226],[114.2411999999998,22.2276],[114.2395999999998,22.2276],[114.2395999999998,22.226]]]}},{"type":"Feature","properties":{"id":"lu-southern-10-57","class":"built_up","vegetationFraction":0.213,"pavedFraction":0.621,"waterFraction":0.028,"simulated":true},"geometry":{"type":"Polygon","coordinates":[[[114.2411999999998,22.226],[114.24279999999979,22.226],[114.24279999999979,22.2276],[114.2411999999998,22.2276],[114.2411999999998,22.226]]]}},{"type":"Feature","properties":{"id":"lu-southern-10-58","class":"built_up","vegetationFraction":0.223,"pavedFraction":0.691,"waterFraction":0.038,"simulated":true},"geometry":{"type":"Polygon","coordinates":[[[114.24279999999979,22.226],[114.24439999999979,22.226],[114.24439999999979,22.2276],[114.24279999999979,22.2276],[114.24279999999979,22.226]]]}},{"type":"Feature","properties":{"id":"lu-southern-10-59","class":"built_up","vegetationFraction":0.223,"pavedFraction":0.564,"waterFraction":0.039,"simulated":true},"geometry":{"type":"Polygon","coordinates":[[[114.24439999999979,22.226],[114.24599999999978,22.226],[114.24599999999978,22.2276],[114.24439999999979,22.2276],[114.24439999999979,22.226]]]}},{"type":"Feature","properties":{"id":"lu-southern-10-60","class":"built_up","vegetationFraction":0.122,"pavedFraction":0.558,"waterFraction":0.029,"simulated":true},"geometry":{"type":"Polygon","coordinates":[[[114.24599999999978,22.226],[114.24759999999978,22.226],[114.24759999999978,22.2276],[114.24599999999978,22.2276],[114.24599999999978,22.226]]]}},{"type":"Feature","properties":{"id":"lu-southern-10-61","class":"built_up","vegetationFraction":0.232,"pavedFraction":0.496,"waterFraction":0.039,"simulated":true},"geometry":{"type":"Polygon","coordinates":[[[114.24759999999978,22.226],[114.24919999999977,22.226],[114.24919999999977,22.2276],[114.24759999999978,22.2276],[114.24759999999978,22.226]]]}},{"type":"Feature","properties":{"id":"lu-southern-10-62","class":"built_up","vegetationFraction":0.182,"pavedFraction":0.554,"waterFraction":0.031,"simulated":true},"geometry":{"type":"Polygon","coordinates":[[[114.24919999999977,22.226],[114.25079999999977,22.226],[114.25079999999977,22.2276],[114.24919999999977,22.2276],[114.24919999999977,22.226]]]}},{"type":"Feature","properties":{"id":"lu-southern-10-63","class":"built_up","vegetationFraction":0.135,"pavedFraction":0.624,"waterFraction":0.008,"simulated":true},"geometry":{"type":"Polygon","coordinates":[[[114.25079999999977,22.226],[114.25239999999977,22.226],[114.25239999999977,22.2276],[114.25079999999977,22.2276],[114.25079999999977,22.226]]]}},{"type":"Feature","properties":{"id":"lu-southern-10-64","class":"built_up","vegetationFraction":0.227,"pavedFraction":0.632,"waterFraction":0.049,"simulated":true},"geometry":{"type":"Polygon","coordinates":[[[114.25239999999977,22.226],[114.25399999999976,22.226],[114.25399999999976,22.2276],[114.25239999999977,22.2276],[114.25239999999977,22.226]]]}},{"type":"Feature","properties":{"id":"lu-southern-10-65","class":"built_up","vegetationFraction":0.183,"pavedFraction":0.592,"waterFraction":0.037,"simulated":true},"geometry":{"type":"Polygon","coordinates":[[[114.25399999999976,22.226],[114.25559999999976,22.226],[114.25559999999976,22.2276],[114.25399999999976,22.2276],[114.25399999999976,22.226]]]}},{"type":"Feature","properties":{"id":"lu-southern-10-66","class":"built_up","vegetationFraction":0.206,"pavedFraction":0.695,"waterFraction":0.017,"simulated":true},"geometry":{"type":"Polygon","coordinates":[[[114.25559999999976,22.226],[114.25719999999976,22.226],[114.25719999999976,22.2276],[114.25559999999976,22.2276],[114.25559999999976,22.226]]]}},{"type":"Feature","properties":{"id":"lu-southern-10-67","class":"built_up","vegetationFraction":0.176,"pavedFraction":0.716,"waterFraction":0.01,"simulated":true},"geometry":{"type":"Polygon","coordinates":[[[114.25719999999976,22.226],[114.25879999999975,22.226],[114.25879999999975,22.2276],[114.25719999999976,22.2276],[114.25719999999976,22.226]]]}},{"type":"Feature","properties":{"id":"lu-southern-10-68","class":"built_up","vegetationFraction":0.171,"pavedFraction":0.508,"waterFraction":0.025,"simulated":true},"geometry":{"type":"Polygon","coordinates":[[[114.25879999999975,22.226],[114.26039999999975,22.226],[114.26039999999975,22.2276],[114.25879999999975,22.2276],[114.25879999999975,22.226]]]}},{"type":"Feature","properties":{"id":"lu-southern-10-69","class":"urban_open_space","vegetationFraction":0.266,"pavedFraction":0.715,"waterFraction":0.045,"simulated":true},"geometry":{"type":"Polygon","coordinates":[[[114.26039999999975,22.226],[114.26199999999974,22.226],[114.26199999999974,22.2276],[114.26039999999975,22.2276],[114.26039999999975,22.226]]]}},{"type":"Feature","properties":{"id":"lu-southern-10-70","class":"urban_open_space","vegetationFraction":0.263,"pavedFraction":0.542,"waterFraction":0.005,"simulated":true},"geometry":{"type":"Polygon","coordinates":[[[114.26199999999974,22.226],[114.26359999999974,22.226],[114.26359999999974,22.2276],[114.26199999999974,22.2276],[114.26199999999974,22.226]]]}},{"type":"Feature","properties":{"id":"lu-southern-10-71","class":"built_up","vegetationFraction":0.233,"pavedFraction":0.726,"waterFraction":0.043,"simulated":true},"geometry":{"type":"Polygon","coordinates":[[[114.26359999999974,22.226],[114.26519999999974,22.226],[114.26519999999974,22.2276],[114.26359999999974,22.2276],[114.26359999999974,22.226]]]}},{"type":"Feature","properties":{"id":"lu-southern-11-00","class":"urban_open_space","vegetationFraction":0.255,"pavedFraction":0.762,"waterFraction":0.012,"simulated":true},"geometry":{"type":"Polygon","coordinates":[[[114.15,22.2276],[114.1516,22.2276],[114.1516,22.2292],[114.15,22.2292],[114.15,22.2276]]]}},{"type":"Feature","properties":{"id":"lu-southern-11-01","class":"built_up","vegetationFraction":0.168,"pavedFraction":0.551,"waterFraction":0.042,"simulated":true},"geometry":{"type":"Polygon","coordinates":[[[114.1516,22.2276],[114.1532,22.2276],[114.1532,22.2292],[114.1516,22.2292],[114.1516,22.2276]]]}},{"type":"Feature","properties":{"id":"lu-southern-11-02","class":"built_up","vegetationFraction":0.107,"pavedFraction":0.647,"waterFraction":0.025,"simulated":true},"geometry":{"type":"Polygon","coordinates":[[[114.1532,22.2276],[114.1548,22.2276],[114.1548,22.2292],[114.1532,22.2292],[114.1532,22.2276]]]}},{"type":"Feature","properties":{"id":"lu-southern-11-03","class":"built_up","vegetationFraction":0.168,"pavedFraction":0.695,"waterFraction":0.053,"simulated":true},"geometry":{"type":"Polygon","coordinates":[[[114.1548,22.2276],[114.15639999999999,22.2276],[114.15639999999999,22.2292],[114.1548,22.2292],[114.1548,22.2276]]]}},{"type":"Feature","properties":{"id":"lu-southern-11-04","class":"built_up","vegetationFraction":0.216,"pavedFraction":0.526,"waterFraction":0.005,"simulated":true},"geometry":{"type":"Polygon","coordinates":[[[114.15639999999999,22.2276],[114.15799999999999,22.2276],[114.15799999999999,22.2292],[114.15639999999999,22.2292],[114.15639999999999,22.2276]]]}},{"type":"Feature","properties":{"id":"lu-southern-11-05","class":"built_up","vegetationFraction":0.129,"pavedFraction":0.587,"waterFraction":0.051,"simulated":true},"geometry":{"type":"Polygon","coordinates":[[[114.15799999999999,22.2276],[114.15959999999998,22.2276],[114.15959999999998,22.2292],[114.15799999999999,22.2292],[114.15799999999999,22.2276]]]}},{"type":"Feature","properties":{"id":"lu-southern-11-06","class":"built_up","vegetationFraction":0.19,"pavedFraction":0.676,"waterFraction":0.024,"simulated":true},"geometry":{"type":"Polygon","coordinates":[[[114.15959999999998,22.2276],[114.16119999999998,22.2276],[114.16119999999998,22.2292],[114.15959999999998,22.2292],[114.15959999999998,22.2276]]]}},{"type":"Feature","properties":{"id":"lu-southern-11-07","class":"urban_open_space","vegetationFraction":0.252,"pavedFraction":0.595,"waterFraction":0.008,"simulated":true},"geometry":{"type":"Polygon","coordinates":[[[114.16119999999998,22.2276],[114.16279999999998,22.2276],[114.16279999999998,22.2292],[114.16119999999998,22.2292],[114.16119999999998,22.2276]]]}},{"type":"Feature","properties":{"id":"lu-southern-11-08","class":"built_up","vegetationFraction":0.117,"pavedFraction":0.78,"waterFraction":0.045,"simulated":true},"geometry":{"type":"Polygon","coordinates":[[[114.16279999999998,22.2276],[114.16439999999997,22.2276],[114.16439999999997,22.2292],[114.16279999999998,22.2292],[114.16279999999998,22.2276]]]}},{"type":"Feature","properties":{"id":"lu-southern-11-09","class":"built_up","vegetationFraction":0.18,"pavedFraction":0.628,"waterFraction":0.0,"simulated":true},"geometry":{"type":"Polygon","coordinates":[[[114.16439999999997,22.2276],[114.16599999999997,22.2276],[114.16599999999997,22.2292],[114.16439999999997,22.2292],[114.16439999999997,22.2276]]]}},{"type":"Feature","properties":{"id":"lu-southern-11-10","class":"built_up","vegetationFraction":0.16,"pavedFraction":0.779,"waterFraction":0.023,"simulated":true},"geometry":{"type":"Polygon","coordinates":[[[114.16599999999997,22.2276],[114.16759999999996,22.2276],[114.16759999999996,22.2292],[114.16599999999997,22.2292],[114.16599999999997,22.2276]]]}},{"type":"Feature","properties":{"id":"lu-southern-11-11","class":"built_up","vegetationFraction":0.223,"pavedFraction":0.605,"waterFraction":0.02,"simulated":true},"geometry":{"type":"Polygon","coordinates":[[[114.16759999999996,22.2276],[114.16919999999996,22.2276],[114.16919999999996,22.2292],[114.16759999999996,22.2292],[114.16759999999996,22.2276]]]}},{"type":"Feature","properties":{"id":"lu-southern-11-12","class":"built_up","vegetationFraction":0.24,"pavedFraction":0.748,"waterFraction":0.055,"simulated":true},"geometry":{"type":"Polygon","coordinates":[[[114.16919999999996,22.2276],[114.17079999999996,22.2276],[114.17079999999996,22.2292],[114.16919999999996,22.2292],[114.16919999999996,22.2276]]]}},{"type":"Feature","properties":{"id":"lu-southern-11-13","class":"urban_open_space","vegetationFraction":0.255,"pavedFraction":0.644,"waterFraction":0.057,"simulated":true},"geometry":{"type":"Polygon","coordinates":[[[114.17079999999996,22.2276],[114.17239999999995,22.2276],[114.17239999999995,22.2292],[114.17079999999996,22.2292],[114.17079999999996,22.2276]]]}},{"type":"Feature","properties":{"id":"lu-southern-11-14","class":"built_up","vegetationFraction":0.108,"pavedFraction":0.724,"waterFraction":0.046,"simulated":true},"geometry":{"type":"Polygon","coordinates":[[[114.17239999999995,22.2276],[114.17399999999995,22.2276],[114.17399999999995,22.2292],[114.17239999999995,22.2292],[114.17239999999995,22.2276]]]}},{"type":"Feature","properties":{"id":"lu-southern-11-15","class":"built_up","vegetationFraction":0.187,"pavedFraction":0.615,"waterFraction":0.002,"simulated":true},"geometry":{"type":"Polygon","coordinates":[[[114.17399999999995,22.2276],[114.17559999999995,22.2276],[114.17559999999995,22.2292],[114.17399999999995,22.2292],[114.17399999999995,22.2276]]]}},{"type":"Feature","properties":{"id":"lu-southern-11-16","class":"built_up","vegetationFraction":0.153,"pavedFraction":0.495,"waterFraction":0.038,"simulated":true},"geometry":{"type":"Polygon","coordinates":[[[114.17559999999995,22.2276],[114.17719999999994,22.2276],[114.17719999999994,22.2292],[114.17559999999995,22.2292],[114.17559999999995,22.2276]]]}},{"type":"Feature","properties":{"id":"lu-southern-11-17","class":"built_up","vegetationFraction":0.21,"pavedFraction":0.773,"waterFraction":0.03,"simulated":true},"geometry":{"type":"Polygon","coordinates":[[[114.17719999999994,22.2276],[114.17879999999994,22.2276],[114.17879999999994,22.2292],[114.17719999999994,22.2292],[114.17719999999994,22.2276]]]}},{"type":"Feature","properties":{"id":"lu-southern-11-18","class":"built_up","vegetationFraction":0.219,"pavedFraction":0.616,"waterFraction":0.056,"simulated":true},"geometry":{"type":"Polygon","coordinates":[[[114.17879999999994,22.2276],[114.18039999999993,22.2276],[114.18039999999993,22.2292],[114.17879999999994,22.2292],[114.17879999999994,22.2276]]]}},{"type":"Feature","properties":{"id":"lu-southern-11-19","class":"urban_open_space","vegetationFraction":0.277,"pavedFraction":0.591,"waterFraction":0.048,"simulated":true},"geometry":{"type":"Polygon","coordinates":[[[114.18039999999993,22.2276],[114.18199999999993,22.2276],[114.18199999999993,22.2292],[114.18039999999993,22.2292],[114.18039999999993,22.2276]]]}},{"type":"Feature","properties":{"id":"lu-southern-11-20","class":"built_up","vegetationFraction":0.235,"pavedFraction":0.486,"waterFraction":0.043,"simulated":true},"geometry":{"type":"Polygon","coordinates":[[[114.18199999999993,22.2276],[114.18359999999993,22.2276],[114.18359999999993,22.2292],[114.18199999999993,22.2292],[114.18199999999993,22.2276]]]}},{"type":"Feature","properties":{"id":"lu-southern-11-21","class":"urban_open_space","vegetationFraction":0.255,"pavedFraction":0.534,"waterFraction":0.028,"simulated":true},"geometry":{"type":"Polygon","coordinates":[[[114.18359999999993,22.2276],[114.18519999999992,22.2276],[114.18519999999992,22.2292],[114.18359999999993,22.2292],[114.18359999999993,22.2276]]]}},{"type":"Feature","properties":{"id":"lu-southern-11-22","class":"urban_open_space","vegetationFraction":0.25,"pavedFraction":0.696,"waterFraction":0.041,"simulated":true},"geometry":{"type":"Polygon","coordinates":[[[114.18519999999992,22.2276],[114.18679999999992,22.2276],[114.18679999999992,22.2292],[114.18519999999992,22.2292],[114.18519999999992,22.2276]]]}},{"type":"Feature","properties":{"id":"lu-southern-11-23","class":"urban_open_space","vegetationFraction":0.256,"pavedFraction":0.559,"waterFraction":0.055,"simulated":true},"geometry":{"type":"Polygon","coordinates":[[[114.18679999999992,22.2276],[114.18839999999992,22.2276],[114.18839999999992,22.2292],[114.18679999999992,22.2292],[114.18679999999992,22.2276]]]}},{"type":"Feature","properties":{"id":"lu-southern-11-24","class":"built_up","vegetationFraction":0.24,"pavedFraction":0.692,"waterFraction":0.025,"simulated":true},"geometry":{"type":"Polygon","coordinates":[[[114.18839999999992,22.2276],[114.18999999999991,22.2276],[114.18999999999991,22.2292],[114.18839999999992,22.2292],[114.18839999999992,22.2276]]]}},{"type":"Feature","properties":{"id":"lu-southern-11-25","class":"built_up","vegetationFraction":0.173,"pavedFraction":0.669,"waterFraction":0.002,"simulated":true},"geometry":{"type":"Polygon","coordinates":[[[114.18999999999991,22.2276],[114.19159999999991,22.2276],[114.19159999999991,22.2292],[114.18999999999991,22.2292],[114.18999999999991,22.2276]]]}},{"type":"Feature","properties":{"id":"lu-southern-11-26","class":"built_up","vegetationFraction":0.218,"pavedFraction":0.654,"waterFraction":0.049,"simulated":true},"geometry":{"type":"Polygon","coordinates":[[[114.19159999999991,22.2276],[114.1931999999999,22.2276],[114.1931999999999,22.2292],[114.19159999999991,22.2292],[114.19159999999991,22.2276]]]}},{"type":"Feature","properties":{"id":"lu-southern-11-27","class":"built_up","vegetationFraction":0.168,"pavedFraction":0.734,"waterFraction":0.003,"simulated":true},"geometry":{"type":"Polygon","coordinates":[[[114.1931999999999,22.2276],[114.1947999999999,22.2276],[114.1947999999999,22.2292],[114.1931999999999,22.2292],[114.1931999999999,22.2276]]]}},{"type":"Feature","properties":{"id":"lu-southern-11-28","class":"built_up","vegetationFraction":0.212,"pavedFraction":0.538,"waterFraction":0.01,"simulated":true},"geometry":{"type":"Polygon","coordinates":[[[114.1947999999999,22.2276],[114.1963999999999,22.2276],[114.1963999999999,22.2292],[114.1947999999999,22.2292],[114.1947999999999,22.2276]]]}},{"type":"Feature","properties":{"id":"lu-southern-11-29","class":"urban_open_space","vegetationFraction":0.273,"pavedFraction":0.545,"waterFraction":0.029,"simulated":true},"geometry":{"type":"Polygon","coordinates":[[[114.1963999999999,22.2276],[114.1979999999999,22.2276],[114.1979999999999,22.2292],[114.1963999999999,22.2292],[114.1963999999999,22.2276]]]}},{"type":"Feature","properties":{"id":"lu-southern-11-30","class":"built_up","vegetationFraction":0.172,"pavedFraction":0.531,"waterFraction":0.048,"simulated":true},"geometry":{"type":"Polygon","coordinates":[[[114.1979999999999,22.2276],[114.19959999999989,22.2276],[114.19959999999989,22.2292],[114.1979999999999,22.2292],[114.1979999999999,22.2276]]]}},{"type":"Feature","properties":{"id":"lu-southern-11-31","class":"built_up","vegetationFraction":0.248,"pavedFraction":0.493,"waterFraction":0.04,"simulated":true},"geometry":{"type":"Polygon","coordinates":[[[114.19959999999989,22.2276],[114.20119999999989,22.2276],[114.20119999999989,22.2292],[114.19959999999989,22.2292],[114.19959999999989,22.2276]]]}},{"type":"Feature","properties":{"id":"lu-southern-11-32","class":"built_up","vegetationFraction":0.185,"pavedFraction":0.566,"waterFraction":0.028,"simulated":true},"geometry":{"type":"Polygon","coordinates":[[[114.20119999999989,22.2276],[114.20279999999988,22.2276],[114.20279999999988,22.2292],[114.20119999999989,22.2292],[114.20119999999989,22.2276]]]}},{"type":"Feature","properties":{"id":"lu-southern-11-33","class":"built_up","vegetationFraction":0.221,"pavedFraction":0.552,"waterFraction":0.054,"simulated":true},"geometry":{"type":"Polygon","coordinates":[[[114.20279999999988,22.2276],[114.20439999999988,22.2276],[114.20439999999988,22.2292],[114.20279999999988,22.2292],[114.20279999999988,22.2276]]]}},{"type":"Feature","properties":{"id":"lu-southern-11-34","class":"built_up","vegetationFraction":0.177,"pavedFraction":0.673,"waterFraction":0.053,"simulated":true},"geometry":{"type":"Polygon","coordinates":[[[114.20439999999988,22.2276],[114.20599999999988,22.2276],[114.20599999999988,22.2292],[114.20439999999988,22.2292],[114.20439999999988,22.2276]]]}},{"type":"Feature","properties":{"id":"lu-southern-11-35","class":"built_up","vegetationFraction":0.197,"pavedFraction":0.752,"waterFraction":0.028,"simulated":true},"geometry":{"type":"Polygon","coordinates":[[[114.20599999999988,22.2276],[114.20759999999987,22.2276],[114.20759999999987,22.2292],[114.20599999999988,22.2292],[114.20599999999988,22.2276]]]}},{"type":"Feature","properties":{"id":"lu-southern-11-36","class":"built_up","vegetationFraction":0.12,"pavedFraction":0.764,"waterFraction":0.045,"simulated":true},"geometry":{"type":"Polygon","coordinates":[[[114.20759999999987,22.2276],[114.20919999999987,22.2276],[114.20919999999987,22.2292],[114.20759999999987,22.2292],[114.20759999999987,22.2276]]]}},{"type":"Feature","properties":{"id":"lu-southern-11-37","class":"built_up","vegetationFraction":0.187,"pavedFraction":0.64,"waterFraction":0.016,"simulated":true},"geometry":{"type":"Polygon","coordinates":[[[114.20919999999987,22.2276],[114.21079999999986,22.2276],[114.21079999999986,22.2292],[114.20919999999987,22.2292],[114.20919999999987,22.2276]]]}},{"type":"Feature","properties":{"id":"lu-southern-11-38","class":"built_up","vegetationFraction":0.234,"pavedFraction":0.734,"waterFraction":0.025,"simulated":true},"geometry":{"type":"Polygon","coordinates":[[[114.21079999999986,22.2276],[114.21239999999986,22.2276],[114.21239999999986,22.2292],[114.21079999999986,22.2292],[114.21079999999986,22.2276]]]}},{"type":"Feature","properties":{"id":"lu-southern-11-39","class":"built_up","vegetationFraction":0.218,"pavedFraction":0.64,"waterFraction":0.035,"simulated":true},"geometry":{"type":"Polygon","coordinates":[[[114.21239999999986,22.2276],[114.21399999999986,22.2276],[114.21399999999986,22.2292],[114.21239999999986,22.2292],[114.21239999999986,22.2276]]]}},{"type":"Feature","properties":{"id":"lu-southern-11-40","class":"built_up","vegetationFraction":0.213,"pavedFraction":0.651,"waterFraction":0.06,"simulated":true},"geometry":{"type":"Polygon","coordinates":[[[114.21399999999986,22.2276],[114.21559999999985,22.2276],[114.21559999999985,22.2292],[114.21399999999986,22.2292],[114.21399999999986,22.2276]]]}},{"type":"Feature","properties":{"id":"lu-southern-11-41","class":"built_up","vegetationFraction":0.158,"pavedFraction":0.731,"waterFraction":0.055,"simulated":true},"geometry":{"type":"Polygon","coordinates":[[[114.21559999999985,22.2276],[114.21719999999985,22.2276],[114.21719999999985,22.2292],[114.21559999999985,22.2292],[114.21559999999985,22.2276]]]}},{"type":"Feature","properties":{"id":"lu-southern-11-42","class":"built_up","vegetationFraction":0.101,"pavedFraction":0.578,"waterFraction":0.001,"simulated":true},"geometry":{"type":"Polygon","coordinates":[[[114.21719999999985,22.2276],[114.21879999999985,22.2276],[114.21879999999985,22.2292],[114.21719999999985,22.2292],[114.21719999999985,22.2276]]]}},{"type":"Feature","properties":{"id":"lu-southern-11-43","class":"urban_open_space","vegetationFraction":0.269,"pavedFraction":0.776,"waterFraction":0.032,"simulated":true},"geometry":{"type":"Polygon","coordinates":[[[114.21879999999985,22.2276],[114.22039999999984,22.2276],[114.22039999999984,22.2292],[114.21879999999985,22.2292],[114.21879999999985,22.2276]]]}},{"type":"Feature","properties":{"id":"lu-southern-11-44","class":"built_up","vegetationFraction":0.137,"pavedFraction":0.725,"waterFraction":0.035,"simulated":true},"geometry":{"type":"Polygon","coordinates":[[[114.22039999999984,22.2276],[114.22199999999984,22.2276],[114.22199999999984,22.2292],[114.22039999999984,22.2292],[114.22039999999984,22.2276]]]}},{"type":"Feature","properties":{"id":"lu-southern-11-45","class":"built_up","vegetationFraction":0.238,"pavedFraction":0.489,"waterFraction":0.046,"simulated":true},"geometry":{"type":"Polygon","coordinates":[[[114.22199999999984,22.2276],[114.22359999999983,22.2276],[114.22359999999983,22.2292],[114.22199999999984,22.2292],[114.22199999999984,22.2276]]]}},{"type":"Feature","properties":{"id":"lu-southern-11-46","class":"built_up","vegetationFraction":0.11,"pavedFraction":0.747,"waterFraction":0.001,"simulated":true},"geometry":{"type":"Polygon","coordinates":[[[114.22359999999983,22.2276],[114.22519999999983,22.2276],[114.22519999999983,22.2292],[114.22359999999983,22.2292],[114.22359999999983,22.2276]]]}},{"type":"Feature","properties":{"id":"lu-southern-11-47","class":"built_up","vegetationFraction":0.119,"pavedFraction":0.558,"waterFraction":0.01,"simulated":true},"geometry":{"type":"Polygon","coordinates":[[[114.22519999999983,22.2276],[114.22679999999983,22.2276],[114.22679999999983,22.2292],[114.22519999999983,22.2292],[114.22519999999983,22.2276]]]}},{"type":"Feature","properties":{"id":"lu-southern-11-48","class":"built_up","vegetationFraction":0.14,"pavedFraction":0.665,"waterFraction":0.057,"simulated":true},"geometry":{"type":"Polygon","coordinates":[[[114.22679999999983,22.2276],[114.22839999999982,22.2276],[114.22839999999982,22.2292],[114.22679999999983,22.2292],[114.22679999999983,22.2276]]]}},{"type":"Feature","properties":{"id":"lu-southern-11-49","class":"urban_open_space","vegetationFraction":0.271,"pavedFraction":0.608,"waterFraction":0.013,"simulated":true},"geometry":{"type":"Polygon","coordinates":[[[114.22839999999982,22.2276],[114.22999999999982,22.2276],[114.22999999999982,22.2292],[114.22839999999982,22.2292],[114.22839999999982,22.2276]]]}},{"type":"Feature","properties":{"id":"lu-southern-11-50","class":"built_up","vegetationFraction":0.16,"pavedFraction":0.72,"waterFraction":0.05,"simulated":true},"geometry":{"type":"Polygon","coordinates":[[[114.22999999999982,22.2276],[114.23159999999982,22.2276],[114.23159999999982,22.2292],[114.22999999999982,22.2292],[114.22999999999982,22.2276]]]}},{"type":"Feature","properties":{"id":"lu-southern-11-51","class":"built_up","vegetationFraction":0.159,"pavedFraction":0.562,"waterFraction":0.046,"simulated":true},"geometry":{"type":"Polygon","coordinates":[[[114.23159999999982,22.2276],[114.23319999999981,22.2276],[114.23319999999981,22.2292],[114.23159999999982,22.2292],[114.23159999999982,22.2276]]]}},{"type":"Feature","properties":{"id":"lu-southern-11-52","class":"built_up","vegetationFraction":0.107,"pavedFraction":0.725,"waterFraction":0.016,"simulated":true},"geometry":{"type":"Polygon","coordinates":[[[114.23319999999981,22.2276],[114.23479999999981,22.2276],[114.23479999999981,22.2292],[114.23319999999981,22.2292],[114.23319999999981,22.2276]]]}},{"type":"Feature","properties":{"id":"lu-southern-11-53","class":"built_up","vegetationFraction":0.18,"pavedFraction":0.68,"waterFraction":0.032,"simulated":true},"geometry":{"type":"Polygon","coordinates":[[[114.23479999999981,22.2276],[114.2363999999998,22.2276],[114.2363999999998,22.2292],[114.23479999999981,22.2292],[114.23479999999981,22.2276]]]}},{"type":"Feature","properties":{"id":"lu-southern-11-54","class":"built_up","vegetationFraction":0.226,"pavedFraction":0.746,"waterFraction":0.016,"simulated":true},"geometry":{"type":"Polygon","coordinates":[[[114.2363999999998,22.2276],[114.2379999999998,22.2276],[114.2379999999998,22.2292],[114.2363999999998,22.2292],[114.2363999999998,22.2276]]]}},{"type":"Feature","properties":{"id":"lu-southern-11-55","class":"urban_open_space","vegetationFraction":0.264,"pavedFraction":0.594,"waterFraction":0.052,"simulated":true},"geometry":{"type":"Polygon","coordinates":[[[114.2379999999998,22.2276],[114.2395999999998,22.2276],[114.2395999999998,22.2292],[114.2379999999998,22.2292],[114.2379999999998,22.2276]]]}},{"type":"Feature","properties":{"id":"lu-southern-11-56","class":"urban_open_space","vegetationFraction":0.25,"pavedFraction":0.656,"waterFraction":0.048,"simulated":true},"geometry":{"type":"Polygon","coordinates":[[[114.2395999999998,22.2276],[114.2411999999998,22.2276],[114.2411999999998,22.2292],[114.2395999999998,22.2292],[114.2395999999998,22.2276]]]}},{"type":"Feature","properties":{"id":"lu-southern-11-57","class":"urban_open_space","vegetationFraction":0.258,"pavedFraction":0.526,"waterFraction":0.033,"simulated":true},"geometry":{"type":"Polygon","coordinates":[[[114.2411999999998,22.2276],[114.24279999999979,22.2276],[114.24279999999979,22.2292],[114.2411999999998,22.2292],[114.2411999999998,22.2276]]]}},{"type":"Feature","properties":{"id":"lu-southern-11-58","class":"built_up","vegetationFraction":0.211,"pavedFraction":0.758,"waterFraction":0.028,"simulated":true},"geometry":{"type":"Polygon","coordinates":[[[114.24279999999979,22.2276],[114.24439999999979,22.2276],[114.24439999999979,22.2292],[114.24279999999979,22.2292],[114.24279999999979,22.2276]]]}},{"type":"Feature","properties":{"id":"lu-southern-11-59","class":"built_up","vegetationFraction":0.135,"pavedFraction":0.648,"waterFraction":0.015,"simulated":true},"geometry":{"type":"Polygon","coordinates":[[[114.24439999999979,22.2276],[114.24599999999978,22.2276],[114.24599999999978,22.2292],[114.24439999999979,22.2292],[114.24439999999979,22.2276]]]}},{"type":"Feature","properties":{"id":"lu-southern-11-60","class":"built_up","vegetationFraction":0.234,"pavedFraction":0.762,"waterFraction":0.017,"simulated":true},"geometry":{"type":"Polygon","coordinates":[[[114.24599999999978,22.2276],[114.24759999999978,22.2276],[114.24759999999978,22.2292],[114.24599999999978,22.2292],[114.24599999999978,22.2276]]]}},{"type":"Feature","properties":{"id":"lu-southern-11-61","class":"built_up","vegetationFraction":0.202,"pavedFraction":0.672,"waterFraction":0.031,"simulated":true},"geometry":{"type":"Polygon","coordinates":[[[114.24759999999978,22.2276],[114.24919999999977,22.2276],[114.24919999999977,22.2292],[114.24759999999978,22.2292],[114.24759999999978,22.2276]]]}},{"type":"Feature","properties":{"id":"lu-southern-11-62","class":"built_up","vegetationFraction":0.146,"pavedFraction":0.74,"waterFraction":0.04,"simulated":true},"geometry":{"type":"Polygon","coordinates":[[[114.24919999999977,22.2276],[114.25079999999977,22.2276],[114.25079999999977,22.2292],[114.24919999999977,22.2292],[114.24919999999977,22.2276]]]}},{"type":"Feature","properties":{"id":"lu-southern-11-63","class":"built_up","vegetationFraction":0.188,"pavedFraction":0.748,"waterFraction":0.044,"simulated":true},"geometry":{"type":"Polygon","coordinates":[[[114.25079999999977,22.2276],[114.25239999999977,22.2276],[114.25239999999977,22.2292],[114.25079999999977,22.2292],[114.25079999999977,22.2276]]]}},{"type":"Feature","properties":{"id":"lu-southern-11-64","class":"built_up","vegetationFraction":0.227,"pavedFraction":0.688,"waterFraction":0.025,"simulated":true},"geometry":{"type":"Polygon","coordinates":[[[114.25239999999977,22.2276],[114.25399999999976,22.2276],[114.25399999999976,22.2292],[114.25239999999977,22.2292],[114.25239999999977,22.2276]]]}},{"type":"Feature","properties":{"id":"lu-southern-11-65","class":"built_up","vegetationFraction":0.163,"pavedFraction":0.701,"waterFraction":0.031,"simulated":true},"geometry":{"type":"Polygon","coordinates":[[[114.25399999999976,22.2276],[114.25559999999976,22.2276],[114.25559999999976,22.2292],[114.25399999999976,22.2292],[114.25399999999976,22.2276]]]}},{"type":"Feature","properties":{"id":"lu-southern-11-66","class":"built_up","vegetationFraction":0.181,"pavedFraction":0.587,"waterFraction":0.035,"simulated":true},"geometry":{"type":"Polygon","coordinates":[[[114.25559999999976,22.2276],[114.25719999999976,22.2276],[114.25719999999976,22.2292],[114.25559999999976,22.2292],[114.25559999999976,22.2276]]]}},{"type":"Feature","properties":{"id":"lu-southern-11-67","class":"built_up","vegetationFraction":0.18,"pavedFraction":0.659,"waterFraction":0.038,"simulated":true},"geometry":{"type":"Polygon","coordinates":[[[114.25719999999976,22.2276],[114.25879999999975,22.2276],[114.25879999999975,22.2292],[114.25719999999976,22.2292],[114.25719999999976,22.2276]]]}},{"type":"Feature","properties":{"id":"lu-southern-11-68","class":"built_up","vegetationFraction":0.161,"pavedFraction":0.568,"waterFraction":0.009,"simulated":true},"geometry":{"type":"Polygon","coordinates":[[[114.25879999999975,22.2276],[114.26039999999975,22.2276],[114.26039999999975,22.2292],[114.25879999999975,22.2292],[114.25879999999975,22.2276]]]}},{"type":"Feature","properties":{"id":"lu-southern-11-69","class":"urban_open_space","vegetationFraction":0.269,"pavedFraction":0.718,"waterFraction":0.003,"simulated":true},"geometry":{"type":"Polygon","coordinates":[[[114.26039999999975,22.2276],[114.26199999999974,22.2276],[114.26199999999974,22.2292],[114.26039999999975,22.2292],[114.26039999999975,22.2276]]]}},{"type":"Feature","properties":{"id":"lu-southern-11-70","class":"built_up","vegetationFraction":0.183,"pavedFraction":0.48,"waterFraction":0.047,"simulated":true},"geometry":{"type":"Polygon","coordinates":[[[114.26199999999974,22.2276],[114.26359999999974,22.2276],[114.26359999999974,22.2292],[114.26199999999974,22.2292],[114.26199999999974,22.2276]]]}},{"type":"Feature","properties":{"id":"lu-southern-11-71","class":"built_up","vegetationFraction":0.164,"pavedFraction":0.582,"waterFraction":0.0,"simulated":true},"geometry":{"type":"Polygon","coordinates":[[[114.26359999999974,22.2276],[114.26519999999974,22.2276],[114.26519999999974,22.2292],[114.26359999999974,22.2292],[114.26359999999974,22.2276]]]}},{"type":"Feature","properties":{"id":"lu-southern-12-00","class":"built_up","vegetationFraction":0.236,"pavedFraction":0.749,"waterFraction":0.051,"simulated":true},"geometry":{"type":"Polygon","coordinates":[[[114.15,22.2292],[114.1516,22.2292],[114.1516,22.2308],[114.15,22.2308],[114.15,22.2292]]]}},{"type":"Feature","properties":{"id":"lu-southern-12-01","class":"urban_open_space","vegetationFraction":0.256,"pavedFraction":0.774,"waterFraction":0.024,"simulated":true},"geometry":{"type":"Polygon","coordinates":[[[114.1516,22.2292],[114.1532,22.2292],[114.1532,22.2308],[114.1516,22.2308],[114.1516,22.2292]]]}},{"type":"Feature","properties":{"id":"lu-southern-12-02","class":"built_up","vegetationFraction":0.202,"pavedFraction":0.559,"waterFraction":0.034,"simulated":true},"geometry":{"type":"Polygon","coordinates":[[[114.1532,22.2292],[114.1548,22.2292],[114.1548,22.2308],[114.1532,22.2308],[114.1532,22.2292]]]}},{"type":"Feature","properties":{"id":"lu-southern-12-03","class":"built_up","vegetationFraction":0.239,"pavedFraction":0.68,"waterFraction":0.057,"simulated":true},"geometry":{"type":"Polygon","coordinates":[[[114.1548,22.2292],[114.15639999999999,22.2292],[114.15639999999999,22.2308],[114.1548,22.2308],[114.1548,22.2292]]]}},{"type":"Feature","properties":{"id":"lu-southern-12-04","class":"built_up","vegetationFraction":0.214,"pavedFraction":0.727,"waterFraction":0.018,"simulated":true},"geometry":{"type":"Polygon","coordinates":[[[114.15639999999999,22.2292],[114.15799999999999,22.2292],[114.15799999999999,22.2308],[114.15639999999999,22.2308],[114.15639999999999,22.2292]]]}},{"type":"Feature","properties":{"id":"lu-southern-12-05","class":"built_up","vegetationFraction":0.163,"pavedFraction":0.559,"waterFraction":0.025,"simulated":true},"geometry":{"type":"Polygon","coordinates":[[[114.15799999999999,22.2292],[114.15959999999998,22.2292],[114.15959999999998,22.2308],[114.15799999999999,22.2308],[114.15799999999999,22.2292]]]}},{"type":"Feature","properties":{"id":"lu-southern-12-06","class":"urban_open_space","vegetationFraction":0.264,"pavedFraction":0.773,"waterFraction":0.039,"simulated":true},"geometry":{"type":"Polygon","coordinates":[[[114.15959999999998,22.2292],[114.16119999999998,22.2292],[114.16119999999998,22.2308],[114.15959999999998,22.2308],[114.15959999999998,22.2292]]]}},{"type":"Feature","properties":{"id":"lu-southern-12-07","class":"built_up","vegetationFraction":0.16,"pavedFraction":0.486,"waterFraction":0.007,"simulated":true},"geometry":{"type":"Polygon","coordinates":[[[114.16119999999998,22.2292],[114.16279999999998,22.2292],[114.16279999999998,22.2308],[114.16119999999998,22.2308],[114.16119999999998,22.2292]]]}},{"type":"Feature","properties":{"id":"lu-southern-12-08","class":"built_up","vegetationFraction":0.228,"pavedFraction":0.709,"waterFraction":0.012,"simulated":true},"geometry":{"type":"Polygon","coordinates":[[[114.16279999999998,22.2292],[114.16439999999997,22.2292],[114.16439999999997,22.2308],[114.16279999999998,22.2308],[114.16279999999998,22.2292]]]}},{"type":"Feature","properties":{"id":"lu-southern-12-09","class":"urban_open_space","vegetationFraction":0.252,"pavedFraction":0.709,"waterFraction":0.043,"simulated":true},"geometry":{"type":"Polygon","coordinates":[[[114.16439999999997,22.2292],[114.16599999999997,22.2292],[114.16599999999997,22.2308],[114.16439999999997,22.2308],[114.16439999999997,22.2292]]]}},{"type":"Feature","properties":{"id":"lu-southern-12-10","class":"urban_open_space","vegetationFraction":0.269,"pavedFraction":0.758,"waterFraction":0.014,"simulated":true},"geometry":{"type":"Polygon","coordinates":[[[114.16599999999997,22.2292],[114.16759999999996,22.2292],[114.16759999999996,22.2308],[114.16599999999997,22.2308],[114.16599999999997,22.2292]]]}},{"type":"Feature","properties":{"id":"lu-southern-12-11","class":"urban_open_space","vegetationFraction":0.276,"pavedFraction":0.764,"waterFraction":0.031,"simulated":true},"geometry":{"type":"Polygon","coordinates":[[[114.16759999999996,22.2292],[114.16919999999996,22.2292],[114.16919999999996,22.2308],[114.16759999999996,22.2308],[114.16759999999996,22.2292]]]}},{"type":"Feature","properties":{"id":"lu-southern-12-12","class":"urban_open_space","vegetationFraction":0.254,"pavedFraction":0.742,"waterFraction":0.05,"simulated":true},"geometry":{"type":"Polygon","coordinates":[[[114.16919999999996,22.2292],[114.17079999999996,22.2292],[114.17079999999996,22.2308],[114.16919999999996,22.2308],[114.16919999999996,22.2292]]]}},{"type":"Feature","properties":{"id":"lu-southern-12-13","class":"built_up","vegetationFraction":0.25,"pavedFraction":0.485,"waterFraction":0.023,"simulated":true},"geometry":{"type":"Polygon","coordinates":[[[114.17079999999996,22.2292],[114.17239999999995,22.2292],[114.17239999999995,22.2308],[114.17079999999996,22.2308],[114.17079999999996,22.2292]]]}},{"type":"Feature","properties":{"id":"lu-southern-12-14","class":"built_up","vegetationFraction":0.248,"pavedFraction":0.631,"waterFraction":0.005,"simulated":true},"geometry":{"type":"Polygon","coordinates":[[[114.17239999999995,22.2292],[114.17399999999995,22.2292],[114.17399999999995,22.2308],[114.17239999999995,22.2308],[114.17239999999995,22.2292]]]}},{"type":"Feature","properties":{"id":"lu-southern-12-15","class":"built_up","vegetationFraction":0.18,"pavedFraction":0.726,"waterFraction":0.02,"simulated":true},"geometry":{"type":"Polygon","coordinates":[[[114.17399999999995,22.2292],[114.17559999999995,22.2292],[114.17559999999995,22.2308],[114.17399999999995,22.2308],[114.17399999999995,22.2292]]]}},{"type":"Feature","properties":{"id":"lu-southern-12-16","class":"built_up","vegetationFraction":0.184,"pavedFraction":0.772,"waterFraction":0.013,"simulated":true},"geometry":{"type":"Polygon","coordinates":[[[114.17559999999995,22.2292],[114.17719999999994,22.2292],[114.17719999999994,22.2308],[114.17559999999995,22.2308],[114.17559999999995,22.2292]]]}},{"type":"Feature","properties":{"id":"lu-southern-12-17","class":"built_up","vegetationFraction":0.129,"pavedFraction":0.573,"waterFraction":0.025,"simulated":true},"geometry":{"type":"Polygon","coordinates":[[[114.17719999999994,22.2292],[114.17879999999994,22.2292],[114.17879999999994,22.2308],[114.17719999999994,22.2308],[114.17719999999994,22.2292]]]}},{"type":"Feature","properties":{"id":"lu-southern-12-18","class":"built_up","vegetationFraction":0.101,"pavedFraction":0.56,"waterFraction":0.049,"simulated":true},"geometry":{"type":"Polygon","coordinates":[[[114.17879999999994,22.2292],[114.18039999999993,22.2292],[114.18039999999993,22.2308],[114.17879999999994,22.2308],[114.17879999999994,22.2292]]]}},{"type":"Feature","properties":{"id":"lu-southern-12-19","class":"built_up","vegetationFraction":0.12,"pavedFraction":0.589,"waterFraction":0.032,"simulated":true},"geometry":{"type":"Polygon","coordinates":[[[114.18039999999993,22.2292],[114.18199999999993,22.2292],[114.18199999999993,22.2308],[114.18039999999993,22.2308],[114.18039999999993,22.2292]]]}},{"type":"Feature","properties":{"id":"lu-southern-12-20","class":"built_up","vegetationFraction":0.16,"pavedFraction":0.664,"waterFraction":0.05,"simulated":true},"geometry":{"type":"Polygon","coordinates":[[[114.18199999999993,22.2292],[114.18359999999993,22.2292],[114.18359999999993,22.2308],[114.18199999999993,22.2308],[114.18199999999993,22.2292]]]}},{"type":"Feature","properties":{"id":"lu-southern-12-21","class":"built_up","vegetationFraction":0.111,"pavedFraction":0.521,"waterFraction":0.022,"simulated":true},"geometry":{"type":"Polygon","coordinates":[[[114.18359999999993,22.2292],[114.18519999999992,22.2292],[114.18519999999992,22.2308],[114.18359999999993,22.2308],[114.18359999999993,22.2292]]]}},{"type":"Feature","properties":{"id":"lu-southern-12-22","class":"built_up","vegetationFraction":0.157,"pavedFraction":0.755,"waterFraction":0.02,"simulated":true},"geometry":{"type":"Polygon","coordinates":[[[114.18519999999992,22.2292],[114.18679999999992,22.2292],[114.18679999999992,22.2308],[114.18519999999992,22.2308],[114.18519999999992,22.2292]]]}},{"type":"Feature","properties":{"id":"lu-southern-12-23","class":"built_up","vegetationFraction":0.176,"pavedFraction":0.615,"waterFraction":0.056,"simulated":true},"geometry":{"type":"Polygon","coordinates":[[[114.18679999999992,22.2292],[114.18839999999992,22.2292],[114.18839999999992,22.2308],[114.18679999999992,22.2308],[114.18679999999992,22.2292]]]}},{"type":"Feature","properties":{"id":"lu-southern-12-24","class":"built_up","vegetationFraction":0.203,"pavedFraction":0.555,"waterFraction":0.039,"simulated":true},"geometry":{"type":"Polygon","coordinates":[[[114.18839999999992,22.2292],[114.18999999999991,22.2292],[114.18999999999991,22.2308],[114.18839999999992,22.2308],[114.18839999999992,22.2292]]]}},{"type":"Feature","properties":{"id":"lu-southern-12-25","class":"built_up","vegetationFraction":0.248,"pavedFraction":0.765,"waterFraction":0.036,"simulated":true},"geometry":{"type":"Polygon","coordinates":[[[114.18999999999991,22.2292],[114.19159999999991,22.2292],[114.19159999999991,22.2308],[114.18999999999991,22.2308],[114.18999999999991,22.2292]]]}},{"type":"Feature","properties":{"id":"lu-southern-12-26","class":"built_up","vegetationFraction":0.11,"pavedFraction":0.715,"waterFraction":0.057,"simulated":true},"geometry":{"type":"Polygon","coordinates":[[[114.19159999999991,22.2292],[114.1931999999999,22.2292],[114.1931999999999,22.2308],[114.19159999999991,22.2308],[114.19159999999991,22.2292]]]}},{"type":"Feature","properties":{"id":"lu-southern-12-27","class":"built_up","vegetationFraction":0.227,"pavedFraction":0.662,"waterFraction":0.016,"simulated":true},"geometry":{"type":"Polygon","coordinates":[[[114.1931999999999,22.2292],[114.1947999999999,22.2292],[114.1947999999999,22.2308],[114.1931999999999,22.2308],[114.1931999999999,22.2292]]]}},{"type":"Feature","properties":{"id":"lu-southern-12-28","class":"built_up","vegetationFraction":0.185,"pavedFraction":0.621,"waterFraction":0.005,"simulated":true},"geometry":{"type":"Polygon","coordinates":[[[114.1947999999999,22.2292],[114.1963999999999,22.2292],[114.1963999999999,22.2308],[114.1947999999999,22.2308],[114.1947999999999,22.2292]]]}},{"type":"Feature","properties":{"id":"lu-southern-12-29","class":"built_up","vegetationFraction":0.176,"pavedFraction":0.732,"waterFraction":0.002,"simulated":true},"geometry":{"type":"Polygon","coordinates":[[[114.1963999999999,22.2292],[114.1979999999999,22.2292],[114.1979999999999,22.2308],[114.1963999999999,22.2308],[114.1963999999999,22.2292]]]}},{"type":"Feature","properties":{"id":"lu-southern-12-30","class":"built_up","vegetationFraction":0.192,"pavedFraction":0.708,"waterFraction":0.016,"simulated":true},"geometry":{"type":"Polygon","coordinates":[[[114.1979999999999,22.2292],[114.19959999999989,22.2292],[114.19959999999989,22.2308],[114.1979999999999,22.2308],[114.1979999999999,22.2292]]]}},{"type":"Feature","properties":{"id":"lu-southern-12-31","class":"built_up","vegetationFraction":0.205,"pavedFraction":0.507,"waterFraction":0.005,"simulated":true},"geometry":{"type":"Polygon","coordinates":[[[114.19959999999989,22.2292],[114.20119999999989,22.2292],[114.20119999999989,22.2308],[114.19959999999989,22.2308],[114.19959999999989,22.2292]]]}},{"type":"Feature","properties":{"id":"lu-southern-12-32","class":"built_up","vegetationFraction":0.115,"pavedFraction":0.568,"waterFraction":0.012,"simulated":true},"geometry":{"type":"Polygon","coordinates":[[[114.20119999999989,22.2292],[114.20279999999988,22.2292],[114.20279999999988,22.2308],[114.20119999999989,22.2308],[114.20119999999989,22.2292]]]}},{"type":"Feature","properties":{"id":"lu-southern-12-33","class":"built_up","vegetationFraction":0.107,"pavedFraction":0.584,"waterFraction":0.049,"simulated":true},"geometry":{"type":"Polygon","coordinates":[[[114.20279999999988,22.2292],[114.20439999999988,22.2292],[114.20439999999988,22.2308],[114.20279999999988,22.2308],[114.20279999999988,22.2292]]]}},{"type":"Feature","properties":{"id":"lu-southern-12-34","class":"built_up","vegetationFraction":0.169,"pavedFraction":0.552,"waterFraction":0.046,"simulated":true},"geometry":{"type":"Polygon","coordinates":[[[114.20439999999988,22.2292],[114.20599999999988,22.2292],[114.20599999999988,22.2308],[114.20439999999988,22.2308],[114.20439999999988,22.2292]]]}},{"type":"Feature","properties":{"id":"lu-southern-12-35","class":"built_up","vegetationFraction":0.224,"pavedFraction":0.688,"waterFraction":0.043,"simulated":true},"geometry":{"type":"Polygon","coordinates":[[[114.20599999999988,22.2292],[114.20759999999987,22.2292],[114.20759999999987,22.2308],[114.20599999999988,22.2308],[114.20599999999988,22.2292]]]}},{"type":"Feature","properties":{"id":"lu-southern-12-36","class":"urban_open_space","vegetationFraction":0.262,"pavedFraction":0.668,"waterFraction":0.002,"simulated":true},"geometry":{"type":"Polygon","coordinates":[[[114.20759999999987,22.2292],[114.20919999999987,22.2292],[114.20919999999987,22.2308],[114.20759999999987,22.2308],[114.20759999999987,22.2292]]]}},{"type":"Feature","properties":{"id":"lu-southern-12-37","class":"built_up","vegetationFraction":0.235,"pavedFraction":0.568,"waterFraction":0.007,"simulated":true},"geometry":{"type":"Polygon","coordinates":[[[114.20919999999987,22.2292],[114.21079999999986,22.2292],[114.21079999999986,22.2308],[114.20919999999987,22.2308],[114.20919999999987,22.2292]]]}},{"type":"Feature","properties":{"id":"lu-southern-12-38","class":"built_up","vegetationFraction":0.249,"pavedFraction":0.672,"waterFraction":0.036,"simulated":true},"geometry":{"type":"Polygon","coordinates":[[[114.21079999999986,22.2292],[114.21239999999986,22.2292],[114.21239999999986,22.2308],[114.21079999999986,22.2308],[114.21079999999986,22.2292]]]}},{"type":"Feature","properties":{"id":"lu-southern-12-39","class":"built_up","vegetationFraction":0.245,"pavedFraction":0.62,"waterFraction":0.042,"simulated":true},"geometry":{"type":"Polygon","coordinates":[[[114.21239999999986,22.2292],[114.21399999999986,22.2292],[114.21399999999986,22.2308],[114.21239999999986,22.2308],[114.21239999999986,22.2292]]]}},{"type":"Feature","properties":{"id":"lu-southern-12-40","class":"built_up","vegetationFraction":0.18,"pavedFraction":0.565,"waterFraction":0.028,"simulated":true},"geometry":{"type":"Polygon","coordinates":[[[114.21399999999986,22.2292],[114.21559999999985,22.2292],[114.21559999999985,22.2308],[114.21399999999986,22.2308],[114.21399999999986,22.2292]]]}},{"type":"Feature","properties":{"id":"lu-southern-12-41","class":"built_up","vegetationFraction":0.127,"pavedFraction":0.744,"waterFraction":0.055,"simulated":true},"geometry":{"type":"Polygon","coordinates":[[[114.21559999999985,22.2292],[114.21719999999985,22.2292],[114.21719999999985,22.2308],[114.21559999999985,22.2308],[114.21559999999985,22.2292]]]}},{"type":"Feature","properties":{"id":"lu-southern-12-42","class":"built_up","vegetationFraction":0.141,"pavedFraction":0.591,"waterFraction":0.051,"simulated":true},"geometry":{"type":"Polygon","coordinates":[[[114.21719999999985,22.2292],[114.21879999999985,22.2292],[114.21879999999985,22.2308],[114.21719999999985,22.2308],[114.21719999999985,22.2292]]]}},{"type":"Feature","properties":{"id":"lu-southern-12-43","class":"built_up","vegetationFraction":0.122,"pavedFraction":0.622,"waterFraction":0.015,"simulated":true},"geometry":{"type":"Polygon","coordinates":[[[114.21879999999985,22.2292],[114.22039999999984,22.2292],[114.22039999999984,22.2308],[114.21879999999985,22.2308],[114.21879999999985,22.2292]]]}},{"type":"Feature","properties":{"id":"lu-southern-12-44","class":"built_up","vegetationFraction":0.147,"pavedFraction":0.667,"waterFraction":0.03,"simulated":true},"geometry":{"type":"Polygon","coordinates":[[[114.22039999999984,22.2292],[114.22199999999984,22.2292],[114.22199999999984,22.2308],[114.22039999999984,22.2308],[114.22039999999984,22.2292]]]}},{"type":"Feature","properties":{"id":"lu-southern-12-45","class":"built_up","vegetationFraction":0.113,"pavedFraction":0.508,"waterFraction":0.007,"simulated":true},"geometry":{"type":"Polygon","coordinates":[[[114.22199999999984,22.2292],[114.22359999999983,22.2292],[114.22359999999983,22.2308],[114.22199999999984,22.2308],[114.22199999999984,22.2292]]]}},{"type":"Feature","properties":{"id":"lu-southern-12-46","class":"built_up","vegetationFraction":0.202,"pavedFraction":0.655,"waterFraction":0.059,"simulated":true},"geometry":{"type":"Polygon","coordinates":[[[114.22359999999983,22.2292],[114.22519999999983,22.2292],[114.22519999999983,22.2308],[114.22359999999983,22.2308],[114.22359999999983,22.2292]]]}},{"type":"Feature","properties":{"id":"lu-southern-12-47","class":"built_up","vegetationFraction":0.128,"pavedFraction":0.561,"waterFraction":0.0,"simulated":true},"geometry":{"type":"Polygon","coordinates":[[[114.22519999999983,22.2292],[114.22679999999983,22.2292],[114.22679999999983,22.2308],[114.22519999999983,22.2308],[114.22519999999983,22.2292]]]}},{"type":"Feature","properties":{"id":"lu-southern-12-48","class":"built_up","vegetationFraction":0.192,"pavedFraction":0.511,"waterFraction":0.039,"simulated":true},"geometry":{"type":"Polygon","coordinates":[[[114.22679999999983,22.2292],[114.22839999999982,22.2292],[114.22839999999982,22.2308],[114.22679999999983,22.2308],[114.22679999999983,22.2292]]]}},{"type":"Feature","properties":{"id":"lu-southern-12-49","class":"built_up","vegetationFraction":0.225,"pavedFraction":0.541,"waterFraction":0.04,"simulated":true},"geometry":{"type":"Polygon","coordinates":[[[114.22839999999982,22.2292],[114.22999999999982,22.2292],[114.22999999999982,22.2308],[114.22839999999982,22.2308],[114.22839999999982,22.2292]]]}},{"type":"Feature","properties":{"id":"lu-southern-12-50","class":"urban_open_space","vegetationFraction":0.27,"pavedFraction":0.567,"waterFraction":0.057,"simulated":true},"geometry":{"type":"Polygon","coordinates":[[[114.22999999999982,22.2292],[114.23159999999982,22.2292],[114.23159999999982,22.2308],[114.22999999999982,22.2308],[114.22999999999982,22.2292]]]}},{"type":"Feature","properties":{"id":"lu-southern-12-51","class":"built_up","vegetationFraction":0.182,"pavedFraction":0.554,"waterFraction":0.035,"simulated":true},"geometry":{"type":"Polygon","coordinates":[[[114.23159999999982,22.2292],[114.23319999999981,22.2292],[114.23319999999981,22.2308],[114.23159999999982,22.2308],[114.23159999999982,22.2292]]]}},{"type":"Feature","properties":{"id":"lu-southern-12-52","class":"built_up","vegetationFraction":0.182,"pavedFraction":0.54,"waterFraction":0.005,"simulated":true},"geometry":{"type":"Polygon","coordinates":[[[114.23319999999981,22.2292],[114.23479999999981,22.2292],[114.23479999999981,22.2308],[114.23319999999981,22.2308],[114.23319999999981,22.2292]]]}},{"type":"Feature","properties":{"id":"lu-southern-12-53","class":"built_up","vegetationFraction":0.204,"pavedFraction":0.52,"waterFraction":0.015,"simulated":true},"geometry":{"type":"Polygon","coordinates":[[[114.23479999999981,22.2292],[114.2363999999998,22.2292],[114.2363999999998,22.2308],[114.23479999999981,22.2308],[114.23479999999981,22.2292]]]}},{"type":"Feature","properties":{"id":"lu-southern-12-54","class":"built_up","vegetationFraction":0.239,"pavedFraction":0.571,"waterFraction":0.058,"simulated":true},"geometry":{"type":"Polygon","coordinates":[[[114.2363999999998,22.2292],[114.2379999999998,22.2292],[114.2379999999998,22.2308],[114.2363999999998,22.2308],[114.2363999999998,22.2292]]]}},{"type":"Feature","properties":{"id":"lu-southern-12-55","class":"urban_open_space","vegetationFraction":0.251,"pavedFraction":0.765,"waterFraction":0.025,"simulated":true},"geometry":{"type":"Polygon","coordinates":[[[114.2379999999998,22.2292],[114.2395999999998,22.2292],[114.2395999999998,22.2308],[114.2379999999998,22.2308],[114.2379999999998,22.2292]]]}},{"type":"Feature","properties":{"id":"lu-southern-12-56","class":"urban_open_space","vegetationFraction":0.278,"pavedFraction":0.74,"waterFraction":0.034,"simulated":true},"geometry":{"type":"Polygon","coordinates":[[[114.2395999999998,22.2292],[114.2411999999998,22.2292],[114.2411999999998,22.2308],[114.2395999999998,22.2308],[114.2395999999998,22.2292]]]}},{"type":"Feature","properties":{"id":"lu-southern-12-57","class":"urban_open_space","vegetationFraction":0.266,"pavedFraction":0.669,"waterFraction":0.022,"simulated":true},"geometry":{"type":"Polygon","coordinates":[[[114.2411999999998,22.2292],[114.24279999999979,22.2292],[114.24279999999979,22.2308],[114.2411999999998,22.2308],[114.2411999999998,22.2292]]]}},{"type":"Feature","properties":{"id":"lu-southern-12-58","class":"built_up","vegetationFraction":0.12,"pavedFraction":0.715,"waterFraction":0.0,"simulated":true},"geometry":{"type":"Polygon","coordinates":[[[114.24279999999979,22.2292],[114.24439999999979,22.2292],[114.24439999999979,22.2308],[114.24279999999979,22.2308],[114.24279999999979,22.2292]]]}},{"type":"Feature","properties":{"id":"lu-southern-12-59","class":"built_up","vegetationFraction":0.148,"pavedFraction":0.662,"waterFraction":0.014,"simulated":true},"geometry":{"type":"Polygon","coordinates":[[[114.24439999999979,22.2292],[114.24599999999978,22.2292],[114.24599999999978,22.2308],[114.24439999999979,22.2308],[114.24439999999979,22.2292]]]}},{"type":"Feature","properties":{"id":"lu-southern-12-60","class":"built_up","vegetationFraction":0.228,"pavedFraction":0.586,"waterFraction":0.049,"simulated":true},"geometry":{"type":"Polygon","coordinates":[[[114.24599999999978,22.2292],[114.24759999999978,22.2292],[114.24759999999978,22.2308],[114.24599999999978,22.2308],[114.24599999999978,22.2292]]]}},{"type":"Feature","properties":{"id":"lu-southern-12-61","class":"built_up","vegetationFraction":0.187,"pavedFraction":0.702,"waterFraction":0.042,"simulated":true},"geometry":{"type":"Polygon","coordinates":[[[114.24759999999978,22.2292],[114.24919999999977,22.2292],[114.24919999999977,22.2308],[114.24759999999978,22.2308],[114.24759999999978,22.2292]]]}},{"type":"Feature","properties":{"id":"lu-southern-12-62","class":"built_up","vegetationFraction":0.226,"pavedFraction":0.625,"waterFraction":0.001,"simulated":true},"geometry":{"type":"Polygon","coordinates":[[[114.24919999999977,22.2292],[114.25079999999977,22.2292],[114.25079999999977,22.2308],[114.24919999999977,22.2308],[114.24919999999977,22.2292]]]}},{"type":"Feature","properties":{"id":"lu-southern-12-63","class":"built_up","vegetationFraction":0.128,"pavedFraction":0.573,"waterFraction":0.013,"simulated":true},"geometry":{"type":"Polygon","coordinates":[[[114.25079999999977,22.2292],[114.25239999999977,22.2292],[114.25239999999977,22.2308],[114.25079999999977,22.2308],[114.25079999999977,22.2292]]]}},{"type":"Feature","properties":{"id":"lu-southern-12-64","class":"built_up","vegetationFraction":0.147,"pavedFraction":0.726,"waterFraction":0.012,"simulated":true},"geometry":{"type":"Polygon","coordinates":[[[114.25239999999977,22.2292],[114.25399999999976,22.2292],[114.25399999999976,22.2308],[114.25239999999977,22.2308],[114.25239999999977,22.2292]]]}},{"type":"Feature","properties":{"id":"lu-southern-12-65","class":"built_up","vegetationFraction":0.152,"pavedFraction":0.733,"waterFraction":0.027,"simulated":true},"geometry":{"type":"Polygon","coordinates":[[[114.25399999999976,22.2292],[114.25559999999976,22.2292],[114.25559999999976,22.2308],[114.25399999999976,22.2308],[114.25399999999976,22.2292]]]}},{"type":"Feature","properties":{"id":"lu-southern-12-66","class":"urban_open_space","vegetationFraction":0.267,"pavedFraction":0.704,"waterFraction":0.052,"simulated":true},"geometry":{"type":"Polygon","coordinates":[[[114.25559999999976,22.2292],[114.25719999999976,22.2292],[114.25719999999976,22.2308],[114.25559999999976,22.2308],[114.25559999999976,22.2292]]]}},{"type":"Feature","properties":{"id":"lu-southern-12-67","class":"built_up","vegetationFraction":0.224,"pavedFraction":0.506,"waterFraction":0.001,"simulated":true},"geometry":{"type":"Polygon","coordinates":[[[114.25719999999976,22.2292],[114.25879999999975,22.2292],[114.25879999999975,22.2308],[114.25719999999976,22.2308],[114.25719999999976,22.2292]]]}},{"type":"Feature","properties":{"id":"lu-southern-12-68","class":"built_up","vegetationFraction":0.173,"pavedFraction":0.609,"waterFraction":0.016,"simulated":true},"geometry":{"type":"Polygon","coordinates":[[[114.25879999999975,22.2292],[114.26039999999975,22.2292],[114.26039999999975,22.2308],[114.25879999999975,22.2308],[114.25879999999975,22.2292]]]}},{"type":"Feature","properties":{"id":"lu-southern-12-69","class":"built_up","vegetationFraction":0.174,"pavedFraction":0.68,"waterFraction":0.014,"simulated":true},"geometry":{"type":"Polygon","coordinates":[[[114.26039999999975,22.2292],[114.26199999999974,22.2292],[114.26199999999974,22.2308],[114.26039999999975,22.2308],[114.26039999999975,22.2292]]]}},{"type":"Feature","properties":{"id":"lu-southern-12-70","class":"urban_open_space","vegetationFraction":0.262,"pavedFraction":0.519,"waterFraction":0.028,"simulated":true},"geometry":{"type":"Polygon","coordinates":[[[114.26199999999974,22.2292],[114.26359999999974,22.2292],[114.26359999999974,22.2308],[114.26199999999974,22.2308],[114.26199999999974,22.2292]]]}},{"type":"Feature","properties":{"id":"lu-southern-12-71","class":"built_up","vegetationFraction":0.101,"pavedFraction":0.607,"waterFraction":0.032,"simulated":true},"geometry":{"type":"Polygon","coordinates":[[[114.26359999999974,22.2292],[114.26519999999974,22.2292],[114.26519999999974,22.2308],[114.26359999999974,22.2308],[114.26359999999974,22.2292]]]}},{"type":"Feature","properties":{"id":"lu-southern-13-00","class":"built_up","vegetationFraction":0.123,"pavedFraction":0.765,"waterFraction":0.046,"simulated":true},"geometry":{"type":"Polygon","coordinates":[[[114.15,22.2308],[114.1516,22.2308],[114.1516,22.2324],[114.15,22.2324],[114.15,22.2308]]]}},{"type":"Feature","properties":{"id":"lu-southern-13-01","class":"built_up","vegetationFraction":0.142,"pavedFraction":0.624,"waterFraction":0.047,"simulated":true},"geometry":{"type":"Polygon","coordinates":[[[114.1516,22.2308],[114.1532,22.2308],[114.1532,22.2324],[114.1516,22.2324],[114.1516,22.2308]]]}},{"type":"Feature","properties":{"id":"lu-southern-13-02","class":"built_up","vegetationFraction":0.198,"pavedFraction":0.613,"waterFraction":0.04,"simulated":true},"geometry":{"type":"Polygon","coordinates":[[[114.1532,22.2308],[114.1548,22.2308],[114.1548,22.2324],[114.1532,22.2324],[114.1532,22.2308]]]}},{"type":"Feature","properties":{"id":"lu-southern-13-03","class":"built_up","vegetationFraction":0.164,"pavedFraction":0.765,"waterFraction":0.019,"simulated":true},"geometry":{"type":"Polygon","coordinates":[[[114.1548,22.2308],[114.15639999999999,22.2308],[114.15639999999999,22.2324],[114.1548,22.2324],[114.1548,22.2308]]]}},{"type":"Feature","properties":{"id":"lu-southern-13-04","class":"built_up","vegetationFraction":0.231,"pavedFraction":0.491,"waterFraction":0.016,"simulated":true},"geometry":{"type":"Polygon","coordinates":[[[114.15639999999999,22.2308],[114.15799999999999,22.2308],[114.15799999999999,22.2324],[114.15639999999999,22.2324],[114.15639999999999,22.2308]]]}},{"type":"Feature","properties":{"id":"lu-southern-13-05","class":"built_up","vegetationFraction":0.129,"pavedFraction":0.606,"waterFraction":0.012,"simulated":true},"geometry":{"type":"Polygon","coordinates":[[[114.15799999999999,22.2308],[114.15959999999998,22.2308],[114.15959999999998,22.2324],[114.15799999999999,22.2324],[114.15799999999999,22.2308]]]}},{"type":"Feature","properties":{"id":"lu-southern-13-06","class":"urban_open_space","vegetationFraction":0.271,"pavedFraction":0.508,"waterFraction":0.045,"simulated":true},"geometry":{"type":"Polygon","coordinates":[[[114.15959999999998,22.2308],[114.16119999999998,22.2308],[114.16119999999998,22.2324],[114.15959999999998,22.2324],[114.15959999999998,22.2308]]]}},{"type":"Feature","properties":{"id":"lu-southern-13-07","class":"built_up","vegetationFraction":0.111,"pavedFraction":0.549,"waterFraction":0.023,"simulated":true},"geometry":{"type":"Polygon","coordinates":[[[114.16119999999998,22.2308],[114.16279999999998,22.2308],[114.16279999999998,22.2324],[114.16119999999998,22.2324],[114.16119999999998,22.2308]]]}},{"type":"Feature","properties":{"id":"lu-southern-13-08","class":"urban_open_space","vegetationFraction":0.277,"pavedFraction":0.648,"waterFraction":0.018,"simulated":true},"geometry":{"type":"Polygon","coordinates":[[[114.16279999999998,22.2308],[114.16439999999997,22.2308],[114.16439999999997,22.2324],[114.16279999999998,22.2324],[114.16279999999998,22.2308]]]}},{"type":"Feature","properties":{"id":"lu-southern-13-09","class":"built_up","vegetationFraction":0.1,"pavedFraction":0.692,"waterFraction":0.024,"simulated":true},"geometry":{"type":"Polygon","coordinates":[[[114.16439999999997,22.2308],[114.16599999999997,22.2308],[114.16599999999997,22.2324],[114.16439999999997,22.2324],[114.16439999999997,22.2308]]]}},{"type":"Feature","properties":{"id":"lu-southern-13-10","class":"built_up","vegetationFraction":0.243,"pavedFraction":0.606,"waterFraction":0.037,"simulated":true},"geometry":{"type":"Polygon","coordinates":[[[114.16599999999997,22.2308],[114.16759999999996,22.2308],[114.16759999999996,22.2324],[114.16599999999997,22.2324],[114.16599999999997,22.2308]]]}},{"type":"Feature","properties":{"id":"lu-southern-13-11","class":"built_up","vegetationFraction":0.128,"pavedFraction":0.653,"waterFraction":0.015,"simulated":true},"geometry":{"type":"Polygon","coordinates":[[[114.16759999999996,22.2308],[114.16919999999996,22.2308],[114.16919999999996,22.2324],[114.16759999999996,22.2324],[114.16759999999996,22.2308]]]}},{"type":"Feature","properties":{"id":"lu-southern-13-12","class":"urban_open_space","vegetationFraction":0.264,"pavedFraction":0.633,"waterFraction":0.035,"simulated":true},"geometry":{"type":"Polygon","coordinates":[[[114.16919999999996,22.2308],[114.17079999999996,22.2308],[114.17079999999996,22.2324],[114.16919999999996,22.2324],[114.16919999999996,22.2308]]]}},{"type":"Feature","properties":{"id":"lu-southern-13-13","class":"built_up","vegetationFraction":0.161,"pavedFraction":0.772,"waterFraction":0.06,"simulated":true},"geometry":{"type":"Polygon","coordinates":[[[114.17079999999996,22.2308],[114.17239999999995,22.2308],[114.17239999999995,22.2324],[114.17079999999996,22.2324],[114.17079999999996,22.2308]]]}},{"type":"Feature","properties":{"id":"lu-southern-13-14","class":"built_up","vegetationFraction":0.127,"pavedFraction":0.481,"waterFraction":0.044,"simulated":true},"geometry":{"type":"Polygon","coordinates":[[[114.17239999999995,22.2308],[114.17399999999995,22.2308],[114.17399999999995,22.2324],[114.17239999999995,22.2324],[114.17239999999995,22.2308]]]}},{"type":"Feature","properties":{"id":"lu-southern-13-15","class":"urban_open_space","vegetationFraction":0.278,"pavedFraction":0.646,"waterFraction":0.052,"simulated":true},"geometry":{"type":"Polygon","coordinates":[[[114.17399999999995,22.2308],[114.17559999999995,22.2308],[114.17559999999995,22.2324],[114.17399999999995,22.2324],[114.17399999999995,22.2308]]]}},{"type":"Feature","properties":{"id":"lu-southern-13-16","class":"built_up","vegetationFraction":0.141,"pavedFraction":0.78,"waterFraction":0.0,"simulated":true},"geometry":{"type":"Polygon","coordinates":[[[114.17559999999995,22.2308],[114.17719999999994,22.2308],[114.17719999999994,22.2324],[114.17559999999995,22.2324],[114.17559999999995,22.2308]]]}},{"type":"Feature","properties":{"id":"lu-southern-13-17","class":"built_up","vegetationFraction":0.139,"pavedFraction":0.639,"waterFraction":0.031,"simulated":true},"geometry":{"type":"Polygon","coordinates":[[[114.17719999999994,22.2308],[114.17879999999994,22.2308],[114.17879999999994,22.2324],[114.17719999999994,22.2324],[114.17719999999994,22.2308]]]}},{"type":"Feature","properties":{"id":"lu-southern-13-18","class":"built_up","vegetationFraction":0.118,"pavedFraction":0.716,"waterFraction":0.01,"simulated":true},"geometry":{"type":"Polygon","coordinates":[[[114.17879999999994,22.2308],[114.18039999999993,22.2308],[114.18039999999993,22.2324],[114.17879999999994,22.2324],[114.17879999999994,22.2308]]]}},{"type":"Feature","properties":{"id":"lu-southern-13-19","class":"built_up","vegetationFraction":0.115,"pavedFraction":0.627,"waterFraction":0.034,"simulated":true},"geometry":{"type":"Polygon","coordinates":[[[114.18039999999993,22.2308],[114.18199999999993,22.2308],[114.18199999999993,22.2324],[114.18039999999993,22.2324],[114.18039999999993,22.2308]]]}},{"type":"Feature","properties":{"id":"lu-southern-13-20","class":"built_up","vegetationFraction":0.112,"pavedFraction":0.569,"waterFraction":0.006,"simulated":true},"geometry":{"type":"Polygon","coordinates":[[[114.18199999999993,22.2308],[114.18359999999993,22.2308],[114.18359999999993,22.2324],[114.18199999999993,22.2324],[114.18199999999993,22.2308]]]}},{"type":"Feature","properties":{"id":"lu-southern-13-21","class":"built_up","vegetationFraction":0.12,"pavedFraction":0.766,"waterFraction":0.053,"simulated":true},"geometry":{"type":"Polygon","coordinates":[[[114.18359999999993,22.2308],[114.18519999999992,22.2308],[114.18519999999992,22.2324],[114.18359999999993,22.2324],[114.18359999999993,22.2308]]]}},{"type":"Feature","properties":{"id":"lu-southern-13-22","class":"green_space","vegetationFraction":0.78,"pavedFraction":0.1,"waterFraction":0.026,"simulated":true},"geometry":{"type":"Polygon","coordinates":[[[114.18519999999992,22.2308],[114.18679999999992,22.2308],[114.18679999999992,22.2324],[114.18519999999992,22.2324],[114.18519999999992,22.2308]]]}},{"type":"Feature","properties":{"id":"lu-southern-13-23","class":"green_space","vegetationFraction":0.78,"pavedFraction":0.1,"waterFraction":0.033,"simulated":true},"geometry":{"type":"Polygon","coordinates":[[[114.18679999999992,22.2308],[114.18839999999992,22.2308],[114.18839999999992,22.2324],[114.18679999999992,22.2324],[114.18679999999992,22.2308]]]}},{"type":"Feature","properties":{"id":"lu-southern-13-24","class":"green_space","vegetationFraction":0.78,"pavedFraction":0.1,"waterFraction":0.043,"simulated":true},"geometry":{"type":"Polygon","coordinates":[[[114.18839999999992,22.2308],[114.18999999999991,22.2308],[114.18999999999991,22.2324],[114.18839999999992,22.2324],[114.18839999999992,22.2308]]]}},{"type":"Feature","properties":{"id":"lu-southern-13-25","class":"green_space","vegetationFraction":0.78,"pavedFraction":0.1,"waterFraction":0.007,"simulated":true},"geometry":{"type":"Polygon","coordinates":[[[114.18999999999991,22.2308],[114.19159999999991,22.2308],[114.19159999999991,22.2324],[114.18999999999991,22.2324],[114.18999999999991,22.2308]]]}},{"type":"Feature","properties":{"id":"lu-southern-13-26","class":"green_space","vegetationFraction":0.78,"pavedFraction":0.1,"waterFraction":0.032,"simulated":true},"geometry":{"type":"Polygon","coordinates":[[[114.19159999999991,22.2308],[114.1931999999999,22.2308],[114.1931999999999,22.2324],[114.19159999999991,22.2324],[114.19159999999991,22.2308]]]}},{"type":"Feature","properties":{"id":"lu-southern-13-27","class":"green_space","vegetationFraction":0.78,"pavedFraction":0.1,"waterFraction":0.017,"simulated":true},"geometry":{"type":"Polygon","coordinates":[[[114.1931999999999,22.2308],[114.1947999999999,22.2308],[114.1947999999999,22.2324],[114.1931999999999,22.2324],[114.1931999999999,22.2308]]]}},{"type":"Feature","properties":{"id":"lu-southern-13-28","class":"green_space","vegetationFraction":0.78,"pavedFraction":0.1,"waterFraction":0.03,"simulated":true},"geometry":{"type":"Polygon","coordinates":[[[114.1947999999999,22.2308],[114.1963999999999,22.2308],[114.1963999999999,22.2324],[114.1947999999999,22.2324],[114.1947999999999,22.2308]]]}},{"type":"Feature","properties":{"id":"lu-southern-13-29","class":"green_space","vegetationFraction":0.78,"pavedFraction":0.1,"waterFraction":0.027,"simulated":true},"geometry":{"type":"Polygon","coordinates":[[[114.1963999999999,22.2308],[114.1979999999999,22.2308],[114.1979999999999,22.2324],[114.1963999999999,22.2324],[114.1963999999999,22.2308]]]}},{"type":"Feature","properties":{"id":"lu-southern-13-30","class":"green_space","vegetationFraction":0.78,"pavedFraction":0.1,"waterFraction":0.056,"simulated":true},"geometry":{"type":"Polygon","coordinates":[[[114.1979999999999,22.2308],[114.19959999999989,22.2308],[114.19959999999989,22.2324],[114.1979999999999,22.2324],[114.1979999999999,22.2308]]]}},{"type":"Feature","properties":{"id":"lu-southern-13-31","class":"green_space","vegetationFraction":0.78,"pavedFraction":0.1,"waterFraction":0.038,"simulated":true},"geometry":{"type":"Polygon","coordinates":[[[114.19959999999989,22.2308],[114.20119999999989,22.2308],[114.20119999999989,22.2324],[114.19959999999989,22.2324],[114.19959999999989,22.2308]]]}},{"type":"Feature","properties":{"id":"lu-southern-13-32","class":"green_space","vegetationFraction":0.78,"pavedFraction":0.1,"waterFraction":0.008,"simulated":true},"geometry":{"type":"Polygon","coordinates":[[[114.20119999999989,22.2308],[114.20279999999988,22.2308],[114.20279999999988,22.2324],[114.20119999999989,22.2324],[114.20119999999989,22.2308]]]}},{"type":"Feature","properties":{"id":"lu-southern-13-33","class":"green_space","vegetationFraction":0.78,"pavedFraction":0.1,"waterFraction":0.021,"simulated":true},"geometry":{"type":"Polygon","coordinates":[[[114.20279999999988,22.2308],[114.20439999999988,22.2308],[114.20439999999988,22.2324],[114.20279999999988,22.2324],[114.20279999999988,22.2308]]]}},{"type":"Feature","properties":{"id":"lu-southern-13-34","class":"green_space","vegetationFraction":0.78,"pavedFraction":0.1,"waterFraction":0.042,"simulated":true},"geometry":{"type":"Polygon","coordinates":[[[114.20439999999988,22.2308],[114.20599999999988,22.2308],[114.20599999999988,22.2324],[114.20439999999988,22.2324],[114.20439999999988,22.2308]]]}},{"type":"Feature","properties":{"id":"lu-southern-13-35","class":"green_space","vegetationFraction":0.78,"pavedFraction":0.1,"waterFraction":0.056,"simulated":true},"geometry":{"type":"Polygon","coordinates":[[[114.20599999999988,22.2308],[114.20759999999987,22.2308],[114.20759999999987,22.2324],[114.20599999999988,22.2324],[114.20599999999988,22.2308]]]}},{"type":"Feature","properties":{"id":"lu-southern-13-36","class":"green_space","vegetationFraction":0.78,"pavedFraction":0.1,"waterFraction":0.017,"simulated":true},"geometry":{"type":"Polygon","coordinates":[[[114.20759999999987,22.2308],[114.20919999999987,22.2308],[114.20919999999987,22.2324],[114.20759999999987,22.2324],[114.20759999999987,22.2308]]]}},{"type":"Feature","properties":{"id":"lu-southern-13-37","class":"green_space","vegetationFraction":0.78,"pavedFraction":0.1,"waterFraction":0.007,"simulated":true},"geometry":{"type":"Polygon","coordinates":[[[114.20919999999987,22.2308],[114.21079999999986,22.2308],[114.21079999999986,22.2324],[114.20919999999987,22.2324],[114.20919999999987,22.2308]]]}},{"type":"Feature","properties":{"id":"lu-southern-13-38","class":"green_space","vegetationFraction":0.78,"pavedFraction":0.1,"waterFraction":0.038,"simulated":true},"geometry":{"type":"Polygon","coordinates":[[[114.21079999999986,22.2308],[114.21239999999986,22.2308],[114.21239999999986,22.2324],[114.21079999999986,22.2324],[114.21079999999986,22.2308]]]}},{"type":"Feature","properties":{"id":"lu-southern-13-39","class":"green_space","vegetationFraction":0.78,"pavedFraction":0.1,"waterFraction":0.005,"simulated":true},"geometry":{"type":"Polygon","coordinates":[[[114.21239999999986,22.2308],[114.21399999999986,22.2308],[114.21399999999986,22.2324],[114.21239999999986,22.2324],[114.21239999999986,22.2308]]]}},{"type":"Feature","properties":{"id":"lu-southern-13-40","class":"green_space","vegetationFraction":0.78,"pavedFraction":0.1,"waterFraction":0.053,"simulated":true},"geometry":{"type":"Polygon","coordinates":[[[114.21399999999986,22.2308],[114.21559999999985,22.2308],[114.21559999999985,22.2324],[114.21399999999986,22.2324],[114.21399999999986,22.2308]]]}},{"type":"Feature","properties":{"id":"lu-southern-13-41","class":"green_space","vegetationFraction":0.78,"pavedFraction":0.1,"waterFraction":0.028,"simulated":true},"geometry":{"type":"Polygon","coordinates":[[[114.21559999999985,22.2308],[114.21719999999985,22.2308],[114.21719999999985,22.2324],[114.21559999999985,22.2324],[114.21559999999985,22.2308]]]}},{"type":"Feature","properties":{"id":"lu-southern-13-42","class":"green_space","vegetationFraction":0.78,"pavedFraction":0.1,"waterFraction":0.049,"simulated":true},"geometry":{"type":"Polygon","coordinates":[[[114.21719999999985,22.2308],[114.21879999999985,22.2308],[114.21879999999985,22.2324],[114.21719999999985,22.2324],[114.21719999999985,22.2308]]]}},{"type":"Feature","properties":{"id":"lu-southern-13-43","class":"green_space","vegetationFraction":0.78,"pavedFraction":0.1,"waterFraction":0.002,"simulated":true},"geometry":{"type":"Polygon","coordinates":[[[114.21879999999985,22.2308],[114.22039999999984,22.2308],[114.22039999999984,22.2324],[114.21879999999985,22.2324],[114.21879999999985,22.2308]]]}},{"type":"Feature","properties":{"id":"lu-southern-13-44","class":"green_space","vegetationFraction":0.78,"pavedFraction":0.1,"waterFraction":0.041,"simulated":true},"geometry":{"type":"Polygon","coordinates":[[[114.22039999999984,22.2308],[114.22199999999984,22.2308],[114.22199999999984,22.2324],[114.22039999999984,22.2324],[114.22039999999984,22.2308]]]}},{"type":"Feature","properties":{"id":"lu-southern-13-45","class":"built_up","vegetationFraction":0.238,"pavedFraction":0.551,"waterFraction":0.044,"simulated":true},"geometry":{"type":"Polygon","coordinates":[[[114.22199999999984,22.2308],[114.22359999999983,22.2308],[114.22359999999983,22.2324],[114.22199999999984,22.2324],[114.22199999999984,22.2308]]]}},{"type":"Feature","properties":{"id":"lu-southern-13-46","class":"built_up","vegetationFraction":0.234,"pavedFraction":0.701,"waterFraction":0.005,"simulated":true},"geometry":{"type":"Polygon","coordinates":[[[114.22359999999983,22.2308],[114.22519999999983,22.2308],[114.22519999999983,22.2324],[114.22359999999983,22.2324],[114.22359999999983,22.2308]]]}},{"type":"Feature","properties":{"id":"lu-southern-13-47","class":"built_up","vegetationFraction":0.224,"pavedFraction":0.541,"waterFraction":0.035,"simulated":true},"geometry":{"type":"Polygon","coordinates":[[[114.22519999999983,22.2308],[114.22679999999983,22.2308],[114.22679999999983,22.2324],[114.22519999999983,22.2324],[114.22519999999983,22.2308]]]}},{"type":"Feature","properties":{"id":"lu-southern-13-48","class":"built_up","vegetationFraction":0.229,"pavedFraction":0.612,"waterFraction":0.002,"simulated":true},"geometry":{"type":"Polygon","coordinates":[[[114.22679999999983,22.2308],[114.22839999999982,22.2308],[114.22839999999982,22.2324],[114.22679999999983,22.2324],[114.22679999999983,22.2308]]]}},{"type":"Feature","properties":{"id":"lu-southern-13-49","class":"built_up","vegetationFraction":0.233,"pavedFraction":0.632,"waterFraction":0.002,"simulated":true},"geometry":{"type":"Polygon","coordinates":[[[114.22839999999982,22.2308],[114.22999999999982,22.2308],[114.22999999999982,22.2324],[114.22839999999982,22.2324],[114.22839999999982,22.2308]]]}},{"type":"Feature","properties":{"id":"lu-southern-13-50","class":"built_up","vegetationFraction":0.184,"pavedFraction":0.752,"waterFraction":0.019,"simulated":true},"geometry":{"type":"Polygon","coordinates":[[[114.22999999999982,22.2308],[114.23159999999982,22.2308],[114.23159999999982,22.2324],[114.22999999999982,22.2324],[114.22999999999982,22.2308]]]}},{"type":"Feature","properties":{"id":"lu-southern-13-51","class":"urban_open_space","vegetationFraction":0.271,"pavedFraction":0.595,"waterFraction":0.042,"simulated":true},"geometry":{"type":"Polygon","coordinates":[[[114.23159999999982,22.2308],[114.23319999999981,22.2308],[114.23319999999981,22.2324],[114.23159999999982,22.2324],[114.23159999999982,22.2308]]]}},{"type":"Feature","properties":{"id":"lu-southern-13-52","class":"built_up","vegetationFraction":0.104,"pavedFraction":0.685,"waterFraction":0.059,"simulated":true},"geometry":{"type":"Polygon","coordinates":[[[114.23319999999981,22.2308],[114.23479999999981,22.2308],[114.23479999999981,22.2324],[114.23319999999981,22.2324],[114.23319999999981,22.2308]]]}},{"type":"Feature","properties":{"id":"lu-southern-13-53","class":"urban_open_space","vegetationFraction":0.27,"pavedFraction":0.529,"waterFraction":0.051,"simulated":true},"geometry":{"type":"Polygon","coordinates":[[[114.23479999999981,22.2308],[114.2363999999998,22.2308],[114.2363999999998,22.2324],[114.23479999999981,22.2324],[114.23479999999981,22.2308]]]}},{"type":"Feature","properties":{"id":"lu-southern-13-54","class":"built_up","vegetationFraction":0.157,"pavedFraction":0.742,"waterFraction":0.046,"simulated":true},"geometry":{"type":"Polygon","coordinates":[[[114.2363999999998,22.2308],[114.2379999999998,22.2308],[114.2379999999998,22.2324],[114.2363999999998,22.2324],[114.2363999999998,22.2308]]]}},{"type":"Feature","properties":{"id":"lu-southern-13-55","class":"built_up","vegetationFraction":0.232,"pavedFraction":0.755,"waterFraction":0.023,"simulated":true},"geometry":{"type":"Polygon","coordinates":[[[114.2379999999998,22.2308],[114.2395999999998,22.2308],[114.2395999999998,22.2324],[114.2379999999998,22.2324],[114.2379999999998,22.2308]]]}},{"type":"Feature","properties":{"id":"lu-southern-13-56","class":"built_up","vegetationFraction":0.2,"pavedFraction":0.592,"waterFraction":0.004,"simulated":true},"geometry":{"type":"Polygon","coordinates":[[[114.2395999999998,22.2308],[114.2411999999998,22.2308],[114.2411999999998,22.2324],[114.2395999999998,22.2324],[114.2395999999998,22.2308]]]}},{"type":"Feature","properties":{"id":"lu-southern-13-57","class":"built_up","vegetationFraction":0.172,"pavedFraction":0.582,"waterFraction":0.027,"simulated":true},"geometry":{"type":"Polygon","coordinates":[[[114.2411999999998,22.2308],[114.24279999999979,22.2308],[114.24279999999979,22.2324],[114.2411999999998,22.2324],[114.2411999999998,22.2308]]]}},{"type":"Feature","properties":{"id":"lu-southern-13-58","class":"built_up","vegetationFraction":0.125,"pavedFraction":0.716,"waterFraction":0.053,"simulated":true},"geometry":{"type":"Polygon","coordinates":[[[114.24279999999979,22.2308],[114.24439999999979,22.2308],[114.24439999999979,22.2324],[114.24279999999979,22.2324],[114.24279999999979,22.2308]]]}},{"type":"Feature","properties":{"id":"lu-southern-13-59","class":"built_up","vegetationFraction":0.218,"pavedFraction":0.698,"waterFraction":0.002,"simulated":true},"geometry":{"type":"Polygon","coordinates":[[[114.24439999999979,22.2308],[114.24599999999978,22.2308],[114.24599999999978,22.2324],[114.24439999999979,22.2324],[114.24439999999979,22.2308]]]}},{"type":"Feature","properties":{"id":"lu-southern-13-60","class":"built_up","vegetationFraction":0.116,"pavedFraction":0.711,"waterFraction":0.009,"simulated":true},"geometry":{"type":"Polygon","coordinates":[[[114.24599999999978,22.2308],[114.24759999999978,22.2308],[114.24759999999978,22.2324],[114.24599999999978,22.2324],[114.24599999999978,22.2308]]]}},{"type":"Feature","properties":{"id":"lu-southern-13-61","class":"built_up","vegetationFraction":0.212,"pavedFraction":0.607,"waterFraction":0.044,"simulated":true},"geometry":{"type":"Polygon","coordinates":[[[114.24759999999978,22.2308],[114.24919999999977,22.2308],[114.24919999999977,22.2324],[114.24759999999978,22.2324],[114.24759999999978,22.2308]]]}},{"type":"Feature","properties":{"id":"lu-southern-13-62","class":"built_up","vegetationFraction":0.179,"pavedFraction":0.629,"waterFraction":0.05,"simulated":true},"geometry":{"type":"Polygon","coordinates":[[[114.24919999999977,22.2308],[114.25079999999977,22.2308],[114.25079999999977,22.2324],[114.24919999999977,22.2324],[114.24919999999977,22.2308]]]}},{"type":"Feature","properties":{"id":"lu-southern-13-63","class":"urban_open_space","vegetationFraction":0.264,"pavedFraction":0.76,"waterFraction":0.022,"simulated":true},"geometry":{"type":"Polygon","coordinates":[[[114.25079999999977,22.2308],[114.25239999999977,22.2308],[114.25239999999977,22.2324],[114.25079999999977,22.2324],[114.25079999999977,22.2308]]]}},{"type":"Feature","properties":{"id":"lu-southern-13-64","class":"built_up","vegetationFraction":0.236,"pavedFraction":0.587,"waterFraction":0.026,"simulated":true},"geometry":{"type":"Polygon","coordinates":[[[114.25239999999977,22.2308],[114.25399999999976,22.2308],[114.25399999999976,22.2324],[114.25239999999977,22.2324],[114.25239999999977,22.2308]]]}},{"type":"Feature","properties":{"id":"lu-southern-13-65","class":"built_up","vegetationFraction":0.147,"pavedFraction":0.648,"waterFraction":0.02,"simulated":true},"geometry":{"type":"Polygon","coordinates":[[[114.25399999999976,22.2308],[114.25559999999976,22.2308],[114.25559999999976,22.2324],[114.25399999999976,22.2324],[114.25399999999976,22.2308]]]}},{"type":"Feature","properties":{"id":"lu-southern-13-66","class":"built_up","vegetationFraction":0.242,"pavedFraction":0.62,"waterFraction":0.04,"simulated":true},"geometry":{"type":"Polygon","coordinates":[[[114.25559999999976,22.2308],[114.25719999999976,22.2308],[114.25719999999976,22.2324],[114.25559999999976,22.2324],[114.25559999999976,22.2308]]]}},{"type":"Feature","properties":{"id":"lu-southern-13-67","class":"built_up","vegetationFraction":0.197,"pavedFraction":0.521,"waterFraction":0.022,"simulated":true},"geometry":{"type":"Polygon","coordinates":[[[114.25719999999976,22.2308],[114.25879999999975,22.2308],[114.25879999999975,22.2324],[114.25719999999976,22.2324],[114.25719999999976,22.2308]]]}},{"type":"Feature","properties":{"id":"lu-southern-13-68","class":"built_up","vegetationFraction":0.213,"pavedFraction":0.729,"waterFraction":0.011,"simulated":true},"geometry":{"type":"Polygon","coordinates":[[[114.25879999999975,22.2308],[114.26039999999975,22.2308],[114.26039999999975,22.2324],[114.25879999999975,22.2324],[114.25879999999975,22.2308]]]}},{"type":"Feature","properties":{"id":"lu-southern-13-69","class":"built_up","vegetationFraction":0.166,"pavedFraction":0.708,"waterFraction":0.017,"simulated":true},"geometry":{"type":"Polygon","coordinates":[[[114.26039999999975,22.2308],[114.26199999999974,22.2308],[114.26199999999974,22.2324],[114.26039999999975,22.2324],[114.26039999999975,22.2308]]]}},{"type":"Feature","properties":{"id":"lu-southern-13-70","class":"built_up","vegetationFraction":0.108,"pavedFraction":0.652,"waterFraction":0.048,"simulated":true},"geometry":{"type":"Polygon","coordinates":[[[114.26199999999974,22.2308],[114.26359999999974,22.2308],[114.26359999999974,22.2324],[114.26199999999974,22.2324],[114.26199999999974,22.2308]]]}},{"type":"Feature","properties":{"id":"lu-southern-13-71","class":"built_up","vegetationFraction":0.129,"pavedFraction":0.742,"waterFraction":0.049,"simulated":true},"geometry":{"type":"Polygon","coordinates":[[[114.26359999999974,22.2308],[114.26519999999974,22.2308],[114.26519999999974,22.2324],[114.26359999999974,22.2324],[114.26359999999974,22.2308]]]}},{"type":"Feature","properties":{"id":"lu-southern-14-00","class":"urban_open_space","vegetationFraction":0.272,"pavedFraction":0.485,"waterFraction":0.054,"simulated":true},"geometry":{"type":"Polygon","coordinates":[[[114.15,22.2324],[114.1516,22.2324],[114.1516,22.233999999999998],[114.15,22.233999999999998],[114.15,22.2324]]]}},{"type":"Feature","properties":{"id":"lu-southern-14-01","class":"built_up","vegetationFraction":0.151,"pavedFraction":0.489,"waterFraction":0.037,"simulated":true},"geometry":{"type":"Polygon","coordinates":[[[114.1516,22.2324],[114.1532,22.2324],[114.1532,22.233999999999998],[114.1516,22.233999999999998],[114.1516,22.2324]]]}},{"type":"Feature","properties":{"id":"lu-southern-14-02","class":"built_up","vegetationFraction":0.162,"pavedFraction":0.659,"waterFraction":0.02,"simulated":true},"geometry":{"type":"Polygon","coordinates":[[[114.1532,22.2324],[114.1548,22.2324],[114.1548,22.233999999999998],[114.1532,22.233999999999998],[114.1532,22.2324]]]}},{"type":"Feature","properties":{"id":"lu-southern-14-03","class":"built_up","vegetationFraction":0.192,"pavedFraction":0.582,"waterFraction":0.023,"simulated":true},"geometry":{"type":"Polygon","coordinates":[[[114.1548,22.2324],[114.15639999999999,22.2324],[114.15639999999999,22.233999999999998],[114.1548,22.233999999999998],[114.1548,22.2324]]]}},{"type":"Feature","properties":{"id":"lu-southern-14-04","class":"built_up","vegetationFraction":0.21,"pavedFraction":0.496,"waterFraction":0.044,"simulated":true},"geometry":{"type":"Polygon","coordinates":[[[114.15639999999999,22.2324],[114.15799999999999,22.2324],[114.15799999999999,22.233999999999998],[114.15639999999999,22.233999999999998],[114.15639999999999,22.2324]]]}},{"type":"Feature","properties":{"id":"lu-southern-14-05","class":"urban_open_space","vegetationFraction":0.272,"pavedFraction":0.527,"waterFraction":0.055,"simulated":true},"geometry":{"type":"Polygon","coordinates":[[[114.15799999999999,22.2324],[114.15959999999998,22.2324],[114.15959999999998,22.233999999999998],[114.15799999999999,22.233999999999998],[114.15799999999999,22.2324]]]}},{"type":"Feature","properties":{"id":"lu-southern-14-06","class":"built_up","vegetationFraction":0.102,"pavedFraction":0.608,"waterFraction":0.054,"simulated":true},"geometry":{"type":"Polygon","coordinates":[[[114.15959999999998,22.2324],[114.16119999999998,22.2324],[114.16119999999998,22.233999999999998],[114.15959999999998,22.233999999999998],[114.15959999999998,22.2324]]]}},{"type":"Feature","properties":{"id":"lu-southern-14-07","class":"built_up","vegetationFraction":0.167,"pavedFraction":0.529,"waterFraction":0.002,"simulated":true},"geometry":{"type":"Polygon","coordinates":[[[114.16119999999998,22.2324],[114.16279999999998,22.2324],[114.16279999999998,22.233999999999998],[114.16119999999998,22.233999999999998],[114.16119999999998,22.2324]]]}},{"type":"Feature","properties":{"id":"lu-southern-14-08","class":"built_up","vegetationFraction":0.189,"pavedFraction":0.742,"waterFraction":0.035,"simulated":true},"geometry":{"type":"Polygon","coordinates":[[[114.16279999999998,22.2324],[114.16439999999997,22.2324],[114.16439999999997,22.233999999999998],[114.16279999999998,22.233999999999998],[114.16279999999998,22.2324]]]}},{"type":"Feature","properties":{"id":"lu-southern-14-09","class":"urban_open_space","vegetationFraction":0.269,"pavedFraction":0.486,"waterFraction":0.052,"simulated":true},"geometry":{"type":"Polygon","coordinates":[[[114.16439999999997,22.2324],[114.16599999999997,22.2324],[114.16599999999997,22.233999999999998],[114.16439999999997,22.233999999999998],[114.16439999999997,22.2324]]]}},{"type":"Feature","properties":{"id":"lu-southern-14-10","class":"built_up","vegetationFraction":0.241,"pavedFraction":0.646,"waterFraction":0.033,"simulated":true},"geometry":{"type":"Polygon","coordinates":[[[114.16599999999997,22.2324],[114.16759999999996,22.2324],[114.16759999999996,22.233999999999998],[114.16599999999997,22.233999999999998],[114.16599999999997,22.2324]]]}},{"type":"Feature","properties":{"id":"lu-southern-14-11","class":"built_up","vegetationFraction":0.2,"pavedFraction":0.742,"waterFraction":0.033,"simulated":true},"geometry":{"type":"Polygon","coordinates":[[[114.16759999999996,22.2324],[114.16919999999996,22.2324],[114.16919999999996,22.233999999999998],[114.16759999999996,22.233999999999998],[114.16759999999996,22.2324]]]}},{"type":"Feature","properties":{"id":"lu-southern-14-12","class":"built_up","vegetationFraction":0.142,"pavedFraction":0.505,"waterFraction":0.027,"simulated":true},"geometry":{"type":"Polygon","coordinates":[[[114.16919999999996,22.2324],[114.17079999999996,22.2324],[114.17079999999996,22.233999999999998],[114.16919999999996,22.233999999999998],[114.16919999999996,22.2324]]]}},{"type":"Feature","properties":{"id":"lu-southern-14-13","class":"built_up","vegetationFraction":0.106,"pavedFraction":0.692,"waterFraction":0.039,"simulated":true},"geometry":{"type":"Polygon","coordinates":[[[114.17079999999996,22.2324],[114.17239999999995,22.2324],[114.17239999999995,22.233999999999998],[114.17079999999996,22.233999999999998],[114.17079999999996,22.2324]]]}},{"type":"Feature","properties":{"id":"lu-southern-14-14","class":"built_up","vegetationFraction":0.209,"pavedFraction":0.732,"waterFraction":0.011,"simulated":true},"geometry":{"type":"Polygon","coordinates":[[[114.17239999999995,22.2324],[114.17399999999995,22.2324],[114.17399999999995,22.233999999999998],[114.17239999999995,22.233999999999998],[114.17239999999995,22.2324]]]}},{"type":"Feature","properties":{"id":"lu-southern-14-15","class":"urban_open_space","vegetationFraction":0.269,"pavedFraction":0.667,"waterFraction":0.036,"simulated":true},"geometry":{"type":"Polygon","coordinates":[[[114.17399999999995,22.2324],[114.17559999999995,22.2324],[114.17559999999995,22.233999999999998],[114.17399999999995,22.233999999999998],[114.17399999999995,22.2324]]]}},{"type":"Feature","properties":{"id":"lu-southern-14-16","class":"built_up","vegetationFraction":0.204,"pavedFraction":0.501,"waterFraction":0.006,"simulated":true},"geometry":{"type":"Polygon","coordinates":[[[114.17559999999995,22.2324],[114.17719999999994,22.2324],[114.17719999999994,22.233999999999998],[114.17559999999995,22.233999999999998],[114.17559999999995,22.2324]]]}},{"type":"Feature","properties":{"id":"lu-southern-14-17","class":"built_up","vegetationFraction":0.124,"pavedFraction":0.688,"waterFraction":0.055,"simulated":true},"geometry":{"type":"Polygon","coordinates":[[[114.17719999999994,22.2324],[114.17879999999994,22.2324],[114.17879999999994,22.233999999999998],[114.17719999999994,22.233999999999998],[114.17719999999994,22.2324]]]}},{"type":"Feature","properties":{"id":"lu-southern-14-18","class":"built_up","vegetationFraction":0.147,"pavedFraction":0.556,"waterFraction":0.02,"simulated":true},"geometry":{"type":"Polygon","coordinates":[[[114.17879999999994,22.2324],[114.18039999999993,22.2324],[114.18039999999993,22.233999999999998],[114.17879999999994,22.233999999999998],[114.17879999999994,22.2324]]]}},{"type":"Feature","properties":{"id":"lu-southern-14-19","class":"built_up","vegetationFraction":0.168,"pavedFraction":0.527,"waterFraction":0.037,"simulated":true},"geometry":{"type":"Polygon","coordinates":[[[114.18039999999993,22.2324],[114.18199999999993,22.2324],[114.18199999999993,22.233999999999998],[114.18039999999993,22.233999999999998],[114.18039999999993,22.2324]]]}},{"type":"Feature","properties":{"id":"lu-southern-14-20","class":"urban_open_space","vegetationFraction":0.252,"pavedFraction":0.634,"waterFraction":0.011,"simulated":true},"geometry":{"type":"Polygon","coordinates":[[[114.18199999999993,22.2324],[114.18359999999993,22.2324],[114.18359999999993,22.233999999999998],[114.18199999999993,22.233999999999998],[114.18199999999993,22.2324]]]}},{"type":"Feature","properties":{"id":"lu-southern-14-21","class":"urban_open_space","vegetationFraction":0.264,"pavedFraction":0.534,"waterFraction":0.014,"simulated":true},"geometry":{"type":"Polygon","coordinates":[[[114.18359999999993,22.2324],[114.18519999999992,22.2324],[114.18519999999992,22.233999999999998],[114.18359999999993,22.233999999999998],[114.18359999999993,22.2324]]]}},{"type":"Feature","properties":{"id":"lu-southern-14-22","class":"green_space","vegetationFraction":0.78,"pavedFraction":0.1,"waterFraction":0.056,"simulated":true},"geometry":{"type":"Polygon","coordinates":[[[114.18519999999992,22.2324],[114.18679999999992,22.2324],[114.18679999999992,22.233999999999998],[114.18519999999992,22.233999999999998],[114.18519999999992,22.2324]]]}},{"type":"Feature","properties":{"id":"lu-southern-14-23","class":"green_space","vegetationFraction":0.78,"pavedFraction":0.1,"waterFraction":0.026,"simulated":true},"geometry":{"type":"Polygon","coordinates":[[[114.18679999999992,22.2324],[114.18839999999992,22.2324],[114.18839999999992,22.233999999999998],[114.18679999999992,22.233999999999998],[114.18679999999992,22.2324]]]}},{"type":"Feature","properties":{"id":"lu-southern-14-24","class":"green_space","vegetationFraction":0.78,"pavedFraction":0.1,"waterFraction":0.042,"simulated":true},"geometry":{"type":"Polygon","coordinates":[[[114.18839999999992,22.2324],[114.18999999999991,22.2324],[114.18999999999991,22.233999999999998],[114.18839999999992,22.233999999999998],[114.18839999999992,22.2324]]]}},{"type":"Feature","properties":{"id":"lu-southern-14-25","class":"green_space","vegetationFraction":0.78,"pavedFraction":0.1,"waterFraction":0.019,"simulated":true},"geometry":{"type":"Polygon","coordinates":[[[114.18999999999991,22.2324],[114.19159999999991,22.2324],[114.19159999999991,22.233999999999998],[114.18999999999991,22.233999999999998],[114.18999999999991,22.2324]]]}},{"type":"Feature","properties":{"id":"lu-southern-14-26","class":"green_space","vegetationFraction":0.78,"pavedFraction":0.1,"waterFraction":0.01,"simulated":true},"geometry":{"type":"Polygon","coordinates":[[[114.19159999999991,22.2324],[114.1931999999999,22.2324],[114.1931999999999,22.233999999999998],[114.19159999999991,22.233999999999998],[114.19159999999991,22.2324]]]}},{"type":"Feature","properties":{"id":"lu-southern-14-27","class":"green_space","vegetationFraction":0.78,"pavedFraction":0.1,"waterFraction":0.003,"simulated":true},"geometry":{"type":"Polygon","coordinates":[[[114.1931999999999,22.2324],[114.1947999999999,22.2324],[114.1947999999999,22.233999999999998],[114.1931999999999,22.233999999999998],[114.1931999999999,22.2324]]]}},{"type":"Feature","properties":{"id":"lu-southern-14-28","class":"green_space","vegetationFraction":0.78,"pavedFraction":0.1,"waterFraction":0.011,"simulated":true},"geometry":{"type":"Polygon","coordinates":[[[114.1947999999999,22.2324],[114.1963999999999,22.2324],[114.1963999999999,22.233999999999998],[114.1947999999999,22.233999999999998],[114.1947999999999,22.2324]]]}},{"type":"Feature","properties":{"id":"lu-southern-14-29","class":"green_space","vegetationFraction":0.78,"pavedFraction":0.1,"waterFraction":0.051,"simulated":true},"geometry":{"type":"Polygon","coordinates":[[[114.1963999999999,22.2324],[114.1979999999999,22.2324],[114.1979999999999,22.233999999999998],[114.1963999999999,22.233999999999998],[114.1963999999999,22.2324]]]}},{"type":"Feature","properties":{"id":"lu-southern-14-30","class":"green_space","vegetationFraction":0.78,"pavedFraction":0.1,"waterFraction":0.029,"simulated":true},"geometry":{"type":"Polygon","coordinates":[[[114.1979999999999,22.2324],[114.19959999999989,22.2324],[114.19959999999989,22.233999999999998],[114.1979999999999,22.233999999999998],[114.1979999999999,22.2324]]]}},{"type":"Feature","properties":{"id":"lu-southern-14-31","class":"green_space","vegetationFraction":0.78,"pavedFraction":0.1,"waterFraction":0.045,"simulated":true},"geometry":{"type":"Polygon","coordinates":[[[114.19959999999989,22.2324],[114.20119999999989,22.2324],[114.20119999999989,22.233999999999998],[114.19959999999989,22.233999999999998],[114.19959999999989,22.2324]]]}},{"type":"Feature","properties":{"id":"lu-southern-14-32","class":"green_space","vegetationFraction":0.78,"pavedFraction":0.1,"waterFraction":0.057,"simulated":true},"geometry":{"type":"Polygon","coordinates":[[[114.20119999999989,22.2324],[114.20279999999988,22.2324],[114.20279999999988,22.233999999999998],[114.20119999999989,22.233999999999998],[114.20119999999989,22.2324]]]}},{"type":"Feature","properties":{"id":"lu-southern-14-33","class":"green_space","vegetationFraction":0.78,"pavedFraction":0.1,"waterFraction":0.016,"simulated":true},"geometry":{"type":"Polygon","coordinates":[[[114.20279999999988,22.2324],[114.20439999999988,22.2324],[114.20439999999988,22.233999999999998],[114.20279999999988,22.233999999999998],[114.20279999999988,22.2324]]]}},{"type":"Feature","properties":{"id":"lu-southern-14-34","class":"green_space","vegetationFraction":0.78,"pavedFraction":0.1,"waterFraction":0.011,"simulated":true},"geometry":{"type":"Polygon","coordinates":[[[114.20439999999988,22.2324],[114.20599999999988,22.2324],[114.20599999999988,22.233999999999998],[114.20439999999988,22.233999999999998],[114.20439999999988,22.2324]]]}},{"type":"Feature","properties":{"id":"lu-southern-14-35","class":"green_space","vegetationFraction":0.78,"pavedFraction":0.1,"waterFraction":0.013,"simulated":true},"geometry":{"type":"Polygon","coordinates":[[[114.20599999999988,22.2324],[114.20759999999987,22.2324],[114.20759999999987,22.233999999999998],[114.20599999999988,22.233999999999998],[114.20599999999988,22.2324]]]}},{"type":"Feature","properties":{"id":"lu-southern-14-36","class":"green_space","vegetationFraction":0.78,"pavedFraction":0.1,"waterFraction":0.029,"simulated":true},"geometry":{"type":"Polygon","coordinates":[[[114.20759999999987,22.2324],[114.20919999999987,22.2324],[114.20919999999987,22.233999999999998],[114.20759999999987,22.233999999999998],[114.20759999999987,22.2324]]]}},{"type":"Feature","properties":{"id":"lu-southern-14-37","class":"green_space","vegetationFraction":0.78,"pavedFraction":0.1,"waterFraction":0.031,"simulated":true},"geometry":{"type":"Polygon","coordinates":[[[114.20919999999987,22.2324],[114.21079999999986,22.2324],[114.21079999999986,22.233999999999998],[114.20919999999987,22.233999999999998],[114.20919999999987,22.2324]]]}},{"type":"Feature","properties":{"id":"lu-southern-14-38","class":"green_space","vegetationFraction":0.78,"pavedFraction":0.1,"waterFraction":0.024,"simulated":true},"geometry":{"type":"Polygon","coordinates":[[[114.21079999999986,22.2324],[114.21239999999986,22.2324],[114.21239999999986,22.233999999999998],[114.21079999999986,22.233999999999998],[114.21079999999986,22.2324]]]}},{"type":"Feature","properties":{"id":"lu-southern-14-39","class":"green_space","vegetationFraction":0.78,"pavedFraction":0.1,"waterFraction":0.041,"simulated":true},"geometry":{"type":"Polygon","coordinates":[[[114.21239999999986,22.2324],[114.21399999999986,22.2324],[114.21399999999986,22.233999999999998],[114.21239999999986,22.233999999999998],[114.21239999999986,22.2324]]]}},{"type":"Feature","properties":{"id":"lu-southern-14-40","class":"green_space","vegetationFraction":0.78,"pavedFraction":0.1,"waterFraction":0.02,"simulated":true},"geometry":{"type":"Polygon","coordinates":[[[114.21399999999986,22.2324],[114.21559999999985,22.2324],[114.21559999999985,22.233999999999998],[114.21399999999986,22.233999999999998],[114.21399999999986,22.2324]]]}},{"type":"Feature","properties":{"id":"lu-southern-14-41","class":"green_space","vegetationFraction":0.78,"pavedFraction":0.1,"waterFraction":0.021,"simulated":true},"geometry":{"type":"Polygon","coordinates":[[[114.21559999999985,22.2324],[114.21719999999985,22.2324],[114.21719999999985,22.233999999999998],[114.21559999999985,22.233999999999998],[114.21559999999985,22.2324]]]}},{"type":"Feature","properties":{"id":"lu-southern-14-42","class":"green_space","vegetationFraction":0.78,"pavedFraction":0.1,"waterFraction":0.008,"simulated":true},"geometry":{"type":"Polygon","coordinates":[[[114.21719999999985,22.2324],[114.21879999999985,22.2324],[114.21879999999985,22.233999999999998],[114.21719999999985,22.233999999999998],[114.21719999999985,22.2324]]]}},{"type":"Feature","properties":{"id":"lu-southern-14-43","class":"green_space","vegetationFraction":0.78,"pavedFraction":0.1,"waterFraction":0.04,"simulated":true},"geometry":{"type":"Polygon","coordinates":[[[114.21879999999985,22.2324],[114.22039999999984,22.2324],[114.22039999999984,22.233999999999998],[114.21879999999985,22.233999999999998],[114.21879999999985,22.2324]]]}},{"type":"Feature","properties":{"id":"lu-southern-14-44","class":"green_space","vegetationFraction":0.78,"pavedFraction":0.1,"waterFraction":0.016,"simulated":true},"geometry":{"type":"Polygon","coordinates":[[[114.22039999999984,22.2324],[114.22199999999984,22.2324],[114.22199999999984,22.233999999999998],[114.22039999999984,22.233999999999998],[114.22039999999984,22.2324]]]}},{"type":"Feature","properties":{"id":"lu-southern-14-45","class":"built_up","vegetationFraction":0.101,"pavedFraction":0.745,"waterFraction":0.029,"simulated":true},"geometry":{"type":"Polygon","coordinates":[[[114.22199999999984,22.2324],[114.22359999999983,22.2324],[114.22359999999983,22.233999999999998],[114.22199999999984,22.233999999999998],[114.22199999999984,22.2324]]]}},{"type":"Feature","properties":{"id":"lu-southern-14-46","class":"built_up","vegetationFraction":0.169,"pavedFraction":0.769,"waterFraction":0.01,"simulated":true},"geometry":{"type":"Polygon","coordinates":[[[114.22359999999983,22.2324],[114.22519999999983,22.2324],[114.22519999999983,22.233999999999998],[114.22359999999983,22.233999999999998],[114.22359999999983,22.2324]]]}},{"type":"Feature","properties":{"id":"lu-southern-14-47","class":"urban_open_space","vegetationFraction":0.277,"pavedFraction":0.615,"waterFraction":0.038,"simulated":true},"geometry":{"type":"Polygon","coordinates":[[[114.22519999999983,22.2324],[114.22679999999983,22.2324],[114.22679999999983,22.233999999999998],[114.22519999999983,22.233999999999998],[114.22519999999983,22.2324]]]}},{"type":"Feature","properties":{"id":"lu-southern-14-48","class":"built_up","vegetationFraction":0.17,"pavedFraction":0.666,"waterFraction":0.033,"simulated":true},"geometry":{"type":"Polygon","coordinates":[[[114.22679999999983,22.2324],[114.22839999999982,22.2324],[114.22839999999982,22.233999999999998],[114.22679999999983,22.233999999999998],[114.22679999999983,22.2324]]]}},{"type":"Feature","properties":{"id":"lu-southern-14-49","class":"built_up","vegetationFraction":0.233,"pavedFraction":0.549,"waterFraction":0.004,"simulated":true},"geometry":{"type":"Polygon","coordinates":[[[114.22839999999982,22.2324],[114.22999999999982,22.2324],[114.22999999999982,22.233999999999998],[114.22839999999982,22.233999999999998],[114.22839999999982,22.2324]]]}},{"type":"Feature","properties":{"id":"lu-southern-14-50","class":"built_up","vegetationFraction":0.218,"pavedFraction":0.492,"waterFraction":0.018,"simulated":true},"geometry":{"type":"Polygon","coordinates":[[[114.22999999999982,22.2324],[114.23159999999982,22.2324],[114.23159999999982,22.233999999999998],[114.22999999999982,22.233999999999998],[114.22999999999982,22.2324]]]}},{"type":"Feature","properties":{"id":"lu-southern-14-51","class":"urban_open_space","vegetationFraction":0.266,"pavedFraction":0.587,"waterFraction":0.037,"simulated":true},"geometry":{"type":"Polygon","coordinates":[[[114.23159999999982,22.2324],[114.23319999999981,22.2324],[114.23319999999981,22.233999999999998],[114.23159999999982,22.233999999999998],[114.23159999999982,22.2324]]]}},{"type":"Feature","properties":{"id":"lu-southern-14-52","class":"built_up","vegetationFraction":0.156,"pavedFraction":0.552,"waterFraction":0.053,"simulated":true},"geometry":{"type":"Polygon","coordinates":[[[114.23319999999981,22.2324],[114.23479999999981,22.2324],[114.23479999999981,22.233999999999998],[114.23319999999981,22.233999999999998],[114.23319999999981,22.2324]]]}},{"type":"Feature","properties":{"id":"lu-southern-14-53","class":"built_up","vegetationFraction":0.204,"pavedFraction":0.486,"waterFraction":0.029,"simulated":true},"geometry":{"type":"Polygon","coordinates":[[[114.23479999999981,22.2324],[114.2363999999998,22.2324],[114.2363999999998,22.233999999999998],[114.23479999999981,22.233999999999998],[114.23479999999981,22.2324]]]}},{"type":"Feature","properties":{"id":"lu-southern-14-54","class":"built_up","vegetationFraction":0.116,"pavedFraction":0.601,"waterFraction":0.0,"simulated":true},"geometry":{"type":"Polygon","coordinates":[[[114.2363999999998,22.2324],[114.2379999999998,22.2324],[114.2379999999998,22.233999999999998],[114.2363999999998,22.233999999999998],[114.2363999999998,22.2324]]]}},{"type":"Feature","properties":{"id":"lu-southern-14-55","class":"built_up","vegetationFraction":0.242,"pavedFraction":0.538,"waterFraction":0.023,"simulated":true},"geometry":{"type":"Polygon","coordinates":[[[114.2379999999998,22.2324],[114.2395999999998,22.2324],[114.2395999999998,22.233999999999998],[114.2379999999998,22.233999999999998],[114.2379999999998,22.2324]]]}},{"type":"Feature","properties":{"id":"lu-southern-14-56","class":"built_up","vegetationFraction":0.228,"pavedFraction":0.614,"waterFraction":0.016,"simulated":true},"geometry":{"type":"Polygon","coordinates":[[[114.2395999999998,22.2324],[114.2411999999998,22.2324],[114.2411999999998,22.233999999999998],[114.2395999999998,22.233999999999998],[114.2395999999998,22.2324]]]}},{"type":"Feature","properties":{"id":"lu-southern-14-57","class":"built_up","vegetationFraction":0.183,"pavedFraction":0.626,"waterFraction":0.043,"simulated":true},"geometry":{"type":"Polygon","coordinates":[[[114.2411999999998,22.2324],[114.24279999999979,22.2324],[114.24279999999979,22.233999999999998],[114.2411999999998,22.233999999999998],[114.2411999999998,22.2324]]]}},{"type":"Feature","properties":{"id":"lu-southern-14-58","class":"built_up","vegetationFraction":0.236,"pavedFraction":0.598,"waterFraction":0.004,"simulated":true},"geometry":{"type":"Polygon","coordinates":[[[114.24279999999979,22.2324],[114.24439999999979,22.2324],[114.24439999999979,22.233999999999998],[114.24279999999979,22.233999999999998],[114.24279999999979,22.2324]]]}},{"type":"Feature","properties":{"id":"lu-southern-14-59","class":"built_up","vegetationFraction":0.246,"pavedFraction":0.521,"waterFraction":0.017,"simulated":true},"geometry":{"type":"Polygon","coordinates":[[[114.24439999999979,22.2324],[114.24599999999978,22.2324],[114.24599999999978,22.233999999999998],[114.24439999999979,22.233999999999998],[114.24439999999979,22.2324]]]}},{"type":"Feature","properties":{"id":"lu-southern-14-60","class":"built_up","vegetationFraction":0.233,"pavedFraction":0.539,"waterFraction":0.01,"simulated":true},"geometry":{"type":"Polygon","coordinates":[[[114.24599999999978,22.2324],[114.24759999999978,22.2324],[114.24759999999978,22.233999999999998],[114.24599999999978,22.233999999999998],[114.24599999999978,22.2324]]]}},{"type":"Feature","properties":{"id":"lu-southern-14-61","class":"built_up","vegetationFraction":0.231,"pavedFraction":0.74,"waterFraction":0.041,"simulated":true},"geometry":{"type":"Polygon","coordinates":[[[114.24759999999978,22.2324],[114.24919999999977,22.2324],[114.24919999999977,22.233999999999998],[114.24759999999978,22.233999999999998],[114.24759999999978,22.2324]]]}},{"type":"Feature","properties":{"id":"lu-southern-14-62","class":"urban_open_space","vegetationFraction":0.257,"pavedFraction":0.553,"waterFraction":0.019,"simulated":true},"geometry":{"type":"Polygon","coordinates":[[[114.24919999999977,22.2324],[114.25079999999977,22.2324],[114.25079999999977,22.233999999999998],[114.24919999999977,22.233999999999998],[114.24919999999977,22.2324]]]}},{"type":"Feature","properties":{"id":"lu-southern-14-63","class":"built_up","vegetationFraction":0.248,"pavedFraction":0.566,"waterFraction":0.055,"simulated":true},"geometry":{"type":"Polygon","coordinates":[[[114.25079999999977,22.2324],[114.25239999999977,22.2324],[114.25239999999977,22.233999999999998],[114.25079999999977,22.233999999999998],[114.25079999999977,22.2324]]]}},{"type":"Feature","properties":{"id":"lu-southern-14-64","class":"built_up","vegetationFraction":0.197,"pavedFraction":0.753,"waterFraction":0.029,"simulated":true},"geometry":{"type":"Polygon","coordinates":[[[114.25239999999977,22.2324],[114.25399999999976,22.2324],[114.25399999999976,22.233999999999998],[114.25239999999977,22.233999999999998],[114.25239999999977,22.2324]]]}},{"type":"Feature","properties":{"id":"lu-southern-14-65","class":"built_up","vegetationFraction":0.221,"pavedFraction":0.638,"waterFraction":0.045,"simulated":true},"geometry":{"type":"Polygon","coordinates":[[[114.25399999999976,22.2324],[114.25559999999976,22.2324],[114.25559999999976,22.233999999999998],[114.25399999999976,22.233999999999998],[114.25399999999976,22.2324]]]}},{"type":"Feature","properties":{"id":"lu-southern-14-66","class":"built_up","vegetationFraction":0.159,"pavedFraction":0.634,"waterFraction":0.049,"simulated":true},"geometry":{"type":"Polygon","coordinates":[[[114.25559999999976,22.2324],[114.25719999999976,22.2324],[114.25719999999976,22.233999999999998],[114.25559999999976,22.233999999999998],[114.25559999999976,22.2324]]]}},{"type":"Feature","properties":{"id":"lu-southern-14-67","class":"built_up","vegetationFraction":0.212,"pavedFraction":0.492,"waterFraction":0.014,"simulated":true},"geometry":{"type":"Polygon","coordinates":[[[114.25719999999976,22.2324],[114.25879999999975,22.2324],[114.25879999999975,22.233999999999998],[114.25719999999976,22.233999999999998],[114.25719999999976,22.2324]]]}},{"type":"Feature","properties":{"id":"lu-southern-14-68","class":"built_up","vegetationFraction":0.226,"pavedFraction":0.556,"waterFraction":0.02,"simulated":true},"geometry":{"type":"Polygon","coordinates":[[[114.25879999999975,22.2324],[114.26039999999975,22.2324],[114.26039999999975,22.233999999999998],[114.25879999999975,22.233999999999998],[114.25879999999975,22.2324]]]}},{"type":"Feature","properties":{"id":"lu-southern-14-69","class":"urban_open_space","vegetationFraction":0.271,"pavedFraction":0.671,"waterFraction":0.002,"simulated":true},"geometry":{"type":"Polygon","coordinates":[[[114.26039999999975,22.2324],[114.26199999999974,22.2324],[114.26199999999974,22.233999999999998],[114.26039999999975,22.233999999999998],[114.26039999999975,22.2324]]]}},{"type":"Feature","properties":{"id":"lu-southern-14-70","class":"built_up","vegetationFraction":0.24,"pavedFraction":0.765,"waterFraction":0.015,"simulated":true},"geometry":{"type":"Polygon","coordinates":[[[114.26199999999974,22.2324],[114.26359999999974,22.2324],[114.26359999999974,22.233999999999998],[114.26199999999974,22.233999999999998],[114.26199999999974,22.2324]]]}},{"type":"Feature","properties":{"id":"lu-southern-14-71","class":"built_up","vegetationFraction":0.245,"pavedFraction":0.778,"waterFraction":0.059,"simulated":true},"geometry":{"type":"Polygon","coordinates":[[[114.26359999999974,22.2324],[114.26519999999974,22.2324],[114.26519999999974,22.233999999999998],[114.26359999999974,22.233999999999998],[114.26359999999974,22.2324]]]}},{"type":"Feature","properties":{"id":"lu-southern-15-00","class":"built_up","vegetationFraction":0.109,"pavedFraction":0.485,"waterFraction":0.052,"simulated":true},"geometry":{"type":"Polygon","coordinates":[[[114.15,22.233999999999998],[114.1516,22.233999999999998],[114.1516,22.235599999999998],[114.15,22.235599999999998],[114.15,22.233999999999998]]]}},{"type":"Feature","properties":{"id":"lu-southern-15-01","class":"built_up","vegetationFraction":0.182,"pavedFraction":0.619,"waterFraction":0.051,"simulated":true},"geometry":{"type":"Polygon","coordinates":[[[114.1516,22.233999999999998],[114.1532,22.233999999999998],[114.1532,22.235599999999998],[114.1516,22.235599999999998],[114.1516,22.233999999999998]]]}},{"type":"Feature","properties":{"id":"lu-southern-15-02","class":"urban_open_space","vegetationFraction":0.274,"pavedFraction":0.589,"waterFraction":0.037,"simulated":true},"geometry":{"type":"Polygon","coordinates":[[[114.1532,22.233999999999998],[114.1548,22.233999999999998],[114.1548,22.235599999999998],[114.1532,22.235599999999998],[114.1532,22.233999999999998]]]}},{"type":"Feature","properties":{"id":"lu-southern-15-03","class":"built_up","vegetationFraction":0.248,"pavedFraction":0.711,"waterFraction":0.04,"simulated":true},"geometry":{"type":"Polygon","coordinates":[[[114.1548,22.233999999999998],[114.15639999999999,22.233999999999998],[114.15639999999999,22.235599999999998],[114.1548,22.235599999999998],[114.1548,22.233999999999998]]]}},{"type":"Feature","properties":{"id":"lu-southern-15-04","class":"built_up","vegetationFraction":0.168,"pavedFraction":0.607,"waterFraction":0.04,"simulated":true},"geometry":{"type":"Polygon","coordinates":[[[114.15639999999999,22.233999999999998],[114.15799999999999,22.233999999999998],[114.15799999999999,22.235599999999998],[114.15639999999999,22.235599999999998],[114.15639999999999,22.233999999999998]]]}},{"type":"Feature","properties":{"id":"lu-southern-15-05","class":"built_up","vegetationFraction":0.128,"pavedFraction":0.575,"waterFraction":0.059,"simulated":true},"geometry":{"type":"Polygon","coordinates":[[[114.15799999999999,22.233999999999998],[114.15959999999998,22.233999999999998],[114.15959999999998,22.235599999999998],[114.15799999999999,22.235599999999998],[114.15799999999999,22.233999999999998]]]}},{"type":"Feature","properties":{"id":"lu-southern-15-06","class":"built_up","vegetationFraction":0.248,"pavedFraction":0.707,"waterFraction":0.049,"simulated":true},"geometry":{"type":"Polygon","coordinates":[[[114.15959999999998,22.233999999999998],[114.16119999999998,22.233999999999998],[114.16119999999998,22.235599999999998],[114.15959999999998,22.235599999999998],[114.15959999999998,22.233999999999998]]]}},{"type":"Feature","properties":{"id":"lu-southern-15-07","class":"built_up","vegetationFraction":0.214,"pavedFraction":0.732,"waterFraction":0.051,"simulated":true},"geometry":{"type":"Polygon","coordinates":[[[114.16119999999998,22.233999999999998],[114.16279999999998,22.233999999999998],[114.16279999999998,22.235599999999998],[114.16119999999998,22.235599999999998],[114.16119999999998,22.233999999999998]]]}},{"type":"Feature","properties":{"id":"lu-southern-15-08","class":"urban_open_space","vegetationFraction":0.264,"pavedFraction":0.685,"waterFraction":0.056,"simulated":true},"geometry":{"type":"Polygon","coordinates":[[[114.16279999999998,22.233999999999998],[114.16439999999997,22.233999999999998],[114.16439999999997,22.235599999999998],[114.16279999999998,22.235599999999998],[114.16279999999998,22.233999999999998]]]}},{"type":"Feature","properties":{"id":"lu-southern-15-09","class":"built_up","vegetationFraction":0.2,"pavedFraction":0.636,"waterFraction":0.038,"simulated":true},"geometry":{"type":"Polygon","coordinates":[[[114.16439999999997,22.233999999999998],[114.16599999999997,22.233999999999998],[114.16599999999997,22.235599999999998],[114.16439999999997,22.235599999999998],[114.16439999999997,22.233999999999998]]]}},{"type":"Feature","properties":{"id":"lu-southern-15-10","class":"urban_open_space","vegetationFraction":0.258,"pavedFraction":0.571,"waterFraction":0.029,"simulated":true},"geometry":{"type":"Polygon","coordinates":[[[114.16599999999997,22.233999999999998],[114.16759999999996,22.233999999999998],[114.16759999999996,22.235599999999998],[114.16599999999997,22.235599999999998],[114.16599999999997,22.233999999999998]]]}},{"type":"Feature","properties":{"id":"lu-southern-15-11","class":"built_up","vegetationFraction":0.101,"pavedFraction":0.518,"waterFraction":0.037,"simulated":true},"geometry":{"type":"Polygon","coordinates":[[[114.16759999999996,22.233999999999998],[114.16919999999996,22.233999999999998],[114.16919999999996,22.235599999999998],[114.16759999999996,22.235599999999998],[114.16759999999996,22.233999999999998]]]}},{"type":"Feature","properties":{"id":"lu-southern-15-12","class":"urban_open_space","vegetationFraction":0.269,"pavedFraction":0.641,"waterFraction":0.025,"simulated":true},"geometry":{"type":"Polygon","coordinates":[[[114.16919999999996,22.233999999999998],[114.17079999999996,22.233999999999998],[114.17079999999996,22.235599999999998],[114.16919999999996,22.235599999999998],[114.16919999999996,22.233999999999998]]]}},{"type":"Feature","properties":{"id":"lu-southern-15-13","class":"built_up","vegetationFraction":0.157,"pavedFraction":0.676,"waterFraction":0.044,"simulated":true},"geometry":{"type":"Polygon","coordinates":[[[114.17079999999996,22.233999999999998],[114.17239999999995,22.233999999999998],[114.17239999999995,22.235599999999998],[114.17079999999996,22.235599999999998],[114.17079999999996,22.233999999999998]]]}},{"type":"Feature","properties":{"id":"lu-southern-15-14","class":"built_up","vegetationFraction":0.119,"pavedFraction":0.613,"waterFraction":0.041,"simulated":true},"geometry":{"type":"Polygon","coordinates":[[[114.17239999999995,22.233999999999998],[114.17399999999995,22.233999999999998],[114.17399999999995,22.235599999999998],[114.17239999999995,22.235599999999998],[114.17239999999995,22.233999999999998]]]}},{"type":"Feature","properties":{"id":"lu-southern-15-15","class":"built_up","vegetationFraction":0.184,"pavedFraction":0.674,"waterFraction":0.023,"simulated":true},"geometry":{"type":"Polygon","coordinates":[[[114.17399999999995,22.233999999999998],[114.17559999999995,22.233999999999998],[114.17559999999995,22.235599999999998],[114.17399999999995,22.235599999999998],[114.17399999999995,22.233999999999998]]]}},{"type":"Feature","properties":{"id":"lu-southern-15-16","class":"built_up","vegetationFraction":0.166,"pavedFraction":0.552,"waterFraction":0.059,"simulated":true},"geometry":{"type":"Polygon","coordinates":[[[114.17559999999995,22.233999999999998],[114.17719999999994,22.233999999999998],[114.17719999999994,22.235599999999998],[114.17559999999995,22.235599999999998],[114.17559999999995,22.233999999999998]]]}},{"type":"Feature","properties":{"id":"lu-southern-15-17","class":"built_up","vegetationFraction":0.146,"pavedFraction":0.499,"waterFraction":0.029,"simulated":true},"geometry":{"type":"Polygon","coordinates":[[[114.17719999999994,22.233999999999998],[114.17879999999994,22.233999999999998],[114.17879999999994,22.235599999999998],[114.17719999999994,22.235599999999998],[114.17719999999994,22.233999999999998]]]}},{"type":"Feature","properties":{"id":"lu-southern-15-18","class":"built_up","vegetationFraction":0.13,"pavedFraction":0.566,"waterFraction":0.037,"simulated":true},"geometry":{"type":"Polygon","coordinates":[[[114.17879999999994,22.233999999999998],[114.18039999999993,22.233999999999998],[114.18039999999993,22.235599999999998],[114.17879999999994,22.235599999999998],[114.17879999999994,22.233999999999998]]]}},{"type":"Feature","properties":{"id":"lu-southern-15-19","class":"built_up","vegetationFraction":0.188,"pavedFraction":0.486,"waterFraction":0.044,"simulated":true},"geometry":{"type":"Polygon","coordinates":[[[114.18039999999993,22.233999999999998],[114.18199999999993,22.233999999999998],[114.18199999999993,22.235599999999998],[114.18039999999993,22.235599999999998],[114.18039999999993,22.233999999999998]]]}},{"type":"Feature","properties":{"id":"lu-southern-15-20","class":"built_up","vegetationFraction":0.177,"pavedFraction":0.616,"waterFraction":0.026,"simulated":true},"geometry":{"type":"Polygon","coordinates":[[[114.18199999999993,22.233999999999998],[114.18359999999993,22.233999999999998],[114.18359999999993,22.235599999999998],[114.18199999999993,22.235599999999998],[114.18199999999993,22.233999999999998]]]}},{"type":"Feature","properties":{"id":"lu-southern-15-21","class":"built_up","vegetationFraction":0.221,"pavedFraction":0.516,"waterFraction":0.058,"simulated":true},"geometry":{"type":"Polygon","coordinates":[[[114.18359999999993,22.233999999999998],[114.18519999999992,22.233999999999998],[114.18519999999992,22.235599999999998],[114.18359999999993,22.235599999999998],[114.18359999999993,22.233999999999998]]]}},{"type":"Feature","properties":{"id":"lu-southern-15-22","class":"green_space","vegetationFraction":0.78,"pavedFraction":0.1,"waterFraction":0.006,"simulated":true},"geometry":{"type":"Polygon","coordinates":[[[114.18519999999992,22.233999999999998],[114.18679999999992,22.233999999999998],[114.18679999999992,22.235599999999998],[114.18519999999992,22.235599999999998],[114.18519999999992,22.233999999999998]]]}},{"type":"Feature","properties":{"id":"lu-southern-15-23","class":"green_space","vegetationFraction":0.78,"pavedFraction":0.1,"waterFraction":0.04,"simulated":true},"geometry":{"type":"Polygon","coordinates":[[[114.18679999999992,22.233999999999998],[114.18839999999992,22.233999999999998],[114.18839999999992,22.235599999999998],[114.18679999999992,22.235599999999998],[114.18679999999992,22.233999999999998]]]}},{"type":"Feature","properties":{"id":"lu-southern-15-24","class":"green_space","vegetationFraction":0.78,"pavedFraction":0.1,"waterFraction":0.017,"simulated":true},"geometry":{"type":"Polygon","coordinates":[[[114.18839999999992,22.233999999999998],[114.18999999999991,22.233999999999998],[114.18999999999991,22.235599999999998],[114.18839999999992,22.235599999999998],[114.18839999999992,22.233999999999998]]]}},{"type":"Feature","properties":{"id":"lu-southern-15-25","class":"green_space","vegetationFraction":0.78,"pavedFraction":0.1,"waterFraction":0.023,"simulated":true},"geometry":{"type":"Polygon","coordinates":[[[114.18999999999991,22.233999999999998],[114.19159999999991,22.233999999999998],[114.19159999999991,22.235599999999998],[114.18999999999991,22.235599999999998],[114.18999999999991,22.233999999999998]]]}},{"type":"Feature","properties":{"id":"lu-southern-15-26","class":"green_space","vegetationFraction":0.78,"pavedFraction":0.1,"waterFraction":0.033,"simulated":true},"geometry":{"type":"Polygon","coordinates":[[[114.19159999999991,22.233999999999998],[114.1931999999999,22.233999999999998],[114.1931999999999,22.235599999999998],[114.19159999999991,22.235599999999998],[114.19159999999991,22.233999999999998]]]}},{"type":"Feature","properties":{"id":"lu-southern-15-27","class":"green_space","vegetationFraction":0.78,"pavedFraction":0.1,"waterFraction":0.033,"simulated":true},"geometry":{"type":"Polygon","coordinates":[[[114.1931999999999,22.233999999999998],[114.1947999999999,22.233999999999998],[114.1947999999999,22.235599999999998],[114.1931999999999,22.235599999999998],[114.1931999999999,22.233999999999998]]]}},{"type":"Feature","properties":{"id":"lu-southern-15-28","class":"green_space","vegetationFraction":0.78,"pavedFraction":0.1,"waterFraction":0.019,"simulated":true},"geometry":{"type":"Polygon","coordinates":[[[114.1947999999999,22.233999999999998],[114.1963999999999,22.233999999999998],[114.1963999999999,22.235599999999998],[114.1947999999999,22.235599999999998],[114.1947999999999,22.233999999999998]]]}},{"type":"Feature","properties":{"id":"lu-southern-15-29","class":"green_space","vegetationFraction":0.78,"pavedFraction":0.1,"waterFraction":0.003,"simulated":true},"geometry":{"type":"Polygon","coordinates":[[[114.1963999999999,22.233999999999998],[114.1979999999999,22.233999999999998],[114.1979999999999,22.235599999999998],[114.1963999999999,22.235599999999998],[114.1963999999999,22.233999999999998]]]}},{"type":"Feature","properties":{"id":"lu-southern-15-30","class":"green_space","vegetationFraction":0.78,"pavedFraction":0.1,"waterFraction":0.001,"simulated":true},"geometry":{"type":"Polygon","coordinates":[[[114.1979999999999,22.233999999999998],[114.19959999999989,22.233999999999998],[114.19959999999989,22.235599999999998],[114.1979999999999,22.235599999999998],[114.1979999999999,22.233999999999998]]]}},{"type":"Feature","properties":{"id":"lu-southern-15-31","class":"green_space","vegetationFraction":0.78,"pavedFraction":0.1,"waterFraction":0.053,"simulated":true},"geometry":{"type":"Polygon","coordinates":[[[114.19959999999989,22.233999999999998],[114.20119999999989,22.233999999999998],[114.20119999999989,22.235599999999998],[114.19959999999989,22.235599999999998],[114.19959999999989,22.233999999999998]]]}},{"type":"Feature","properties":{"id":"lu-southern-15-32","class":"green_space","vegetationFraction":0.78,"pavedFraction":0.1,"waterFraction":0.019,"simulated":true},"geometry":{"type":"Polygon","coordinates":[[[114.20119999999989,22.233999999999998],[114.20279999999988,22.233999999999998],[114.20279999999988,22.235599999999998],[114.20119999999989,22.235599999999998],[114.20119999999989,22.233999999999998]]]}},{"type":"Feature","properties":{"id":"lu-southern-15-33","class":"green_space","vegetationFraction":0.78,"pavedFraction":0.1,"waterFraction":0.028,"simulated":true},"geometry":{"type":"Polygon","coordinates":[[[114.20279999999988,22.233999999999998],[114.20439999999988,22.233999999999998],[114.20439999999988,22.235599999999998],[114.20279999999988,22.235599999999998],[114.20279999999988,22.233999999999998]]]}},{"type":"Feature","properties":{"id":"lu-southern-15-34","class":"green_space","vegetationFraction":0.78,"pavedFraction":0.1,"waterFraction":0.02,"simulated":true},"geometry":{"type":"Polygon","coordinates":[[[114.20439999999988,22.233999999999998],[114.20599999999988,22.233999999999998],[114.20599999999988,22.235599999999998],[114.20439999999988,22.235599999999998],[114.20439999999988,22.233999999999998]]]}},{"type":"Feature","properties":{"id":"lu-southern-15-35","class":"green_space","vegetationFraction":0.78,"pavedFraction":0.1,"waterFraction":0.011,"simulated":true},"geometry":{"type":"Polygon","coordinates":[[[114.20599999999988,22.233999999999998],[114.20759999999987,22.233999999999998],[114.20759999999987,22.235599999999998],[114.20599999999988,22.235599999999998],[114.20599999999988,22.233999999999998]]]}},{"type":"Feature","properties":{"id":"lu-southern-15-36","class":"green_space","vegetationFraction":0.78,"pavedFraction":0.1,"waterFraction":0.042,"simulated":true},"geometry":{"type":"Polygon","coordinates":[[[114.20759999999987,22.233999999999998],[114.20919999999987,22.233999999999998],[114.20919999999987,22.235599999999998],[114.20759999999987,22.235599999999998],[114.20759999999987,22.233999999999998]]]}},{"type":"Feature","properties":{"id":"lu-southern-15-37","class":"green_space","vegetationFraction":0.78,"pavedFraction":0.1,"waterFraction":0.022,"simulated":true},"geometry":{"type":"Polygon","coordinates":[[[114.20919999999987,22.233999999999998],[114.21079999999986,22.233999999999998],[114.21079999999986,22.235599999999998],[114.20919999999987,22.235599999999998],[114.20919999999987,22.233999999999998]]]}},{"type":"Feature","properties":{"id":"lu-southern-15-38","class":"green_space","vegetationFraction":0.78,"pavedFraction":0.1,"waterFraction":0.025,"simulated":true},"geometry":{"type":"Polygon","coordinates":[[[114.21079999999986,22.233999999999998],[114.21239999999986,22.233999999999998],[114.21239999999986,22.235599999999998],[114.21079999999986,22.235599999999998],[114.21079999999986,22.233999999999998]]]}},{"type":"Feature","properties":{"id":"lu-southern-15-39","class":"green_space","vegetationFraction":0.78,"pavedFraction":0.1,"waterFraction":0.035,"simulated":true},"geometry":{"type":"Polygon","coordinates":[[[114.21239999999986,22.233999999999998],[114.21399999999986,22.233999999999998],[114.21399999999986,22.235599999999998],[114.21239999999986,22.235599999999998],[114.21239999999986,22.233999999999998]]]}},{"type":"Feature","properties":{"id":"lu-southern-15-40","class":"green_space","vegetationFraction":0.78,"pavedFraction":0.1,"waterFraction":0.001,"simulated":true},"geometry":{"type":"Polygon","coordinates":[[[114.21399999999986,22.233999999999998],[114.21559999999985,22.233999999999998],[114.21559999999985,22.235599999999998],[114.21399999999986,22.235599999999998],[114.21399999999986,22.233999999999998]]]}},{"type":"Feature","properties":{"id":"lu-southern-15-41","class":"green_space","vegetationFraction":0.78,"pavedFraction":0.1,"waterFraction":0.032,"simulated":true},"geometry":{"type":"Polygon","coordinates":[[[114.21559999999985,22.233999999999998],[114.21719999999985,22.233999999999998],[114.21719999999985,22.235599999999998],[114.21559999999985,22.235599999999998],[114.21559999999985,22.233999999999998]]]}},{"type":"Feature","properties":{"id":"lu-southern-15-42","class":"green_space","vegetationFraction":0.78,"pavedFraction":0.1,"waterFraction":0.042,"simulated":true},"geometry":{"type":"Polygon","coordinates":[[[114.21719999999985,22.233999999999998],[114.21879999999985,22.233999999999998],[114.21879999999985,22.235599999999998],[114.21719999999985,22.235599999999998],[114.21719999999985,22.233999999999998]]]}},{"type":"Feature","properties":{"id":"lu-southern-15-43","class":"green_space","vegetationFraction":0.78,"pavedFraction":0.1,"waterFraction":0.008,"simulated":true},"geometry":{"type":"Polygon","coordinates":[[[114.21879999999985,22.233999999999998],[114.22039999999984,22.233999999999998],[114.22039999999984,22.235599999999998],[114.21879999999985,22.235599999999998],[114.21879999999985,22.233999999999998]]]}},{"type":"Feature","properties":{"id":"lu-southern-15-44","class":"green_space","vegetationFraction":0.78,"pavedFraction":0.1,"waterFraction":0.053,"simulated":true},"geometry":{"type":"Polygon","coordinates":[[[114.22039999999984,22.233999999999998],[114.22199999999984,22.233999999999998],[114.22199999999984,22.235599999999998],[114.22039999999984,22.235599999999998],[114.22039999999984,22.233999999999998]]]}},{"type":"Feature","properties":{"id":"lu-southern-15-45","class":"urban_open_space","vegetationFraction":0.274,"pavedFraction":0.761,"waterFraction":0.054,"simulated":true},"geometry":{"type":"Polygon","coordinates":[[[114.22199999999984,22.233999999999998],[114.22359999999983,22.233999999999998],[114.22359999999983,22.235599999999998],[114.22199999999984,22.235599999999998],[114.22199999999984,22.233999999999998]]]}},{"type":"Feature","properties":{"id":"lu-southern-15-46","class":"built_up","vegetationFraction":0.234,"pavedFraction":0.731,"waterFraction":0.019,"simulated":true},"geometry":{"type":"Polygon","coordinates":[[[114.22359999999983,22.233999999999998],[114.22519999999983,22.233999999999998],[114.22519999999983,22.235599999999998],[114.22359999999983,22.235599999999998],[114.22359999999983,22.233999999999998]]]}},{"type":"Feature","properties":{"id":"lu-southern-15-47","class":"built_up","vegetationFraction":0.182,"pavedFraction":0.555,"waterFraction":0.006,"simulated":true},"geometry":{"type":"Polygon","coordinates":[[[114.22519999999983,22.233999999999998],[114.22679999999983,22.233999999999998],[114.22679999999983,22.235599999999998],[114.22519999999983,22.235599999999998],[114.22519999999983,22.233999999999998]]]}},{"type":"Feature","properties":{"id":"lu-southern-15-48","class":"built_up","vegetationFraction":0.104,"pavedFraction":0.628,"waterFraction":0.049,"simulated":true},"geometry":{"type":"Polygon","coordinates":[[[114.22679999999983,22.233999999999998],[114.22839999999982,22.233999999999998],[114.22839999999982,22.235599999999998],[114.22679999999983,22.235599999999998],[114.22679999999983,22.233999999999998]]]}},{"type":"Feature","properties":{"id":"lu-southern-15-49","class":"built_up","vegetationFraction":0.221,"pavedFraction":0.596,"waterFraction":0.049,"simulated":true},"geometry":{"type":"Polygon","coordinates":[[[114.22839999999982,22.233999999999998],[114.22999999999982,22.233999999999998],[114.22999999999982,22.235599999999998],[114.22839999999982,22.235599999999998],[114.22839999999982,22.233999999999998]]]}},{"type":"Feature","properties":{"id":"lu-southern-15-50","class":"built_up","vegetationFraction":0.172,"pavedFraction":0.6,"waterFraction":0.023,"simulated":true},"geometry":{"type":"Polygon","coordinates":[[[114.22999999999982,22.233999999999998],[114.23159999999982,22.233999999999998],[114.23159999999982,22.235599999999998],[114.22999999999982,22.235599999999998],[114.22999999999982,22.233999999999998]]]}},{"type":"Feature","properties":{"id":"lu-southern-15-51","class":"built_up","vegetationFraction":0.137,"pavedFraction":0.718,"waterFraction":0.06,"simulated":true},"geometry":{"type":"Polygon","coordinates":[[[114.23159999999982,22.233999999999998],[114.23319999999981,22.233999999999998],[114.23319999999981,22.235599999999998],[114.23159999999982,22.235599999999998],[114.23159999999982,22.233999999999998]]]}},{"type":"Feature","properties":{"id":"lu-southern-15-52","class":"built_up","vegetationFraction":0.153,"pavedFraction":0.64,"waterFraction":0.032,"simulated":true},"geometry":{"type":"Polygon","coordinates":[[[114.23319999999981,22.233999999999998],[114.23479999999981,22.233999999999998],[114.23479999999981,22.235599999999998],[114.23319999999981,22.235599999999998],[114.23319999999981,22.233999999999998]]]}},{"type":"Feature","properties":{"id":"lu-southern-15-53","class":"built_up","vegetationFraction":0.147,"pavedFraction":0.585,"waterFraction":0.005,"simulated":true},"geometry":{"type":"Polygon","coordinates":[[[114.23479999999981,22.233999999999998],[114.2363999999998,22.233999999999998],[114.2363999999998,22.235599999999998],[114.23479999999981,22.235599999999998],[114.23479999999981,22.233999999999998]]]}},{"type":"Feature","properties":{"id":"lu-southern-15-54","class":"built_up","vegetationFraction":0.17,"pavedFraction":0.505,"waterFraction":0.012,"simulated":true},"geometry":{"type":"Polygon","coordinates":[[[114.2363999999998,22.233999999999998],[114.2379999999998,22.233999999999998],[114.2379999999998,22.235599999999998],[114.2363999999998,22.235599999999998],[114.2363999999998,22.233999999999998]]]}},{"type":"Feature","properties":{"id":"lu-southern-15-55","class":"built_up","vegetationFraction":0.106,"pavedFraction":0.675,"waterFraction":0.041,"simulated":true},"geometry":{"type":"Polygon","coordinates":[[[114.2379999999998,22.233999999999998],[114.2395999999998,22.233999999999998],[114.2395999999998,22.235599999999998],[114.2379999999998,22.235599999999998],[114.2379999999998,22.233999999999998]]]}},{"type":"Feature","properties":{"id":"lu-southern-15-56","class":"built_up","vegetationFraction":0.215,"pavedFraction":0.688,"waterFraction":0.051,"simulated":true},"geometry":{"type":"Polygon","coordinates":[[[114.2395999999998,22.233999999999998],[114.2411999999998,22.233999999999998],[114.2411999999998,22.235599999999998],[114.2395999999998,22.235599999999998],[114.2395999999998,22.233999999999998]]]}},{"type":"Feature","properties":{"id":"lu-southern-15-57","class":"urban_open_space","vegetationFraction":0.257,"pavedFraction":0.569,"waterFraction":0.02,"simulated":true},"geometry":{"type":"Polygon","coordinates":[[[114.2411999999998,22.233999999999998],[114.24279999999979,22.233999999999998],[114.24279999999979,22.235599999999998],[114.2411999999998,22.235599999999998],[114.2411999999998,22.233999999999998]]]}},{"type":"Feature","properties":{"id":"lu-southern-15-58","class":"built_up","vegetationFraction":0.193,"pavedFraction":0.715,"waterFraction":0.0,"simulated":true},"geometry":{"type":"Polygon","coordinates":[[[114.24279999999979,22.233999999999998],[114.24439999999979,22.233999999999998],[114.24439999999979,22.235599999999998],[114.24279999999979,22.235599999999998],[114.24279999999979,22.233999999999998]]]}},{"type":"Feature","properties":{"id":"lu-southern-15-59","class":"built_up","vegetationFraction":0.168,"pavedFraction":0.538,"waterFraction":0.004,"simulated":true},"geometry":{"type":"Polygon","coordinates":[[[114.24439999999979,22.233999999999998],[114.24599999999978,22.233999999999998],[114.24599999999978,22.235599999999998],[114.24439999999979,22.235599999999998],[114.24439999999979,22.233999999999998]]]}},{"type":"Feature","properties":{"id":"lu-southern-15-60","class":"built_up","vegetationFraction":0.163,"pavedFraction":0.588,"waterFraction":0.041,"simulated":true},"geometry":{"type":"Polygon","coordinates":[[[114.24599999999978,22.233999999999998],[114.24759999999978,22.233999999999998],[114.24759999999978,22.235599999999998],[114.24599999999978,22.235599999999998],[114.24599999999978,22.233999999999998]]]}},{"type":"Feature","properties":{"id":"lu-southern-15-61","class":"built_up","vegetationFraction":0.221,"pavedFraction":0.596,"waterFraction":0.008,"simulated":true},"geometry":{"type":"Polygon","coordinates":[[[114.24759999999978,22.233999999999998],[114.24919999999977,22.233999999999998],[114.24919999999977,22.235599999999998],[114.24759999999978,22.235599999999998],[114.24759999999978,22.233999999999998]]]}},{"type":"Feature","properties":{"id":"lu-southern-15-62","class":"urban_open_space","vegetationFraction":0.279,"pavedFraction":0.494,"waterFraction":0.038,"simulated":true},"geometry":{"type":"Polygon","coordinates":[[[114.24919999999977,22.233999999999998],[114.25079999999977,22.233999999999998],[114.25079999999977,22.235599999999998],[114.24919999999977,22.235599999999998],[114.24919999999977,22.233999999999998]]]}},{"type":"Feature","properties":{"id":"lu-southern-15-63","class":"built_up","vegetationFraction":0.246,"pavedFraction":0.684,"waterFraction":0.042,"simulated":true},"geometry":{"type":"Polygon","coordinates":[[[114.25079999999977,22.233999999999998],[114.25239999999977,22.233999999999998],[114.25239999999977,22.235599999999998],[114.25079999999977,22.235599999999998],[114.25079999999977,22.233999999999998]]]}},{"type":"Feature","properties":{"id":"lu-southern-15-64","class":"built_up","vegetationFraction":0.161,"pavedFraction":0.632,"waterFraction":0.039,"simulated":true},"geometry":{"type":"Polygon","coordinates":[[[114.25239999999977,22.233999999999998],[114.25399999999976,22.233999999999998],[114.25399999999976,22.235599999999998],[114.25239999999977,22.235599999999998],[114.25239999999977,22.233999999999998]]]}},{"type":"Feature","properties":{"id":"lu-southern-15-65","class":"built_up","vegetationFraction":0.104,"pavedFraction":0.669,"waterFraction":0.058,"simulated":true},"geometry":{"type":"Polygon","coordinates":[[[114.25399999999976,22.233999999999998],[114.25559999999976,22.233999999999998],[114.25559999999976,22.235599999999998],[114.25399999999976,22.235599999999998],[114.25399999999976,22.233999999999998]]]}},{"type":"Feature","properties":{"id":"lu-southern-15-66","class":"built_up","vegetationFraction":0.248,"pavedFraction":0.548,"waterFraction":0.058,"simulated":true},"geometry":{"type":"Polygon","coordinates":[[[114.25559999999976,22.233999999999998],[114.25719999999976,22.233999999999998],[114.25719999999976,22.235599999999998],[114.25559999999976,22.235599999999998],[114.25559999999976,22.233999999999998]]]}},{"type":"Feature","properties":{"id":"lu-southern-15-67","class":"built_up","vegetationFraction":0.229,"pavedFraction":0.609,"waterFraction":0.058,"simulated":true},"geometry":{"type":"Polygon","coordinates":[[[114.25719999999976,22.233999999999998],[114.25879999999975,22.233999999999998],[114.25879999999975,22.235599999999998],[114.25719999999976,22.235599999999998],[114.25719999999976,22.233999999999998]]]}},{"type":"Feature","properties":{"id":"lu-southern-15-68","class":"built_up","vegetationFraction":0.2,"pavedFraction":0.536,"waterFraction":0.022,"simulated":true},"geometry":{"type":"Polygon","coordinates":[[[114.25879999999975,22.233999999999998],[114.26039999999975,22.233999999999998],[114.26039999999975,22.235599999999998],[114.25879999999975,22.235599999999998],[114.25879999999975,22.233999999999998]]]}},{"type":"Feature","properties":{"id":"lu-southern-15-69","class":"built_up","vegetationFraction":0.201,"pavedFraction":0.712,"waterFraction":0.041,"simulated":true},"geometry":{"type":"Polygon","coordinates":[[[114.26039999999975,22.233999999999998],[114.26199999999974,22.233999999999998],[114.26199999999974,22.235599999999998],[114.26039999999975,22.235599999999998],[114.26039999999975,22.233999999999998]]]}},{"type":"Feature","properties":{"id":"lu-southern-15-70","class":"built_up","vegetationFraction":0.248,"pavedFraction":0.644,"waterFraction":0.036,"simulated":true},"geometry":{"type":"Polygon","coordinates":[[[114.26199999999974,22.233999999999998],[114.26359999999974,22.233999999999998],[114.26359999999974,22.235599999999998],[114.26199999999974,22.235599999999998],[114.26199999999974,22.233999999999998]]]}},{"type":"Feature","properties":{"id":"lu-southern-15-71","class":"urban_open_space","vegetationFraction":0.267,"pavedFraction":0.562,"waterFraction":0.026,"simulated":true},"geometry":{"type":"Polygon","coordinates":[[[114.26359999999974,22.233999999999998],[114.26519999999974,22.233999999999998],[114.26519999999974,22.235599999999998],[114.26359999999974,22.235599999999998],[114.26359999999974,22.233999999999998]]]}},{"type":"Feature","properties":{"id":"lu-southern-16-00","class":"built_up","vegetationFraction":0.2,"pavedFraction":0.759,"waterFraction":0.012,"simulated":true},"geometry":{"type":"Polygon","coordinates":[[[114.15,22.235599999999998],[114.1516,22.235599999999998],[114.1516,22.237199999999998],[114.15,22.237199999999998],[114.15,22.235599999999998]]]}},{"type":"Feature","properties":{"id":"lu-southern-16-01","class":"built_up","vegetationFraction":0.209,"pavedFraction":0.486,"waterFraction":0.016,"simulated":true},"geometry":{"type":"Polygon","coordinates":[[[114.1516,22.235599999999998],[114.1532,22.235599999999998],[114.1532,22.237199999999998],[114.1516,22.237199999999998],[114.1516,22.235599999999998]]]}},{"type":"Feature","properties":{"id":"lu-southern-16-02","class":"built_up","vegetationFraction":0.212,"pavedFraction":0.649,"waterFraction":0.025,"simulated":true},"geometry":{"type":"Polygon","coordinates":[[[114.1532,22.235599999999998],[114.1548,22.235599999999998],[114.1548,22.237199999999998],[114.1532,22.237199999999998],[114.1532,22.235599999999998]]]}},{"type":"Feature","properties":{"id":"lu-southern-16-03","class":"urban_open_space","vegetationFraction":0.252,"pavedFraction":0.619,"waterFraction":0.035,"simulated":true},"geometry":{"type":"Polygon","coordinates":[[[114.1548,22.235599999999998],[114.15639999999999,22.235599999999998],[114.15639999999999,22.237199999999998],[114.1548,22.237199999999998],[114.1548,22.235599999999998]]]}},{"type":"Feature","properties":{"id":"lu-southern-16-04","class":"built_up","vegetationFraction":0.174,"pavedFraction":0.495,"waterFraction":0.032,"simulated":true},"geometry":{"type":"Polygon","coordinates":[[[114.15639999999999,22.235599999999998],[114.15799999999999,22.235599999999998],[114.15799999999999,22.237199999999998],[114.15639999999999,22.237199999999998],[114.15639999999999,22.235599999999998]]]}},{"type":"Feature","properties":{"id":"lu-southern-16-05","class":"urban_open_space","vegetationFraction":0.28,"pavedFraction":0.68,"waterFraction":0.05,"simulated":true},"geometry":{"type":"Polygon","coordinates":[[[114.15799999999999,22.235599999999998],[114.15959999999998,22.235599999999998],[114.15959999999998,22.237199999999998],[114.15799999999999,22.237199999999998],[114.15799999999999,22.235599999999998]]]}},{"type":"Feature","properties":{"id":"lu-southern-16-06","class":"built_up","vegetationFraction":0.224,"pavedFraction":0.618,"waterFraction":0.042,"simulated":true},"geometry":{"type":"Polygon","coordinates":[[[114.15959999999998,22.235599999999998],[114.16119999999998,22.235599999999998],[114.16119999999998,22.237199999999998],[114.15959999999998,22.237199999999998],[114.15959999999998,22.235599999999998]]]}},{"type":"Feature","properties":{"id":"lu-southern-16-07","class":"built_up","vegetationFraction":0.106,"pavedFraction":0.661,"waterFraction":0.014,"simulated":true},"geometry":{"type":"Polygon","coordinates":[[[114.16119999999998,22.235599999999998],[114.16279999999998,22.235599999999998],[114.16279999999998,22.237199999999998],[114.16119999999998,22.237199999999998],[114.16119999999998,22.235599999999998]]]}},{"type":"Feature","properties":{"id":"lu-southern-16-08","class":"built_up","vegetationFraction":0.183,"pavedFraction":0.647,"waterFraction":0.003,"simulated":true},"geometry":{"type":"Polygon","coordinates":[[[114.16279999999998,22.235599999999998],[114.16439999999997,22.235599999999998],[114.16439999999997,22.237199999999998],[114.16279999999998,22.237199999999998],[114.16279999999998,22.235599999999998]]]}},{"type":"Feature","properties":{"id":"lu-southern-16-09","class":"built_up","vegetationFraction":0.238,"pavedFraction":0.5,"waterFraction":0.001,"simulated":true},"geometry":{"type":"Polygon","coordinates":[[[114.16439999999997,22.235599999999998],[114.16599999999997,22.235599999999998],[114.16599999999997,22.237199999999998],[114.16439999999997,22.237199999999998],[114.16439999999997,22.235599999999998]]]}},{"type":"Feature","properties":{"id":"lu-southern-16-10","class":"built_up","vegetationFraction":0.106,"pavedFraction":0.626,"waterFraction":0.038,"simulated":true},"geometry":{"type":"Polygon","coordinates":[[[114.16599999999997,22.235599999999998],[114.16759999999996,22.235599999999998],[114.16759999999996,22.237199999999998],[114.16599999999997,22.237199999999998],[114.16599999999997,22.235599999999998]]]}},{"type":"Feature","properties":{"id":"lu-southern-16-11","class":"built_up","vegetationFraction":0.176,"pavedFraction":0.615,"waterFraction":0.05,"simulated":true},"geometry":{"type":"Polygon","coordinates":[[[114.16759999999996,22.235599999999998],[114.16919999999996,22.235599999999998],[114.16919999999996,22.237199999999998],[114.16759999999996,22.237199999999998],[114.16759999999996,22.235599999999998]]]}},{"type":"Feature","properties":{"id":"lu-southern-16-12","class":"urban_open_space","vegetationFraction":0.274,"pavedFraction":0.659,"waterFraction":0.025,"simulated":true},"geometry":{"type":"Polygon","coordinates":[[[114.16919999999996,22.235599999999998],[114.17079999999996,22.235599999999998],[114.17079999999996,22.237199999999998],[114.16919999999996,22.237199999999998],[114.16919999999996,22.235599999999998]]]}},{"type":"Feature","properties":{"id":"lu-southern-16-13","class":"urban_open_space","vegetationFraction":0.269,"pavedFraction":0.589,"waterFraction":0.019,"simulated":true},"geometry":{"type":"Polygon","coordinates":[[[114.17079999999996,22.235599999999998],[114.17239999999995,22.235599999999998],[114.17239999999995,22.237199999999998],[114.17079999999996,22.237199999999998],[114.17079999999996,22.235599999999998]]]}},{"type":"Feature","properties":{"id":"lu-southern-16-14","class":"built_up","vegetationFraction":0.163,"pavedFraction":0.714,"waterFraction":0.014,"simulated":true},"geometry":{"type":"Polygon","coordinates":[[[114.17239999999995,22.235599999999998],[114.17399999999995,22.235599999999998],[114.17399999999995,22.237199999999998],[114.17239999999995,22.237199999999998],[114.17239999999995,22.235599999999998]]]}},{"type":"Feature","properties":{"id":"lu-southern-16-15","class":"urban_open_space","vegetationFraction":0.252,"pavedFraction":0.719,"waterFraction":0.048,"simulated":true},"geometry":{"type":"Polygon","coordinates":[[[114.17399999999995,22.235599999999998],[114.17559999999995,22.235599999999998],[114.17559999999995,22.237199999999998],[114.17399999999995,22.237199999999998],[114.17399999999995,22.235599999999998]]]}},{"type":"Feature","properties":{"id":"lu-southern-16-16","class":"built_up","vegetationFraction":0.161,"pavedFraction":0.526,"waterFraction":0.007,"simulated":true},"geometry":{"type":"Polygon","coordinates":[[[114.17559999999995,22.235599999999998],[114.17719999999994,22.235599999999998],[114.17719999999994,22.237199999999998],[114.17559999999995,22.237199999999998],[114.17559999999995,22.235599999999998]]]}},{"type":"Feature","properties":{"id":"lu-southern-16-17","class":"built_up","vegetationFraction":0.201,"pavedFraction":0.66,"waterFraction":0.046,"simulated":true},"geometry":{"type":"Polygon","coordinates":[[[114.17719999999994,22.235599999999998],[114.17879999999994,22.235599999999998],[114.17879999999994,22.237199999999998],[114.17719999999994,22.237199999999998],[114.17719999999994,22.235599999999998]]]}},{"type":"Feature","properties":{"id":"lu-southern-16-18","class":"built_up","vegetationFraction":0.223,"pavedFraction":0.642,"waterFraction":0.04,"simulated":true},"geometry":{"type":"Polygon","coordinates":[[[114.17879999999994,22.235599999999998],[114.18039999999993,22.235599999999998],[114.18039999999993,22.237199999999998],[114.17879999999994,22.237199999999998],[114.17879999999994,22.235599999999998]]]}},{"type":"Feature","properties":{"id":"lu-southern-16-19","class":"urban_open_space","vegetationFraction":0.28,"pavedFraction":0.775,"waterFraction":0.034,"simulated":true},"geometry":{"type":"Polygon","coordinates":[[[114.18039999999993,22.235599999999998],[114.18199999999993,22.235599999999998],[114.18199999999993,22.237199999999998],[114.18039999999993,22.237199999999998],[114.18039999999993,22.235599999999998]]]}},{"type":"Feature","properties":{"id":"lu-southern-16-20","class":"urban_open_space","vegetationFraction":0.26,"pavedFraction":0.532,"waterFraction":0.055,"simulated":true},"geometry":{"type":"Polygon","coordinates":[[[114.18199999999993,22.235599999999998],[114.18359999999993,22.235599999999998],[114.18359999999993,22.237199999999998],[114.18199999999993,22.237199999999998],[114.18199999999993,22.235599999999998]]]}},{"type":"Feature","properties":{"id":"lu-southern-16-21","class":"urban_open_space","vegetationFraction":0.257,"pavedFraction":0.481,"waterFraction":0.025,"simulated":true},"geometry":{"type":"Polygon","coordinates":[[[114.18359999999993,22.235599999999998],[114.18519999999992,22.235599999999998],[114.18519999999992,22.237199999999998],[114.18359999999993,22.237199999999998],[114.18359999999993,22.235599999999998]]]}},{"type":"Feature","properties":{"id":"lu-southern-16-22","class":"green_space","vegetationFraction":0.78,"pavedFraction":0.1,"waterFraction":0.016,"simulated":true},"geometry":{"type":"Polygon","coordinates":[[[114.18519999999992,22.235599999999998],[114.18679999999992,22.235599999999998],[114.18679999999992,22.237199999999998],[114.18519999999992,22.237199999999998],[114.18519999999992,22.235599999999998]]]}},{"type":"Feature","properties":{"id":"lu-southern-16-23","class":"green_space","vegetationFraction":0.78,"pavedFraction":0.1,"waterFraction":0.039,"simulated":true},"geometry":{"type":"Polygon","coordinates":[[[114.18679999999992,22.235599999999998],[114.18839999999992,22.235599999999998],[114.18839999999992,22.237199999999998],[114.18679999999992,22.237199999999998],[114.18679999999992,22.235599999999998]]]}},{"type":"Feature","properties":{"id":"lu-southern-16-24","class":"green_space","vegetationFraction":0.78,"pavedFraction":0.1,"waterFraction":0.004,"simulated":true},"geometry":{"type":"Polygon","coordinates":[[[114.18839999999992,22.235599999999998],[114.18999999999991,22.235599999999998],[114.18999999999991,22.237199999999998],[114.18839999999992,22.237199999999998],[114.18839999999992,22.235599999999998]]]}},{"type":"Feature","properties":{"id":"lu-southern-16-25","class":"green_space","vegetationFraction":0.78,"pavedFraction":0.1,"waterFraction":0.003,"simulated":true},"geometry":{"type":"Polygon","coordinates":[[[114.18999999999991,22.235599999999998],[114.19159999999991,22.235599999999998],[114.19159999999991,22.237199999999998],[114.18999999999991,22.237199999999998],[114.18999999999991,22.235599999999998]]]}},{"type":"Feature","properties":{"id":"lu-southern-16-26","class":"green_space","vegetationFraction":0.78,"pavedFraction":0.1,"waterFraction":0.054,"simulated":true},"geometry":{"type":"Polygon","coordinates":[[[114.19159999999991,22.235599999999998],[114.1931999999999,22.235599999999998],[114.1931999999999,22.237199999999998],[114.19159999999991,22.237199999999998],[114.19159999999991,22.235599999999998]]]}},{"type":"Feature","properties":{"id":"lu-southern-16-27","class":"green_space","vegetationFraction":0.78,"pavedFraction":0.1,"waterFraction":0.025,"simulated":true},"geometry":{"type":"Polygon","coordinates":[[[114.1931999999999,22.235599999999998],[114.1947999999999,22.235599999999998],[114.1947999999999,22.237199999999998],[114.1931999999999,22.237199999999998],[114.1931999999999,22.235599999999998]]]}},{"type":"Feature","properties":{"id":"lu-southern-16-28","class":"green_space","vegetationFraction":0.78,"pavedFraction":0.1,"waterFraction":0.025,"simulated":true},"geometry":{"type":"Polygon","coordinates":[[[114.1947999999999,22.235599999999998],[114.1963999999999,22.235599999999998],[114.1963999999999,22.237199999999998],[114.1947999999999,22.237199999999998],[114.1947999999999,22.235599999999998]]]}},{"type":"Feature","properties":{"id":"lu-southern-16-29","class":"green_space","vegetationFraction":0.78,"pavedFraction":0.1,"waterFraction":0.053,"simulated":true},"geometry":{"type":"Polygon","coordinates":[[[114.1963999999999,22.235599999999998],[114.1979999999999,22.235599999999998],[114.1979999999999,22.237199999999998],[114.1963999999999,22.237199999999998],[114.1963999999999,22.235599999999998]]]}},{"type":"Feature","properties":{"id":"lu-southern-16-30","class":"green_space","vegetationFraction":0.78,"pavedFraction":0.1,"waterFraction":0.052,"simulated":true},"geometry":{"type":"Polygon","coordinates":[[[114.1979999999999,22.235599999999998],[114.19959999999989,22.235599999999998],[114.19959999999989,22.237199999999998],[114.1979999999999,22.237199999999998],[114.1979999999999,22.235599999999998]]]}},{"type":"Feature","properties":{"id":"lu-southern-16-31","class":"green_space","vegetationFraction":0.78,"pavedFraction":0.1,"waterFraction":0.032,"simulated":true},"geometry":{"type":"Polygon","coordinates":[[[114.19959999999989,22.235599999999998],[114.20119999999989,22.235599999999998],[114.20119999999989,22.237199999999998],[114.19959999999989,22.237199999999998],[114.19959999999989,22.235599999999998]]]}},{"type":"Feature","properties":{"id":"lu-southern-16-32","class":"green_space","vegetationFraction":0.78,"pavedFraction":0.1,"waterFraction":0.005,"simulated":true},"geometry":{"type":"Polygon","coordinates":[[[114.20119999999989,22.235599999999998],[114.20279999999988,22.235599999999998],[114.20279999999988,22.237199999999998],[114.20119999999989,22.237199999999998],[114.20119999999989,22.235599999999998]]]}},{"type":"Feature","properties":{"id":"lu-southern-16-33","class":"green_space","vegetationFraction":0.78,"pavedFraction":0.1,"waterFraction":0.05,"simulated":true},"geometry":{"type":"Polygon","coordinates":[[[114.20279999999988,22.235599999999998],[114.20439999999988,22.235599999999998],[114.20439999999988,22.237199999999998],[114.20279999999988,22.237199999999998],[114.20279999999988,22.235599999999998]]]}},{"type":"Feature","properties":{"id":"lu-southern-16-34","class":"green_space","vegetationFraction":0.78,"pavedFraction":0.1,"waterFraction":0.026,"simulated":true},"geometry":{"type":"Polygon","coordinates":[[[114.20439999999988,22.235599999999998],[114.20599999999988,22.235599999999998],[114.20599999999988,22.237199999999998],[114.20439999999988,22.237199999999998],[114.20439999999988,22.235599999999998]]]}},{"type":"Feature","properties":{"id":"lu-southern-16-35","class":"green_space","vegetationFraction":0.78,"pavedFraction":0.1,"waterFraction":0.059,"simulated":true},"geometry":{"type":"Polygon","coordinates":[[[114.20599999999988,22.235599999999998],[114.20759999999987,22.235599999999998],[114.20759999999987,22.237199999999998],[114.20599999999988,22.237199999999998],[114.20599999999988,22.235599999999998]]]}},{"type":"Feature","properties":{"id":"lu-southern-16-36","class":"green_space","vegetationFraction":0.78,"pavedFraction":0.1,"waterFraction":0.016,"simulated":true},"geometry":{"type":"Polygon","coordinates":[[[114.20759999999987,22.235599999999998],[114.20919999999987,22.235599999999998],[114.20919999999987,22.237199999999998],[114.20759999999987,22.237199999999998],[114.20759999999987,22.235599999999998]]]}},{"type":"Feature","properties":{"id":"lu-southern-16-37","class":"green_space","vegetationFraction":0.78,"pavedFraction":0.1,"waterFraction":0.007,"simulated":true},"geometry":{"type":"Polygon","coordinates":[[[114.20919999999987,22.235599999999998],[114.21079999999986,22.235599999999998],[114.21079999999986,22.237199999999998],[114.20919999999987,22.237199999999998],[114.20919999999987,22.235599999999998]]]}},{"type":"Feature","properties":{"id":"lu-southern-16-38","class":"green_space","vegetationFraction":0.78,"pavedFraction":0.1,"waterFraction":0.016,"simulated":true},"geometry":{"type":"Polygon","coordinates":[[[114.21079999999986,22.235599999999998],[114.21239999999986,22.235599999999998],[114.21239999999986,22.237199999999998],[114.21079999999986,22.237199999999998],[114.21079999999986,22.235599999999998]]]}},{"type":"Feature","properties":{"id":"lu-southern-16-39","class":"green_space","vegetationFraction":0.78,"pavedFraction":0.1,"waterFraction":0.023,"simulated":true},"geometry":{"type":"Polygon","coordinates":[[[114.21239999999986,22.235599999999998],[114.21399999999986,22.235599999999998],[114.21399999999986,22.237199999999998],[114.21239999999986,22.237199999999998],[114.21239999999986,22.235599999999998]]]}},{"type":"Feature","properties":{"id":"lu-southern-16-40","class":"green_space","vegetationFraction":0.78,"pavedFraction":0.1,"waterFraction":0.002,"simulated":true},"geometry":{"type":"Polygon","coordinates":[[[114.21399999999986,22.235599999999998],[114.21559999999985,22.235599999999998],[114.21559999999985,22.237199999999998],[114.21399999999986,22.237199999999998],[114.21399999999986,22.235599999999998]]]}},{"type":"Feature","properties":{"id":"lu-southern-16-41","class":"green_space","vegetationFraction":0.78,"pavedFraction":0.1,"waterFraction":0.045,"simulated":true},"geometry":{"type":"Polygon","coordinates":[[[114.21559999999985,22.235599999999998],[114.21719999999985,22.235599999999998],[114.21719999999985,22.237199999999998],[114.21559999999985,22.237199999999998],[114.21559999999985,22.235599999999998]]]}},{"type":"Feature","properties":{"id":"lu-southern-16-42","class":"green_space","vegetationFraction":0.78,"pavedFraction":0.1,"waterFraction":0.02,"simulated":true},"geometry":{"type":"Polygon","coordinates":[[[114.21719999999985,22.235599999999998],[114.21879999999985,22.235599999999998],[114.21879999999985,22.237199999999998],[114.21719999999985,22.237199999999998],[114.21719999999985,22.235599999999998]]]}},{"type":"Feature","properties":{"id":"lu-southern-16-43","class":"green_space","vegetationFraction":0.78,"pavedFraction":0.1,"waterFraction":0.003,"simulated":true},"geometry":{"type":"Polygon","coordinates":[[[114.21879999999985,22.235599999999998],[114.22039999999984,22.235599999999998],[114.22039999999984,22.237199999999998],[114.21879999999985,22.237199999999998],[114.21879999999985,22.235599999999998]]]}},{"type":"Feature","properties":{"id":"lu-southern-16-44","class":"green_space","vegetationFraction":0.78,"pavedFraction":0.1,"waterFraction":0.034,"simulated":true},"geometry":{"type":"Polygon","coordinates":[[[114.22039999999984,22.235599999999998],[114.22199999999984,22.235599999999998],[114.22199999999984,22.237199999999998],[114.22039999999984,22.237199999999998],[114.22039999999984,22.235599999999998]]]}},{"type":"Feature","properties":{"id":"lu-southern-16-45","class":"built_up","vegetationFraction":0.242,"pavedFraction":0.768,"waterFraction":0.035,"simulated":true},"geometry":{"type":"Polygon","coordinates":[[[114.22199999999984,22.235599999999998],[114.22359999999983,22.235599999999998],[114.22359999999983,22.237199999999998],[114.22199999999984,22.237199999999998],[114.22199999999984,22.235599999999998]]]}},{"type":"Feature","properties":{"id":"lu-southern-16-46","class":"built_up","vegetationFraction":0.156,"pavedFraction":0.514,"waterFraction":0.044,"simulated":true},"geometry":{"type":"Polygon","coordinates":[[[114.22359999999983,22.235599999999998],[114.22519999999983,22.235599999999998],[114.22519999999983,22.237199999999998],[114.22359999999983,22.237199999999998],[114.22359999999983,22.235599999999998]]]}},{"type":"Feature","properties":{"id":"lu-southern-16-47","class":"built_up","vegetationFraction":0.161,"pavedFraction":0.578,"waterFraction":0.031,"simulated":true},"geometry":{"type":"Polygon","coordinates":[[[114.22519999999983,22.235599999999998],[114.22679999999983,22.235599999999998],[114.22679999999983,22.237199999999998],[114.22519999999983,22.237199999999998],[114.22519999999983,22.235599999999998]]]}},{"type":"Feature","properties":{"id":"lu-southern-16-48","class":"built_up","vegetationFraction":0.152,"pavedFraction":0.744,"waterFraction":0.056,"simulated":true},"geometry":{"type":"Polygon","coordinates":[[[114.22679999999983,22.235599999999998],[114.22839999999982,22.235599999999998],[114.22839999999982,22.237199999999998],[114.22679999999983,22.237199999999998],[114.22679999999983,22.235599999999998]]]}},{"type":"Feature","properties":{"id":"lu-southern-16-49","class":"built_up","vegetationFraction":0.197,"pavedFraction":0.571,"waterFraction":0.04,"simulated":true},"geometry":{"type":"Polygon","coordinates":[[[114.22839999999982,22.235599999999998],[114.22999999999982,22.235599999999998],[114.22999999999982,22.237199999999998],[114.22839999999982,22.237199999999998],[114.22839999999982,22.235599999999998]]]}},{"type":"Feature","properties":{"id":"lu-southern-16-50","class":"built_up","vegetationFraction":0.109,"pavedFraction":0.702,"waterFraction":0.038,"simulated":true},"geometry":{"type":"Polygon","coordinates":[[[114.22999999999982,22.235599999999998],[114.23159999999982,22.235599999999998],[114.23159999999982,22.237199999999998],[114.22999999999982,22.237199999999998],[114.22999999999982,22.235599999999998]]]}},{"type":"Feature","properties":{"id":"lu-southern-16-51","class":"urban_open_space","vegetationFraction":0.279,"pavedFraction":0.587,"waterFraction":0.06,"simulated":true},"geometry":{"type":"Polygon","coordinates":[[[114.23159999999982,22.235599999999998],[114.23319999999981,22.235599999999998],[114.23319999999981,22.237199999999998],[114.23159999999982,22.237199999999998],[114.23159999999982,22.235599999999998]]]}},{"type":"Feature","properties":{"id":"lu-southern-16-52","class":"built_up","vegetationFraction":0.139,"pavedFraction":0.616,"waterFraction":0.013,"simulated":true},"geometry":{"type":"Polygon","coordinates":[[[114.23319999999981,22.235599999999998],[114.23479999999981,22.235599999999998],[114.23479999999981,22.237199999999998],[114.23319999999981,22.237199999999998],[114.23319999999981,22.235599999999998]]]}},{"type":"Feature","properties":{"id":"lu-southern-16-53","class":"built_up","vegetationFraction":0.195,"pavedFraction":0.578,"waterFraction":0.025,"simulated":true},"geometry":{"type":"Polygon","coordinates":[[[114.23479999999981,22.235599999999998],[114.2363999999998,22.235599999999998],[114.2363999999998,22.237199999999998],[114.23479999999981,22.237199999999998],[114.23479999999981,22.235599999999998]]]}},{"type":"Feature","properties":{"id":"lu-southern-16-54","class":"built_up","vegetationFraction":0.177,"pavedFraction":0.507,"waterFraction":0.049,"simulated":true},"geometry":{"type":"Polygon","coordinates":[[[114.2363999999998,22.235599999999998],[114.2379999999998,22.235599999999998],[114.2379999999998,22.237199999999998],[114.2363999999998,22.237199999999998],[114.2363999999998,22.235599999999998]]]}},{"type":"Feature","properties":{"id":"lu-southern-16-55","class":"built_up","vegetationFraction":0.207,"pavedFraction":0.594,"waterFraction":0.033,"simulated":true},"geometry":{"type":"Polygon","coordinates":[[[114.2379999999998,22.235599999999998],[114.2395999999998,22.235599999999998],[114.2395999999998,22.237199999999998],[114.2379999999998,22.237199999999998],[114.2379999999998,22.235599999999998]]]}},{"type":"Feature","properties":{"id":"lu-southern-16-56","class":"built_up","vegetationFraction":0.228,"pavedFraction":0.705,"waterFraction":0.022,"simulated":true},"geometry":{"type":"Polygon","coordinates":[[[114.2395999999998,22.235599999999998],[114.2411999999998,22.235599999999998],[114.2411999999998,22.237199999999998],[114.2395999999998,22.237199999999998],[114.2395999999998,22.235599999999998]]]}},{"type":"Feature","properties":{"id":"lu-southern-16-57","class":"built_up","vegetationFraction":0.197,"pavedFraction":0.508,"waterFraction":0.029,"simulated":true},"geometry":{"type":"Polygon","coordinates":[[[114.2411999999998,22.235599999999998],[114.24279999999979,22.235599999999998],[114.24279999999979,22.237199999999998],[114.2411999999998,22.237199999999998],[114.2411999999998,22.235599999999998]]]}},{"type":"Feature","properties":{"id":"lu-southern-16-58","class":"built_up","vegetationFraction":0.159,"pavedFraction":0.709,"waterFraction":0.021,"simulated":true},"geometry":{"type":"Polygon","coordinates":[[[114.24279999999979,22.235599999999998],[114.24439999999979,22.235599999999998],[114.24439999999979,22.237199999999998],[114.24279999999979,22.237199999999998],[114.24279999999979,22.235599999999998]]]}},{"type":"Feature","properties":{"id":"lu-southern-16-59","class":"built_up","vegetationFraction":0.159,"pavedFraction":0.636,"waterFraction":0.052,"simulated":true},"geometry":{"type":"Polygon","coordinates":[[[114.24439999999979,22.235599999999998],[114.24599999999978,22.235599999999998],[114.24599999999978,22.237199999999998],[114.24439999999979,22.237199999999998],[114.24439999999979,22.235599999999998]]]}},{"type":"Feature","properties":{"id":"lu-southern-16-60","class":"built_up","vegetationFraction":0.13,"pavedFraction":0.599,"waterFraction":0.0,"simulated":true},"geometry":{"type":"Polygon","coordinates":[[[114.24599999999978,22.235599999999998],[114.24759999999978,22.235599999999998],[114.24759999999978,22.237199999999998],[114.24599999999978,22.237199999999998],[114.24599999999978,22.235599999999998]]]}},{"type":"Feature","properties":{"id":"lu-southern-16-61","class":"built_up","vegetationFraction":0.242,"pavedFraction":0.778,"waterFraction":0.003,"simulated":true},"geometry":{"type":"Polygon","coordinates":[[[114.24759999999978,22.235599999999998],[114.24919999999977,22.235599999999998],[114.24919999999977,22.237199999999998],[114.24759999999978,22.237199999999998],[114.24759999999978,22.235599999999998]]]}},{"type":"Feature","properties":{"id":"lu-southern-16-62","class":"built_up","vegetationFraction":0.241,"pavedFraction":0.775,"waterFraction":0.009,"simulated":true},"geometry":{"type":"Polygon","coordinates":[[[114.24919999999977,22.235599999999998],[114.25079999999977,22.235599999999998],[114.25079999999977,22.237199999999998],[114.24919999999977,22.237199999999998],[114.24919999999977,22.235599999999998]]]}},{"type":"Feature","properties":{"id":"lu-southern-16-63","class":"built_up","vegetationFraction":0.237,"pavedFraction":0.498,"waterFraction":0.037,"simulated":true},"geometry":{"type":"Polygon","coordinates":[[[114.25079999999977,22.235599999999998],[114.25239999999977,22.235599999999998],[114.25239999999977,22.237199999999998],[114.25079999999977,22.237199999999998],[114.25079999999977,22.235599999999998]]]}},{"type":"Feature","properties":{"id":"lu-southern-16-64","class":"urban_open_space","vegetationFraction":0.276,"pavedFraction":0.605,"waterFraction":0.034,"simulated":true},"geometry":{"type":"Polygon","coordinates":[[[114.25239999999977,22.235599999999998],[114.25399999999976,22.235599999999998],[114.25399999999976,22.237199999999998],[114.25239999999977,22.237199999999998],[114.25239999999977,22.235599999999998]]]}},{"type":"Feature","properties":{"id":"lu-southern-16-65","class":"built_up","vegetationFraction":0.154,"pavedFraction":0.498,"waterFraction":0.007,"simulated":true},"geometry":{"type":"Polygon","coordinates":[[[114.25399999999976,22.235599999999998],[114.25559999999976,22.235599999999998],[114.25559999999976,22.237199999999998],[114.25399999999976,22.237199999999998],[114.25399999999976,22.235599999999998]]]}},{"type":"Feature","properties":{"id":"lu-southern-16-66","class":"built_up","vegetationFraction":0.159,"pavedFraction":0.556,"waterFraction":0.012,"simulated":true},"geometry":{"type":"Polygon","coordinates":[[[114.25559999999976,22.235599999999998],[114.25719999999976,22.235599999999998],[114.25719999999976,22.237199999999998],[114.25559999999976,22.237199999999998],[114.25559999999976,22.235599999999998]]]}},{"type":"Feature","properties":{"id":"lu-southern-16-67","class":"built_up","vegetationFraction":0.168,"pavedFraction":0.549,"waterFraction":0.036,"simulated":true},"geometry":{"type":"Polygon","coordinates":[[[114.25719999999976,22.235599999999998],[114.25879999999975,22.235599999999998],[114.25879999999975,22.237199999999998],[114.25719999999976,22.237199999999998],[114.25719999999976,22.235599999999998]]]}},{"type":"Feature","properties":{"id":"lu-southern-16-68","class":"built_up","vegetationFraction":0.173,"pavedFraction":0.634,"waterFraction":0.029,"simulated":true},"geometry":{"type":"Polygon","coordinates":[[[114.25879999999975,22.235599999999998],[114.26039999999975,22.235599999999998],[114.26039999999975,22.237199999999998],[114.25879999999975,22.237199999999998],[114.25879999999975,22.235599999999998]]]}},{"type":"Feature","properties":{"id":"lu-southern-16-69","class":"built_up","vegetationFraction":0.108,"pavedFraction":0.512,"waterFraction":0.054,"simulated":true},"geometry":{"type":"Polygon","coordinates":[[[114.26039999999975,22.235599999999998],[114.26199999999974,22.235599999999998],[114.26199999999974,22.237199999999998],[114.26039999999975,22.237199999999998],[114.26039999999975,22.235599999999998]]]}},{"type":"Feature","properties":{"id":"lu-southern-16-70","class":"built_up","vegetationFraction":0.126,"pavedFraction":0.582,"waterFraction":0.034,"simulated":true},"geometry":{"type":"Polygon","coordinates":[[[114.26199999999974,22.235599999999998],[114.26359999999974,22.235599999999998],[114.26359999999974,22.237199999999998],[114.26199999999974,22.237199999999998],[114.26199999999974,22.235599999999998]]]}},{"type":"Feature","properties":{"id":"lu-southern-16-71","class":"built_up","vegetationFraction":0.218,"pavedFraction":0.616,"waterFraction":0.034,"simulated":true},"geometry":{"type":"Polygon","coordinates":[[[114.26359999999974,22.235599999999998],[114.26519999999974,22.235599999999998],[114.26519999999974,22.237199999999998],[114.26359999999974,22.237199999999998],[114.26359999999974,22.235599999999998]]]}},{"type":"Feature","properties":{"id":"lu-southern-17-00","class":"built_up","vegetationFraction":0.2,"pavedFraction":0.738,"waterFraction":0.032,"simulated":true},"geometry":{"type":"Polygon","coordinates":[[[114.15,22.237199999999998],[114.1516,22.237199999999998],[114.1516,22.238799999999998],[114.15,22.238799999999998],[114.15,22.237199999999998]]]}},{"type":"Feature","properties":{"id":"lu-southern-17-01","class":"built_up","vegetationFraction":0.105,"pavedFraction":0.538,"waterFraction":0.039,"simulated":true},"geometry":{"type":"Polygon","coordinates":[[[114.1516,22.237199999999998],[114.1532,22.237199999999998],[114.1532,22.238799999999998],[114.1516,22.238799999999998],[114.1516,22.237199999999998]]]}},{"type":"Feature","properties":{"id":"lu-southern-17-02","class":"urban_open_space","vegetationFraction":0.28,"pavedFraction":0.749,"waterFraction":0.013,"simulated":true},"geometry":{"type":"Polygon","coordinates":[[[114.1532,22.237199999999998],[114.1548,22.237199999999998],[114.1548,22.238799999999998],[114.1532,22.238799999999998],[114.1532,22.237199999999998]]]}},{"type":"Feature","properties":{"id":"lu-southern-17-03","class":"built_up","vegetationFraction":0.147,"pavedFraction":0.724,"waterFraction":0.023,"simulated":true},"geometry":{"type":"Polygon","coordinates":[[[114.1548,22.237199999999998],[114.15639999999999,22.237199999999998],[114.15639999999999,22.238799999999998],[114.1548,22.238799999999998],[114.1548,22.237199999999998]]]}},{"type":"Feature","properties":{"id":"lu-southern-17-04","class":"built_up","vegetationFraction":0.197,"pavedFraction":0.706,"waterFraction":0.023,"simulated":true},"geometry":{"type":"Polygon","coordinates":[[[114.15639999999999,22.237199999999998],[114.15799999999999,22.237199999999998],[114.15799999999999,22.238799999999998],[114.15639999999999,22.238799999999998],[114.15639999999999,22.237199999999998]]]}},{"type":"Feature","properties":{"id":"lu-southern-17-05","class":"built_up","vegetationFraction":0.242,"pavedFraction":0.536,"waterFraction":0.054,"simulated":true},"geometry":{"type":"Polygon","coordinates":[[[114.15799999999999,22.237199999999998],[114.15959999999998,22.237199999999998],[114.15959999999998,22.238799999999998],[114.15799999999999,22.238799999999998],[114.15799999999999,22.237199999999998]]]}},{"type":"Feature","properties":{"id":"lu-southern-17-06","class":"urban_open_space","vegetationFraction":0.272,"pavedFraction":0.676,"waterFraction":0.012,"simulated":true},"geometry":{"type":"Polygon","coordinates":[[[114.15959999999998,22.237199999999998],[114.16119999999998,22.237199999999998],[114.16119999999998,22.238799999999998],[114.15959999999998,22.238799999999998],[114.15959999999998,22.237199999999998]]]}},{"type":"Feature","properties":{"id":"lu-southern-17-07","class":"built_up","vegetationFraction":0.197,"pavedFraction":0.694,"waterFraction":0.04,"simulated":true},"geometry":{"type":"Polygon","coordinates":[[[114.16119999999998,22.237199999999998],[114.16279999999998,22.237199999999998],[114.16279999999998,22.238799999999998],[114.16119999999998,22.238799999999998],[114.16119999999998,22.237199999999998]]]}},{"type":"Feature","properties":{"id":"lu-southern-17-08","class":"built_up","vegetationFraction":0.217,"pavedFraction":0.644,"waterFraction":0.023,"simulated":true},"geometry":{"type":"Polygon","coordinates":[[[114.16279999999998,22.237199999999998],[114.16439999999997,22.237199999999998],[114.16439999999997,22.238799999999998],[114.16279999999998,22.238799999999998],[114.16279999999998,22.237199999999998]]]}},{"type":"Feature","properties":{"id":"lu-southern-17-09","class":"built_up","vegetationFraction":0.231,"pavedFraction":0.631,"waterFraction":0.045,"simulated":true},"geometry":{"type":"Polygon","coordinates":[[[114.16439999999997,22.237199999999998],[114.16599999999997,22.237199999999998],[114.16599999999997,22.238799999999998],[114.16439999999997,22.238799999999998],[114.16439999999997,22.237199999999998]]]}},{"type":"Feature","properties":{"id":"lu-southern-17-10","class":"built_up","vegetationFraction":0.212,"pavedFraction":0.5,"waterFraction":0.053,"simulated":true},"geometry":{"type":"Polygon","coordinates":[[[114.16599999999997,22.237199999999998],[114.16759999999996,22.237199999999998],[114.16759999999996,22.238799999999998],[114.16599999999997,22.238799999999998],[114.16599999999997,22.237199999999998]]]}},{"type":"Feature","properties":{"id":"lu-southern-17-11","class":"urban_open_space","vegetationFraction":0.264,"pavedFraction":0.534,"waterFraction":0.032,"simulated":true},"geometry":{"type":"Polygon","coordinates":[[[114.16759999999996,22.237199999999998],[114.16919999999996,22.237199999999998],[114.16919999999996,22.238799999999998],[114.16759999999996,22.238799999999998],[114.16759999999996,22.237199999999998]]]}},{"type":"Feature","properties":{"id":"lu-southern-17-12","class":"built_up","vegetationFraction":0.137,"pavedFraction":0.676,"waterFraction":0.013,"simulated":true},"geometry":{"type":"Polygon","coordinates":[[[114.16919999999996,22.237199999999998],[114.17079999999996,22.237199999999998],[114.17079999999996,22.238799999999998],[114.16919999999996,22.238799999999998],[114.16919999999996,22.237199999999998]]]}},{"type":"Feature","properties":{"id":"lu-southern-17-13","class":"urban_open_space","vegetationFraction":0.28,"pavedFraction":0.675,"waterFraction":0.021,"simulated":true},"geometry":{"type":"Polygon","coordinates":[[[114.17079999999996,22.237199999999998],[114.17239999999995,22.237199999999998],[114.17239999999995,22.238799999999998],[114.17079999999996,22.238799999999998],[114.17079999999996,22.237199999999998]]]}},{"type":"Feature","properties":{"id":"lu-southern-17-14","class":"urban_open_space","vegetationFraction":0.253,"pavedFraction":0.482,"waterFraction":0.013,"simulated":true},"geometry":{"type":"Polygon","coordinates":[[[114.17239999999995,22.237199999999998],[114.17399999999995,22.237199999999998],[114.17399999999995,22.238799999999998],[114.17239999999995,22.238799999999998],[114.17239999999995,22.237199999999998]]]}},{"type":"Feature","properties":{"id":"lu-southern-17-15","class":"built_up","vegetationFraction":0.185,"pavedFraction":0.762,"waterFraction":0.045,"simulated":true},"geometry":{"type":"Polygon","coordinates":[[[114.17399999999995,22.237199999999998],[114.17559999999995,22.237199999999998],[114.17559999999995,22.238799999999998],[114.17399999999995,22.238799999999998],[114.17399999999995,22.237199999999998]]]}},{"type":"Feature","properties":{"id":"lu-southern-17-16","class":"urban_open_space","vegetationFraction":0.274,"pavedFraction":0.741,"waterFraction":0.001,"simulated":true},"geometry":{"type":"Polygon","coordinates":[[[114.17559999999995,22.237199999999998],[114.17719999999994,22.237199999999998],[114.17719999999994,22.238799999999998],[114.17559999999995,22.238799999999998],[114.17559999999995,22.237199999999998]]]}},{"type":"Feature","properties":{"id":"lu-southern-17-17","class":"built_up","vegetationFraction":0.183,"pavedFraction":0.481,"waterFraction":0.032,"simulated":true},"geometry":{"type":"Polygon","coordinates":[[[114.17719999999994,22.237199999999998],[114.17879999999994,22.237199999999998],[114.17879999999994,22.238799999999998],[114.17719999999994,22.238799999999998],[114.17719999999994,22.237199999999998]]]}},{"type":"Feature","properties":{"id":"lu-southern-17-18","class":"built_up","vegetationFraction":0.132,"pavedFraction":0.726,"waterFraction":0.028,"simulated":true},"geometry":{"type":"Polygon","coordinates":[[[114.17879999999994,22.237199999999998],[114.18039999999993,22.237199999999998],[114.18039999999993,22.238799999999998],[114.17879999999994,22.238799999999998],[114.17879999999994,22.237199999999998]]]}},{"type":"Feature","properties":{"id":"lu-southern-17-19","class":"built_up","vegetationFraction":0.181,"pavedFraction":0.651,"waterFraction":0.044,"simulated":true},"geometry":{"type":"Polygon","coordinates":[[[114.18039999999993,22.237199999999998],[114.18199999999993,22.237199999999998],[114.18199999999993,22.238799999999998],[114.18039999999993,22.238799999999998],[114.18039999999993,22.237199999999998]]]}},{"type":"Feature","properties":{"id":"lu-southern-17-20","class":"built_up","vegetationFraction":0.146,"pavedFraction":0.778,"waterFraction":0.048,"simulated":true},"geometry":{"type":"Polygon","coordinates":[[[114.18199999999993,22.237199999999998],[114.18359999999993,22.237199999999998],[114.18359999999993,22.238799999999998],[114.18199999999993,22.238799999999998],[114.18199999999993,22.237199999999998]]]}},{"type":"Feature","properties":{"id":"lu-southern-17-21","class":"built_up","vegetationFraction":0.124,"pavedFraction":0.622,"waterFraction":0.034,"simulated":true},"geometry":{"type":"Polygon","coordinates":[[[114.18359999999993,22.237199999999998],[114.18519999999992,22.237199999999998],[114.18519999999992,22.238799999999998],[114.18359999999993,22.238799999999998],[114.18359999999993,22.237199999999998]]]}},{"type":"Feature","properties":{"id":"lu-southern-17-22","class":"green_space","vegetationFraction":0.78,"pavedFraction":0.1,"waterFraction":0.022,"simulated":true},"geometry":{"type":"Polygon","coordinates":[[[114.18519999999992,22.237199999999998],[114.18679999999992,22.237199999999998],[114.18679999999992,22.238799999999998],[114.18519999999992,22.238799999999998],[114.18519999999992,22.237199999999998]]]}},{"type":"Feature","properties":{"id":"lu-southern-17-23","class":"green_space","vegetationFraction":0.78,"pavedFraction":0.1,"waterFraction":0.028,"simulated":true},"geometry":{"type":"Polygon","coordinates":[[[114.18679999999992,22.237199999999998],[114.18839999999992,22.237199999999998],[114.18839999999992,22.238799999999998],[114.18679999999992,22.238799999999998],[114.18679999999992,22.237199999999998]]]}},{"type":"Feature","properties":{"id":"lu-southern-17-24","class":"green_space","vegetationFraction":0.78,"pavedFraction":0.1,"waterFraction":0.054,"simulated":true},"geometry":{"type":"Polygon","coordinates":[[[114.18839999999992,22.237199999999998],[114.18999999999991,22.237199999999998],[114.18999999999991,22.238799999999998],[114.18839999999992,22.238799999999998],[114.18839999999992,22.237199999999998]]]}},{"type":"Feature","properties":{"id":"lu-southern-17-25","class":"green_space","vegetationFraction":0.78,"pavedFraction":0.1,"waterFraction":0.029,"simulated":true},"geometry":{"type":"Polygon","coordinates":[[[114.18999999999991,22.237199999999998],[114.19159999999991,22.237199999999998],[114.19159999999991,22.238799999999998],[114.18999999999991,22.238799999999998],[114.18999999999991,22.237199999999998]]]}},{"type":"Feature","properties":{"id":"lu-southern-17-26","class":"green_space","vegetationFraction":0.78,"pavedFraction":0.1,"waterFraction":0.019,"simulated":true},"geometry":{"type":"Polygon","coordinates":[[[114.19159999999991,22.237199999999998],[114.1931999999999,22.237199999999998],[114.1931999999999,22.238799999999998],[114.19159999999991,22.238799999999998],[114.19159999999991,22.237199999999998]]]}},{"type":"Feature","properties":{"id":"lu-southern-17-27","class":"green_space","vegetationFraction":0.78,"pavedFraction":0.1,"waterFraction":0.002,"simulated":true},"geometry":{"type":"Polygon","coordinates":[[[114.1931999999999,22.237199999999998],[114.1947999999999,22.237199999999998],[114.1947999999999,22.238799999999998],[114.1931999999999,22.238799999999998],[114.1931999999999,22.237199999999998]]]}},{"type":"Feature","properties":{"id":"lu-southern-17-28","class":"green_space","vegetationFraction":0.78,"pavedFraction":0.1,"waterFraction":0.045,"simulated":true},"geometry":{"type":"Polygon","coordinates":[[[114.1947999999999,22.237199999999998],[114.1963999999999,22.237199999999998],[114.1963999999999,22.238799999999998],[114.1947999999999,22.238799999999998],[114.1947999999999,22.237199999999998]]]}},{"type":"Feature","properties":{"id":"lu-southern-17-29","class":"green_space","vegetationFraction":0.78,"pavedFraction":0.1,"waterFraction":0.03,"simulated":true},"geometry":{"type":"Polygon","coordinates":[[[114.1963999999999,22.237199999999998],[114.1979999999999,22.237199999999998],[114.1979999999999,22.238799999999998],[114.1963999999999,22.238799999999998],[114.1963999999999,22.237199999999998]]]}},{"type":"Feature","properties":{"id":"lu-southern-17-30","class":"green_space","vegetationFraction":0.78,"pavedFraction":0.1,"waterFraction":0.058,"simulated":true},"geometry":{"type":"Polygon","coordinates":[[[114.1979999999999,22.237199999999998],[114.19959999999989,22.237199999999998],[114.19959999999989,22.238799999999998],[114.1979999999999,22.238799999999998],[114.1979999999999,22.237199999999998]]]}},{"type":"Feature","properties":{"id":"lu-southern-17-31","class":"green_space","vegetationFraction":0.78,"pavedFraction":0.1,"waterFraction":0.01,"simulated":true},"geometry":{"type":"Polygon","coordinates":[[[114.19959999999989,22.237199999999998],[114.20119999999989,22.237199999999998],[114.20119999999989,22.238799999999998],[114.19959999999989,22.238799999999998],[114.19959999999989,22.237199999999998]]]}},{"type":"Feature","properties":{"id":"lu-southern-17-32","class":"green_space","vegetationFraction":0.78,"pavedFraction":0.1,"waterFraction":0.022,"simulated":true},"geometry":{"type":"Polygon","coordinates":[[[114.20119999999989,22.237199999999998],[114.20279999999988,22.237199999999998],[114.20279999999988,22.238799999999998],[114.20119999999989,22.238799999999998],[114.20119999999989,22.237199999999998]]]}},{"type":"Feature","properties":{"id":"lu-southern-17-33","class":"green_space","vegetationFraction":0.78,"pavedFraction":0.1,"waterFraction":0.029,"simulated":true},"geometry":{"type":"Polygon","coordinates":[[[114.20279999999988,22.237199999999998],[114.20439999999988,22.237199999999998],[114.20439999999988,22.238799999999998],[114.20279999999988,22.238799999999998],[114.20279999999988,22.237199999999998]]]}},{"type":"Feature","properties":{"id":"lu-southern-17-34","class":"green_space","vegetationFraction":0.78,"pavedFraction":0.1,"waterFraction":0.033,"simulated":true},"geometry":{"type":"Polygon","coordinates":[[[114.20439999999988,22.237199999999998],[114.20599999999988,22.237199999999998],[114.20599999999988,22.238799999999998],[114.20439999999988,22.238799999999998],[114.20439999999988,22.237199999999998]]]}},{"type":"Feature","properties":{"id":"lu-southern-17-35","class":"green_space","vegetationFraction":0.78,"pavedFraction":0.1,"waterFraction":0.033,"simulated":true},"geometry":{"type":"Polygon","coordinates":[[[114.20599999999988,22.237199999999998],[114.20759999999987,22.237199999999998],[114.20759999999987,22.238799999999998],[114.20599999999988,22.238799999999998],[114.20599999999988,22.237199999999998]]]}},{"type":"Feature","properties":{"id":"lu-southern-17-36","class":"green_space","vegetationFraction":0.78,"pavedFraction":0.1,"waterFraction":0.058,"simulated":true},"geometry":{"type":"Polygon","coordinates":[[[114.20759999999987,22.237199999999998],[114.20919999999987,22.237199999999998],[114.20919999999987,22.238799999999998],[114.20759999999987,22.238799999999998],[114.20759999999987,22.237199999999998]]]}},{"type":"Feature","properties":{"id":"lu-southern-17-37","class":"green_space","vegetationFraction":0.78,"pavedFraction":0.1,"waterFraction":0.032,"simulated":true},"geometry":{"type":"Polygon","coordinates":[[[114.20919999999987,22.237199999999998],[114.21079999999986,22.237199999999998],[114.21079999999986,22.238799999999998],[114.20919999999987,22.238799999999998],[114.20919999999987,22.237199999999998]]]}},{"type":"Feature","properties":{"id":"lu-southern-17-38","class":"green_space","vegetationFraction":0.78,"pavedFraction":0.1,"waterFraction":0.028,"simulated":true},"geometry":{"type":"Polygon","coordinates":[[[114.21079999999986,22.237199999999998],[114.21239999999986,22.237199999999998],[114.21239999999986,22.238799999999998],[114.21079999999986,22.238799999999998],[114.21079999999986,22.237199999999998]]]}},{"type":"Feature","properties":{"id":"lu-southern-17-39","class":"green_space","vegetationFraction":0.78,"pavedFraction":0.1,"waterFraction":0.021,"simulated":true},"geometry":{"type":"Polygon","coordinates":[[[114.21239999999986,22.237199999999998],[114.21399999999986,22.237199999999998],[114.21399999999986,22.238799999999998],[114.21239999999986,22.238799999999998],[114.21239999999986,22.237199999999998]]]}},{"type":"Feature","properties":{"id":"lu-southern-17-40","class":"green_space","vegetationFraction":0.78,"pavedFraction":0.1,"waterFraction":0.018,"simulated":true},"geometry":{"type":"Polygon","coordinates":[[[114.21399999999986,22.237199999999998],[114.21559999999985,22.237199999999998],[114.21559999999985,22.238799999999998],[114.21399999999986,22.238799999999998],[114.21399999999986,22.237199999999998]]]}},{"type":"Feature","properties":{"id":"lu-southern-17-41","class":"green_space","vegetationFraction":0.78,"pavedFraction":0.1,"waterFraction":0.031,"simulated":true},"geometry":{"type":"Polygon","coordinates":[[[114.21559999999985,22.237199999999998],[114.21719999999985,22.237199999999998],[114.21719999999985,22.238799999999998],[114.21559999999985,22.238799999999998],[114.21559999999985,22.237199999999998]]]}},{"type":"Feature","properties":{"id":"lu-southern-17-42","class":"green_space","vegetationFraction":0.78,"pavedFraction":0.1,"waterFraction":0.046,"simulated":true},"geometry":{"type":"Polygon","coordinates":[[[114.21719999999985,22.237199999999998],[114.21879999999985,22.237199999999998],[114.21879999999985,22.238799999999998],[114.21719999999985,22.238799999999998],[114.21719999999985,22.237199999999998]]]}},{"type":"Feature","properties":{"id":"lu-southern-17-43","class":"green_space","vegetationFraction":0.78,"pavedFraction":0.1,"waterFraction":0.003,"simulated":true},"geometry":{"type":"Polygon","coordinates":[[[114.21879999999985,22.237199999999998],[114.22039999999984,22.237199999999998],[114.22039999999984,22.238799999999998],[114.21879999999985,22.238799999999998],[114.21879999999985,22.237199999999998]]]}},{"type":"Feature","properties":{"id":"lu-southern-17-44","class":"green_space","vegetationFraction":0.78,"pavedFraction":0.1,"waterFraction":0.056,"simulated":true},"geometry":{"type":"Polygon","coordinates":[[[114.22039999999984,22.237199999999998],[114.22199999999984,22.237199999999998],[114.22199999999984,22.238799999999998],[114.22039999999984,22.238799999999998],[114.22039999999984,22.237199999999998]]]}},{"type":"Feature","properties":{"id":"lu-southern-17-45","class":"built_up","vegetationFraction":0.245,"pavedFraction":0.547,"waterFraction":0.013,"simulated":true},"geometry":{"type":"Polygon","coordinates":[[[114.22199999999984,22.237199999999998],[114.22359999999983,22.237199999999998],[114.22359999999983,22.238799999999998],[114.22199999999984,22.238799999999998],[114.22199999999984,22.237199999999998]]]}},{"type":"Feature","properties":{"id":"lu-southern-17-46","class":"built_up","vegetationFraction":0.187,"pavedFraction":0.506,"waterFraction":0.002,"simulated":true},"geometry":{"type":"Polygon","coordinates":[[[114.22359999999983,22.237199999999998],[114.22519999999983,22.237199999999998],[114.22519999999983,22.238799999999998],[114.22359999999983,22.238799999999998],[114.22359999999983,22.237199999999998]]]}},{"type":"Feature","properties":{"id":"lu-southern-17-47","class":"built_up","vegetationFraction":0.216,"pavedFraction":0.489,"waterFraction":0.009,"simulated":true},"geometry":{"type":"Polygon","coordinates":[[[114.22519999999983,22.237199999999998],[114.22679999999983,22.237199999999998],[114.22679999999983,22.238799999999998],[114.22519999999983,22.238799999999998],[114.22519999999983,22.237199999999998]]]}},{"type":"Feature","properties":{"id":"lu-southern-17-48","class":"built_up","vegetationFraction":0.245,"pavedFraction":0.605,"waterFraction":0.038,"simulated":true},"geometry":{"type":"Polygon","coordinates":[[[114.22679999999983,22.237199999999998],[114.22839999999982,22.237199999999998],[114.22839999999982,22.238799999999998],[114.22679999999983,22.238799999999998],[114.22679999999983,22.237199999999998]]]}},{"type":"Feature","properties":{"id":"lu-southern-17-49","class":"built_up","vegetationFraction":0.164,"pavedFraction":0.726,"waterFraction":0.007,"simulated":true},"geometry":{"type":"Polygon","coordinates":[[[114.22839999999982,22.237199999999998],[114.22999999999982,22.237199999999998],[114.22999999999982,22.238799999999998],[114.22839999999982,22.238799999999998],[114.22839999999982,22.237199999999998]]]}},{"type":"Feature","properties":{"id":"lu-southern-17-50","class":"built_up","vegetationFraction":0.128,"pavedFraction":0.748,"waterFraction":0.027,"simulated":true},"geometry":{"type":"Polygon","coordinates":[[[114.22999999999982,22.237199999999998],[114.23159999999982,22.237199999999998],[114.23159999999982,22.238799999999998],[114.22999999999982,22.238799999999998],[114.22999999999982,22.237199999999998]]]}},{"type":"Feature","properties":{"id":"lu-southern-17-51","class":"urban_open_space","vegetationFraction":0.269,"pavedFraction":0.741,"waterFraction":0.024,"simulated":true},"geometry":{"type":"Polygon","coordinates":[[[114.23159999999982,22.237199999999998],[114.23319999999981,22.237199999999998],[114.23319999999981,22.238799999999998],[114.23159999999982,22.238799999999998],[114.23159999999982,22.237199999999998]]]}},{"type":"Feature","properties":{"id":"lu-southern-17-52","class":"urban_open_space","vegetationFraction":0.272,"pavedFraction":0.606,"waterFraction":0.021,"simulated":true},"geometry":{"type":"Polygon","coordinates":[[[114.23319999999981,22.237199999999998],[114.23479999999981,22.237199999999998],[114.23479999999981,22.238799999999998],[114.23319999999981,22.238799999999998],[114.23319999999981,22.237199999999998]]]}},{"type":"Feature","properties":{"id":"lu-southern-17-53","class":"urban_open_space","vegetationFraction":0.28,"pavedFraction":0.718,"waterFraction":0.027,"simulated":true},"geometry":{"type":"Polygon","coordinates":[[[114.23479999999981,22.237199999999998],[114.2363999999998,22.237199999999998],[114.2363999999998,22.238799999999998],[114.23479999999981,22.238799999999998],[114.23479999999981,22.237199999999998]]]}},{"type":"Feature","properties":{"id":"lu-southern-17-54","class":"built_up","vegetationFraction":0.154,"pavedFraction":0.559,"waterFraction":0.032,"simulated":true},"geometry":{"type":"Polygon","coordinates":[[[114.2363999999998,22.237199999999998],[114.2379999999998,22.237199999999998],[114.2379999999998,22.238799999999998],[114.2363999999998,22.238799999999998],[114.2363999999998,22.237199999999998]]]}},{"type":"Feature","properties":{"id":"lu-southern-17-55","class":"built_up","vegetationFraction":0.147,"pavedFraction":0.54,"waterFraction":0.055,"simulated":true},"geometry":{"type":"Polygon","coordinates":[[[114.2379999999998,22.237199999999998],[114.2395999999998,22.237199999999998],[114.2395999999998,22.238799999999998],[114.2379999999998,22.238799999999998],[114.2379999999998,22.237199999999998]]]}},{"type":"Feature","properties":{"id":"lu-southern-17-56","class":"built_up","vegetationFraction":0.142,"pavedFraction":0.534,"waterFraction":0.049,"simulated":true},"geometry":{"type":"Polygon","coordinates":[[[114.2395999999998,22.237199999999998],[114.2411999999998,22.237199999999998],[114.2411999999998,22.238799999999998],[114.2395999999998,22.238799999999998],[114.2395999999998,22.237199999999998]]]}},{"type":"Feature","properties":{"id":"lu-southern-17-57","class":"built_up","vegetationFraction":0.142,"pavedFraction":0.679,"waterFraction":0.018,"simulated":true},"geometry":{"type":"Polygon","coordinates":[[[114.2411999999998,22.237199999999998],[114.24279999999979,22.237199999999998],[114.24279999999979,22.238799999999998],[114.2411999999998,22.238799999999998],[114.2411999999998,22.237199999999998]]]}},{"type":"Feature","properties":{"id":"lu-southern-17-58","class":"built_up","vegetationFraction":0.11,"pavedFraction":0.648,"waterFraction":0.0,"simulated":true},"geometry":{"type":"Polygon","coordinates":[[[114.24279999999979,22.237199999999998],[114.24439999999979,22.237199999999998],[114.24439999999979,22.238799999999998],[114.24279999999979,22.238799999999998],[114.24279999999979,22.237199999999998]]]}},{"type":"Feature","properties":{"id":"lu-southern-17-59","class":"built_up","vegetationFraction":0.138,"pavedFraction":0.739,"waterFraction":0.05,"simulated":true},"geometry":{"type":"Polygon","coordinates":[[[114.24439999999979,22.237199999999998],[114.24599999999978,22.237199999999998],[114.24599999999978,22.238799999999998],[114.24439999999979,22.238799999999998],[114.24439999999979,22.237199999999998]]]}},{"type":"Feature","properties":{"id":"lu-southern-17-60","class":"built_up","vegetationFraction":0.119,"pavedFraction":0.594,"waterFraction":0.031,"simulated":true},"geometry":{"type":"Polygon","coordinates":[[[114.24599999999978,22.237199999999998],[114.24759999999978,22.237199999999998],[114.24759999999978,22.238799999999998],[114.24599999999978,22.238799999999998],[114.24599999999978,22.237199999999998]]]}},{"type":"Feature","properties":{"id":"lu-southern-17-61","class":"built_up","vegetationFraction":0.197,"pavedFraction":0.574,"waterFraction":0.026,"simulated":true},"geometry":{"type":"Polygon","coordinates":[[[114.24759999999978,22.237199999999998],[114.24919999999977,22.237199999999998],[114.24919999999977,22.238799999999998],[114.24759999999978,22.238799999999998],[114.24759999999978,22.237199999999998]]]}},{"type":"Feature","properties":{"id":"lu-southern-17-62","class":"built_up","vegetationFraction":0.135,"pavedFraction":0.534,"waterFraction":0.04,"simulated":true},"geometry":{"type":"Polygon","coordinates":[[[114.24919999999977,22.237199999999998],[114.25079999999977,22.237199999999998],[114.25079999999977,22.238799999999998],[114.24919999999977,22.238799999999998],[114.24919999999977,22.237199999999998]]]}},{"type":"Feature","properties":{"id":"lu-southern-17-63","class":"built_up","vegetationFraction":0.245,"pavedFraction":0.641,"waterFraction":0.031,"simulated":true},"geometry":{"type":"Polygon","coordinates":[[[114.25079999999977,22.237199999999998],[114.25239999999977,22.237199999999998],[114.25239999999977,22.238799999999998],[114.25079999999977,22.238799999999998],[114.25079999999977,22.237199999999998]]]}},{"type":"Feature","properties":{"id":"lu-southern-17-64","class":"urban_open_space","vegetationFraction":0.256,"pavedFraction":0.525,"waterFraction":0.036,"simulated":true},"geometry":{"type":"Polygon","coordinates":[[[114.25239999999977,22.237199999999998],[114.25399999999976,22.237199999999998],[114.25399999999976,22.238799999999998],[114.25239999999977,22.238799999999998],[114.25239999999977,22.237199999999998]]]}},{"type":"Feature","properties":{"id":"lu-southern-17-65","class":"built_up","vegetationFraction":0.174,"pavedFraction":0.521,"waterFraction":0.058,"simulated":true},"geometry":{"type":"Polygon","coordinates":[[[114.25399999999976,22.237199999999998],[114.25559999999976,22.237199999999998],[114.25559999999976,22.238799999999998],[114.25399999999976,22.238799999999998],[114.25399999999976,22.237199999999998]]]}},{"type":"Feature","properties":{"id":"lu-southern-17-66","class":"built_up","vegetationFraction":0.12,"pavedFraction":0.647,"waterFraction":0.021,"simulated":true},"geometry":{"type":"Polygon","coordinates":[[[114.25559999999976,22.237199999999998],[114.25719999999976,22.237199999999998],[114.25719999999976,22.238799999999998],[114.25559999999976,22.238799999999998],[114.25559999999976,22.237199999999998]]]}},{"type":"Feature","properties":{"id":"lu-southern-17-67","class":"built_up","vegetationFraction":0.14,"pavedFraction":0.642,"waterFraction":0.047,"simulated":true},"geometry":{"type":"Polygon","coordinates":[[[114.25719999999976,22.237199999999998],[114.25879999999975,22.237199999999998],[114.25879999999975,22.238799999999998],[114.25719999999976,22.238799999999998],[114.25719999999976,22.237199999999998]]]}},{"type":"Feature","properties":{"id":"lu-southern-17-68","class":"built_up","vegetationFraction":0.178,"pavedFraction":0.6,"waterFraction":0.029,"simulated":true},"geometry":{"type":"Polygon","coordinates":[[[114.25879999999975,22.237199999999998],[114.26039999999975,22.237199999999998],[114.26039999999975,22.238799999999998],[114.25879999999975,22.238799999999998],[114.25879999999975,22.237199999999998]]]}},{"type":"Feature","properties":{"id":"lu-southern-17-69","class":"built_up","vegetationFraction":0.159,"pavedFraction":0.532,"waterFraction":0.028,"simulated":true},"geometry":{"type":"Polygon","coordinates":[[[114.26039999999975,22.237199999999998],[114.26199999999974,22.237199999999998],[114.26199999999974,22.238799999999998],[114.26039999999975,22.238799999999998],[114.26039999999975,22.237199999999998]]]}},{"type":"Feature","properties":{"id":"lu-southern-17-70","class":"built_up","vegetationFraction":0.123,"pavedFraction":0.694,"waterFraction":0.008,"simulated":true},"geometry":{"type":"Polygon","coordinates":[[[114.26199999999974,22.237199999999998],[114.26359999999974,22.237199999999998],[114.26359999999974,22.238799999999998],[114.26199999999974,22.238799999999998],[114.26199999999974,22.237199999999998]]]}},{"type":"Feature","properties":{"id":"lu-southern-17-71","class":"built_up","vegetationFraction":0.219,"pavedFraction":0.488,"waterFraction":0.037,"simulated":true},"geometry":{"type":"Polygon","coordinates":[[[114.26359999999974,22.237199999999998],[114.26519999999974,22.237199999999998],[114.26519999999974,22.238799999999998],[114.26359999999974,22.238799999999998],[114.26359999999974,22.237199999999998]]]}},{"type":"Feature","properties":{"id":"lu-southern-18-00","class":"built_up","vegetationFraction":0.111,"pavedFraction":0.561,"waterFraction":0.048,"simulated":true},"geometry":{"type":"Polygon","coordinates":[[[114.15,22.238799999999998],[114.1516,22.238799999999998],[114.1516,22.240399999999998],[114.15,22.240399999999998],[114.15,22.238799999999998]]]}},{"type":"Feature","properties":{"id":"lu-southern-18-01","class":"built_up","vegetationFraction":0.211,"pavedFraction":0.538,"waterFraction":0.024,"simulated":true},"geometry":{"type":"Polygon","coordinates":[[[114.1516,22.238799999999998],[114.1532,22.238799999999998],[114.1532,22.240399999999998],[114.1516,22.240399999999998],[114.1516,22.238799999999998]]]}},{"type":"Feature","properties":{"id":"lu-southern-18-02","class":"built_up","vegetationFraction":0.138,"pavedFraction":0.528,"waterFraction":0.049,"simulated":true},"geometry":{"type":"Polygon","coordinates":[[[114.1532,22.238799999999998],[114.1548,22.238799999999998],[114.1548,22.240399999999998],[114.1532,22.240399999999998],[114.1532,22.238799999999998]]]}},{"type":"Feature","properties":{"id":"lu-southern-18-03","class":"built_up","vegetationFraction":0.191,"pavedFraction":0.502,"waterFraction":0.014,"simulated":true},"geometry":{"type":"Polygon","coordinates":[[[114.1548,22.238799999999998],[114.15639999999999,22.238799999999998],[114.15639999999999,22.240399999999998],[114.1548,22.240399999999998],[114.1548,22.238799999999998]]]}},{"type":"Feature","properties":{"id":"lu-southern-18-04","class":"built_up","vegetationFraction":0.226,"pavedFraction":0.706,"waterFraction":0.057,"simulated":true},"geometry":{"type":"Polygon","coordinates":[[[114.15639999999999,22.238799999999998],[114.15799999999999,22.238799999999998],[114.15799999999999,22.240399999999998],[114.15639999999999,22.240399999999998],[114.15639999999999,22.238799999999998]]]}},{"type":"Feature","properties":{"id":"lu-southern-18-05","class":"built_up","vegetationFraction":0.233,"pavedFraction":0.654,"waterFraction":0.02,"simulated":true},"geometry":{"type":"Polygon","coordinates":[[[114.15799999999999,22.238799999999998],[114.15959999999998,22.238799999999998],[114.15959999999998,22.240399999999998],[114.15799999999999,22.240399999999998],[114.15799999999999,22.238799999999998]]]}},{"type":"Feature","properties":{"id":"lu-southern-18-06","class":"urban_open_space","vegetationFraction":0.265,"pavedFraction":0.751,"waterFraction":0.028,"simulated":true},"geometry":{"type":"Polygon","coordinates":[[[114.15959999999998,22.238799999999998],[114.16119999999998,22.238799999999998],[114.16119999999998,22.240399999999998],[114.15959999999998,22.240399999999998],[114.15959999999998,22.238799999999998]]]}},{"type":"Feature","properties":{"id":"lu-southern-18-07","class":"built_up","vegetationFraction":0.162,"pavedFraction":0.569,"waterFraction":0.056,"simulated":true},"geometry":{"type":"Polygon","coordinates":[[[114.16119999999998,22.238799999999998],[114.16279999999998,22.238799999999998],[114.16279999999998,22.240399999999998],[114.16119999999998,22.240399999999998],[114.16119999999998,22.238799999999998]]]}},{"type":"Feature","properties":{"id":"lu-southern-18-08","class":"built_up","vegetationFraction":0.117,"pavedFraction":0.705,"waterFraction":0.024,"simulated":true},"geometry":{"type":"Polygon","coordinates":[[[114.16279999999998,22.238799999999998],[114.16439999999997,22.238799999999998],[114.16439999999997,22.240399999999998],[114.16279999999998,22.240399999999998],[114.16279999999998,22.238799999999998]]]}},{"type":"Feature","properties":{"id":"lu-southern-18-09","class":"built_up","vegetationFraction":0.135,"pavedFraction":0.588,"waterFraction":0.023,"simulated":true},"geometry":{"type":"Polygon","coordinates":[[[114.16439999999997,22.238799999999998],[114.16599999999997,22.238799999999998],[114.16599999999997,22.240399999999998],[114.16439999999997,22.240399999999998],[114.16439999999997,22.238799999999998]]]}},{"type":"Feature","properties":{"id":"lu-southern-18-10","class":"built_up","vegetationFraction":0.248,"pavedFraction":0.605,"waterFraction":0.002,"simulated":true},"geometry":{"type":"Polygon","coordinates":[[[114.16599999999997,22.238799999999998],[114.16759999999996,22.238799999999998],[114.16759999999996,22.240399999999998],[114.16599999999997,22.240399999999998],[114.16599999999997,22.238799999999998]]]}},{"type":"Feature","properties":{"id":"lu-southern-18-11","class":"built_up","vegetationFraction":0.142,"pavedFraction":0.488,"waterFraction":0.049,"simulated":true},"geometry":{"type":"Polygon","coordinates":[[[114.16759999999996,22.238799999999998],[114.16919999999996,22.238799999999998],[114.16919999999996,22.240399999999998],[114.16759999999996,22.240399999999998],[114.16759999999996,22.238799999999998]]]}},{"type":"Feature","properties":{"id":"lu-southern-18-12","class":"built_up","vegetationFraction":0.249,"pavedFraction":0.612,"waterFraction":0.041,"simulated":true},"geometry":{"type":"Polygon","coordinates":[[[114.16919999999996,22.238799999999998],[114.17079999999996,22.238799999999998],[114.17079999999996,22.240399999999998],[114.16919999999996,22.240399999999998],[114.16919999999996,22.238799999999998]]]}},{"type":"Feature","properties":{"id":"lu-southern-18-13","class":"built_up","vegetationFraction":0.234,"pavedFraction":0.525,"waterFraction":0.042,"simulated":true},"geometry":{"type":"Polygon","coordinates":[[[114.17079999999996,22.238799999999998],[114.17239999999995,22.238799999999998],[114.17239999999995,22.240399999999998],[114.17079999999996,22.240399999999998],[114.17079999999996,22.238799999999998]]]}},{"type":"Feature","properties":{"id":"lu-southern-18-14","class":"built_up","vegetationFraction":0.212,"pavedFraction":0.504,"waterFraction":0.057,"simulated":true},"geometry":{"type":"Polygon","coordinates":[[[114.17239999999995,22.238799999999998],[114.17399999999995,22.238799999999998],[114.17399999999995,22.240399999999998],[114.17239999999995,22.240399999999998],[114.17239999999995,22.238799999999998]]]}},{"type":"Feature","properties":{"id":"lu-southern-18-15","class":"urban_open_space","vegetationFraction":0.272,"pavedFraction":0.688,"waterFraction":0.025,"simulated":true},"geometry":{"type":"Polygon","coordinates":[[[114.17399999999995,22.238799999999998],[114.17559999999995,22.238799999999998],[114.17559999999995,22.240399999999998],[114.17399999999995,22.240399999999998],[114.17399999999995,22.238799999999998]]]}},{"type":"Feature","properties":{"id":"lu-southern-18-16","class":"built_up","vegetationFraction":0.174,"pavedFraction":0.598,"waterFraction":0.021,"simulated":true},"geometry":{"type":"Polygon","coordinates":[[[114.17559999999995,22.238799999999998],[114.17719999999994,22.238799999999998],[114.17719999999994,22.240399999999998],[114.17559999999995,22.240399999999998],[114.17559999999995,22.238799999999998]]]}},{"type":"Feature","properties":{"id":"lu-southern-18-17","class":"built_up","vegetationFraction":0.171,"pavedFraction":0.581,"waterFraction":0.031,"simulated":true},"geometry":{"type":"Polygon","coordinates":[[[114.17719999999994,22.238799999999998],[114.17879999999994,22.238799999999998],[114.17879999999994,22.240399999999998],[114.17719999999994,22.240399999999998],[114.17719999999994,22.238799999999998]]]}},{"type":"Feature","properties":{"id":"lu-southern-18-18","class":"urban_open_space","vegetationFraction":0.279,"pavedFraction":0.682,"waterFraction":0.018,"simulated":true},"geometry":{"type":"Polygon","coordinates":[[[114.17879999999994,22.238799999999998],[114.18039999999993,22.238799999999998],[114.18039999999993,22.240399999999998],[114.17879999999994,22.240399999999998],[114.17879999999994,22.238799999999998]]]}},{"type":"Feature","properties":{"id":"lu-southern-18-19","class":"built_up","vegetationFraction":0.223,"pavedFraction":0.666,"waterFraction":0.031,"simulated":true},"geometry":{"type":"Polygon","coordinates":[[[114.18039999999993,22.238799999999998],[114.18199999999993,22.238799999999998],[114.18199999999993,22.240399999999998],[114.18039999999993,22.240399999999998],[114.18039999999993,22.238799999999998]]]}},{"type":"Feature","properties":{"id":"lu-southern-18-20","class":"built_up","vegetationFraction":0.171,"pavedFraction":0.507,"waterFraction":0.012,"simulated":true},"geometry":{"type":"Polygon","coordinates":[[[114.18199999999993,22.238799999999998],[114.18359999999993,22.238799999999998],[114.18359999999993,22.240399999999998],[114.18199999999993,22.240399999999998],[114.18199999999993,22.238799999999998]]]}},{"type":"Feature","properties":{"id":"lu-southern-18-21","class":"built_up","vegetationFraction":0.238,"pavedFraction":0.621,"waterFraction":0.036,"simulated":true},"geometry":{"type":"Polygon","coordinates":[[[114.18359999999993,22.238799999999998],[114.18519999999992,22.238799999999998],[114.18519999999992,22.240399999999998],[114.18359999999993,22.240399999999998],[114.18359999999993,22.238799999999998]]]}},{"type":"Feature","properties":{"id":"lu-southern-18-22","class":"green_space","vegetationFraction":0.78,"pavedFraction":0.1,"waterFraction":0.05,"simulated":true},"geometry":{"type":"Polygon","coordinates":[[[114.18519999999992,22.238799999999998],[114.18679999999992,22.238799999999998],[114.18679999999992,22.240399999999998],[114.18519999999992,22.240399999999998],[114.18519999999992,22.238799999999998]]]}},{"type":"Feature","properties":{"id":"lu-southern-18-23","class":"green_space","vegetationFraction":0.78,"pavedFraction":0.1,"waterFraction":0.053,"simulated":true},"geometry":{"type":"Polygon","coordinates":[[[114.18679999999992,22.238799999999998],[114.18839999999992,22.238799999999998],[114.18839999999992,22.240399999999998],[114.18679999999992,22.240399999999998],[114.18679999999992,22.238799999999998]]]}},{"type":"Feature","properties":{"id":"lu-southern-18-24","class":"green_space","vegetationFraction":0.78,"pavedFraction":0.1,"waterFraction":0.049,"simulated":true},"geometry":{"type":"Polygon","coordinates":[[[114.18839999999992,22.238799999999998],[114.18999999999991,22.238799999999998],[114.18999999999991,22.240399999999998],[114.18839999999992,22.240399999999998],[114.18839999999992,22.238799999999998]]]}},{"type":"Feature","properties":{"id":"lu-southern-18-25","class":"green_space","vegetationFraction":0.78,"pavedFraction":0.1,"waterFraction":0.012,"simulated":true},"geometry":{"type":"Polygon","coordinates":[[[114.18999999999991,22.238799999999998],[114.19159999999991,22.238799999999998],[114.19159999999991,22.240399999999998],[114.18999999999991,22.240399999999998],[114.18999999999991,22.238799999999998]]]}},{"type":"Feature","properties":{"id":"lu-southern-18-26","class":"green_space","vegetationFraction":0.78,"pavedFraction":0.1,"waterFraction":0.009,"simulated":true},"geometry":{"type":"Polygon","coordinates":[[[114.19159999999991,22.238799999999998],[114.1931999999999,22.238799999999998],[114.1931999999999,22.240399999999998],[114.19159999999991,22.240399999999998],[114.19159999999991,22.238799999999998]]]}},{"type":"Feature","properties":{"id":"lu-southern-18-27","class":"green_space","vegetationFraction":0.78,"pavedFraction":0.1,"waterFraction":0.012,"simulated":true},"geometry":{"type":"Polygon","coordinates":[[[114.1931999999999,22.238799999999998],[114.1947999999999,22.238799999999998],[114.1947999999999,22.240399999999998],[114.1931999999999,22.240399999999998],[114.1931999999999,22.238799999999998]]]}},{"type":"Feature","properties":{"id":"lu-southern-18-28","class":"green_space","vegetationFraction":0.78,"pavedFraction":0.1,"waterFraction":0.051,"simulated":true},"geometry":{"type":"Polygon","coordinates":[[[114.1947999999999,22.238799999999998],[114.1963999999999,22.238799999999998],[114.1963999999999,22.240399999999998],[114.1947999999999,22.240399999999998],[114.1947999999999,22.238799999999998]]]}},{"type":"Feature","properties":{"id":"lu-southern-18-29","class":"green_space","vegetationFraction":0.78,"pavedFraction":0.1,"waterFraction":0.042,"simulated":true},"geometry":{"type":"Polygon","coordinates":[[[114.1963999999999,22.238799999999998],[114.1979999999999,22.238799999999998],[114.1979999999999,22.240399999999998],[114.1963999999999,22.240399999999998],[114.1963999999999,22.238799999999998]]]}},{"type":"Feature","properties":{"id":"lu-southern-18-30","class":"green_space","vegetationFraction":0.78,"pavedFraction":0.1,"waterFraction":0.0,"simulated":true},"geometry":{"type":"Polygon","coordinates":[[[114.1979999999999,22.238799999999998],[114.19959999999989,22.238799999999998],[114.19959999999989,22.240399999999998],[114.1979999999999,22.240399999999998],[114.1979999999999,22.238799999999998]]]}},{"type":"Feature","properties":{"id":"lu-southern-18-31","class":"green_space","vegetationFraction":0.78,"pavedFraction":0.1,"waterFraction":0.055,"simulated":true},"geometry":{"type":"Polygon","coordinates":[[[114.19959999999989,22.238799999999998],[114.20119999999989,22.238799999999998],[114.20119999999989,22.240399999999998],[114.19959999999989,22.240399999999998],[114.19959999999989,22.238799999999998]]]}},{"type":"Feature","properties":{"id":"lu-southern-18-32","class":"green_space","vegetationFraction":0.78,"pavedFraction":0.1,"waterFraction":0.04,"simulated":true},"geometry":{"type":"Polygon","coordinates":[[[114.20119999999989,22.238799999999998],[114.20279999999988,22.238799999999998],[114.20279999999988,22.240399999999998],[114.20119999999989,22.240399999999998],[114.20119999999989,22.238799999999998]]]}},{"type":"Feature","properties":{"id":"lu-southern-18-33","class":"green_space","vegetationFraction":0.78,"pavedFraction":0.1,"waterFraction":0.039,"simulated":true},"geometry":{"type":"Polygon","coordinates":[[[114.20279999999988,22.238799999999998],[114.20439999999988,22.238799999999998],[114.20439999999988,22.240399999999998],[114.20279999999988,22.240399999999998],[114.20279999999988,22.238799999999998]]]}},{"type":"Feature","properties":{"id":"lu-southern-18-34","class":"green_space","vegetationFraction":0.78,"pavedFraction":0.1,"waterFraction":0.02,"simulated":true},"geometry":{"type":"Polygon","coordinates":[[[114.20439999999988,22.238799999999998],[114.20599999999988,22.238799999999998],[114.20599999999988,22.240399999999998],[114.20439999999988,22.240399999999998],[114.20439999999988,22.238799999999998]]]}},{"type":"Feature","properties":{"id":"lu-southern-18-35","class":"green_space","vegetationFraction":0.78,"pavedFraction":0.1,"waterFraction":0.052,"simulated":true},"geometry":{"type":"Polygon","coordinates":[[[114.20599999999988,22.238799999999998],[114.20759999999987,22.238799999999998],[114.20759999999987,22.240399999999998],[114.20599999999988,22.240399999999998],[114.20599999999988,22.238799999999998]]]}},{"type":"Feature","properties":{"id":"lu-southern-18-36","class":"green_space","vegetationFraction":0.78,"pavedFraction":0.1,"waterFraction":0.038,"simulated":true},"geometry":{"type":"Polygon","coordinates":[[[114.20759999999987,22.238799999999998],[114.20919999999987,22.238799999999998],[114.20919999999987,22.240399999999998],[114.20759999999987,22.240399999999998],[114.20759999999987,22.238799999999998]]]}},{"type":"Feature","properties":{"id":"lu-southern-18-37","class":"green_space","vegetationFraction":0.78,"pavedFraction":0.1,"waterFraction":0.018,"simulated":true},"geometry":{"type":"Polygon","coordinates":[[[114.20919999999987,22.238799999999998],[114.21079999999986,22.238799999999998],[114.21079999999986,22.240399999999998],[114.20919999999987,22.240399999999998],[114.20919999999987,22.238799999999998]]]}},{"type":"Feature","properties":{"id":"lu-southern-18-38","class":"green_space","vegetationFraction":0.78,"pavedFraction":0.1,"waterFraction":0.038,"simulated":true},"geometry":{"type":"Polygon","coordinates":[[[114.21079999999986,22.238799999999998],[114.21239999999986,22.238799999999998],[114.21239999999986,22.240399999999998],[114.21079999999986,22.240399999999998],[114.21079999999986,22.238799999999998]]]}},{"type":"Feature","properties":{"id":"lu-southern-18-39","class":"green_space","vegetationFraction":0.78,"pavedFraction":0.1,"waterFraction":0.006,"simulated":true},"geometry":{"type":"Polygon","coordinates":[[[114.21239999999986,22.238799999999998],[114.21399999999986,22.238799999999998],[114.21399999999986,22.240399999999998],[114.21239999999986,22.240399999999998],[114.21239999999986,22.238799999999998]]]}},{"type":"Feature","properties":{"id":"lu-southern-18-40","class":"green_space","vegetationFraction":0.78,"pavedFraction":0.1,"waterFraction":0.007,"simulated":true},"geometry":{"type":"Polygon","coordinates":[[[114.21399999999986,22.238799999999998],[114.21559999999985,22.238799999999998],[114.21559999999985,22.240399999999998],[114.21399999999986,22.240399999999998],[114.21399999999986,22.238799999999998]]]}},{"type":"Feature","properties":{"id":"lu-southern-18-41","class":"green_space","vegetationFraction":0.78,"pavedFraction":0.1,"waterFraction":0.03,"simulated":true},"geometry":{"type":"Polygon","coordinates":[[[114.21559999999985,22.238799999999998],[114.21719999999985,22.238799999999998],[114.21719999999985,22.240399999999998],[114.21559999999985,22.240399999999998],[114.21559999999985,22.238799999999998]]]}},{"type":"Feature","properties":{"id":"lu-southern-18-42","class":"green_space","vegetationFraction":0.78,"pavedFraction":0.1,"waterFraction":0.041,"simulated":true},"geometry":{"type":"Polygon","coordinates":[[[114.21719999999985,22.238799999999998],[114.21879999999985,22.238799999999998],[114.21879999999985,22.240399999999998],[114.21719999999985,22.240399999999998],[114.21719999999985,22.238799999999998]]]}},{"type":"Feature","properties":{"id":"lu-southern-18-43","class":"green_space","vegetationFraction":0.78,"pavedFraction":0.1,"waterFraction":0.001,"simulated":true},"geometry":{"type":"Polygon","coordinates":[[[114.21879999999985,22.238799999999998],[114.22039999999984,22.238799999999998],[114.22039999999984,22.240399999999998],[114.21879999999985,22.240399999999998],[114.21879999999985,22.238799999999998]]]}},{"type":"Feature","properties":{"id":"lu-southern-18-44","class":"green_space","vegetationFraction":0.78,"pavedFraction":0.1,"waterFraction":0.041,"simulated":true},"geometry":{"type":"Polygon","coordinates":[[[114.22039999999984,22.238799999999998],[114.22199999999984,22.238799999999998],[114.22199999999984,22.240399999999998],[114.22039999999984,22.240399999999998],[114.22039999999984,22.238799999999998]]]}},{"type":"Feature","properties":{"id":"lu-southern-18-45","class":"built_up","vegetationFraction":0.157,"pavedFraction":0.689,"waterFraction":0.052,"simulated":true},"geometry":{"type":"Polygon","coordinates":[[[114.22199999999984,22.238799999999998],[114.22359999999983,22.238799999999998],[114.22359999999983,22.240399999999998],[114.22199999999984,22.240399999999998],[114.22199999999984,22.238799999999998]]]}},{"type":"Feature","properties":{"id":"lu-southern-18-46","class":"urban_open_space","vegetationFraction":0.263,"pavedFraction":0.699,"waterFraction":0.029,"simulated":true},"geometry":{"type":"Polygon","coordinates":[[[114.22359999999983,22.238799999999998],[114.22519999999983,22.238799999999998],[114.22519999999983,22.240399999999998],[114.22359999999983,22.240399999999998],[114.22359999999983,22.238799999999998]]]}},{"type":"Feature","properties":{"id":"lu-southern-18-47","class":"built_up","vegetationFraction":0.209,"pavedFraction":0.609,"waterFraction":0.035,"simulated":true},"geometry":{"type":"Polygon","coordinates":[[[114.22519999999983,22.238799999999998],[114.22679999999983,22.238799999999998],[114.22679999999983,22.240399999999998],[114.22519999999983,22.240399999999998],[114.22519999999983,22.238799999999998]]]}},{"type":"Feature","properties":{"id":"lu-southern-18-48","class":"built_up","vegetationFraction":0.226,"pavedFraction":0.662,"waterFraction":0.06,"simulated":true},"geometry":{"type":"Polygon","coordinates":[[[114.22679999999983,22.238799999999998],[114.22839999999982,22.238799999999998],[114.22839999999982,22.240399999999998],[114.22679999999983,22.240399999999998],[114.22679999999983,22.238799999999998]]]}},{"type":"Feature","properties":{"id":"lu-southern-18-49","class":"built_up","vegetationFraction":0.164,"pavedFraction":0.655,"waterFraction":0.034,"simulated":true},"geometry":{"type":"Polygon","coordinates":[[[114.22839999999982,22.238799999999998],[114.22999999999982,22.238799999999998],[114.22999999999982,22.240399999999998],[114.22839999999982,22.240399999999998],[114.22839999999982,22.238799999999998]]]}},{"type":"Feature","properties":{"id":"lu-southern-18-50","class":"built_up","vegetationFraction":0.173,"pavedFraction":0.501,"waterFraction":0.036,"simulated":true},"geometry":{"type":"Polygon","coordinates":[[[114.22999999999982,22.238799999999998],[114.23159999999982,22.238799999999998],[114.23159999999982,22.240399999999998],[114.22999999999982,22.240399999999998],[114.22999999999982,22.238799999999998]]]}},{"type":"Feature","properties":{"id":"lu-southern-18-51","class":"built_up","vegetationFraction":0.182,"pavedFraction":0.749,"waterFraction":0.046,"simulated":true},"geometry":{"type":"Polygon","coordinates":[[[114.23159999999982,22.238799999999998],[114.23319999999981,22.238799999999998],[114.23319999999981,22.240399999999998],[114.23159999999982,22.240399999999998],[114.23159999999982,22.238799999999998]]]}},{"type":"Feature","properties":{"id":"lu-southern-18-52","class":"built_up","vegetationFraction":0.243,"pavedFraction":0.774,"waterFraction":0.013,"simulated":true},"geometry":{"type":"Polygon","coordinates":[[[114.23319999999981,22.238799999999998],[114.23479999999981,22.238799999999998],[114.23479999999981,22.240399999999998],[114.23319999999981,22.240399999999998],[114.23319999999981,22.238799999999998]]]}},{"type":"Feature","properties":{"id":"lu-southern-18-53","class":"built_up","vegetationFraction":0.181,"pavedFraction":0.568,"waterFraction":0.009,"simulated":true},"geometry":{"type":"Polygon","coordinates":[[[114.23479999999981,22.238799999999998],[114.2363999999998,22.238799999999998],[114.2363999999998,22.240399999999998],[114.23479999999981,22.240399999999998],[114.23479999999981,22.238799999999998]]]}},{"type":"Feature","properties":{"id":"lu-southern-18-54","class":"built_up","vegetationFraction":0.21,"pavedFraction":0.501,"waterFraction":0.016,"simulated":true},"geometry":{"type":"Polygon","coordinates":[[[114.2363999999998,22.238799999999998],[114.2379999999998,22.238799999999998],[114.2379999999998,22.240399999999998],[114.2363999999998,22.240399999999998],[114.2363999999998,22.238799999999998]]]}},{"type":"Feature","properties":{"id":"lu-southern-18-55","class":"urban_open_space","vegetationFraction":0.254,"pavedFraction":0.533,"waterFraction":0.052,"simulated":true},"geometry":{"type":"Polygon","coordinates":[[[114.2379999999998,22.238799999999998],[114.2395999999998,22.238799999999998],[114.2395999999998,22.240399999999998],[114.2379999999998,22.240399999999998],[114.2379999999998,22.238799999999998]]]}},{"type":"Feature","properties":{"id":"lu-southern-18-56","class":"built_up","vegetationFraction":0.226,"pavedFraction":0.535,"waterFraction":0.057,"simulated":true},"geometry":{"type":"Polygon","coordinates":[[[114.2395999999998,22.238799999999998],[114.2411999999998,22.238799999999998],[114.2411999999998,22.240399999999998],[114.2395999999998,22.240399999999998],[114.2395999999998,22.238799999999998]]]}},{"type":"Feature","properties":{"id":"lu-southern-18-57","class":"built_up","vegetationFraction":0.25,"pavedFraction":0.519,"waterFraction":0.002,"simulated":true},"geometry":{"type":"Polygon","coordinates":[[[114.2411999999998,22.238799999999998],[114.24279999999979,22.238799999999998],[114.24279999999979,22.240399999999998],[114.2411999999998,22.240399999999998],[114.2411999999998,22.238799999999998]]]}},{"type":"Feature","properties":{"id":"lu-southern-18-58","class":"urban_open_space","vegetationFraction":0.262,"pavedFraction":0.594,"waterFraction":0.0,"simulated":true},"geometry":{"type":"Polygon","coordinates":[[[114.24279999999979,22.238799999999998],[114.24439999999979,22.238799999999998],[114.24439999999979,22.240399999999998],[114.24279999999979,22.240399999999998],[114.24279999999979,22.238799999999998]]]}},{"type":"Feature","properties":{"id":"lu-southern-18-59","class":"built_up","vegetationFraction":0.232,"pavedFraction":0.753,"waterFraction":0.039,"simulated":true},"geometry":{"type":"Polygon","coordinates":[[[114.24439999999979,22.238799999999998],[114.24599999999978,22.238799999999998],[114.24599999999978,22.240399999999998],[114.24439999999979,22.240399999999998],[114.24439999999979,22.238799999999998]]]}},{"type":"Feature","properties":{"id":"lu-southern-18-60","class":"built_up","vegetationFraction":0.227,"pavedFraction":0.758,"waterFraction":0.043,"simulated":true},"geometry":{"type":"Polygon","coordinates":[[[114.24599999999978,22.238799999999998],[114.24759999999978,22.238799999999998],[114.24759999999978,22.240399999999998],[114.24599999999978,22.240399999999998],[114.24599999999978,22.238799999999998]]]}},{"type":"Feature","properties":{"id":"lu-southern-18-61","class":"built_up","vegetationFraction":0.149,"pavedFraction":0.574,"waterFraction":0.019,"simulated":true},"geometry":{"type":"Polygon","coordinates":[[[114.24759999999978,22.238799999999998],[114.24919999999977,22.238799999999998],[114.24919999999977,22.240399999999998],[114.24759999999978,22.240399999999998],[114.24759999999978,22.238799999999998]]]}},{"type":"Feature","properties":{"id":"lu-southern-18-62","class":"urban_open_space","vegetationFraction":0.271,"pavedFraction":0.544,"waterFraction":0.004,"simulated":true},"geometry":{"type":"Polygon","coordinates":[[[114.24919999999977,22.238799999999998],[114.25079999999977,22.238799999999998],[114.25079999999977,22.240399999999998],[114.24919999999977,22.240399999999998],[114.24919999999977,22.238799999999998]]]}},{"type":"Feature","properties":{"id":"lu-southern-18-63","class":"urban_open_space","vegetationFraction":0.256,"pavedFraction":0.567,"waterFraction":0.026,"simulated":true},"geometry":{"type":"Polygon","coordinates":[[[114.25079999999977,22.238799999999998],[114.25239999999977,22.238799999999998],[114.25239999999977,22.240399999999998],[114.25079999999977,22.240399999999998],[114.25079999999977,22.238799999999998]]]}},{"type":"Feature","properties":{"id":"lu-southern-18-64","class":"built_up","vegetationFraction":0.116,"pavedFraction":0.745,"waterFraction":0.058,"simulated":true},"geometry":{"type":"Polygon","coordinates":[[[114.25239999999977,22.238799999999998],[114.25399999999976,22.238799999999998],[114.25399999999976,22.240399999999998],[114.25239999999977,22.240399999999998],[114.25239999999977,22.238799999999998]]]}},{"type":"Feature","properties":{"id":"lu-southern-18-65","class":"built_up","vegetationFraction":0.213,"pavedFraction":0.592,"waterFraction":0.057,"simulated":true},"geometry":{"type":"Polygon","coordinates":[[[114.25399999999976,22.238799999999998],[114.25559999999976,22.238799999999998],[114.25559999999976,22.240399999999998],[114.25399999999976,22.240399999999998],[114.25399999999976,22.238799999999998]]]}},{"type":"Feature","properties":{"id":"lu-southern-18-66","class":"built_up","vegetationFraction":0.125,"pavedFraction":0.772,"waterFraction":0.021,"simulated":true},"geometry":{"type":"Polygon","coordinates":[[[114.25559999999976,22.238799999999998],[114.25719999999976,22.238799999999998],[114.25719999999976,22.240399999999998],[114.25559999999976,22.240399999999998],[114.25559999999976,22.238799999999998]]]}},{"type":"Feature","properties":{"id":"lu-southern-18-67","class":"built_up","vegetationFraction":0.139,"pavedFraction":0.533,"waterFraction":0.037,"simulated":true},"geometry":{"type":"Polygon","coordinates":[[[114.25719999999976,22.238799999999998],[114.25879999999975,22.238799999999998],[114.25879999999975,22.240399999999998],[114.25719999999976,22.240399999999998],[114.25719999999976,22.238799999999998]]]}},{"type":"Feature","properties":{"id":"lu-southern-18-68","class":"built_up","vegetationFraction":0.105,"pavedFraction":0.619,"waterFraction":0.058,"simulated":true},"geometry":{"type":"Polygon","coordinates":[[[114.25879999999975,22.238799999999998],[114.26039999999975,22.238799999999998],[114.26039999999975,22.240399999999998],[114.25879999999975,22.240399999999998],[114.25879999999975,22.238799999999998]]]}},{"type":"Feature","properties":{"id":"lu-southern-18-69","class":"built_up","vegetationFraction":0.205,"pavedFraction":0.494,"waterFraction":0.029,"simulated":true},"geometry":{"type":"Polygon","coordinates":[[[114.26039999999975,22.238799999999998],[114.26199999999974,22.238799999999998],[114.26199999999974,22.240399999999998],[114.26039999999975,22.240399999999998],[114.26039999999975,22.238799999999998]]]}},{"type":"Feature","properties":{"id":"lu-southern-18-70","class":"built_up","vegetationFraction":0.19,"pavedFraction":0.635,"waterFraction":0.035,"simulated":true},"geometry":{"type":"Polygon","coordinates":[[[114.26199999999974,22.238799999999998],[114.26359999999974,22.238799999999998],[114.26359999999974,22.240399999999998],[114.26199999999974,22.240399999999998],[114.26199999999974,22.238799999999998]]]}},{"type":"Feature","properties":{"id":"lu-southern-18-71","class":"built_up","vegetationFraction":0.112,"pavedFraction":0.516,"waterFraction":0.039,"simulated":true},"geometry":{"type":"Polygon","coordinates":[[[114.26359999999974,22.238799999999998],[114.26519999999974,22.238799999999998],[114.26519999999974,22.240399999999998],[114.26359999999974,22.240399999999998],[114.26359999999974,22.238799999999998]]]}},{"type":"Feature","properties":{"id":"lu-southern-19-00","class":"built_up","vegetationFraction":0.1,"pavedFraction":0.744,"waterFraction":0.022,"simulated":true},"geometry":{"type":"Polygon","coordinates":[[[114.15,22.240399999999998],[114.1516,22.240399999999998],[114.1516,22.241999999999997],[114.15,22.241999999999997],[114.15,22.240399999999998]]]}},{"type":"Feature","properties":{"id":"lu-southern-19-01","class":"built_up","vegetationFraction":0.113,"pavedFraction":0.578,"waterFraction":0.005,"simulated":true},"geometry":{"type":"Polygon","coordinates":[[[114.1516,22.240399999999998],[114.1532,22.240399999999998],[114.1532,22.241999999999997],[114.1516,22.241999999999997],[114.1516,22.240399999999998]]]}},{"type":"Feature","properties":{"id":"lu-southern-19-02","class":"built_up","vegetationFraction":0.106,"pavedFraction":0.576,"waterFraction":0.02,"simulated":true},"geometry":{"type":"Polygon","coordinates":[[[114.1532,22.240399999999998],[114.1548,22.240399999999998],[114.1548,22.241999999999997],[114.1532,22.241999999999997],[114.1532,22.240399999999998]]]}},{"type":"Feature","properties":{"id":"lu-southern-19-03","class":"urban_open_space","vegetationFraction":0.279,"pavedFraction":0.544,"waterFraction":0.004,"simulated":true},"geometry":{"type":"Polygon","coordinates":[[[114.1548,22.240399999999998],[114.15639999999999,22.240399999999998],[114.15639999999999,22.241999999999997],[114.1548,22.241999999999997],[114.1548,22.240399999999998]]]}},{"type":"Feature","properties":{"id":"lu-southern-19-04","class":"built_up","vegetationFraction":0.106,"pavedFraction":0.589,"waterFraction":0.06,"simulated":true},"geometry":{"type":"Polygon","coordinates":[[[114.15639999999999,22.240399999999998],[114.15799999999999,22.240399999999998],[114.15799999999999,22.241999999999997],[114.15639999999999,22.241999999999997],[114.15639999999999,22.240399999999998]]]}},{"type":"Feature","properties":{"id":"lu-southern-19-05","class":"built_up","vegetationFraction":0.205,"pavedFraction":0.534,"waterFraction":0.044,"simulated":true},"geometry":{"type":"Polygon","coordinates":[[[114.15799999999999,22.240399999999998],[114.15959999999998,22.240399999999998],[114.15959999999998,22.241999999999997],[114.15799999999999,22.241999999999997],[114.15799999999999,22.240399999999998]]]}},{"type":"Feature","properties":{"id":"lu-southern-19-06","class":"built_up","vegetationFraction":0.108,"pavedFraction":0.687,"waterFraction":0.056,"simulated":true},"geometry":{"type":"Polygon","coordinates":[[[114.15959999999998,22.240399999999998],[114.16119999999998,22.240399999999998],[114.16119999999998,22.241999999999997],[114.15959999999998,22.241999999999997],[114.15959999999998,22.240399999999998]]]}},{"type":"Feature","properties":{"id":"lu-southern-19-07","class":"built_up","vegetationFraction":0.197,"pavedFraction":0.695,"waterFraction":0.001,"simulated":true},"geometry":{"type":"Polygon","coordinates":[[[114.16119999999998,22.240399999999998],[114.16279999999998,22.240399999999998],[114.16279999999998,22.241999999999997],[114.16119999999998,22.241999999999997],[114.16119999999998,22.240399999999998]]]}},{"type":"Feature","properties":{"id":"lu-southern-19-08","class":"built_up","vegetationFraction":0.171,"pavedFraction":0.66,"waterFraction":0.036,"simulated":true},"geometry":{"type":"Polygon","coordinates":[[[114.16279999999998,22.240399999999998],[114.16439999999997,22.240399999999998],[114.16439999999997,22.241999999999997],[114.16279999999998,22.241999999999997],[114.16279999999998,22.240399999999998]]]}},{"type":"Feature","properties":{"id":"lu-southern-19-09","class":"built_up","vegetationFraction":0.152,"pavedFraction":0.638,"waterFraction":0.047,"simulated":true},"geometry":{"type":"Polygon","coordinates":[[[114.16439999999997,22.240399999999998],[114.16599999999997,22.240399999999998],[114.16599999999997,22.241999999999997],[114.16439999999997,22.241999999999997],[114.16439999999997,22.240399999999998]]]}},{"type":"Feature","properties":{"id":"lu-southern-19-10","class":"built_up","vegetationFraction":0.114,"pavedFraction":0.578,"waterFraction":0.008,"simulated":true},"geometry":{"type":"Polygon","coordinates":[[[114.16599999999997,22.240399999999998],[114.16759999999996,22.240399999999998],[114.16759999999996,22.241999999999997],[114.16599999999997,22.241999999999997],[114.16599999999997,22.240399999999998]]]}},{"type":"Feature","properties":{"id":"lu-southern-19-11","class":"built_up","vegetationFraction":0.237,"pavedFraction":0.729,"waterFraction":0.051,"simulated":true},"geometry":{"type":"Polygon","coordinates":[[[114.16759999999996,22.240399999999998],[114.16919999999996,22.240399999999998],[114.16919999999996,22.241999999999997],[114.16759999999996,22.241999999999997],[114.16759999999996,22.240399999999998]]]}},{"type":"Feature","properties":{"id":"lu-southern-19-12","class":"built_up","vegetationFraction":0.185,"pavedFraction":0.535,"waterFraction":0.018,"simulated":true},"geometry":{"type":"Polygon","coordinates":[[[114.16919999999996,22.240399999999998],[114.17079999999996,22.240399999999998],[114.17079999999996,22.241999999999997],[114.16919999999996,22.241999999999997],[114.16919999999996,22.240399999999998]]]}},{"type":"Feature","properties":{"id":"lu-southern-19-13","class":"built_up","vegetationFraction":0.212,"pavedFraction":0.566,"waterFraction":0.056,"simulated":true},"geometry":{"type":"Polygon","coordinates":[[[114.17079999999996,22.240399999999998],[114.17239999999995,22.240399999999998],[114.17239999999995,22.241999999999997],[114.17079999999996,22.241999999999997],[114.17079999999996,22.240399999999998]]]}},{"type":"Feature","properties":{"id":"lu-southern-19-14","class":"urban_open_space","vegetationFraction":0.253,"pavedFraction":0.495,"waterFraction":0.056,"simulated":true},"geometry":{"type":"Polygon","coordinates":[[[114.17239999999995,22.240399999999998],[114.17399999999995,22.240399999999998],[114.17399999999995,22.241999999999997],[114.17239999999995,22.241999999999997],[114.17239999999995,22.240399999999998]]]}},{"type":"Feature","properties":{"id":"lu-southern-19-15","class":"built_up","vegetationFraction":0.182,"pavedFraction":0.481,"waterFraction":0.028,"simulated":true},"geometry":{"type":"Polygon","coordinates":[[[114.17399999999995,22.240399999999998],[114.17559999999995,22.240399999999998],[114.17559999999995,22.241999999999997],[114.17399999999995,22.241999999999997],[114.17399999999995,22.240399999999998]]]}},{"type":"Feature","properties":{"id":"lu-southern-19-16","class":"built_up","vegetationFraction":0.238,"pavedFraction":0.601,"waterFraction":0.004,"simulated":true},"geometry":{"type":"Polygon","coordinates":[[[114.17559999999995,22.240399999999998],[114.17719999999994,22.240399999999998],[114.17719999999994,22.241999999999997],[114.17559999999995,22.241999999999997],[114.17559999999995,22.240399999999998]]]}},{"type":"Feature","properties":{"id":"lu-southern-19-17","class":"built_up","vegetationFraction":0.194,"pavedFraction":0.693,"waterFraction":0.053,"simulated":true},"geometry":{"type":"Polygon","coordinates":[[[114.17719999999994,22.240399999999998],[114.17879999999994,22.240399999999998],[114.17879999999994,22.241999999999997],[114.17719999999994,22.241999999999997],[114.17719999999994,22.240399999999998]]]}},{"type":"Feature","properties":{"id":"lu-southern-19-18","class":"built_up","vegetationFraction":0.225,"pavedFraction":0.679,"waterFraction":0.014,"simulated":true},"geometry":{"type":"Polygon","coordinates":[[[114.17879999999994,22.240399999999998],[114.18039999999993,22.240399999999998],[114.18039999999993,22.241999999999997],[114.17879999999994,22.241999999999997],[114.17879999999994,22.240399999999998]]]}},{"type":"Feature","properties":{"id":"lu-southern-19-19","class":"built_up","vegetationFraction":0.142,"pavedFraction":0.729,"waterFraction":0.013,"simulated":true},"geometry":{"type":"Polygon","coordinates":[[[114.18039999999993,22.240399999999998],[114.18199999999993,22.240399999999998],[114.18199999999993,22.241999999999997],[114.18039999999993,22.241999999999997],[114.18039999999993,22.240399999999998]]]}},{"type":"Feature","properties":{"id":"lu-southern-19-20","class":"urban_open_space","vegetationFraction":0.267,"pavedFraction":0.564,"waterFraction":0.01,"simulated":true},"geometry":{"type":"Polygon","coordinates":[[[114.18199999999993,22.240399999999998],[114.18359999999993,22.240399999999998],[114.18359999999993,22.241999999999997],[114.18199999999993,22.241999999999997],[114.18199999999993,22.240399999999998]]]}},{"type":"Feature","properties":{"id":"lu-southern-19-21","class":"built_up","vegetationFraction":0.14,"pavedFraction":0.708,"waterFraction":0.002,"simulated":true},"geometry":{"type":"Polygon","coordinates":[[[114.18359999999993,22.240399999999998],[114.18519999999992,22.240399999999998],[114.18519999999992,22.241999999999997],[114.18359999999993,22.241999999999997],[114.18359999999993,22.240399999999998]]]}},{"type":"Feature","properties":{"id":"lu-southern-19-22","class":"green_space","vegetationFraction":0.78,"pavedFraction":0.1,"waterFraction":0.022,"simulated":true},"geometry":{"type":"Polygon","coordinates":[[[114.18519999999992,22.240399999999998],[114.18679999999992,22.240399999999998],[114.18679999999992,22.241999999999997],[114.18519999999992,22.241999999999997],[114.18519999999992,22.240399999999998]]]}},{"type":"Feature","properties":{"id":"lu-southern-19-23","class":"green_space","vegetationFraction":0.78,"pavedFraction":0.1,"waterFraction":0.011,"simulated":true},"geometry":{"type":"Polygon","coordinates":[[[114.18679999999992,22.240399999999998],[114.18839999999992,22.240399999999998],[114.18839999999992,22.241999999999997],[114.18679999999992,22.241999999999997],[114.18679999999992,22.240399999999998]]]}},{"type":"Feature","properties":{"id":"lu-southern-19-24","class":"green_space","vegetationFraction":0.78,"pavedFraction":0.1,"waterFraction":0.035,"simulated":true},"geometry":{"type":"Polygon","coordinates":[[[114.18839999999992,22.240399999999998],[114.18999999999991,22.240399999999998],[114.18999999999991,22.241999999999997],[114.18839999999992,22.241999999999997],[114.18839999999992,22.240399999999998]]]}},{"type":"Feature","properties":{"id":"lu-southern-19-25","class":"green_space","vegetationFraction":0.78,"pavedFraction":0.1,"waterFraction":0.028,"simulated":true},"geometry":{"type":"Polygon","coordinates":[[[114.18999999999991,22.240399999999998],[114.19159999999991,22.240399999999998],[114.19159999999991,22.241999999999997],[114.18999999999991,22.241999999999997],[114.18999999999991,22.240399999999998]]]}},{"type":"Feature","properties":{"id":"lu-southern-19-26","class":"green_space","vegetationFraction":0.78,"pavedFraction":0.1,"waterFraction":0.013,"simulated":true},"geometry":{"type":"Polygon","coordinates":[[[114.19159999999991,22.240399999999998],[114.1931999999999,22.240399999999998],[114.1931999999999,22.241999999999997],[114.19159999999991,22.241999999999997],[114.19159999999991,22.240399999999998]]]}},{"type":"Feature","properties":{"id":"lu-southern-19-27","class":"green_space","vegetationFraction":0.78,"pavedFraction":0.1,"waterFraction":0.011,"simulated":true},"geometry":{"type":"Polygon","coordinates":[[[114.1931999999999,22.240399999999998],[114.1947999999999,22.240399999999998],[114.1947999999999,22.241999999999997],[114.1931999999999,22.241999999999997],[114.1931999999999,22.240399999999998]]]}},{"type":"Feature","properties":{"id":"lu-southern-19-28","class":"green_space","vegetationFraction":0.78,"pavedFraction":0.1,"waterFraction":0.022,"simulated":true},"geometry":{"type":"Polygon","coordinates":[[[114.1947999999999,22.240399999999998],[114.1963999999999,22.240399999999998],[114.1963999999999,22.241999999999997],[114.1947999999999,22.241999999999997],[114.1947999999999,22.240399999999998]]]}},{"type":"Feature","properties":{"id":"lu-southern-19-29","class":"green_space","vegetationFraction":0.78,"pavedFraction":0.1,"waterFraction":0.049,"simulated":true},"geometry":{"type":"Polygon","coordinates":[[[114.1963999999999,22.240399999999998],[114.1979999999999,22.240399999999998],[114.1979999999999,22.241999999999997],[114.1963999999999,22.241999999999997],[114.1963999999999,22.240399999999998]]]}},{"type":"Feature","properties":{"id":"lu-southern-19-30","class":"green_space","vegetationFraction":0.78,"pavedFraction":0.1,"waterFraction":0.032,"simulated":true},"geometry":{"type":"Polygon","coordinates":[[[114.1979999999999,22.240399999999998],[114.19959999999989,22.240399999999998],[114.19959999999989,22.241999999999997],[114.1979999999999,22.241999999999997],[114.1979999999999,22.240399999999998]]]}},{"type":"Feature","properties":{"id":"lu-southern-19-31","class":"green_space","vegetationFraction":0.78,"pavedFraction":0.1,"waterFraction":0.031,"simulated":true},"geometry":{"type":"Polygon","coordinates":[[[114.19959999999989,22.240399999999998],[114.20119999999989,22.240399999999998],[114.20119999999989,22.241999999999997],[114.19959999999989,22.241999999999997],[114.19959999999989,22.240399999999998]]]}},{"type":"Feature","properties":{"id":"lu-southern-19-32","class":"green_space","vegetationFraction":0.78,"pavedFraction":0.1,"waterFraction":0.055,"simulated":true},"geometry":{"type":"Polygon","coordinates":[[[114.20119999999989,22.240399999999998],[114.20279999999988,22.240399999999998],[114.20279999999988,22.241999999999997],[114.20119999999989,22.241999999999997],[114.20119999999989,22.240399999999998]]]}},{"type":"Feature","properties":{"id":"lu-southern-19-33","class":"green_space","vegetationFraction":0.78,"pavedFraction":0.1,"waterFraction":0.004,"simulated":true},"geometry":{"type":"Polygon","coordinates":[[[114.20279999999988,22.240399999999998],[114.20439999999988,22.240399999999998],[114.20439999999988,22.241999999999997],[114.20279999999988,22.241999999999997],[114.20279999999988,22.240399999999998]]]}},{"type":"Feature","properties":{"id":"lu-southern-19-34","class":"green_space","vegetationFraction":0.78,"pavedFraction":0.1,"waterFraction":0.018,"simulated":true},"geometry":{"type":"Polygon","coordinates":[[[114.20439999999988,22.240399999999998],[114.20599999999988,22.240399999999998],[114.20599999999988,22.241999999999997],[114.20439999999988,22.241999999999997],[114.20439999999988,22.240399999999998]]]}},{"type":"Feature","properties":{"id":"lu-southern-19-35","class":"green_space","vegetationFraction":0.78,"pavedFraction":0.1,"waterFraction":0.001,"simulated":true},"geometry":{"type":"Polygon","coordinates":[[[114.20599999999988,22.240399999999998],[114.20759999999987,22.240399999999998],[114.20759999999987,22.241999999999997],[114.20599999999988,22.241999999999997],[114.20599999999988,22.240399999999998]]]}},{"type":"Feature","properties":{"id":"lu-southern-19-36","class":"green_space","vegetationFraction":0.78,"pavedFraction":0.1,"waterFraction":0.021,"simulated":true},"geometry":{"type":"Polygon","coordinates":[[[114.20759999999987,22.240399999999998],[114.20919999999987,22.240399999999998],[114.20919999999987,22.241999999999997],[114.20759999999987,22.241999999999997],[114.20759999999987,22.240399999999998]]]}},{"type":"Feature","properties":{"id":"lu-southern-19-37","class":"green_space","vegetationFraction":0.78,"pavedFraction":0.1,"waterFraction":0.003,"simulated":true},"geometry":{"type":"Polygon","coordinates":[[[114.20919999999987,22.240399999999998],[114.21079999999986,22.240399999999998],[114.21079999999986,22.241999999999997],[114.20919999999987,22.241999999999997],[114.20919999999987,22.240399999999998]]]}},{"type":"Feature","properties":{"id":"lu-southern-19-38","class":"green_space","vegetationFraction":0.78,"pavedFraction":0.1,"waterFraction":0.031,"simulated":true},"geometry":{"type":"Polygon","coordinates":[[[114.21079999999986,22.240399999999998],[114.21239999999986,22.240399999999998],[114.21239999999986,22.241999999999997],[114.21079999999986,22.241999999999997],[114.21079999999986,22.240399999999998]]]}},{"type":"Feature","properties":{"id":"lu-southern-19-39","class":"green_space","vegetationFraction":0.78,"pavedFraction":0.1,"waterFraction":0.031,"simulated":true},"geometry":{"type":"Polygon","coordinates":[[[114.21239999999986,22.240399999999998],[114.21399999999986,22.240399999999998],[114.21399999999986,22.241999999999997],[114.21239999999986,22.241999999999997],[114.21239999999986,22.240399999999998]]]}},{"type":"Feature","properties":{"id":"lu-southern-19-40","class":"green_space","vegetationFraction":0.78,"pavedFraction":0.1,"waterFraction":0.06,"simulated":true},"geometry":{"type":"Polygon","coordinates":[[[114.21399999999986,22.240399999999998],[114.21559999999985,22.240399999999998],[114.21559999999985,22.241999999999997],[114.21399999999986,22.241999999999997],[114.21399999999986,22.240399999999998]]]}},{"type":"Feature","properties":{"id":"lu-southern-19-41","class":"green_space","vegetationFraction":0.78,"pavedFraction":0.1,"waterFraction":0.005,"simulated":true},"geometry":{"type":"Polygon","coordinates":[[[114.21559999999985,22.240399999999998],[114.21719999999985,22.240399999999998],[114.21719999999985,22.241999999999997],[114.21559999999985,22.241999999999997],[114.21559999999985,22.240399999999998]]]}},{"type":"Feature","properties":{"id":"lu-southern-19-42","class":"green_space","vegetationFraction":0.78,"pavedFraction":0.1,"waterFraction":0.059,"simulated":true},"geometry":{"type":"Polygon","coordinates":[[[114.21719999999985,22.240399999999998],[114.21879999999985,22.240399999999998],[114.21879999999985,22.241999999999997],[114.21719999999985,22.241999999999997],[114.21719999999985,22.240399999999998]]]}},{"type":"Feature","properties":{"id":"lu-southern-19-43","class":"green_space","vegetationFraction":0.78,"pavedFraction":0.1,"waterFraction":0.018,"simulated":true},"geometry":{"type":"Polygon","coordinates":[[[114.21879999999985,22.240399999999998],[114.22039999999984,22.240399999999998],[114.22039999999984,22.241999999999997],[114.21879999999985,22.241999999999997],[114.21879999999985,22.240399999999998]]]}},{"type":"Feature","properties":{"id":"lu-southern-19-44","class":"green_space","vegetationFraction":0.78,"pavedFraction":0.1,"waterFraction":0.006,"simulated":true},"geometry":{"type":"Polygon","coordinates":[[[114.22039999999984,22.240399999999998],[114.22199999999984,22.240399999999998],[114.22199999999984,22.241999999999997],[114.22039999999984,22.241999999999997],[114.22039999999984,22.240399999999998]]]}},{"type":"Feature","properties":{"id":"lu-southern-19-45","class":"built_up","vegetationFraction":0.157,"pavedFraction":0.685,"waterFraction":0.006,"simulated":true},"geometry":{"type":"Polygon","coordinates":[[[114.22199999999984,22.240399999999998],[114.22359999999983,22.240399999999998],[114.22359999999983,22.241999999999997],[114.22199999999984,22.241999999999997],[114.22199999999984,22.240399999999998]]]}},{"type":"Feature","properties":{"id":"lu-southern-19-46","class":"built_up","vegetationFraction":0.103,"pavedFraction":0.668,"waterFraction":0.009,"simulated":true},"geometry":{"type":"Polygon","coordinates":[[[114.22359999999983,22.240399999999998],[114.22519999999983,22.240399999999998],[114.22519999999983,22.241999999999997],[114.22359999999983,22.241999999999997],[114.22359999999983,22.240399999999998]]]}},{"type":"Feature","properties":{"id":"lu-southern-19-47","class":"built_up","vegetationFraction":0.179,"pavedFraction":0.68,"waterFraction":0.059,"simulated":true},"geometry":{"type":"Polygon","coordinates":[[[114.22519999999983,22.240399999999998],[114.22679999999983,22.240399999999998],[114.22679999999983,22.241999999999997],[114.22519999999983,22.241999999999997],[114.22519999999983,22.240399999999998]]]}},{"type":"Feature","properties":{"id":"lu-southern-19-48","class":"built_up","vegetationFraction":0.169,"pavedFraction":0.482,"waterFraction":0.043,"simulated":true},"geometry":{"type":"Polygon","coordinates":[[[114.22679999999983,22.240399999999998],[114.22839999999982,22.240399999999998],[114.22839999999982,22.241999999999997],[114.22679999999983,22.241999999999997],[114.22679999999983,22.240399999999998]]]}},{"type":"Feature","properties":{"id":"lu-southern-19-49","class":"built_up","vegetationFraction":0.1,"pavedFraction":0.713,"waterFraction":0.007,"simulated":true},"geometry":{"type":"Polygon","coordinates":[[[114.22839999999982,22.240399999999998],[114.22999999999982,22.240399999999998],[114.22999999999982,22.241999999999997],[114.22839999999982,22.241999999999997],[114.22839999999982,22.240399999999998]]]}},{"type":"Feature","properties":{"id":"lu-southern-19-50","class":"built_up","vegetationFraction":0.103,"pavedFraction":0.529,"waterFraction":0.059,"simulated":true},"geometry":{"type":"Polygon","coordinates":[[[114.22999999999982,22.240399999999998],[114.23159999999982,22.240399999999998],[114.23159999999982,22.241999999999997],[114.22999999999982,22.241999999999997],[114.22999999999982,22.240399999999998]]]}},{"type":"Feature","properties":{"id":"lu-southern-19-51","class":"built_up","vegetationFraction":0.189,"pavedFraction":0.496,"waterFraction":0.054,"simulated":true},"geometry":{"type":"Polygon","coordinates":[[[114.23159999999982,22.240399999999998],[114.23319999999981,22.240399999999998],[114.23319999999981,22.241999999999997],[114.23159999999982,22.241999999999997],[114.23159999999982,22.240399999999998]]]}},{"type":"Feature","properties":{"id":"lu-southern-19-52","class":"built_up","vegetationFraction":0.174,"pavedFraction":0.765,"waterFraction":0.038,"simulated":true},"geometry":{"type":"Polygon","coordinates":[[[114.23319999999981,22.240399999999998],[114.23479999999981,22.240399999999998],[114.23479999999981,22.241999999999997],[114.23319999999981,22.241999999999997],[114.23319999999981,22.240399999999998]]]}},{"type":"Feature","properties":{"id":"lu-southern-19-53","class":"urban_open_space","vegetationFraction":0.252,"pavedFraction":0.486,"waterFraction":0.048,"simulated":true},"geometry":{"type":"Polygon","coordinates":[[[114.23479999999981,22.240399999999998],[114.2363999999998,22.240399999999998],[114.2363999999998,22.241999999999997],[114.23479999999981,22.241999999999997],[114.23479999999981,22.240399999999998]]]}},{"type":"Feature","properties":{"id":"lu-southern-19-54","class":"built_up","vegetationFraction":0.184,"pavedFraction":0.507,"waterFraction":0.041,"simulated":true},"geometry":{"type":"Polygon","coordinates":[[[114.2363999999998,22.240399999999998],[114.2379999999998,22.240399999999998],[114.2379999999998,22.241999999999997],[114.2363999999998,22.241999999999997],[114.2363999999998,22.240399999999998]]]}},{"type":"Feature","properties":{"id":"lu-southern-19-55","class":"built_up","vegetationFraction":0.214,"pavedFraction":0.694,"waterFraction":0.028,"simulated":true},"geometry":{"type":"Polygon","coordinates":[[[114.2379999999998,22.240399999999998],[114.2395999999998,22.240399999999998],[114.2395999999998,22.241999999999997],[114.2379999999998,22.241999999999997],[114.2379999999998,22.240399999999998]]]}},{"type":"Feature","properties":{"id":"lu-southern-19-56","class":"built_up","vegetationFraction":0.142,"pavedFraction":0.753,"waterFraction":0.039,"simulated":true},"geometry":{"type":"Polygon","coordinates":[[[114.2395999999998,22.240399999999998],[114.2411999999998,22.240399999999998],[114.2411999999998,22.241999999999997],[114.2395999999998,22.241999999999997],[114.2395999999998,22.240399999999998]]]}},{"type":"Feature","properties":{"id":"lu-southern-19-57","class":"built_up","vegetationFraction":0.113,"pavedFraction":0.731,"waterFraction":0.04,"simulated":true},"geometry":{"type":"Polygon","coordinates":[[[114.2411999999998,22.240399999999998],[114.24279999999979,22.240399999999998],[114.24279999999979,22.241999999999997],[114.2411999999998,22.241999999999997],[114.2411999999998,22.240399999999998]]]}},{"type":"Feature","properties":{"id":"lu-southern-19-58","class":"built_up","vegetationFraction":0.166,"pavedFraction":0.485,"waterFraction":0.051,"simulated":true},"geometry":{"type":"Polygon","coordinates":[[[114.24279999999979,22.240399999999998],[114.24439999999979,22.240399999999998],[114.24439999999979,22.241999999999997],[114.24279999999979,22.241999999999997],[114.24279999999979,22.240399999999998]]]}},{"type":"Feature","properties":{"id":"lu-southern-19-59","class":"built_up","vegetationFraction":0.146,"pavedFraction":0.619,"waterFraction":0.025,"simulated":true},"geometry":{"type":"Polygon","coordinates":[[[114.24439999999979,22.240399999999998],[114.24599999999978,22.240399999999998],[114.24599999999978,22.241999999999997],[114.24439999999979,22.241999999999997],[114.24439999999979,22.240399999999998]]]}},{"type":"Feature","properties":{"id":"lu-southern-19-60","class":"built_up","vegetationFraction":0.24,"pavedFraction":0.485,"waterFraction":0.016,"simulated":true},"geometry":{"type":"Polygon","coordinates":[[[114.24599999999978,22.240399999999998],[114.24759999999978,22.240399999999998],[114.24759999999978,22.241999999999997],[114.24599999999978,22.241999999999997],[114.24599999999978,22.240399999999998]]]}},{"type":"Feature","properties":{"id":"lu-southern-19-61","class":"built_up","vegetationFraction":0.207,"pavedFraction":0.736,"waterFraction":0.059,"simulated":true},"geometry":{"type":"Polygon","coordinates":[[[114.24759999999978,22.240399999999998],[114.24919999999977,22.240399999999998],[114.24919999999977,22.241999999999997],[114.24759999999978,22.241999999999997],[114.24759999999978,22.240399999999998]]]}},{"type":"Feature","properties":{"id":"lu-southern-19-62","class":"built_up","vegetationFraction":0.126,"pavedFraction":0.767,"waterFraction":0.017,"simulated":true},"geometry":{"type":"Polygon","coordinates":[[[114.24919999999977,22.240399999999998],[114.25079999999977,22.240399999999998],[114.25079999999977,22.241999999999997],[114.24919999999977,22.241999999999997],[114.24919999999977,22.240399999999998]]]}},{"type":"Feature","properties":{"id":"lu-southern-19-63","class":"built_up","vegetationFraction":0.207,"pavedFraction":0.738,"waterFraction":0.016,"simulated":true},"geometry":{"type":"Polygon","coordinates":[[[114.25079999999977,22.240399999999998],[114.25239999999977,22.240399999999998],[114.25239999999977,22.241999999999997],[114.25079999999977,22.241999999999997],[114.25079999999977,22.240399999999998]]]}},{"type":"Feature","properties":{"id":"lu-southern-19-64","class":"urban_open_space","vegetationFraction":0.266,"pavedFraction":0.748,"waterFraction":0.008,"simulated":true},"geometry":{"type":"Polygon","coordinates":[[[114.25239999999977,22.240399999999998],[114.25399999999976,22.240399999999998],[114.25399999999976,22.241999999999997],[114.25239999999977,22.241999999999997],[114.25239999999977,22.240399999999998]]]}},{"type":"Feature","properties":{"id":"lu-southern-19-65","class":"built_up","vegetationFraction":0.202,"pavedFraction":0.5,"waterFraction":0.024,"simulated":true},"geometry":{"type":"Polygon","coordinates":[[[114.25399999999976,22.240399999999998],[114.25559999999976,22.240399999999998],[114.25559999999976,22.241999999999997],[114.25399999999976,22.241999999999997],[114.25399999999976,22.240399999999998]]]}},{"type":"Feature","properties":{"id":"lu-southern-19-66","class":"urban_open_space","vegetationFraction":0.272,"pavedFraction":0.526,"waterFraction":0.045,"simulated":true},"geometry":{"type":"Polygon","coordinates":[[[114.25559999999976,22.240399999999998],[114.25719999999976,22.240399999999998],[114.25719999999976,22.241999999999997],[114.25559999999976,22.241999999999997],[114.25559999999976,22.240399999999998]]]}},{"type":"Feature","properties":{"id":"lu-southern-19-67","class":"built_up","vegetationFraction":0.159,"pavedFraction":0.739,"waterFraction":0.013,"simulated":true},"geometry":{"type":"Polygon","coordinates":[[[114.25719999999976,22.240399999999998],[114.25879999999975,22.240399999999998],[114.25879999999975,22.241999999999997],[114.25719999999976,22.241999999999997],[114.25719999999976,22.240399999999998]]]}},{"type":"Feature","properties":{"id":"lu-southern-19-68","class":"built_up","vegetationFraction":0.231,"pavedFraction":0.575,"waterFraction":0.025,"simulated":true},"geometry":{"type":"Polygon","coordinates":[[[114.25879999999975,22.240399999999998],[114.26039999999975,22.240399999999998],[114.26039999999975,22.241999999999997],[114.25879999999975,22.241999999999997],[114.25879999999975,22.240399999999998]]]}},{"type":"Feature","properties":{"id":"lu-southern-19-69","class":"built_up","vegetationFraction":0.128,"pavedFraction":0.582,"waterFraction":0.008,"simulated":true},"geometry":{"type":"Polygon","coordinates":[[[114.26039999999975,22.240399999999998],[114.26199999999974,22.240399999999998],[114.26199999999974,22.241999999999997],[114.26039999999975,22.241999999999997],[114.26039999999975,22.240399999999998]]]}},{"type":"Feature","properties":{"id":"lu-southern-19-70","class":"built_up","vegetationFraction":0.137,"pavedFraction":0.539,"waterFraction":0.007,"simulated":true},"geometry":{"type":"Polygon","coordinates":[[[114.26199999999974,22.240399999999998],[114.26359999999974,22.240399999999998],[114.26359999999974,22.241999999999997],[114.26199999999974,22.241999999999997],[114.26199999999974,22.240399999999998]]]}},{"type":"Feature","properties":{"id":"lu-southern-19-71","class":"built_up","vegetationFraction":0.202,"pavedFraction":0.752,"waterFraction":0.059,"simulated":true},"geometry":{"type":"Polygon","coordinates":[[[114.26359999999974,22.240399999999998],[114.26519999999974,22.240399999999998],[114.26519999999974,22.241999999999997],[114.26359999999974,22.241999999999997],[114.26359999999974,22.240399999999998]]]}},{"type":"Feature","properties":{"id":"lu-southern-20-00","class":"built_up","vegetationFraction":0.036,"pavedFraction":0.837,"waterFraction":0.046,"simulated":true},"geometry":{"type":"Polygon","coordinates":[[[114.15,22.241999999999997],[114.1516,22.241999999999997],[114.1516,22.243599999999997],[114.15,22.243599999999997],[114.15,22.241999999999997]]]}},{"type":"Feature","properties":{"id":"lu-southern-20-01","class":"built_up","vegetationFraction":0.08,"pavedFraction":0.81,"waterFraction":0.03,"simulated":true},"geometry":{"type":"Polygon","coordinates":[[[114.1516,22.241999999999997],[114.1532,22.241999999999997],[114.1532,22.243599999999997],[114.1516,22.243599999999997],[114.1516,22.241999999999997]]]}},{"type":"Feature","properties":{"id":"lu-southern-20-02","class":"built_up","vegetationFraction":0.049,"pavedFraction":0.869,"waterFraction":0.004,"simulated":true},"geometry":{"type":"Polygon","coordinates":[[[114.1532,22.241999999999997],[114.1548,22.241999999999997],[114.1548,22.243599999999997],[114.1532,22.243599999999997],[114.1532,22.241999999999997]]]}},{"type":"Feature","properties":{"id":"lu-southern-20-03","class":"built_up","vegetationFraction":0.052,"pavedFraction":0.888,"waterFraction":0.018,"simulated":true},"geometry":{"type":"Polygon","coordinates":[[[114.1548,22.241999999999997],[114.15639999999999,22.241999999999997],[114.15639999999999,22.243599999999997],[114.1548,22.243599999999997],[114.1548,22.241999999999997]]]}},{"type":"Feature","properties":{"id":"lu-southern-20-04","class":"built_up","vegetationFraction":0.061,"pavedFraction":0.774,"waterFraction":0.009,"simulated":true},"geometry":{"type":"Polygon","coordinates":[[[114.15639999999999,22.241999999999997],[114.15799999999999,22.241999999999997],[114.15799999999999,22.243599999999997],[114.15639999999999,22.243599999999997],[114.15639999999999,22.241999999999997]]]}},{"type":"Feature","properties":{"id":"lu-southern-20-05","class":"built_up","vegetationFraction":0.069,"pavedFraction":0.95,"waterFraction":0.051,"simulated":true},"geometry":{"type":"Polygon","coordinates":[[[114.15799999999999,22.241999999999997],[114.15959999999998,22.241999999999997],[114.15959999999998,22.243599999999997],[114.15799999999999,22.243599999999997],[114.15799999999999,22.241999999999997]]]}},{"type":"Feature","properties":{"id":"lu-southern-20-06","class":"built_up","vegetationFraction":0.068,"pavedFraction":0.843,"waterFraction":0.053,"simulated":true},"geometry":{"type":"Polygon","coordinates":[[[114.15959999999998,22.241999999999997],[114.16119999999998,22.241999999999997],[114.16119999999998,22.243599999999997],[114.15959999999998,22.243599999999997],[114.15959999999998,22.241999999999997]]]}},{"type":"Feature","properties":{"id":"lu-southern-20-07","class":"built_up","vegetationFraction":0.083,"pavedFraction":0.846,"waterFraction":0.044,"simulated":true},"geometry":{"type":"Polygon","coordinates":[[[114.16119999999998,22.241999999999997],[114.16279999999998,22.241999999999997],[114.16279999999998,22.243599999999997],[114.16119999999998,22.243599999999997],[114.16119999999998,22.241999999999997]]]}},{"type":"Feature","properties":{"id":"lu-southern-20-08","class":"built_up","vegetationFraction":0.042,"pavedFraction":0.834,"waterFraction":0.05,"simulated":true},"geometry":{"type":"Polygon","coordinates":[[[114.16279999999998,22.241999999999997],[114.16439999999997,22.241999999999997],[114.16439999999997,22.243599999999997],[114.16279999999998,22.243599999999997],[114.16279999999998,22.241999999999997]]]}},{"type":"Feature","properties":{"id":"lu-southern-20-09","class":"built_up","vegetationFraction":0.062,"pavedFraction":0.842,"waterFraction":0.056,"simulated":true},"geometry":{"type":"Polygon","coordinates":[[[114.16439999999997,22.241999999999997],[114.16599999999997,22.241999999999997],[114.16599999999997,22.243599999999997],[114.16439999999997,22.243599999999997],[114.16439999999997,22.241999999999997]]]}},{"type":"Feature","properties":{"id":"lu-southern-20-10","class":"built_up","vegetationFraction":0.042,"pavedFraction":0.831,"waterFraction":0.026,"simulated":true},"geometry":{"type":"Polygon","coordinates":[[[114.16599999999997,22.241999999999997],[114.16759999999996,22.241999999999997],[114.16759999999996,22.243599999999997],[114.16599999999997,22.243599999999997],[114.16599999999997,22.241999999999997]]]}},{"type":"Feature","properties":{"id":"lu-southern-20-11","class":"built_up","vegetationFraction":0.076,"pavedFraction":0.95,"waterFraction":0.02,"simulated":true},"geometry":{"type":"Polygon","coordinates":[[[114.16759999999996,22.241999999999997],[114.16919999999996,22.241999999999997],[114.16919999999996,22.243599999999997],[114.16759999999996,22.243599999999997],[114.16759999999996,22.241999999999997]]]}},{"type":"Feature","properties":{"id":"lu-southern-20-12","class":"built_up","vegetationFraction":0.049,"pavedFraction":0.915,"waterFraction":0.007,"simulated":true},"geometry":{"type":"Polygon","coordinates":[[[114.16919999999996,22.241999999999997],[114.17079999999996,22.241999999999997],[114.17079999999996,22.243599999999997],[114.16919999999996,22.243599999999997],[114.16919999999996,22.241999999999997]]]}},{"type":"Feature","properties":{"id":"lu-southern-20-13","class":"built_up","vegetationFraction":0.052,"pavedFraction":0.928,"waterFraction":0.025,"simulated":true},"geometry":{"type":"Polygon","coordinates":[[[114.17079999999996,22.241999999999997],[114.17239999999995,22.241999999999997],[114.17239999999995,22.243599999999997],[114.17079999999996,22.243599999999997],[114.17079999999996,22.241999999999997]]]}},{"type":"Feature","properties":{"id":"lu-southern-20-14","class":"built_up","vegetationFraction":0.036,"pavedFraction":0.818,"waterFraction":0.041,"simulated":true},"geometry":{"type":"Polygon","coordinates":[[[114.17239999999995,22.241999999999997],[114.17399999999995,22.241999999999997],[114.17399999999995,22.243599999999997],[114.17239999999995,22.243599999999997],[114.17239999999995,22.241999999999997]]]}},{"type":"Feature","properties":{"id":"lu-southern-20-15","class":"built_up","vegetationFraction":0.046,"pavedFraction":0.95,"waterFraction":0.029,"simulated":true},"geometry":{"type":"Polygon","coordinates":[[[114.17399999999995,22.241999999999997],[114.17559999999995,22.241999999999997],[114.17559999999995,22.243599999999997],[114.17399999999995,22.243599999999997],[114.17399999999995,22.241999999999997]]]}},{"type":"Feature","properties":{"id":"lu-southern-20-16","class":"built_up","vegetationFraction":0.078,"pavedFraction":0.778,"waterFraction":0.054,"simulated":true},"geometry":{"type":"Polygon","coordinates":[[[114.17559999999995,22.241999999999997],[114.17719999999994,22.241999999999997],[114.17719999999994,22.243599999999997],[114.17559999999995,22.243599999999997],[114.17559999999995,22.241999999999997]]]}},{"type":"Feature","properties":{"id":"lu-southern-20-17","class":"built_up","vegetationFraction":0.045,"pavedFraction":0.781,"waterFraction":0.011,"simulated":true},"geometry":{"type":"Polygon","coordinates":[[[114.17719999999994,22.241999999999997],[114.17879999999994,22.241999999999997],[114.17879999999994,22.243599999999997],[114.17719999999994,22.243599999999997],[114.17719999999994,22.241999999999997]]]}},{"type":"Feature","properties":{"id":"lu-southern-20-18","class":"built_up","vegetationFraction":0.046,"pavedFraction":0.862,"waterFraction":0.055,"simulated":true},"geometry":{"type":"Polygon","coordinates":[[[114.17879999999994,22.241999999999997],[114.18039999999993,22.241999999999997],[114.18039999999993,22.243599999999997],[114.17879999999994,22.243599999999997],[114.17879999999994,22.241999999999997]]]}},{"type":"Feature","properties":{"id":"lu-southern-20-19","class":"built_up","vegetationFraction":0.062,"pavedFraction":0.95,"waterFraction":0.048,"simulated":true},"geometry":{"type":"Polygon","coordinates":[[[114.18039999999993,22.241999999999997],[114.18199999999993,22.241999999999997],[114.18199999999993,22.243599999999997],[114.18039999999993,22.243599999999997],[114.18039999999993,22.241999999999997]]]}},{"type":"Feature","properties":{"id":"lu-southern-20-20","class":"built_up","vegetationFraction":0.083,"pavedFraction":0.908,"waterFraction":0.044,"simulated":true},"geometry":{"type":"Polygon","coordinates":[[[114.18199999999993,22.241999999999997],[114.18359999999993,22.241999999999997],[114.18359999999993,22.243599999999997],[114.18199999999993,22.243599999999997],[114.18199999999993,22.241999999999997]]]}},{"type":"Feature","properties":{"id":"lu-southern-20-21","class":"built_up","vegetationFraction":0.035,"pavedFraction":0.805,"waterFraction":0.046,"simulated":true},"geometry":{"type":"Polygon","coordinates":[[[114.18359999999993,22.241999999999997],[114.18519999999992,22.241999999999997],[114.18519999999992,22.243599999999997],[114.18359999999993,22.243599999999997],[114.18359999999993,22.241999999999997]]]}},{"type":"Feature","properties":{"id":"lu-southern-20-22","class":"green_space","vegetationFraction":0.78,"pavedFraction":0.1,"waterFraction":0.041,"simulated":true},"geometry":{"type":"Polygon","coordinates":[[[114.18519999999992,22.241999999999997],[114.18679999999992,22.241999999999997],[114.18679999999992,22.243599999999997],[114.18519999999992,22.243599999999997],[114.18519999999992,22.241999999999997]]]}},{"type":"Feature","properties":{"id":"lu-southern-20-23","class":"green_space","vegetationFraction":0.78,"pavedFraction":0.1,"waterFraction":0.048,"simulated":true},"geometry":{"type":"Polygon","coordinates":[[[114.18679999999992,22.241999999999997],[114.18839999999992,22.241999999999997],[114.18839999999992,22.243599999999997],[114.18679999999992,22.243599999999997],[114.18679999999992,22.241999999999997]]]}},{"type":"Feature","properties":{"id":"lu-southern-20-24","class":"green_space","vegetationFraction":0.78,"pavedFraction":0.1,"waterFraction":0.032,"simulated":true},"geometry":{"type":"Polygon","coordinates":[[[114.18839999999992,22.241999999999997],[114.18999999999991,22.241999999999997],[114.18999999999991,22.243599999999997],[114.18839999999992,22.243599999999997],[114.18839999999992,22.241999999999997]]]}},{"type":"Feature","properties":{"id":"lu-southern-20-25","class":"green_space","vegetationFraction":0.78,"pavedFraction":0.1,"waterFraction":0.023,"simulated":true},"geometry":{"type":"Polygon","coordinates":[[[114.18999999999991,22.241999999999997],[114.19159999999991,22.241999999999997],[114.19159999999991,22.243599999999997],[114.18999999999991,22.243599999999997],[114.18999999999991,22.241999999999997]]]}},{"type":"Feature","properties":{"id":"lu-southern-20-26","class":"green_space","vegetationFraction":0.78,"pavedFraction":0.1,"waterFraction":0.001,"simulated":true},"geometry":{"type":"Polygon","coordinates":[[[114.19159999999991,22.241999999999997],[114.1931999999999,22.241999999999997],[114.1931999999999,22.243599999999997],[114.19159999999991,22.243599999999997],[114.19159999999991,22.241999999999997]]]}},{"type":"Feature","properties":{"id":"lu-southern-20-27","class":"green_space","vegetationFraction":0.78,"pavedFraction":0.1,"waterFraction":0.03,"simulated":true},"geometry":{"type":"Polygon","coordinates":[[[114.1931999999999,22.241999999999997],[114.1947999999999,22.241999999999997],[114.1947999999999,22.243599999999997],[114.1931999999999,22.243599999999997],[114.1931999999999,22.241999999999997]]]}},{"type":"Feature","properties":{"id":"lu-southern-20-28","class":"green_space","vegetationFraction":0.78,"pavedFraction":0.1,"waterFraction":0.024,"simulated":true},"geometry":{"type":"Polygon","coordinates":[[[114.1947999999999,22.241999999999997],[114.1963999999999,22.241999999999997],[114.1963999999999,22.243599999999997],[114.1947999999999,22.243599999999997],[114.1947999999999,22.241999999999997]]]}},{"type":"Feature","properties":{"id":"lu-southern-20-29","class":"green_space","vegetationFraction":0.78,"pavedFraction":0.1,"waterFraction":0.001,"simulated":true},"geometry":{"type":"Polygon","coordinates":[[[114.1963999999999,22.241999999999997],[114.1979999999999,22.241999999999997],[114.1979999999999,22.243599999999997],[114.1963999999999,22.243599999999997],[114.1963999999999,22.241999999999997]]]}},{"type":"Feature","properties":{"id":"lu-southern-20-30","class":"green_space","vegetationFraction":0.78,"pavedFraction":0.1,"waterFraction":0.057,"simulated":true},"geometry":{"type":"Polygon","coordinates":[[[114.1979999999999,22.241999999999997],[114.19959999999989,22.241999999999997],[114.19959999999989,22.243599999999997],[114.1979999999999,22.243599999999997],[114.1979999999999,22.241999999999997]]]}},{"type":"Feature","properties":{"id":"lu-southern-20-31","class":"green_space","vegetationFraction":0.78,"pavedFraction":0.1,"waterFraction":0.033,"simulated":true},"geometry":{"type":"Polygon","coordinates":[[[114.19959999999989,22.241999999999997],[114.20119999999989,22.241999999999997],[114.20119999999989,22.243599999999997],[114.19959999999989,22.243599999999997],[114.19959999999989,22.241999999999997]]]}},{"type":"Feature","properties":{"id":"lu-southern-20-32","class":"green_space","vegetationFraction":0.78,"pavedFraction":0.1,"waterFraction":0.026,"simulated":true},"geometry":{"type":"Polygon","coordinates":[[[114.20119999999989,22.241999999999997],[114.20279999999988,22.241999999999997],[114.20279999999988,22.243599999999997],[114.20119999999989,22.243599999999997],[114.20119999999989,22.241999999999997]]]}},{"type":"Feature","properties":{"id":"lu-southern-20-33","class":"green_space","vegetationFraction":0.78,"pavedFraction":0.1,"waterFraction":0.038,"simulated":true},"geometry":{"type":"Polygon","coordinates":[[[114.20279999999988,22.241999999999997],[114.20439999999988,22.241999999999997],[114.20439999999988,22.243599999999997],[114.20279999999988,22.243599999999997],[114.20279999999988,22.241999999999997]]]}},{"type":"Feature","properties":{"id":"lu-southern-20-34","class":"green_space","vegetationFraction":0.78,"pavedFraction":0.1,"waterFraction":0.012,"simulated":true},"geometry":{"type":"Polygon","coordinates":[[[114.20439999999988,22.241999999999997],[114.20599999999988,22.241999999999997],[114.20599999999988,22.243599999999997],[114.20439999999988,22.243599999999997],[114.20439999999988,22.241999999999997]]]}},{"type":"Feature","properties":{"id":"lu-southern-20-35","class":"green_space","vegetationFraction":0.78,"pavedFraction":0.1,"waterFraction":0.009,"simulated":true},"geometry":{"type":"Polygon","coordinates":[[[114.20599999999988,22.241999999999997],[114.20759999999987,22.241999999999997],[114.20759999999987,22.243599999999997],[114.20599999999988,22.243599999999997],[114.20599999999988,22.241999999999997]]]}},{"type":"Feature","properties":{"id":"lu-southern-20-36","class":"green_space","vegetationFraction":0.78,"pavedFraction":0.1,"waterFraction":0.002,"simulated":true},"geometry":{"type":"Polygon","coordinates":[[[114.20759999999987,22.241999999999997],[114.20919999999987,22.241999999999997],[114.20919999999987,22.243599999999997],[114.20759999999987,22.243599999999997],[114.20759999999987,22.241999999999997]]]}},{"type":"Feature","properties":{"id":"lu-southern-20-37","class":"green_space","vegetationFraction":0.78,"pavedFraction":0.1,"waterFraction":0.051,"simulated":true},"geometry":{"type":"Polygon","coordinates":[[[114.20919999999987,22.241999999999997],[114.21079999999986,22.241999999999997],[114.21079999999986,22.243599999999997],[114.20919999999987,22.243599999999997],[114.20919999999987,22.241999999999997]]]}},{"type":"Feature","properties":{"id":"lu-southern-20-38","class":"green_space","vegetationFraction":0.78,"pavedFraction":0.1,"waterFraction":0.02,"simulated":true},"geometry":{"type":"Polygon","coordinates":[[[114.21079999999986,22.241999999999997],[114.21239999999986,22.241999999999997],[114.21239999999986,22.243599999999997],[114.21079999999986,22.243599999999997],[114.21079999999986,22.241999999999997]]]}},{"type":"Feature","properties":{"id":"lu-southern-20-39","class":"green_space","vegetationFraction":0.78,"pavedFraction":0.1,"waterFraction":0.05,"simulated":true},"geometry":{"type":"Polygon","coordinates":[[[114.21239999999986,22.241999999999997],[114.21399999999986,22.241999999999997],[114.21399999999986,22.243599999999997],[114.21239999999986,22.243599999999997],[114.21239999999986,22.241999999999997]]]}},{"type":"Feature","properties":{"id":"lu-southern-20-40","class":"green_space","vegetationFraction":0.78,"pavedFraction":0.1,"waterFraction":0.011,"simulated":true},"geometry":{"type":"Polygon","coordinates":[[[114.21399999999986,22.241999999999997],[114.21559999999985,22.241999999999997],[114.21559999999985,22.243599999999997],[114.21399999999986,22.243599999999997],[114.21399999999986,22.241999999999997]]]}},{"type":"Feature","properties":{"id":"lu-southern-20-41","class":"green_space","vegetationFraction":0.78,"pavedFraction":0.1,"waterFraction":0.021,"simulated":true},"geometry":{"type":"Polygon","coordinates":[[[114.21559999999985,22.241999999999997],[114.21719999999985,22.241999999999997],[114.21719999999985,22.243599999999997],[114.21559999999985,22.243599999999997],[114.21559999999985,22.241999999999997]]]}},{"type":"Feature","properties":{"id":"lu-southern-20-42","class":"green_space","vegetationFraction":0.78,"pavedFraction":0.1,"waterFraction":0.036,"simulated":true},"geometry":{"type":"Polygon","coordinates":[[[114.21719999999985,22.241999999999997],[114.21879999999985,22.241999999999997],[114.21879999999985,22.243599999999997],[114.21719999999985,22.243599999999997],[114.21719999999985,22.241999999999997]]]}},{"type":"Feature","properties":{"id":"lu-southern-20-43","class":"green_space","vegetationFraction":0.78,"pavedFraction":0.1,"waterFraction":0.051,"simulated":true},"geometry":{"type":"Polygon","coordinates":[[[114.21879999999985,22.241999999999997],[114.22039999999984,22.241999999999997],[114.22039999999984,22.243599999999997],[114.21879999999985,22.243599999999997],[114.21879999999985,22.241999999999997]]]}},{"type":"Feature","properties":{"id":"lu-southern-20-44","class":"green_space","vegetationFraction":0.78,"pavedFraction":0.1,"waterFraction":0.015,"simulated":true},"geometry":{"type":"Polygon","coordinates":[[[114.22039999999984,22.241999999999997],[114.22199999999984,22.241999999999997],[114.22199999999984,22.243599999999997],[114.22039999999984,22.243599999999997],[114.22039999999984,22.241999999999997]]]}},{"type":"Feature","properties":{"id":"lu-southern-20-45","class":"built_up","vegetationFraction":0.043,"pavedFraction":0.803,"waterFraction":0.057,"simulated":true},"geometry":{"type":"Polygon","coordinates":[[[114.22199999999984,22.241999999999997],[114.22359999999983,22.241999999999997],[114.22359999999983,22.243599999999997],[114.22199999999984,22.243599999999997],[114.22199999999984,22.241999999999997]]]}},{"type":"Feature","properties":{"id":"lu-southern-20-46","class":"built_up","vegetationFraction":0.033,"pavedFraction":0.95,"waterFraction":0.027,"simulated":true},"geometry":{"type":"Polygon","coordinates":[[[114.22359999999983,22.241999999999997],[114.22519999999983,22.241999999999997],[114.22519999999983,22.243599999999997],[114.22359999999983,22.243599999999997],[114.22359999999983,22.241999999999997]]]}},{"type":"Feature","properties":{"id":"lu-southern-20-47","class":"built_up","vegetationFraction":0.035,"pavedFraction":0.859,"waterFraction":0.013,"simulated":true},"geometry":{"type":"Polygon","coordinates":[[[114.22519999999983,22.241999999999997],[114.22679999999983,22.241999999999997],[114.22679999999983,22.243599999999997],[114.22519999999983,22.243599999999997],[114.22519999999983,22.241999999999997]]]}},{"type":"Feature","properties":{"id":"lu-southern-20-48","class":"built_up","vegetationFraction":0.058,"pavedFraction":0.936,"waterFraction":0.025,"simulated":true},"geometry":{"type":"Polygon","coordinates":[[[114.22679999999983,22.241999999999997],[114.22839999999982,22.241999999999997],[114.22839999999982,22.243599999999997],[114.22679999999983,22.243599999999997],[114.22679999999983,22.241999999999997]]]}},{"type":"Feature","properties":{"id":"lu-southern-20-49","class":"built_up","vegetationFraction":0.052,"pavedFraction":0.73,"waterFraction":0.052,"simulated":true},"geometry":{"type":"Polygon","coordinates":[[[114.22839999999982,22.241999999999997],[114.22999999999982,22.241999999999997],[114.22999999999982,22.243599999999997],[114.22839999999982,22.243599999999997],[114.22839999999982,22.241999999999997]]]}},{"type":"Feature","properties":{"id":"lu-southern-20-50","class":"built_up","vegetationFraction":0.034,"pavedFraction":0.769,"waterFraction":0.053,"simulated":true},"geometry":{"type":"Polygon","coordinates":[[[114.22999999999982,22.241999999999997],[114.23159999999982,22.241999999999997],[114.23159999999982,22.243599999999997],[114.22999999999982,22.243599999999997],[114.22999999999982,22.241999999999997]]]}},{"type":"Feature","properties":{"id":"lu-southern-20-51","class":"built_up","vegetationFraction":0.047,"pavedFraction":0.904,"waterFraction":0.001,"simulated":true},"geometry":{"type":"Polygon","coordinates":[[[114.23159999999982,22.241999999999997],[114.23319999999981,22.241999999999997],[114.23319999999981,22.243599999999997],[114.23159999999982,22.243599999999997],[114.23159999999982,22.241999999999997]]]}},{"type":"Feature","properties":{"id":"lu-southern-20-52","class":"built_up","vegetationFraction":0.054,"pavedFraction":0.771,"waterFraction":0.009,"simulated":true},"geometry":{"type":"Polygon","coordinates":[[[114.23319999999981,22.241999999999997],[114.23479999999981,22.241999999999997],[114.23479999999981,22.243599999999997],[114.23319999999981,22.243599999999997],[114.23319999999981,22.241999999999997]]]}},{"type":"Feature","properties":{"id":"lu-southern-20-53","class":"built_up","vegetationFraction":0.083,"pavedFraction":0.949,"waterFraction":0.021,"simulated":true},"geometry":{"type":"Polygon","coordinates":[[[114.23479999999981,22.241999999999997],[114.2363999999998,22.241999999999997],[114.2363999999998,22.243599999999997],[114.23479999999981,22.243599999999997],[114.23479999999981,22.241999999999997]]]}},{"type":"Feature","properties":{"id":"lu-southern-20-54","class":"built_up","vegetationFraction":0.035,"pavedFraction":0.95,"waterFraction":0.055,"simulated":true},"geometry":{"type":"Polygon","coordinates":[[[114.2363999999998,22.241999999999997],[114.2379999999998,22.241999999999997],[114.2379999999998,22.243599999999997],[114.2363999999998,22.243599999999997],[114.2363999999998,22.241999999999997]]]}},{"type":"Feature","properties":{"id":"lu-southern-20-55","class":"built_up","vegetationFraction":0.081,"pavedFraction":0.924,"waterFraction":0.049,"simulated":true},"geometry":{"type":"Polygon","coordinates":[[[114.2379999999998,22.241999999999997],[114.2395999999998,22.241999999999997],[114.2395999999998,22.243599999999997],[114.2379999999998,22.243599999999997],[114.2379999999998,22.241999999999997]]]}},{"type":"Feature","properties":{"id":"lu-southern-20-56","class":"built_up","vegetationFraction":0.037,"pavedFraction":0.83,"waterFraction":0.049,"simulated":true},"geometry":{"type":"Polygon","coordinates":[[[114.2395999999998,22.241999999999997],[114.2411999999998,22.241999999999997],[114.2411999999998,22.243599999999997],[114.2395999999998,22.243599999999997],[114.2395999999998,22.241999999999997]]]}},{"type":"Feature","properties":{"id":"lu-southern-20-57","class":"built_up","vegetationFraction":0.068,"pavedFraction":0.809,"waterFraction":0.037,"simulated":true},"geometry":{"type":"Polygon","coordinates":[[[114.2411999999998,22.241999999999997],[114.24279999999979,22.241999999999997],[114.24279999999979,22.243599999999997],[114.2411999999998,22.243599999999997],[114.2411999999998,22.241999999999997]]]}},{"type":"Feature","properties":{"id":"lu-southern-20-58","class":"built_up","vegetationFraction":0.052,"pavedFraction":0.95,"waterFraction":0.032,"simulated":true},"geometry":{"type":"Polygon","coordinates":[[[114.24279999999979,22.241999999999997],[114.24439999999979,22.241999999999997],[114.24439999999979,22.243599999999997],[114.24279999999979,22.243599999999997],[114.24279999999979,22.241999999999997]]]}},{"type":"Feature","properties":{"id":"lu-southern-20-59","class":"built_up","vegetationFraction":0.083,"pavedFraction":0.95,"waterFraction":0.033,"simulated":true},"geometry":{"type":"Polygon","coordinates":[[[114.24439999999979,22.241999999999997],[114.24599999999978,22.241999999999997],[114.24599999999978,22.243599999999997],[114.24439999999979,22.243599999999997],[114.24439999999979,22.241999999999997]]]}},{"type":"Feature","properties":{"id":"lu-southern-20-60","class":"built_up","vegetationFraction":0.071,"pavedFraction":0.937,"waterFraction":0.012,"simulated":true},"geometry":{"type":"Polygon","coordinates":[[[114.24599999999978,22.241999999999997],[114.24759999999978,22.241999999999997],[114.24759999999978,22.243599999999997],[114.24599999999978,22.243599999999997],[114.24599999999978,22.241999999999997]]]}},{"type":"Feature","properties":{"id":"lu-southern-20-61","class":"built_up","vegetationFraction":0.045,"pavedFraction":0.95,"waterFraction":0.03,"simulated":true},"geometry":{"type":"Polygon","coordinates":[[[114.24759999999978,22.241999999999997],[114.24919999999977,22.241999999999997],[114.24919999999977,22.243599999999997],[114.24759999999978,22.243599999999997],[114.24759999999978,22.241999999999997]]]}},{"type":"Feature","properties":{"id":"lu-southern-20-62","class":"built_up","vegetationFraction":0.045,"pavedFraction":0.848,"waterFraction":0.06,"simulated":true},"geometry":{"type":"Polygon","coordinates":[[[114.24919999999977,22.241999999999997],[114.25079999999977,22.241999999999997],[114.25079999999977,22.243599999999997],[114.24919999999977,22.243599999999997],[114.24919999999977,22.241999999999997]]]}},{"type":"Feature","properties":{"id":"lu-southern-20-63","class":"built_up","vegetationFraction":0.034,"pavedFraction":0.755,"waterFraction":0.012,"simulated":true},"geometry":{"type":"Polygon","coordinates":[[[114.25079999999977,22.241999999999997],[114.25239999999977,22.241999999999997],[114.25239999999977,22.243599999999997],[114.25079999999977,22.243599999999997],[114.25079999999977,22.241999999999997]]]}},{"type":"Feature","properties":{"id":"lu-southern-20-64","class":"built_up","vegetationFraction":0.068,"pavedFraction":0.792,"waterFraction":0.04,"simulated":true},"geometry":{"type":"Polygon","coordinates":[[[114.25239999999977,22.241999999999997],[114.25399999999976,22.241999999999997],[114.25399999999976,22.243599999999997],[114.25239999999977,22.243599999999997],[114.25239999999977,22.241999999999997]]]}},{"type":"Feature","properties":{"id":"lu-southern-20-65","class":"built_up","vegetationFraction":0.056,"pavedFraction":0.875,"waterFraction":0.04,"simulated":true},"geometry":{"type":"Polygon","coordinates":[[[114.25399999999976,22.241999999999997],[114.25559999999976,22.241999999999997],[114.25559999999976,22.243599999999997],[114.25399999999976,22.243599999999997],[114.25399999999976,22.241999999999997]]]}},{"type":"Feature","properties":{"id":"lu-southern-20-66","class":"built_up","vegetationFraction":0.062,"pavedFraction":0.808,"waterFraction":0.035,"simulated":true},"geometry":{"type":"Polygon","coordinates":[[[114.25559999999976,22.241999999999997],[114.25719999999976,22.241999999999997],[114.25719999999976,22.243599999999997],[114.25559999999976,22.243599999999997],[114.25559999999976,22.241999999999997]]]}},{"type":"Feature","properties":{"id":"lu-southern-20-67","class":"built_up","vegetationFraction":0.065,"pavedFraction":0.792,"waterFraction":0.031,"simulated":true},"geometry":{"type":"Polygon","coordinates":[[[114.25719999999976,22.241999999999997],[114.25879999999975,22.241999999999997],[114.25879999999975,22.243599999999997],[114.25719999999976,22.243599999999997],[114.25719999999976,22.241999999999997]]]}},{"type":"Feature","properties":{"id":"lu-southern-20-68","class":"built_up","vegetationFraction":0.052,"pavedFraction":0.842,"waterFraction":0.041,"simulated":true},"geometry":{"type":"Polygon","coordinates":[[[114.25879999999975,22.241999999999997],[114.26039999999975,22.241999999999997],[114.26039999999975,22.243599999999997],[114.25879999999975,22.243599999999997],[114.25879999999975,22.241999999999997]]]}},{"type":"Feature","properties":{"id":"lu-southern-20-69","class":"built_up","vegetationFraction":0.082,"pavedFraction":0.771,"waterFraction":0.003,"simulated":true},"geometry":{"type":"Polygon","coordinates":[[[114.26039999999975,22.241999999999997],[114.26199999999974,22.241999999999997],[114.26199999999974,22.243599999999997],[114.26039999999975,22.243599999999997],[114.26039999999975,22.241999999999997]]]}},{"type":"Feature","properties":{"id":"lu-southern-20-70","class":"built_up","vegetationFraction":0.058,"pavedFraction":0.95,"waterFraction":0.004,"simulated":true},"geometry":{"type":"Polygon","coordinates":[[[114.26199999999974,22.241999999999997],[114.26359999999974,22.241999999999997],[114.26359999999974,22.243599999999997],[114.26199999999974,22.243599999999997],[114.26199999999974,22.241999999999997]]]}},{"type":"Feature","properties":{"id":"lu-southern-20-71","class":"built_up","vegetationFraction":0.064,"pavedFraction":0.95,"waterFraction":0.035,"simulated":true},"geometry":{"type":"Polygon","coordinates":[[[114.26359999999974,22.241999999999997],[114.26519999999974,22.241999999999997],[114.26519999999974,22.243599999999997],[114.26359999999974,22.243599999999997],[114.26359999999974,22.241999999999997]]]}},{"type":"Feature","properties":{"id":"lu-southern-21-00","class":"built_up","vegetationFraction":0.078,"pavedFraction":0.817,"waterFraction":0.009,"simulated":true},"geometry":{"type":"Polygon","coordinates":[[[114.15,22.243599999999997],[114.1516,22.243599999999997],[114.1516,22.245199999999997],[114.15,22.245199999999997],[114.15,22.243599999999997]]]}},{"type":"Feature","properties":{"id":"lu-southern-21-01","class":"built_up","vegetationFraction":0.035,"pavedFraction":0.95,"waterFraction":0.012,"simulated":true},"geometry":{"type":"Polygon","coordinates":[[[114.1516,22.243599999999997],[114.1532,22.243599999999997],[114.1532,22.245199999999997],[114.1516,22.245199999999997],[114.1516,22.243599999999997]]]}},{"type":"Feature","properties":{"id":"lu-southern-21-02","class":"built_up","vegetationFraction":0.034,"pavedFraction":0.883,"waterFraction":0.006,"simulated":true},"geometry":{"type":"Polygon","coordinates":[[[114.1532,22.243599999999997],[114.1548,22.243599999999997],[114.1548,22.245199999999997],[114.1532,22.245199999999997],[114.1532,22.243599999999997]]]}},{"type":"Feature","properties":{"id":"lu-southern-21-03","class":"built_up","vegetationFraction":0.052,"pavedFraction":0.95,"waterFraction":0.019,"simulated":true},"geometry":{"type":"Polygon","coordinates":[[[114.1548,22.243599999999997],[114.15639999999999,22.243599999999997],[114.15639999999999,22.245199999999997],[114.1548,22.245199999999997],[114.1548,22.243599999999997]]]}},{"type":"Feature","properties":{"id":"lu-southern-21-04","class":"built_up","vegetationFraction":0.063,"pavedFraction":0.756,"waterFraction":0.048,"simulated":true},"geometry":{"type":"Polygon","coordinates":[[[114.15639999999999,22.243599999999997],[114.15799999999999,22.243599999999997],[114.15799999999999,22.245199999999997],[114.15639999999999,22.245199999999997],[114.15639999999999,22.243599999999997]]]}},{"type":"Feature","properties":{"id":"lu-southern-21-05","class":"built_up","vegetationFraction":0.05,"pavedFraction":0.83,"waterFraction":0.006,"simulated":true},"geometry":{"type":"Polygon","coordinates":[[[114.15799999999999,22.243599999999997],[114.15959999999998,22.243599999999997],[114.15959999999998,22.245199999999997],[114.15799999999999,22.245199999999997],[114.15799999999999,22.243599999999997]]]}},{"type":"Feature","properties":{"id":"lu-southern-21-06","class":"built_up","vegetationFraction":0.07,"pavedFraction":0.902,"waterFraction":0.06,"simulated":true},"geometry":{"type":"Polygon","coordinates":[[[114.15959999999998,22.243599999999997],[114.16119999999998,22.243599999999997],[114.16119999999998,22.245199999999997],[114.15959999999998,22.245199999999997],[114.15959999999998,22.243599999999997]]]}},{"type":"Feature","properties":{"id":"lu-southern-21-07","class":"built_up","vegetationFraction":0.071,"pavedFraction":0.805,"waterFraction":0.047,"simulated":true},"geometry":{"type":"Polygon","coordinates":[[[114.16119999999998,22.243599999999997],[114.16279999999998,22.243599999999997],[114.16279999999998,22.245199999999997],[114.16119999999998,22.245199999999997],[114.16119999999998,22.243599999999997]]]}},{"type":"Feature","properties":{"id":"lu-southern-21-08","class":"built_up","vegetationFraction":0.041,"pavedFraction":0.945,"waterFraction":0.002,"simulated":true},"geometry":{"type":"Polygon","coordinates":[[[114.16279999999998,22.243599999999997],[114.16439999999997,22.243599999999997],[114.16439999999997,22.245199999999997],[114.16279999999998,22.245199999999997],[114.16279999999998,22.243599999999997]]]}},{"type":"Feature","properties":{"id":"lu-southern-21-09","class":"built_up","vegetationFraction":0.064,"pavedFraction":0.757,"waterFraction":0.048,"simulated":true},"geometry":{"type":"Polygon","coordinates":[[[114.16439999999997,22.243599999999997],[114.16599999999997,22.243599999999997],[114.16599999999997,22.245199999999997],[114.16439999999997,22.245199999999997],[114.16439999999997,22.243599999999997]]]}},{"type":"Feature","properties":{"id":"lu-southern-21-10","class":"built_up","vegetationFraction":0.041,"pavedFraction":0.939,"waterFraction":0.055,"simulated":true},"geometry":{"type":"Polygon","coordinates":[[[114.16599999999997,22.243599999999997],[114.16759999999996,22.243599999999997],[114.16759999999996,22.245199999999997],[114.16599999999997,22.245199999999997],[114.16599999999997,22.243599999999997]]]}},{"type":"Feature","properties":{"id":"lu-southern-21-11","class":"built_up","vegetationFraction":0.081,"pavedFraction":0.95,"waterFraction":0.018,"simulated":true},"geometry":{"type":"Polygon","coordinates":[[[114.16759999999996,22.243599999999997],[114.16919999999996,22.243599999999997],[114.16919999999996,22.245199999999997],[114.16759999999996,22.245199999999997],[114.16759999999996,22.243599999999997]]]}},{"type":"Feature","properties":{"id":"lu-southern-21-12","class":"built_up","vegetationFraction":0.065,"pavedFraction":0.95,"waterFraction":0.018,"simulated":true},"geometry":{"type":"Polygon","coordinates":[[[114.16919999999996,22.243599999999997],[114.17079999999996,22.243599999999997],[114.17079999999996,22.245199999999997],[114.16919999999996,22.245199999999997],[114.16919999999996,22.243599999999997]]]}},{"type":"Feature","properties":{"id":"lu-southern-21-13","class":"built_up","vegetationFraction":0.045,"pavedFraction":0.798,"waterFraction":0.005,"simulated":true},"geometry":{"type":"Polygon","coordinates":[[[114.17079999999996,22.243599999999997],[114.17239999999995,22.243599999999997],[114.17239999999995,22.245199999999997],[114.17079999999996,22.245199999999997],[114.17079999999996,22.243599999999997]]]}},{"type":"Feature","properties":{"id":"lu-southern-21-14","class":"built_up","vegetationFraction":0.032,"pavedFraction":0.95,"waterFraction":0.018,"simulated":true},"geometry":{"type":"Polygon","coordinates":[[[114.17239999999995,22.243599999999997],[114.17399999999995,22.243599999999997],[114.17399999999995,22.245199999999997],[114.17239999999995,22.245199999999997],[114.17239999999995,22.243599999999997]]]}},{"type":"Feature","properties":{"id":"lu-southern-21-15","class":"built_up","vegetationFraction":0.056,"pavedFraction":0.95,"waterFraction":0.005,"simulated":true},"geometry":{"type":"Polygon","coordinates":[[[114.17399999999995,22.243599999999997],[114.17559999999995,22.243599999999997],[114.17559999999995,22.245199999999997],[114.17399999999995,22.245199999999997],[114.17399999999995,22.243599999999997]]]}},{"type":"Feature","properties":{"id":"lu-southern-21-16","class":"built_up","vegetationFraction":0.064,"pavedFraction":0.824,"waterFraction":0.023,"simulated":true},"geometry":{"type":"Polygon","coordinates":[[[114.17559999999995,22.243599999999997],[114.17719999999994,22.243599999999997],[114.17719999999994,22.245199999999997],[114.17559999999995,22.245199999999997],[114.17559999999995,22.243599999999997]]]}},{"type":"Feature","properties":{"id":"lu-southern-21-17","class":"built_up","vegetationFraction":0.06,"pavedFraction":0.905,"waterFraction":0.025,"simulated":true},"geometry":{"type":"Polygon","coordinates":[[[114.17719999999994,22.243599999999997],[114.17879999999994,22.243599999999997],[114.17879999999994,22.245199999999997],[114.17719999999994,22.245199999999997],[114.17719999999994,22.243599999999997]]]}},{"type":"Feature","properties":{"id":"lu-southern-21-18","class":"built_up","vegetationFraction":0.041,"pavedFraction":0.797,"waterFraction":0.007,"simulated":true},"geometry":{"type":"Polygon","coordinates":[[[114.17879999999994,22.243599999999997],[114.18039999999993,22.243599999999997],[114.18039999999993,22.245199999999997],[114.17879999999994,22.245199999999997],[114.17879999999994,22.243599999999997]]]}},{"type":"Feature","properties":{"id":"lu-southern-21-19","class":"built_up","vegetationFraction":0.045,"pavedFraction":0.885,"waterFraction":0.023,"simulated":true},"geometry":{"type":"Polygon","coordinates":[[[114.18039999999993,22.243599999999997],[114.18199999999993,22.243599999999997],[114.18199999999993,22.245199999999997],[114.18039999999993,22.245199999999997],[114.18039999999993,22.243599999999997]]]}},{"type":"Feature","properties":{"id":"lu-southern-21-20","class":"built_up","vegetationFraction":0.054,"pavedFraction":0.776,"waterFraction":0.024,"simulated":true},"geometry":{"type":"Polygon","coordinates":[[[114.18199999999993,22.243599999999997],[114.18359999999993,22.243599999999997],[114.18359999999993,22.245199999999997],[114.18199999999993,22.245199999999997],[114.18199999999993,22.243599999999997]]]}},{"type":"Feature","properties":{"id":"lu-southern-21-21","class":"built_up","vegetationFraction":0.074,"pavedFraction":0.95,"waterFraction":0.057,"simulated":true},"geometry":{"type":"Polygon","coordinates":[[[114.18359999999993,22.243599999999997],[114.18519999999992,22.243599999999997],[114.18519999999992,22.245199999999997],[114.18359999999993,22.245199999999997],[114.18359999999993,22.243599999999997]]]}},{"type":"Feature","properties":{"id":"lu-southern-21-22","class":"green_space","vegetationFraction":0.78,"pavedFraction":0.1,"waterFraction":0.031,"simulated":true},"geometry":{"type":"Polygon","coordinates":[[[114.18519999999992,22.243599999999997],[114.18679999999992,22.243599999999997],[114.18679999999992,22.245199999999997],[114.18519999999992,22.245199999999997],[114.18519999999992,22.243599999999997]]]}},{"type":"Feature","properties":{"id":"lu-southern-21-23","class":"green_space","vegetationFraction":0.78,"pavedFraction":0.1,"waterFraction":0.05,"simulated":true},"geometry":{"type":"Polygon","coordinates":[[[114.18679999999992,22.243599999999997],[114.18839999999992,22.243599999999997],[114.18839999999992,22.245199999999997],[114.18679999999992,22.245199999999997],[114.18679999999992,22.243599999999997]]]}},{"type":"Feature","properties":{"id":"lu-southern-21-24","class":"green_space","vegetationFraction":0.78,"pavedFraction":0.1,"waterFraction":0.027,"simulated":true},"geometry":{"type":"Polygon","coordinates":[[[114.18839999999992,22.243599999999997],[114.18999999999991,22.243599999999997],[114.18999999999991,22.245199999999997],[114.18839999999992,22.245199999999997],[114.18839999999992,22.243599999999997]]]}},{"type":"Feature","properties":{"id":"lu-southern-21-25","class":"green_space","vegetationFraction":0.78,"pavedFraction":0.1,"waterFraction":0.036,"simulated":true},"geometry":{"type":"Polygon","coordinates":[[[114.18999999999991,22.243599999999997],[114.19159999999991,22.243599999999997],[114.19159999999991,22.245199999999997],[114.18999999999991,22.245199999999997],[114.18999999999991,22.243599999999997]]]}},{"type":"Feature","properties":{"id":"lu-southern-21-26","class":"green_space","vegetationFraction":0.78,"pavedFraction":0.1,"waterFraction":0.015,"simulated":true},"geometry":{"type":"Polygon","coordinates":[[[114.19159999999991,22.243599999999997],[114.1931999999999,22.243599999999997],[114.1931999999999,22.245199999999997],[114.19159999999991,22.245199999999997],[114.19159999999991,22.243599999999997]]]}},{"type":"Feature","properties":{"id":"lu-southern-21-27","class":"green_space","vegetationFraction":0.78,"pavedFraction":0.1,"waterFraction":0.031,"simulated":true},"geometry":{"type":"Polygon","coordinates":[[[114.1931999999999,22.243599999999997],[114.1947999999999,22.243599999999997],[114.1947999999999,22.245199999999997],[114.1931999999999,22.245199999999997],[114.1931999999999,22.243599999999997]]]}},{"type":"Feature","properties":{"id":"lu-southern-21-28","class":"green_space","vegetationFraction":0.78,"pavedFraction":0.1,"waterFraction":0.048,"simulated":true},"geometry":{"type":"Polygon","coordinates":[[[114.1947999999999,22.243599999999997],[114.1963999999999,22.243599999999997],[114.1963999999999,22.245199999999997],[114.1947999999999,22.245199999999997],[114.1947999999999,22.243599999999997]]]}},{"type":"Feature","properties":{"id":"lu-southern-21-29","class":"green_space","vegetationFraction":0.78,"pavedFraction":0.1,"waterFraction":0.029,"simulated":true},"geometry":{"type":"Polygon","coordinates":[[[114.1963999999999,22.243599999999997],[114.1979999999999,22.243599999999997],[114.1979999999999,22.245199999999997],[114.1963999999999,22.245199999999997],[114.1963999999999,22.243599999999997]]]}},{"type":"Feature","properties":{"id":"lu-southern-21-30","class":"green_space","vegetationFraction":0.78,"pavedFraction":0.1,"waterFraction":0.04,"simulated":true},"geometry":{"type":"Polygon","coordinates":[[[114.1979999999999,22.243599999999997],[114.19959999999989,22.243599999999997],[114.19959999999989,22.245199999999997],[114.1979999999999,22.245199999999997],[114.1979999999999,22.243599999999997]]]}},{"type":"Feature","properties":{"id":"lu-southern-21-31","class":"green_space","vegetationFraction":0.78,"pavedFraction":0.1,"waterFraction":0.058,"simulated":true},"geometry":{"type":"Polygon","coordinates":[[[114.19959999999989,22.243599999999997],[114.20119999999989,22.243599999999997],[114.20119999999989,22.245199999999997],[114.19959999999989,22.245199999999997],[114.19959999999989,22.243599999999997]]]}},{"type":"Feature","properties":{"id":"lu-southern-21-32","class":"green_space","vegetationFraction":0.78,"pavedFraction":0.1,"waterFraction":0.0,"simulated":true},"geometry":{"type":"Polygon","coordinates":[[[114.20119999999989,22.243599999999997],[114.20279999999988,22.243599999999997],[114.20279999999988,22.245199999999997],[114.20119999999989,22.245199999999997],[114.20119999999989,22.243599999999997]]]}},{"type":"Feature","properties":{"id":"lu-southern-21-33","class":"green_space","vegetationFraction":0.78,"pavedFraction":0.1,"waterFraction":0.023,"simulated":true},"geometry":{"type":"Polygon","coordinates":[[[114.20279999999988,22.243599999999997],[114.20439999999988,22.243599999999997],[114.20439999999988,22.245199999999997],[114.20279999999988,22.245199999999997],[114.20279999999988,22.243599999999997]]]}},{"type":"Feature","properties":{"id":"lu-southern-21-34","class":"green_space","vegetationFraction":0.78,"pavedFraction":0.1,"waterFraction":0.046,"simulated":true},"geometry":{"type":"Polygon","coordinates":[[[114.20439999999988,22.243599999999997],[114.20599999999988,22.243599999999997],[114.20599999999988,22.245199999999997],[114.20439999999988,22.245199999999997],[114.20439999999988,22.243599999999997]]]}},{"type":"Feature","properties":{"id":"lu-southern-21-35","class":"green_space","vegetationFraction":0.78,"pavedFraction":0.1,"waterFraction":0.05,"simulated":true},"geometry":{"type":"Polygon","coordinates":[[[114.20599999999988,22.243599999999997],[114.20759999999987,22.243599999999997],[114.20759999999987,22.245199999999997],[114.20599999999988,22.245199999999997],[114.20599999999988,22.243599999999997]]]}},{"type":"Feature","properties":{"id":"lu-southern-21-36","class":"green_space","vegetationFraction":0.78,"pavedFraction":0.1,"waterFraction":0.043,"simulated":true},"geometry":{"type":"Polygon","coordinates":[[[114.20759999999987,22.243599999999997],[114.20919999999987,22.243599999999997],[114.20919999999987,22.245199999999997],[114.20759999999987,22.245199999999997],[114.20759999999987,22.243599999999997]]]}},{"type":"Feature","properties":{"id":"lu-southern-21-37","class":"green_space","vegetationFraction":0.78,"pavedFraction":0.1,"waterFraction":0.032,"simulated":true},"geometry":{"type":"Polygon","coordinates":[[[114.20919999999987,22.243599999999997],[114.21079999999986,22.243599999999997],[114.21079999999986,22.245199999999997],[114.20919999999987,22.245199999999997],[114.20919999999987,22.243599999999997]]]}},{"type":"Feature","properties":{"id":"lu-southern-21-38","class":"green_space","vegetationFraction":0.78,"pavedFraction":0.1,"waterFraction":0.009,"simulated":true},"geometry":{"type":"Polygon","coordinates":[[[114.21079999999986,22.243599999999997],[114.21239999999986,22.243599999999997],[114.21239999999986,22.245199999999997],[114.21079999999986,22.245199999999997],[114.21079999999986,22.243599999999997]]]}},{"type":"Feature","properties":{"id":"lu-southern-21-39","class":"green_space","vegetationFraction":0.78,"pavedFraction":0.1,"waterFraction":0.022,"simulated":true},"geometry":{"type":"Polygon","coordinates":[[[114.21239999999986,22.243599999999997],[114.21399999999986,22.243599999999997],[114.21399999999986,22.245199999999997],[114.21239999999986,22.245199999999997],[114.21239999999986,22.243599999999997]]]}},{"type":"Feature","properties":{"id":"lu-southern-21-40","class":"green_space","vegetationFraction":0.78,"pavedFraction":0.1,"waterFraction":0.055,"simulated":true},"geometry":{"type":"Polygon","coordinates":[[[114.21399999999986,22.243599999999997],[114.21559999999985,22.243599999999997],[114.21559999999985,22.245199999999997],[114.21399999999986,22.245199999999997],[114.21399999999986,22.243599999999997]]]}},{"type":"Feature","properties":{"id":"lu-southern-21-41","class":"green_space","vegetationFraction":0.78,"pavedFraction":0.1,"waterFraction":0.003,"simulated":true},"geometry":{"type":"Polygon","coordinates":[[[114.21559999999985,22.243599999999997],[114.21719999999985,22.243599999999997],[114.21719999999985,22.245199999999997],[114.21559999999985,22.245199999999997],[114.21559999999985,22.243599999999997]]]}},{"type":"Feature","properties":{"id":"lu-southern-21-42","class":"green_space","vegetationFraction":0.78,"pavedFraction":0.1,"waterFraction":0.055,"simulated":true},"geometry":{"type":"Polygon","coordinates":[[[114.21719999999985,22.243599999999997],[114.21879999999985,22.243599999999997],[114.21879999999985,22.245199999999997],[114.21719999999985,22.245199999999997],[114.21719999999985,22.243599999999997]]]}},{"type":"Feature","properties":{"id":"lu-southern-21-43","class":"green_space","vegetationFraction":0.78,"pavedFraction":0.1,"waterFraction":0.04,"simulated":true},"geometry":{"type":"Polygon","coordinates":[[[114.21879999999985,22.243599999999997],[114.22039999999984,22.243599999999997],[114.22039999999984,22.245199999999997],[114.21879999999985,22.245199999999997],[114.21879999999985,22.243599999999997]]]}},{"type":"Feature","properties":{"id":"lu-southern-21-44","class":"green_space","vegetationFraction":0.78,"pavedFraction":0.1,"waterFraction":0.017,"simulated":true},"geometry":{"type":"Polygon","coordinates":[[[114.22039999999984,22.243599999999997],[114.22199999999984,22.243599999999997],[114.22199999999984,22.245199999999997],[114.22039999999984,22.245199999999997],[114.22039999999984,22.243599999999997]]]}},{"type":"Feature","properties":{"id":"lu-southern-21-45","class":"built_up","vegetationFraction":0.083,"pavedFraction":0.911,"waterFraction":0.016,"simulated":true},"geometry":{"type":"Polygon","coordinates":[[[114.22199999999984,22.243599999999997],[114.22359999999983,22.243599999999997],[114.22359999999983,22.245199999999997],[114.22199999999984,22.245199999999997],[114.22199999999984,22.243599999999997]]]}},{"type":"Feature","properties":{"id":"lu-southern-21-46","class":"built_up","vegetationFraction":0.057,"pavedFraction":0.75,"waterFraction":0.032,"simulated":true},"geometry":{"type":"Polygon","coordinates":[[[114.22359999999983,22.243599999999997],[114.22519999999983,22.243599999999997],[114.22519999999983,22.245199999999997],[114.22359999999983,22.245199999999997],[114.22359999999983,22.243599999999997]]]}},{"type":"Feature","properties":{"id":"lu-southern-21-47","class":"built_up","vegetationFraction":0.041,"pavedFraction":0.877,"waterFraction":0.041,"simulated":true},"geometry":{"type":"Polygon","coordinates":[[[114.22519999999983,22.243599999999997],[114.22679999999983,22.243599999999997],[114.22679999999983,22.245199999999997],[114.22519999999983,22.245199999999997],[114.22519999999983,22.243599999999997]]]}},{"type":"Feature","properties":{"id":"lu-southern-21-48","class":"built_up","vegetationFraction":0.04,"pavedFraction":0.758,"waterFraction":0.052,"simulated":true},"geometry":{"type":"Polygon","coordinates":[[[114.22679999999983,22.243599999999997],[114.22839999999982,22.243599999999997],[114.22839999999982,22.245199999999997],[114.22679999999983,22.245199999999997],[114.22679999999983,22.243599999999997]]]}},{"type":"Feature","properties":{"id":"lu-southern-21-49","class":"built_up","vegetationFraction":0.072,"pavedFraction":0.752,"waterFraction":0.021,"simulated":true},"geometry":{"type":"Polygon","coordinates":[[[114.22839999999982,22.243599999999997],[114.22999999999982,22.243599999999997],[114.22999999999982,22.245199999999997],[114.22839999999982,22.245199999999997],[114.22839999999982,22.243599999999997]]]}},{"type":"Feature","properties":{"id":"lu-southern-21-50","class":"built_up","vegetationFraction":0.048,"pavedFraction":0.741,"waterFraction":0.033,"simulated":true},"geometry":{"type":"Polygon","coordinates":[[[114.22999999999982,22.243599999999997],[114.23159999999982,22.243599999999997],[114.23159999999982,22.245199999999997],[114.22999999999982,22.245199999999997],[114.22999999999982,22.243599999999997]]]}},{"type":"Feature","properties":{"id":"lu-southern-21-51","class":"built_up","vegetationFraction":0.072,"pavedFraction":0.95,"waterFraction":0.051,"simulated":true},"geometry":{"type":"Polygon","coordinates":[[[114.23159999999982,22.243599999999997],[114.23319999999981,22.243599999999997],[114.23319999999981,22.245199999999997],[114.23159999999982,22.245199999999997],[114.23159999999982,22.243599999999997]]]}},{"type":"Feature","properties":{"id":"lu-southern-21-52","class":"built_up","vegetationFraction":0.039,"pavedFraction":0.905,"waterFraction":0.041,"simulated":true},"geometry":{"type":"Polygon","coordinates":[[[114.23319999999981,22.243599999999997],[114.23479999999981,22.243599999999997],[114.23479999999981,22.245199999999997],[114.23319999999981,22.245199999999997],[114.23319999999981,22.243599999999997]]]}},{"type":"Feature","properties":{"id":"lu-southern-21-53","class":"built_up","vegetationFraction":0.074,"pavedFraction":0.95,"waterFraction":0.007,"simulated":true},"geometry":{"type":"Polygon","coordinates":[[[114.23479999999981,22.243599999999997],[114.2363999999998,22.243599999999997],[114.2363999999998,22.245199999999997],[114.23479999999981,22.245199999999997],[114.23479999999981,22.243599999999997]]]}},{"type":"Feature","properties":{"id":"lu-southern-21-54","class":"built_up","vegetationFraction":0.055,"pavedFraction":0.932,"waterFraction":0.031,"simulated":true},"geometry":{"type":"Polygon","coordinates":[[[114.2363999999998,22.243599999999997],[114.2379999999998,22.243599999999997],[114.2379999999998,22.245199999999997],[114.2363999999998,22.245199999999997],[114.2363999999998,22.243599999999997]]]}},{"type":"Feature","properties":{"id":"lu-southern-21-55","class":"built_up","vegetationFraction":0.08,"pavedFraction":0.819,"waterFraction":0.005,"simulated":true},"geometry":{"type":"Polygon","coordinates":[[[114.2379999999998,22.243599999999997],[114.2395999999998,22.243599999999997],[114.2395999999998,22.245199999999997],[114.2379999999998,22.245199999999997],[114.2379999999998,22.243599999999997]]]}},{"type":"Feature","properties":{"id":"lu-southern-21-56","class":"built_up","vegetationFraction":0.03,"pavedFraction":0.834,"waterFraction":0.036,"simulated":true},"geometry":{"type":"Polygon","coordinates":[[[114.2395999999998,22.243599999999997],[114.2411999999998,22.243599999999997],[114.2411999999998,22.245199999999997],[114.2395999999998,22.245199999999997],[114.2395999999998,22.243599999999997]]]}},{"type":"Feature","properties":{"id":"lu-southern-21-57","class":"built_up","vegetationFraction":0.069,"pavedFraction":0.736,"waterFraction":0.017,"simulated":true},"geometry":{"type":"Polygon","coordinates":[[[114.2411999999998,22.243599999999997],[114.24279999999979,22.243599999999997],[114.24279999999979,22.245199999999997],[114.2411999999998,22.245199999999997],[114.2411999999998,22.243599999999997]]]}},{"type":"Feature","properties":{"id":"lu-southern-21-58","class":"built_up","vegetationFraction":0.051,"pavedFraction":0.831,"waterFraction":0.01,"simulated":true},"geometry":{"type":"Polygon","coordinates":[[[114.24279999999979,22.243599999999997],[114.24439999999979,22.243599999999997],[114.24439999999979,22.245199999999997],[114.24279999999979,22.245199999999997],[114.24279999999979,22.243599999999997]]]}},{"type":"Feature","properties":{"id":"lu-southern-21-59","class":"built_up","vegetationFraction":0.06,"pavedFraction":0.768,"waterFraction":0.042,"simulated":true},"geometry":{"type":"Polygon","coordinates":[[[114.24439999999979,22.243599999999997],[114.24599999999978,22.243599999999997],[114.24599999999978,22.245199999999997],[114.24439999999979,22.245199999999997],[114.24439999999979,22.243599999999997]]]}},{"type":"Feature","properties":{"id":"lu-southern-21-60","class":"built_up","vegetationFraction":0.063,"pavedFraction":0.95,"waterFraction":0.047,"simulated":true},"geometry":{"type":"Polygon","coordinates":[[[114.24599999999978,22.243599999999997],[114.24759999999978,22.243599999999997],[114.24759999999978,22.245199999999997],[114.24599999999978,22.245199999999997],[114.24599999999978,22.243599999999997]]]}},{"type":"Feature","properties":{"id":"lu-southern-21-61","class":"built_up","vegetationFraction":0.038,"pavedFraction":0.95,"waterFraction":0.025,"simulated":true},"geometry":{"type":"Polygon","coordinates":[[[114.24759999999978,22.243599999999997],[114.24919999999977,22.243599999999997],[114.24919999999977,22.245199999999997],[114.24759999999978,22.245199999999997],[114.24759999999978,22.243599999999997]]]}},{"type":"Feature","properties":{"id":"lu-southern-21-62","class":"built_up","vegetationFraction":0.044,"pavedFraction":0.756,"waterFraction":0.005,"simulated":true},"geometry":{"type":"Polygon","coordinates":[[[114.24919999999977,22.243599999999997],[114.25079999999977,22.243599999999997],[114.25079999999977,22.245199999999997],[114.24919999999977,22.245199999999997],[114.24919999999977,22.243599999999997]]]}},{"type":"Feature","properties":{"id":"lu-southern-21-63","class":"built_up","vegetationFraction":0.079,"pavedFraction":0.849,"waterFraction":0.037,"simulated":true},"geometry":{"type":"Polygon","coordinates":[[[114.25079999999977,22.243599999999997],[114.25239999999977,22.243599999999997],[114.25239999999977,22.245199999999997],[114.25079999999977,22.245199999999997],[114.25079999999977,22.243599999999997]]]}},{"type":"Feature","properties":{"id":"lu-southern-21-64","class":"built_up","vegetationFraction":0.04,"pavedFraction":0.937,"waterFraction":0.029,"simulated":true},"geometry":{"type":"Polygon","coordinates":[[[114.25239999999977,22.243599999999997],[114.25399999999976,22.243599999999997],[114.25399999999976,22.245199999999997],[114.25239999999977,22.245199999999997],[114.25239999999977,22.243599999999997]]]}},{"type":"Feature","properties":{"id":"lu-southern-21-65","class":"built_up","vegetationFraction":0.072,"pavedFraction":0.95,"waterFraction":0.03,"simulated":true},"geometry":{"type":"Polygon","coordinates":[[[114.25399999999976,22.243599999999997],[114.25559999999976,22.243599999999997],[114.25559999999976,22.245199999999997],[114.25399999999976,22.245199999999997],[114.25399999999976,22.243599999999997]]]}},{"type":"Feature","properties":{"id":"lu-southern-21-66","class":"built_up","vegetationFraction":0.069,"pavedFraction":0.95,"waterFraction":0.012,"simulated":true},"geometry":{"type":"Polygon","coordinates":[[[114.25559999999976,22.243599999999997],[114.25719999999976,22.243599999999997],[114.25719999999976,22.245199999999997],[114.25559999999976,22.245199999999997],[114.25559999999976,22.243599999999997]]]}},{"type":"Feature","properties":{"id":"lu-southern-21-67","class":"built_up","vegetationFraction":0.051,"pavedFraction":0.83,"waterFraction":0.053,"simulated":true},"geometry":{"type":"Polygon","coordinates":[[[114.25719999999976,22.243599999999997],[114.25879999999975,22.243599999999997],[114.25879999999975,22.245199999999997],[114.25719999999976,22.245199999999997],[114.25719999999976,22.243599999999997]]]}},{"type":"Feature","properties":{"id":"lu-southern-21-68","class":"built_up","vegetationFraction":0.058,"pavedFraction":0.861,"waterFraction":0.002,"simulated":true},"geometry":{"type":"Polygon","coordinates":[[[114.25879999999975,22.243599999999997],[114.26039999999975,22.243599999999997],[114.26039999999975,22.245199999999997],[114.25879999999975,22.245199999999997],[114.25879999999975,22.243599999999997]]]}},{"type":"Feature","properties":{"id":"lu-southern-21-69","class":"built_up","vegetationFraction":0.074,"pavedFraction":0.861,"waterFraction":0.021,"simulated":true},"geometry":{"type":"Polygon","coordinates":[[[114.26039999999975,22.243599999999997],[114.26199999999974,22.243599999999997],[114.26199999999974,22.245199999999997],[114.26039999999975,22.245199999999997],[114.26039999999975,22.243599999999997]]]}},{"type":"Feature","properties":{"id":"lu-southern-21-70","class":"built_up","vegetationFraction":0.041,"pavedFraction":0.95,"waterFraction":0.03,"simulated":true},"geometry":{"type":"Polygon","coordinates":[[[114.26199999999974,22.243599999999997],[114.26359999999974,22.243599999999997],[114.26359999999974,22.245199999999997],[114.26199999999974,22.245199999999997],[114.26199999999974,22.243599999999997]]]}},{"type":"Feature","properties":{"id":"lu-southern-21-71","class":"built_up","vegetationFraction":0.039,"pavedFraction":0.95,"waterFraction":0.056,"simulated":true},"geometry":{"type":"Polygon","coordinates":[[[114.26359999999974,22.243599999999997],[114.26519999999974,22.243599999999997],[114.26519999999974,22.245199999999997],[114.26359999999974,22.245199999999997],[114.26359999999974,22.243599999999997]]]}},{"type":"Feature","properties":{"id":"lu-southern-22-00","class":"built_up","vegetationFraction":0.083,"pavedFraction":0.95,"waterFraction":0.033,"simulated":true},"geometry":{"type":"Polygon","coordinates":[[[114.15,22.245199999999997],[114.1516,22.245199999999997],[114.1516,22.246799999999997],[114.15,22.246799999999997],[114.15,22.245199999999997]]]}},{"type":"Feature","properties":{"id":"lu-southern-22-01","class":"built_up","vegetationFraction":0.048,"pavedFraction":0.95,"waterFraction":0.03,"simulated":true},"geometry":{"type":"Polygon","coordinates":[[[114.1516,22.245199999999997],[114.1532,22.245199999999997],[114.1532,22.246799999999997],[114.1516,22.246799999999997],[114.1516,22.245199999999997]]]}},{"type":"Feature","properties":{"id":"lu-southern-22-02","class":"built_up","vegetationFraction":0.034,"pavedFraction":0.859,"waterFraction":0.004,"simulated":true},"geometry":{"type":"Polygon","coordinates":[[[114.1532,22.245199999999997],[114.1548,22.245199999999997],[114.1548,22.246799999999997],[114.1532,22.246799999999997],[114.1532,22.245199999999997]]]}},{"type":"Feature","properties":{"id":"lu-southern-22-03","class":"built_up","vegetationFraction":0.048,"pavedFraction":0.95,"waterFraction":0.054,"simulated":true},"geometry":{"type":"Polygon","coordinates":[[[114.1548,22.245199999999997],[114.15639999999999,22.245199999999997],[114.15639999999999,22.246799999999997],[114.1548,22.246799999999997],[114.1548,22.245199999999997]]]}},{"type":"Feature","properties":{"id":"lu-southern-22-04","class":"built_up","vegetationFraction":0.064,"pavedFraction":0.917,"waterFraction":0.007,"simulated":true},"geometry":{"type":"Polygon","coordinates":[[[114.15639999999999,22.245199999999997],[114.15799999999999,22.245199999999997],[114.15799999999999,22.246799999999997],[114.15639999999999,22.246799999999997],[114.15639999999999,22.245199999999997]]]}},{"type":"Feature","properties":{"id":"lu-southern-22-05","class":"built_up","vegetationFraction":0.036,"pavedFraction":0.95,"waterFraction":0.035,"simulated":true},"geometry":{"type":"Polygon","coordinates":[[[114.15799999999999,22.245199999999997],[114.15959999999998,22.245199999999997],[114.15959999999998,22.246799999999997],[114.15799999999999,22.246799999999997],[114.15799999999999,22.245199999999997]]]}},{"type":"Feature","properties":{"id":"lu-southern-22-06","class":"built_up","vegetationFraction":0.07,"pavedFraction":0.775,"waterFraction":0.049,"simulated":true},"geometry":{"type":"Polygon","coordinates":[[[114.15959999999998,22.245199999999997],[114.16119999999998,22.245199999999997],[114.16119999999998,22.246799999999997],[114.15959999999998,22.246799999999997],[114.15959999999998,22.245199999999997]]]}},{"type":"Feature","properties":{"id":"lu-southern-22-07","class":"built_up","vegetationFraction":0.041,"pavedFraction":0.771,"waterFraction":0.014,"simulated":true},"geometry":{"type":"Polygon","coordinates":[[[114.16119999999998,22.245199999999997],[114.16279999999998,22.245199999999997],[114.16279999999998,22.246799999999997],[114.16119999999998,22.246799999999997],[114.16119999999998,22.245199999999997]]]}},{"type":"Feature","properties":{"id":"lu-southern-22-08","class":"built_up","vegetationFraction":0.083,"pavedFraction":0.786,"waterFraction":0.002,"simulated":true},"geometry":{"type":"Polygon","coordinates":[[[114.16279999999998,22.245199999999997],[114.16439999999997,22.245199999999997],[114.16439999999997,22.246799999999997],[114.16279999999998,22.246799999999997],[114.16279999999998,22.245199999999997]]]}},{"type":"Feature","properties":{"id":"lu-southern-22-09","class":"built_up","vegetationFraction":0.08,"pavedFraction":0.79,"waterFraction":0.026,"simulated":true},"geometry":{"type":"Polygon","coordinates":[[[114.16439999999997,22.245199999999997],[114.16599999999997,22.245199999999997],[114.16599999999997,22.246799999999997],[114.16439999999997,22.246799999999997],[114.16439999999997,22.245199999999997]]]}},{"type":"Feature","properties":{"id":"lu-southern-22-10","class":"built_up","vegetationFraction":0.047,"pavedFraction":0.95,"waterFraction":0.032,"simulated":true},"geometry":{"type":"Polygon","coordinates":[[[114.16599999999997,22.245199999999997],[114.16759999999996,22.245199999999997],[114.16759999999996,22.246799999999997],[114.16599999999997,22.246799999999997],[114.16599999999997,22.245199999999997]]]}},{"type":"Feature","properties":{"id":"lu-southern-22-11","class":"built_up","vegetationFraction":0.044,"pavedFraction":0.926,"waterFraction":0.053,"simulated":true},"geometry":{"type":"Polygon","coordinates":[[[114.16759999999996,22.245199999999997],[114.16919999999996,22.245199999999997],[114.16919999999996,22.246799999999997],[114.16759999999996,22.246799999999997],[114.16759999999996,22.245199999999997]]]}},{"type":"Feature","properties":{"id":"lu-southern-22-12","class":"built_up","vegetationFraction":0.061,"pavedFraction":0.809,"waterFraction":0.014,"simulated":true},"geometry":{"type":"Polygon","coordinates":[[[114.16919999999996,22.245199999999997],[114.17079999999996,22.245199999999997],[114.17079999999996,22.246799999999997],[114.16919999999996,22.246799999999997],[114.16919999999996,22.245199999999997]]]}},{"type":"Feature","properties":{"id":"lu-southern-22-13","class":"built_up","vegetationFraction":0.041,"pavedFraction":0.808,"waterFraction":0.035,"simulated":true},"geometry":{"type":"Polygon","coordinates":[[[114.17079999999996,22.245199999999997],[114.17239999999995,22.245199999999997],[114.17239999999995,22.246799999999997],[114.17079999999996,22.246799999999997],[114.17079999999996,22.245199999999997]]]}},{"type":"Feature","properties":{"id":"lu-southern-22-14","class":"built_up","vegetationFraction":0.061,"pavedFraction":0.789,"waterFraction":0.059,"simulated":true},"geometry":{"type":"Polygon","coordinates":[[[114.17239999999995,22.245199999999997],[114.17399999999995,22.245199999999997],[114.17399999999995,22.246799999999997],[114.17239999999995,22.246799999999997],[114.17239999999995,22.245199999999997]]]}},{"type":"Feature","properties":{"id":"lu-southern-22-15","class":"built_up","vegetationFraction":0.03,"pavedFraction":0.95,"waterFraction":0.012,"simulated":true},"geometry":{"type":"Polygon","coordinates":[[[114.17399999999995,22.245199999999997],[114.17559999999995,22.245199999999997],[114.17559999999995,22.246799999999997],[114.17399999999995,22.246799999999997],[114.17399999999995,22.245199999999997]]]}},{"type":"Feature","properties":{"id":"lu-southern-22-16","class":"built_up","vegetationFraction":0.061,"pavedFraction":0.818,"waterFraction":0.034,"simulated":true},"geometry":{"type":"Polygon","coordinates":[[[114.17559999999995,22.245199999999997],[114.17719999999994,22.245199999999997],[114.17719999999994,22.246799999999997],[114.17559999999995,22.246799999999997],[114.17559999999995,22.245199999999997]]]}},{"type":"Feature","properties":{"id":"lu-southern-22-17","class":"built_up","vegetationFraction":0.066,"pavedFraction":0.731,"waterFraction":0.045,"simulated":true},"geometry":{"type":"Polygon","coordinates":[[[114.17719999999994,22.245199999999997],[114.17879999999994,22.245199999999997],[114.17879999999994,22.246799999999997],[114.17719999999994,22.246799999999997],[114.17719999999994,22.245199999999997]]]}},{"type":"Feature","properties":{"id":"lu-southern-22-18","class":"built_up","vegetationFraction":0.049,"pavedFraction":0.792,"waterFraction":0.035,"simulated":true},"geometry":{"type":"Polygon","coordinates":[[[114.17879999999994,22.245199999999997],[114.18039999999993,22.245199999999997],[114.18039999999993,22.246799999999997],[114.17879999999994,22.246799999999997],[114.17879999999994,22.245199999999997]]]}},{"type":"Feature","properties":{"id":"lu-southern-22-19","class":"built_up","vegetationFraction":0.051,"pavedFraction":0.806,"waterFraction":0.0,"simulated":true},"geometry":{"type":"Polygon","coordinates":[[[114.18039999999993,22.245199999999997],[114.18199999999993,22.245199999999997],[114.18199999999993,22.246799999999997],[114.18039999999993,22.246799999999997],[114.18039999999993,22.245199999999997]]]}},{"type":"Feature","properties":{"id":"lu-southern-22-20","class":"built_up","vegetationFraction":0.067,"pavedFraction":0.818,"waterFraction":0.057,"simulated":true},"geometry":{"type":"Polygon","coordinates":[[[114.18199999999993,22.245199999999997],[114.18359999999993,22.245199999999997],[114.18359999999993,22.246799999999997],[114.18199999999993,22.246799999999997],[114.18199999999993,22.245199999999997]]]}},{"type":"Feature","properties":{"id":"lu-southern-22-21","class":"built_up","vegetationFraction":0.071,"pavedFraction":0.883,"waterFraction":0.047,"simulated":true},"geometry":{"type":"Polygon","coordinates":[[[114.18359999999993,22.245199999999997],[114.18519999999992,22.245199999999997],[114.18519999999992,22.246799999999997],[114.18359999999993,22.246799999999997],[114.18359999999993,22.245199999999997]]]}},{"type":"Feature","properties":{"id":"lu-southern-22-22","class":"built_up","vegetationFraction":0.034,"pavedFraction":0.864,"waterFraction":0.028,"simulated":true},"geometry":{"type":"Polygon","coordinates":[[[114.18519999999992,22.245199999999997],[114.18679999999992,22.245199999999997],[114.18679999999992,22.246799999999997],[114.18519999999992,22.246799999999997],[114.18519999999992,22.245199999999997]]]}},{"type":"Feature","properties":{"id":"lu-southern-22-23","class":"built_up","vegetationFraction":0.04,"pavedFraction":0.774,"waterFraction":0.007,"simulated":true},"geometry":{"type":"Polygon","coordinates":[[[114.18679999999992,22.245199999999997],[114.18839999999992,22.245199999999997],[114.18839999999992,22.246799999999997],[114.18679999999992,22.246799999999997],[114.18679999999992,22.245199999999997]]]}},{"type":"Feature","properties":{"id":"lu-southern-22-24","class":"built_up","vegetationFraction":0.033,"pavedFraction":0.766,"waterFraction":0.043,"simulated":true},"geometry":{"type":"Polygon","coordinates":[[[114.18839999999992,22.245199999999997],[114.18999999999991,22.245199999999997],[114.18999999999991,22.246799999999997],[114.18839999999992,22.246799999999997],[114.18839999999992,22.245199999999997]]]}},{"type":"Feature","properties":{"id":"lu-southern-22-25","class":"built_up","vegetationFraction":0.048,"pavedFraction":0.876,"waterFraction":0.018,"simulated":true},"geometry":{"type":"Polygon","coordinates":[[[114.18999999999991,22.245199999999997],[114.19159999999991,22.245199999999997],[114.19159999999991,22.246799999999997],[114.18999999999991,22.246799999999997],[114.18999999999991,22.245199999999997]]]}},{"type":"Feature","properties":{"id":"lu-southern-22-26","class":"built_up","vegetationFraction":0.041,"pavedFraction":0.841,"waterFraction":0.007,"simulated":true},"geometry":{"type":"Polygon","coordinates":[[[114.19159999999991,22.245199999999997],[114.1931999999999,22.245199999999997],[114.1931999999999,22.246799999999997],[114.19159999999991,22.246799999999997],[114.19159999999991,22.245199999999997]]]}},{"type":"Feature","properties":{"id":"lu-southern-22-27","class":"built_up","vegetationFraction":0.046,"pavedFraction":0.95,"waterFraction":0.031,"simulated":true},"geometry":{"type":"Polygon","coordinates":[[[114.1931999999999,22.245199999999997],[114.1947999999999,22.245199999999997],[114.1947999999999,22.246799999999997],[114.1931999999999,22.246799999999997],[114.1931999999999,22.245199999999997]]]}},{"type":"Feature","properties":{"id":"lu-southern-22-28","class":"built_up","vegetationFraction":0.077,"pavedFraction":0.921,"waterFraction":0.057,"simulated":true},"geometry":{"type":"Polygon","coordinates":[[[114.1947999999999,22.245199999999997],[114.1963999999999,22.245199999999997],[114.1963999999999,22.246799999999997],[114.1947999999999,22.246799999999997],[114.1947999999999,22.245199999999997]]]}},{"type":"Feature","properties":{"id":"lu-southern-22-29","class":"built_up","vegetationFraction":0.045,"pavedFraction":0.95,"waterFraction":0.007,"simulated":true},"geometry":{"type":"Polygon","coordinates":[[[114.1963999999999,22.245199999999997],[114.1979999999999,22.245199999999997],[114.1979999999999,22.246799999999997],[114.1963999999999,22.246799999999997],[114.1963999999999,22.245199999999997]]]}},{"type":"Feature","properties":{"id":"lu-southern-22-30","class":"built_up","vegetationFraction":0.033,"pavedFraction":0.854,"waterFraction":0.059,"simulated":true},"geometry":{"type":"Polygon","coordinates":[[[114.1979999999999,22.245199999999997],[114.19959999999989,22.245199999999997],[114.19959999999989,22.246799999999997],[114.1979999999999,22.246799999999997],[114.1979999999999,22.245199999999997]]]}},{"type":"Feature","properties":{"id":"lu-southern-22-31","class":"built_up","vegetationFraction":0.062,"pavedFraction":0.901,"waterFraction":0.041,"simulated":true},"geometry":{"type":"Polygon","coordinates":[[[114.19959999999989,22.245199999999997],[114.20119999999989,22.245199999999997],[114.20119999999989,22.246799999999997],[114.19959999999989,22.246799999999997],[114.19959999999989,22.245199999999997]]]}},{"type":"Feature","properties":{"id":"lu-southern-22-32","class":"built_up","vegetationFraction":0.046,"pavedFraction":0.756,"waterFraction":0.059,"simulated":true},"geometry":{"type":"Polygon","coordinates":[[[114.20119999999989,22.245199999999997],[114.20279999999988,22.245199999999997],[114.20279999999988,22.246799999999997],[114.20119999999989,22.246799999999997],[114.20119999999989,22.245199999999997]]]}},{"type":"Feature","properties":{"id":"lu-southern-22-33","class":"built_up","vegetationFraction":0.052,"pavedFraction":0.95,"waterFraction":0.055,"simulated":true},"geometry":{"type":"Polygon","coordinates":[[[114.20279999999988,22.245199999999997],[114.20439999999988,22.245199999999997],[114.20439999999988,22.246799999999997],[114.20279999999988,22.246799999999997],[114.20279999999988,22.245199999999997]]]}},{"type":"Feature","properties":{"id":"lu-southern-22-34","class":"built_up","vegetationFraction":0.035,"pavedFraction":0.95,"waterFraction":0.038,"simulated":true},"geometry":{"type":"Polygon","coordinates":[[[114.20439999999988,22.245199999999997],[114.20599999999988,22.245199999999997],[114.20599999999988,22.246799999999997],[114.20439999999988,22.246799999999997],[114.20439999999988,22.245199999999997]]]}},{"type":"Feature","properties":{"id":"lu-southern-22-35","class":"built_up","vegetationFraction":0.052,"pavedFraction":0.939,"waterFraction":0.046,"simulated":true},"geometry":{"type":"Polygon","coordinates":[[[114.20599999999988,22.245199999999997],[114.20759999999987,22.245199999999997],[114.20759999999987,22.246799999999997],[114.20599999999988,22.246799999999997],[114.20599999999988,22.245199999999997]]]}},{"type":"Feature","properties":{"id":"lu-southern-22-36","class":"built_up","vegetationFraction":0.032,"pavedFraction":0.938,"waterFraction":0.056,"simulated":true},"geometry":{"type":"Polygon","coordinates":[[[114.20759999999987,22.245199999999997],[114.20919999999987,22.245199999999997],[114.20919999999987,22.246799999999997],[114.20759999999987,22.246799999999997],[114.20759999999987,22.245199999999997]]]}},{"type":"Feature","properties":{"id":"lu-southern-22-37","class":"built_up","vegetationFraction":0.05,"pavedFraction":0.829,"waterFraction":0.011,"simulated":true},"geometry":{"type":"Polygon","coordinates":[[[114.20919999999987,22.245199999999997],[114.21079999999986,22.245199999999997],[114.21079999999986,22.246799999999997],[114.20919999999987,22.246799999999997],[114.20919999999987,22.245199999999997]]]}},{"type":"Feature","properties":{"id":"lu-southern-22-38","class":"built_up","vegetationFraction":0.044,"pavedFraction":0.95,"waterFraction":0.032,"simulated":true},"geometry":{"type":"Polygon","coordinates":[[[114.21079999999986,22.245199999999997],[114.21239999999986,22.245199999999997],[114.21239999999986,22.246799999999997],[114.21079999999986,22.246799999999997],[114.21079999999986,22.245199999999997]]]}},{"type":"Feature","properties":{"id":"lu-southern-22-39","class":"built_up","vegetationFraction":0.082,"pavedFraction":0.889,"waterFraction":0.021,"simulated":true},"geometry":{"type":"Polygon","coordinates":[[[114.21239999999986,22.245199999999997],[114.21399999999986,22.245199999999997],[114.21399999999986,22.246799999999997],[114.21239999999986,22.246799999999997],[114.21239999999986,22.245199999999997]]]}},{"type":"Feature","properties":{"id":"lu-southern-22-40","class":"built_up","vegetationFraction":0.072,"pavedFraction":0.858,"waterFraction":0.016,"simulated":true},"geometry":{"type":"Polygon","coordinates":[[[114.21399999999986,22.245199999999997],[114.21559999999985,22.245199999999997],[114.21559999999985,22.246799999999997],[114.21399999999986,22.246799999999997],[114.21399999999986,22.245199999999997]]]}},{"type":"Feature","properties":{"id":"lu-southern-22-41","class":"built_up","vegetationFraction":0.045,"pavedFraction":0.878,"waterFraction":0.006,"simulated":true},"geometry":{"type":"Polygon","coordinates":[[[114.21559999999985,22.245199999999997],[114.21719999999985,22.245199999999997],[114.21719999999985,22.246799999999997],[114.21559999999985,22.246799999999997],[114.21559999999985,22.245199999999997]]]}},{"type":"Feature","properties":{"id":"lu-southern-22-42","class":"built_up","vegetationFraction":0.038,"pavedFraction":0.926,"waterFraction":0.009,"simulated":true},"geometry":{"type":"Polygon","coordinates":[[[114.21719999999985,22.245199999999997],[114.21879999999985,22.245199999999997],[114.21879999999985,22.246799999999997],[114.21719999999985,22.246799999999997],[114.21719999999985,22.245199999999997]]]}},{"type":"Feature","properties":{"id":"lu-southern-22-43","class":"built_up","vegetationFraction":0.05,"pavedFraction":0.855,"waterFraction":0.02,"simulated":true},"geometry":{"type":"Polygon","coordinates":[[[114.21879999999985,22.245199999999997],[114.22039999999984,22.245199999999997],[114.22039999999984,22.246799999999997],[114.21879999999985,22.246799999999997],[114.21879999999985,22.245199999999997]]]}},{"type":"Feature","properties":{"id":"lu-southern-22-44","class":"built_up","vegetationFraction":0.045,"pavedFraction":0.95,"waterFraction":0.017,"simulated":true},"geometry":{"type":"Polygon","coordinates":[[[114.22039999999984,22.245199999999997],[114.22199999999984,22.245199999999997],[114.22199999999984,22.246799999999997],[114.22039999999984,22.246799999999997],[114.22039999999984,22.245199999999997]]]}},{"type":"Feature","properties":{"id":"lu-southern-22-45","class":"built_up","vegetationFraction":0.063,"pavedFraction":0.823,"waterFraction":0.012,"simulated":true},"geometry":{"type":"Polygon","coordinates":[[[114.22199999999984,22.245199999999997],[114.22359999999983,22.245199999999997],[114.22359999999983,22.246799999999997],[114.22199999999984,22.246799999999997],[114.22199999999984,22.245199999999997]]]}},{"type":"Feature","properties":{"id":"lu-southern-22-46","class":"built_up","vegetationFraction":0.065,"pavedFraction":0.95,"waterFraction":0.015,"simulated":true},"geometry":{"type":"Polygon","coordinates":[[[114.22359999999983,22.245199999999997],[114.22519999999983,22.245199999999997],[114.22519999999983,22.246799999999997],[114.22359999999983,22.246799999999997],[114.22359999999983,22.245199999999997]]]}},{"type":"Feature","properties":{"id":"lu-southern-22-47","class":"built_up","vegetationFraction":0.043,"pavedFraction":0.885,"waterFraction":0.019,"simulated":true},"geometry":{"type":"Polygon","coordinates":[[[114.22519999999983,22.245199999999997],[114.22679999999983,22.245199999999997],[114.22679999999983,22.246799999999997],[114.22519999999983,22.246799999999997],[114.22519999999983,22.245199999999997]]]}},{"type":"Feature","properties":{"id":"lu-southern-22-48","class":"built_up","vegetationFraction":0.078,"pavedFraction":0.95,"waterFraction":0.037,"simulated":true},"geometry":{"type":"Polygon","coordinates":[[[114.22679999999983,22.245199999999997],[114.22839999999982,22.245199999999997],[114.22839999999982,22.246799999999997],[114.22679999999983,22.246799999999997],[114.22679999999983,22.245199999999997]]]}},{"type":"Feature","properties":{"id":"lu-southern-22-49","class":"built_up","vegetationFraction":0.069,"pavedFraction":0.95,"waterFraction":0.032,"simulated":true},"geometry":{"type":"Polygon","coordinates":[[[114.22839999999982,22.245199999999997],[114.22999999999982,22.245199999999997],[114.22999999999982,22.246799999999997],[114.22839999999982,22.246799999999997],[114.22839999999982,22.245199999999997]]]}},{"type":"Feature","properties":{"id":"lu-southern-22-50","class":"built_up","vegetationFraction":0.082,"pavedFraction":0.892,"waterFraction":0.05,"simulated":true},"geometry":{"type":"Polygon","coordinates":[[[114.22999999999982,22.245199999999997],[114.23159999999982,22.245199999999997],[114.23159999999982,22.246799999999997],[114.22999999999982,22.246799999999997],[114.22999999999982,22.245199999999997]]]}},{"type":"Feature","properties":{"id":"lu-southern-22-51","class":"built_up","vegetationFraction":0.048,"pavedFraction":0.95,"waterFraction":0.032,"simulated":true},"geometry":{"type":"Polygon","coordinates":[[[114.23159999999982,22.245199999999997],[114.23319999999981,22.245199999999997],[114.23319999999981,22.246799999999997],[114.23159999999982,22.246799999999997],[114.23159999999982,22.245199999999997]]]}},{"type":"Feature","properties":{"id":"lu-southern-22-52","class":"built_up","vegetationFraction":0.05,"pavedFraction":0.921,"waterFraction":0.038,"simulated":true},"geometry":{"type":"Polygon","coordinates":[[[114.23319999999981,22.245199999999997],[114.23479999999981,22.245199999999997],[114.23479999999981,22.246799999999997],[114.23319999999981,22.246799999999997],[114.23319999999981,22.245199999999997]]]}},{"type":"Feature","properties":{"id":"lu-southern-22-53","class":"built_up","vegetationFraction":0.056,"pavedFraction":0.882,"waterFraction":0.052,"simulated":true},"geometry":{"type":"Polygon","coordinates":[[[114.23479999999981,22.245199999999997],[114.2363999999998,22.245199999999997],[114.2363999999998,22.246799999999997],[114.23479999999981,22.246799999999997],[114.23479999999981,22.245199999999997]]]}},{"type":"Feature","properties":{"id":"lu-southern-22-54","class":"built_up","vegetationFraction":0.058,"pavedFraction":0.859,"waterFraction":0.049,"simulated":true},"geometry":{"type":"Polygon","coordinates":[[[114.2363999999998,22.245199999999997],[114.2379999999998,22.245199999999997],[114.2379999999998,22.246799999999997],[114.2363999999998,22.246799999999997],[114.2363999999998,22.245199999999997]]]}},{"type":"Feature","properties":{"id":"lu-southern-22-55","class":"built_up","vegetationFraction":0.063,"pavedFraction":0.731,"waterFraction":0.018,"simulated":true},"geometry":{"type":"Polygon","coordinates":[[[114.2379999999998,22.245199999999997],[114.2395999999998,22.245199999999997],[114.2395999999998,22.246799999999997],[114.2379999999998,22.246799999999997],[114.2379999999998,22.245199999999997]]]}},{"type":"Feature","properties":{"id":"lu-southern-22-56","class":"built_up","vegetationFraction":0.069,"pavedFraction":0.799,"waterFraction":0.009,"simulated":true},"geometry":{"type":"Polygon","coordinates":[[[114.2395999999998,22.245199999999997],[114.2411999999998,22.245199999999997],[114.2411999999998,22.246799999999997],[114.2395999999998,22.246799999999997],[114.2395999999998,22.245199999999997]]]}},{"type":"Feature","properties":{"id":"lu-southern-22-57","class":"built_up","vegetationFraction":0.062,"pavedFraction":0.95,"waterFraction":0.007,"simulated":true},"geometry":{"type":"Polygon","coordinates":[[[114.2411999999998,22.245199999999997],[114.24279999999979,22.245199999999997],[114.24279999999979,22.246799999999997],[114.2411999999998,22.246799999999997],[114.2411999999998,22.245199999999997]]]}},{"type":"Feature","properties":{"id":"lu-southern-22-58","class":"built_up","vegetationFraction":0.03,"pavedFraction":0.95,"waterFraction":0.006,"simulated":true},"geometry":{"type":"Polygon","coordinates":[[[114.24279999999979,22.245199999999997],[114.24439999999979,22.245199999999997],[114.24439999999979,22.246799999999997],[114.24279999999979,22.246799999999997],[114.24279999999979,22.245199999999997]]]}},{"type":"Feature","properties":{"id":"lu-southern-22-59","class":"built_up","vegetationFraction":0.042,"pavedFraction":0.95,"waterFraction":0.04,"simulated":true},"geometry":{"type":"Polygon","coordinates":[[[114.24439999999979,22.245199999999997],[114.24599999999978,22.245199999999997],[114.24599999999978,22.246799999999997],[114.24439999999979,22.246799999999997],[114.24439999999979,22.245199999999997]]]}},{"type":"Feature","properties":{"id":"lu-southern-22-60","class":"built_up","vegetationFraction":0.077,"pavedFraction":0.85,"waterFraction":0.023,"simulated":true},"geometry":{"type":"Polygon","coordinates":[[[114.24599999999978,22.245199999999997],[114.24759999999978,22.245199999999997],[114.24759999999978,22.246799999999997],[114.24599999999978,22.246799999999997],[114.24599999999978,22.245199999999997]]]}},{"type":"Feature","properties":{"id":"lu-southern-22-61","class":"built_up","vegetationFraction":0.044,"pavedFraction":0.95,"waterFraction":0.0,"simulated":true},"geometry":{"type":"Polygon","coordinates":[[[114.24759999999978,22.245199999999997],[114.24919999999977,22.245199999999997],[114.24919999999977,22.246799999999997],[114.24759999999978,22.246799999999997],[114.24759999999978,22.245199999999997]]]}},{"type":"Feature","properties":{"id":"lu-southern-22-62","class":"built_up","vegetationFraction":0.066,"pavedFraction":0.915,"waterFraction":0.044,"simulated":true},"geometry":{"type":"Polygon","coordinates":[[[114.24919999999977,22.245199999999997],[114.25079999999977,22.245199999999997],[114.25079999999977,22.246799999999997],[114.24919999999977,22.246799999999997],[114.24919999999977,22.245199999999997]]]}},{"type":"Feature","properties":{"id":"lu-southern-22-63","class":"built_up","vegetationFraction":0.075,"pavedFraction":0.772,"waterFraction":0.038,"simulated":true},"geometry":{"type":"Polygon","coordinates":[[[114.25079999999977,22.245199999999997],[114.25239999999977,22.245199999999997],[114.25239999999977,22.246799999999997],[114.25079999999977,22.246799999999997],[114.25079999999977,22.245199999999997]]]}},{"type":"Feature","properties":{"id":"lu-southern-22-64","class":"built_up","vegetationFraction":0.044,"pavedFraction":0.924,"waterFraction":0.004,"simulated":true},"geometry":{"type":"Polygon","coordinates":[[[114.25239999999977,22.245199999999997],[114.25399999999976,22.245199999999997],[114.25399999999976,22.246799999999997],[114.25239999999977,22.246799999999997],[114.25239999999977,22.245199999999997]]]}},{"type":"Feature","properties":{"id":"lu-southern-22-65","class":"built_up","vegetationFraction":0.032,"pavedFraction":0.774,"waterFraction":0.031,"simulated":true},"geometry":{"type":"Polygon","coordinates":[[[114.25399999999976,22.245199999999997],[114.25559999999976,22.245199999999997],[114.25559999999976,22.246799999999997],[114.25399999999976,22.246799999999997],[114.25399999999976,22.245199999999997]]]}},{"type":"Feature","properties":{"id":"lu-southern-22-66","class":"built_up","vegetationFraction":0.062,"pavedFraction":0.95,"waterFraction":0.008,"simulated":true},"geometry":{"type":"Polygon","coordinates":[[[114.25559999999976,22.245199999999997],[114.25719999999976,22.245199999999997],[114.25719999999976,22.246799999999997],[114.25559999999976,22.246799999999997],[114.25559999999976,22.245199999999997]]]}},{"type":"Feature","properties":{"id":"lu-southern-22-67","class":"built_up","vegetationFraction":0.071,"pavedFraction":0.898,"waterFraction":0.033,"simulated":true},"geometry":{"type":"Polygon","coordinates":[[[114.25719999999976,22.245199999999997],[114.25879999999975,22.245199999999997],[114.25879999999975,22.246799999999997],[114.25719999999976,22.246799999999997],[114.25719999999976,22.245199999999997]]]}},{"type":"Feature","properties":{"id":"lu-southern-22-68","class":"built_up","vegetationFraction":0.044,"pavedFraction":0.95,"waterFraction":0.007,"simulated":true},"geometry":{"type":"Polygon","coordinates":[[[114.25879999999975,22.245199999999997],[114.26039999999975,22.245199999999997],[114.26039999999975,22.246799999999997],[114.25879999999975,22.246799999999997],[114.25879999999975,22.245199999999997]]]}},{"type":"Feature","properties":{"id":"lu-southern-22-69","class":"built_up","vegetationFraction":0.067,"pavedFraction":0.831,"waterFraction":0.045,"simulated":true},"geometry":{"type":"Polygon","coordinates":[[[114.26039999999975,22.245199999999997],[114.26199999999974,22.245199999999997],[114.26199999999974,22.246799999999997],[114.26039999999975,22.246799999999997],[114.26039999999975,22.245199999999997]]]}},{"type":"Feature","properties":{"id":"lu-southern-22-70","class":"built_up","vegetationFraction":0.072,"pavedFraction":0.828,"waterFraction":0.023,"simulated":true},"geometry":{"type":"Polygon","coordinates":[[[114.26199999999974,22.245199999999997],[114.26359999999974,22.245199999999997],[114.26359999999974,22.246799999999997],[114.26199999999974,22.246799999999997],[114.26199999999974,22.245199999999997]]]}},{"type":"Feature","properties":{"id":"lu-southern-22-71","class":"built_up","vegetationFraction":0.06,"pavedFraction":0.95,"waterFraction":0.029,"simulated":true},"geometry":{"type":"Polygon","coordinates":[[[114.26359999999974,22.245199999999997],[114.26519999999974,22.245199999999997],[114.26519999999974,22.246799999999997],[114.26359999999974,22.246799999999997],[114.26359999999974,22.245199999999997]]]}},{"type":"Feature","properties":{"id":"lu-southern-23-00","class":"built_up","vegetationFraction":0.074,"pavedFraction":0.809,"waterFraction":0.047,"simulated":true},"geometry":{"type":"Polygon","coordinates":[[[114.15,22.246799999999997],[114.1516,22.246799999999997],[114.1516,22.248399999999997],[114.15,22.248399999999997],[114.15,22.246799999999997]]]}},{"type":"Feature","properties":{"id":"lu-southern-23-01","class":"built_up","vegetationFraction":0.07,"pavedFraction":0.931,"waterFraction":0.03,"simulated":true},"geometry":{"type":"Polygon","coordinates":[[[114.1516,22.246799999999997],[114.1532,22.246799999999997],[114.1532,22.248399999999997],[114.1516,22.248399999999997],[114.1516,22.246799999999997]]]}},{"type":"Feature","properties":{"id":"lu-southern-23-02","class":"built_up","vegetationFraction":0.054,"pavedFraction":0.789,"waterFraction":0.036,"simulated":true},"geometry":{"type":"Polygon","coordinates":[[[114.1532,22.246799999999997],[114.1548,22.246799999999997],[114.1548,22.248399999999997],[114.1532,22.248399999999997],[114.1532,22.246799999999997]]]}},{"type":"Feature","properties":{"id":"lu-southern-23-03","class":"built_up","vegetationFraction":0.034,"pavedFraction":0.892,"waterFraction":0.0,"simulated":true},"geometry":{"type":"Polygon","coordinates":[[[114.1548,22.246799999999997],[114.15639999999999,22.246799999999997],[114.15639999999999,22.248399999999997],[114.1548,22.248399999999997],[114.1548,22.246799999999997]]]}},{"type":"Feature","properties":{"id":"lu-southern-23-04","class":"built_up","vegetationFraction":0.043,"pavedFraction":0.901,"waterFraction":0.055,"simulated":true},"geometry":{"type":"Polygon","coordinates":[[[114.15639999999999,22.246799999999997],[114.15799999999999,22.246799999999997],[114.15799999999999,22.248399999999997],[114.15639999999999,22.248399999999997],[114.15639999999999,22.246799999999997]]]}},{"type":"Feature","properties":{"id":"lu-southern-23-05","class":"built_up","vegetationFraction":0.074,"pavedFraction":0.783,"waterFraction":0.035,"simulated":true},"geometry":{"type":"Polygon","coordinates":[[[114.15799999999999,22.246799999999997],[114.15959999999998,22.246799999999997],[114.15959999999998,22.248399999999997],[114.15799999999999,22.248399999999997],[114.15799999999999,22.246799999999997]]]}},{"type":"Feature","properties":{"id":"lu-southern-23-06","class":"built_up","vegetationFraction":0.061,"pavedFraction":0.816,"waterFraction":0.036,"simulated":true},"geometry":{"type":"Polygon","coordinates":[[[114.15959999999998,22.246799999999997],[114.16119999999998,22.246799999999997],[114.16119999999998,22.248399999999997],[114.15959999999998,22.248399999999997],[114.15959999999998,22.246799999999997]]]}},{"type":"Feature","properties":{"id":"lu-southern-23-07","class":"built_up","vegetationFraction":0.079,"pavedFraction":0.784,"waterFraction":0.003,"simulated":true},"geometry":{"type":"Polygon","coordinates":[[[114.16119999999998,22.246799999999997],[114.16279999999998,22.246799999999997],[114.16279999999998,22.248399999999997],[114.16119999999998,22.248399999999997],[114.16119999999998,22.246799999999997]]]}},{"type":"Feature","properties":{"id":"lu-southern-23-08","class":"built_up","vegetationFraction":0.035,"pavedFraction":0.95,"waterFraction":0.031,"simulated":true},"geometry":{"type":"Polygon","coordinates":[[[114.16279999999998,22.246799999999997],[114.16439999999997,22.246799999999997],[114.16439999999997,22.248399999999997],[114.16279999999998,22.248399999999997],[114.16279999999998,22.246799999999997]]]}},{"type":"Feature","properties":{"id":"lu-southern-23-09","class":"built_up","vegetationFraction":0.045,"pavedFraction":0.75,"waterFraction":0.043,"simulated":true},"geometry":{"type":"Polygon","coordinates":[[[114.16439999999997,22.246799999999997],[114.16599999999997,22.246799999999997],[114.16599999999997,22.248399999999997],[114.16439999999997,22.248399999999997],[114.16439999999997,22.246799999999997]]]}},{"type":"Feature","properties":{"id":"lu-southern-23-10","class":"built_up","vegetationFraction":0.071,"pavedFraction":0.866,"waterFraction":0.037,"simulated":true},"geometry":{"type":"Polygon","coordinates":[[[114.16599999999997,22.246799999999997],[114.16759999999996,22.246799999999997],[114.16759999999996,22.248399999999997],[114.16599999999997,22.248399999999997],[114.16599999999997,22.246799999999997]]]}},{"type":"Feature","properties":{"id":"lu-southern-23-11","class":"built_up","vegetationFraction":0.068,"pavedFraction":0.95,"waterFraction":0.044,"simulated":true},"geometry":{"type":"Polygon","coordinates":[[[114.16759999999996,22.246799999999997],[114.16919999999996,22.246799999999997],[114.16919999999996,22.248399999999997],[114.16759999999996,22.248399999999997],[114.16759999999996,22.246799999999997]]]}},{"type":"Feature","properties":{"id":"lu-southern-23-12","class":"built_up","vegetationFraction":0.06,"pavedFraction":0.816,"waterFraction":0.036,"simulated":true},"geometry":{"type":"Polygon","coordinates":[[[114.16919999999996,22.246799999999997],[114.17079999999996,22.246799999999997],[114.17079999999996,22.248399999999997],[114.16919999999996,22.248399999999997],[114.16919999999996,22.246799999999997]]]}},{"type":"Feature","properties":{"id":"lu-southern-23-13","class":"built_up","vegetationFraction":0.058,"pavedFraction":0.843,"waterFraction":0.023,"simulated":true},"geometry":{"type":"Polygon","coordinates":[[[114.17079999999996,22.246799999999997],[114.17239999999995,22.246799999999997],[114.17239999999995,22.248399999999997],[114.17079999999996,22.248399999999997],[114.17079999999996,22.246799999999997]]]}},{"type":"Feature","properties":{"id":"lu-southern-23-14","class":"built_up","vegetationFraction":0.072,"pavedFraction":0.824,"waterFraction":0.004,"simulated":true},"geometry":{"type":"Polygon","coordinates":[[[114.17239999999995,22.246799999999997],[114.17399999999995,22.246799999999997],[114.17399999999995,22.248399999999997],[114.17239999999995,22.248399999999997],[114.17239999999995,22.246799999999997]]]}},{"type":"Feature","properties":{"id":"lu-southern-23-15","class":"built_up","vegetationFraction":0.051,"pavedFraction":0.884,"waterFraction":0.036,"simulated":true},"geometry":{"type":"Polygon","coordinates":[[[114.17399999999995,22.246799999999997],[114.17559999999995,22.246799999999997],[114.17559999999995,22.248399999999997],[114.17399999999995,22.248399999999997],[114.17399999999995,22.246799999999997]]]}},{"type":"Feature","properties":{"id":"lu-southern-23-16","class":"built_up","vegetationFraction":0.068,"pavedFraction":0.815,"waterFraction":0.024,"simulated":true},"geometry":{"type":"Polygon","coordinates":[[[114.17559999999995,22.246799999999997],[114.17719999999994,22.246799999999997],[114.17719999999994,22.248399999999997],[114.17559999999995,22.248399999999997],[114.17559999999995,22.246799999999997]]]}},{"type":"Feature","properties":{"id":"lu-southern-23-17","class":"built_up","vegetationFraction":0.053,"pavedFraction":0.819,"waterFraction":0.044,"simulated":true},"geometry":{"type":"Polygon","coordinates":[[[114.17719999999994,22.246799999999997],[114.17879999999994,22.246799999999997],[114.17879999999994,22.248399999999997],[114.17719999999994,22.248399999999997],[114.17719999999994,22.246799999999997]]]}},{"type":"Feature","properties":{"id":"lu-southern-23-18","class":"built_up","vegetationFraction":0.044,"pavedFraction":0.95,"waterFraction":0.035,"simulated":true},"geometry":{"type":"Polygon","coordinates":[[[114.17879999999994,22.246799999999997],[114.18039999999993,22.246799999999997],[114.18039999999993,22.248399999999997],[114.17879999999994,22.248399999999997],[114.17879999999994,22.246799999999997]]]}},{"type":"Feature","properties":{"id":"lu-southern-23-19","class":"built_up","vegetationFraction":0.051,"pavedFraction":0.95,"waterFraction":0.006,"simulated":true},"geometry":{"type":"Polygon","coordinates":[[[114.18039999999993,22.246799999999997],[114.18199999999993,22.246799999999997],[114.18199999999993,22.248399999999997],[114.18039999999993,22.248399999999997],[114.18039999999993,22.246799999999997]]]}},{"type":"Feature","properties":{"id":"lu-southern-23-20","class":"built_up","vegetationFraction":0.076,"pavedFraction":0.931,"waterFraction":0.053,"simulated":true},"geometry":{"type":"Polygon","coordinates":[[[114.18199999999993,22.246799999999997],[114.18359999999993,22.246799999999997],[114.18359999999993,22.248399999999997],[114.18199999999993,22.248399999999997],[114.18199999999993,22.246799999999997]]]}},{"type":"Feature","properties":{"id":"lu-southern-23-21","class":"built_up","vegetationFraction":0.041,"pavedFraction":0.775,"waterFraction":0.009,"simulated":true},"geometry":{"type":"Polygon","coordinates":[[[114.18359999999993,22.246799999999997],[114.18519999999992,22.246799999999997],[114.18519999999992,22.248399999999997],[114.18359999999993,22.248399999999997],[114.18359999999993,22.246799999999997]]]}},{"type":"Feature","properties":{"id":"lu-southern-23-22","class":"built_up","vegetationFraction":0.076,"pavedFraction":0.934,"waterFraction":0.043,"simulated":true},"geometry":{"type":"Polygon","coordinates":[[[114.18519999999992,22.246799999999997],[114.18679999999992,22.246799999999997],[114.18679999999992,22.248399999999997],[114.18519999999992,22.248399999999997],[114.18519999999992,22.246799999999997]]]}},{"type":"Feature","properties":{"id":"lu-southern-23-23","class":"built_up","vegetationFraction":0.04,"pavedFraction":0.779,"waterFraction":0.043,"simulated":true},"geometry":{"type":"Polygon","coordinates":[[[114.18679999999992,22.246799999999997],[114.18839999999992,22.246799999999997],[114.18839999999992,22.248399999999997],[114.18679999999992,22.248399999999997],[114.18679999999992,22.246799999999997]]]}},{"type":"Feature","properties":{"id":"lu-southern-23-24","class":"built_up","vegetationFraction":0.031,"pavedFraction":0.95,"waterFraction":0.009,"simulated":true},"geometry":{"type":"Polygon","coordinates":[[[114.18839999999992,22.246799999999997],[114.18999999999991,22.246799999999997],[114.18999999999991,22.248399999999997],[114.18839999999992,22.248399999999997],[114.18839999999992,22.246799999999997]]]}},{"type":"Feature","properties":{"id":"lu-southern-23-25","class":"built_up","vegetationFraction":0.079,"pavedFraction":0.822,"waterFraction":0.021,"simulated":true},"geometry":{"type":"Polygon","coordinates":[[[114.18999999999991,22.246799999999997],[114.19159999999991,22.246799999999997],[114.19159999999991,22.248399999999997],[114.18999999999991,22.248399999999997],[114.18999999999991,22.246799999999997]]]}},{"type":"Feature","properties":{"id":"lu-southern-23-26","class":"built_up","vegetationFraction":0.07,"pavedFraction":0.792,"waterFraction":0.039,"simulated":true},"geometry":{"type":"Polygon","coordinates":[[[114.19159999999991,22.246799999999997],[114.1931999999999,22.246799999999997],[114.1931999999999,22.248399999999997],[114.19159999999991,22.248399999999997],[114.19159999999991,22.246799999999997]]]}},{"type":"Feature","properties":{"id":"lu-southern-23-27","class":"built_up","vegetationFraction":0.04,"pavedFraction":0.745,"waterFraction":0.054,"simulated":true},"geometry":{"type":"Polygon","coordinates":[[[114.1931999999999,22.246799999999997],[114.1947999999999,22.246799999999997],[114.1947999999999,22.248399999999997],[114.1931999999999,22.248399999999997],[114.1931999999999,22.246799999999997]]]}},{"type":"Feature","properties":{"id":"lu-southern-23-28","class":"built_up","vegetationFraction":0.056,"pavedFraction":0.795,"waterFraction":0.024,"simulated":true},"geometry":{"type":"Polygon","coordinates":[[[114.1947999999999,22.246799999999997],[114.1963999999999,22.246799999999997],[114.1963999999999,22.248399999999997],[114.1947999999999,22.248399999999997],[114.1947999999999,22.246799999999997]]]}},{"type":"Feature","properties":{"id":"lu-southern-23-29","class":"built_up","vegetationFraction":0.075,"pavedFraction":0.862,"waterFraction":0.005,"simulated":true},"geometry":{"type":"Polygon","coordinates":[[[114.1963999999999,22.246799999999997],[114.1979999999999,22.246799999999997],[114.1979999999999,22.248399999999997],[114.1963999999999,22.248399999999997],[114.1963999999999,22.246799999999997]]]}},{"type":"Feature","properties":{"id":"lu-southern-23-30","class":"built_up","vegetationFraction":0.03,"pavedFraction":0.77,"waterFraction":0.008,"simulated":true},"geometry":{"type":"Polygon","coordinates":[[[114.1979999999999,22.246799999999997],[114.19959999999989,22.246799999999997],[114.19959999999989,22.248399999999997],[114.1979999999999,22.248399999999997],[114.1979999999999,22.246799999999997]]]}},{"type":"Feature","properties":{"id":"lu-southern-23-31","class":"built_up","vegetationFraction":0.058,"pavedFraction":0.95,"waterFraction":0.014,"simulated":true},"geometry":{"type":"Polygon","coordinates":[[[114.19959999999989,22.246799999999997],[114.20119999999989,22.246799999999997],[114.20119999999989,22.248399999999997],[114.19959999999989,22.248399999999997],[114.19959999999989,22.246799999999997]]]}},{"type":"Feature","properties":{"id":"lu-southern-23-32","class":"built_up","vegetationFraction":0.076,"pavedFraction":0.816,"waterFraction":0.053,"simulated":true},"geometry":{"type":"Polygon","coordinates":[[[114.20119999999989,22.246799999999997],[114.20279999999988,22.246799999999997],[114.20279999999988,22.248399999999997],[114.20119999999989,22.248399999999997],[114.20119999999989,22.246799999999997]]]}},{"type":"Feature","properties":{"id":"lu-southern-23-33","class":"built_up","vegetationFraction":0.051,"pavedFraction":0.851,"waterFraction":0.014,"simulated":true},"geometry":{"type":"Polygon","coordinates":[[[114.20279999999988,22.246799999999997],[114.20439999999988,22.246799999999997],[114.20439999999988,22.248399999999997],[114.20279999999988,22.248399999999997],[114.20279999999988,22.246799999999997]]]}},{"type":"Feature","properties":{"id":"lu-southern-23-34","class":"built_up","vegetationFraction":0.075,"pavedFraction":0.888,"waterFraction":0.056,"simulated":true},"geometry":{"type":"Polygon","coordinates":[[[114.20439999999988,22.246799999999997],[114.20599999999988,22.246799999999997],[114.20599999999988,22.248399999999997],[114.20439999999988,22.248399999999997],[114.20439999999988,22.246799999999997]]]}},{"type":"Feature","properties":{"id":"lu-southern-23-35","class":"built_up","vegetationFraction":0.039,"pavedFraction":0.902,"waterFraction":0.057,"simulated":true},"geometry":{"type":"Polygon","coordinates":[[[114.20599999999988,22.246799999999997],[114.20759999999987,22.246799999999997],[114.20759999999987,22.248399999999997],[114.20599999999988,22.248399999999997],[114.20599999999988,22.246799999999997]]]}},{"type":"Feature","properties":{"id":"lu-southern-23-36","class":"built_up","vegetationFraction":0.057,"pavedFraction":0.899,"waterFraction":0.053,"simulated":true},"geometry":{"type":"Polygon","coordinates":[[[114.20759999999987,22.246799999999997],[114.20919999999987,22.246799999999997],[114.20919999999987,22.248399999999997],[114.20759999999987,22.248399999999997],[114.20759999999987,22.246799999999997]]]}},{"type":"Feature","properties":{"id":"lu-southern-23-37","class":"built_up","vegetationFraction":0.073,"pavedFraction":0.922,"waterFraction":0.011,"simulated":true},"geometry":{"type":"Polygon","coordinates":[[[114.20919999999987,22.246799999999997],[114.21079999999986,22.246799999999997],[114.21079999999986,22.248399999999997],[114.20919999999987,22.248399999999997],[114.20919999999987,22.246799999999997]]]}},{"type":"Feature","properties":{"id":"lu-southern-23-38","class":"built_up","vegetationFraction":0.059,"pavedFraction":0.95,"waterFraction":0.014,"simulated":true},"geometry":{"type":"Polygon","coordinates":[[[114.21079999999986,22.246799999999997],[114.21239999999986,22.246799999999997],[114.21239999999986,22.248399999999997],[114.21079999999986,22.248399999999997],[114.21079999999986,22.246799999999997]]]}},{"type":"Feature","properties":{"id":"lu-southern-23-39","class":"built_up","vegetationFraction":0.069,"pavedFraction":0.95,"waterFraction":0.007,"simulated":true},"geometry":{"type":"Polygon","coordinates":[[[114.21239999999986,22.246799999999997],[114.21399999999986,22.246799999999997],[114.21399999999986,22.248399999999997],[114.21239999999986,22.248399999999997],[114.21239999999986,22.246799999999997]]]}},{"type":"Feature","properties":{"id":"lu-southern-23-40","class":"built_up","vegetationFraction":0.046,"pavedFraction":0.776,"waterFraction":0.013,"simulated":true},"geometry":{"type":"Polygon","coordinates":[[[114.21399999999986,22.246799999999997],[114.21559999999985,22.246799999999997],[114.21559999999985,22.248399999999997],[114.21399999999986,22.248399999999997],[114.21399999999986,22.246799999999997]]]}},{"type":"Feature","properties":{"id":"lu-southern-23-41","class":"built_up","vegetationFraction":0.049,"pavedFraction":0.735,"waterFraction":0.029,"simulated":true},"geometry":{"type":"Polygon","coordinates":[[[114.21559999999985,22.246799999999997],[114.21719999999985,22.246799999999997],[114.21719999999985,22.248399999999997],[114.21559999999985,22.248399999999997],[114.21559999999985,22.246799999999997]]]}},{"type":"Feature","properties":{"id":"lu-southern-23-42","class":"built_up","vegetationFraction":0.072,"pavedFraction":0.925,"waterFraction":0.018,"simulated":true},"geometry":{"type":"Polygon","coordinates":[[[114.21719999999985,22.246799999999997],[114.21879999999985,22.246799999999997],[114.21879999999985,22.248399999999997],[114.21719999999985,22.248399999999997],[114.21719999999985,22.246799999999997]]]}},{"type":"Feature","properties":{"id":"lu-southern-23-43","class":"built_up","vegetationFraction":0.082,"pavedFraction":0.95,"waterFraction":0.018,"simulated":true},"geometry":{"type":"Polygon","coordinates":[[[114.21879999999985,22.246799999999997],[114.22039999999984,22.246799999999997],[114.22039999999984,22.248399999999997],[114.21879999999985,22.248399999999997],[114.21879999999985,22.246799999999997]]]}},{"type":"Feature","properties":{"id":"lu-southern-23-44","class":"built_up","vegetationFraction":0.031,"pavedFraction":0.745,"waterFraction":0.016,"simulated":true},"geometry":{"type":"Polygon","coordinates":[[[114.22039999999984,22.246799999999997],[114.22199999999984,22.246799999999997],[114.22199999999984,22.248399999999997],[114.22039999999984,22.248399999999997],[114.22039999999984,22.246799999999997]]]}},{"type":"Feature","properties":{"id":"lu-southern-23-45","class":"built_up","vegetationFraction":0.056,"pavedFraction":0.903,"waterFraction":0.06,"simulated":true},"geometry":{"type":"Polygon","coordinates":[[[114.22199999999984,22.246799999999997],[114.22359999999983,22.246799999999997],[114.22359999999983,22.248399999999997],[114.22199999999984,22.248399999999997],[114.22199999999984,22.246799999999997]]]}},{"type":"Feature","properties":{"id":"lu-southern-23-46","class":"built_up","vegetationFraction":0.048,"pavedFraction":0.863,"waterFraction":0.009,"simulated":true},"geometry":{"type":"Polygon","coordinates":[[[114.22359999999983,22.246799999999997],[114.22519999999983,22.246799999999997],[114.22519999999983,22.248399999999997],[114.22359999999983,22.248399999999997],[114.22359999999983,22.246799999999997]]]}},{"type":"Feature","properties":{"id":"lu-southern-23-47","class":"built_up","vegetationFraction":0.072,"pavedFraction":0.95,"waterFraction":0.009,"simulated":true},"geometry":{"type":"Polygon","coordinates":[[[114.22519999999983,22.246799999999997],[114.22679999999983,22.246799999999997],[114.22679999999983,22.248399999999997],[114.22519999999983,22.248399999999997],[114.22519999999983,22.246799999999997]]]}},{"type":"Feature","properties":{"id":"lu-southern-23-48","class":"built_up","vegetationFraction":0.058,"pavedFraction":0.863,"waterFraction":0.01,"simulated":true},"geometry":{"type":"Polygon","coordinates":[[[114.22679999999983,22.246799999999997],[114.22839999999982,22.246799999999997],[114.22839999999982,22.248399999999997],[114.22679999999983,22.248399999999997],[114.22679999999983,22.246799999999997]]]}},{"type":"Feature","properties":{"id":"lu-southern-23-49","class":"built_up","vegetationFraction":0.069,"pavedFraction":0.863,"waterFraction":0.013,"simulated":true},"geometry":{"type":"Polygon","coordinates":[[[114.22839999999982,22.246799999999997],[114.22999999999982,22.246799999999997],[114.22999999999982,22.248399999999997],[114.22839999999982,22.248399999999997],[114.22839999999982,22.246799999999997]]]}},{"type":"Feature","properties":{"id":"lu-southern-23-50","class":"built_up","vegetationFraction":0.076,"pavedFraction":0.877,"waterFraction":0.009,"simulated":true},"geometry":{"type":"Polygon","coordinates":[[[114.22999999999982,22.246799999999997],[114.23159999999982,22.246799999999997],[114.23159999999982,22.248399999999997],[114.22999999999982,22.248399999999997],[114.22999999999982,22.246799999999997]]]}},{"type":"Feature","properties":{"id":"lu-southern-23-51","class":"built_up","vegetationFraction":0.036,"pavedFraction":0.79,"waterFraction":0.037,"simulated":true},"geometry":{"type":"Polygon","coordinates":[[[114.23159999999982,22.246799999999997],[114.23319999999981,22.246799999999997],[114.23319999999981,22.248399999999997],[114.23159999999982,22.248399999999997],[114.23159999999982,22.246799999999997]]]}},{"type":"Feature","properties":{"id":"lu-southern-23-52","class":"built_up","vegetationFraction":0.058,"pavedFraction":0.939,"waterFraction":0.057,"simulated":true},"geometry":{"type":"Polygon","coordinates":[[[114.23319999999981,22.246799999999997],[114.23479999999981,22.246799999999997],[114.23479999999981,22.248399999999997],[114.23319999999981,22.248399999999997],[114.23319999999981,22.246799999999997]]]}},{"type":"Feature","properties":{"id":"lu-southern-23-53","class":"built_up","vegetationFraction":0.063,"pavedFraction":0.849,"waterFraction":0.026,"simulated":true},"geometry":{"type":"Polygon","coordinates":[[[114.23479999999981,22.246799999999997],[114.2363999999998,22.246799999999997],[114.2363999999998,22.248399999999997],[114.23479999999981,22.248399999999997],[114.23479999999981,22.246799999999997]]]}},{"type":"Feature","properties":{"id":"lu-southern-23-54","class":"built_up","vegetationFraction":0.034,"pavedFraction":0.95,"waterFraction":0.039,"simulated":true},"geometry":{"type":"Polygon","coordinates":[[[114.2363999999998,22.246799999999997],[114.2379999999998,22.246799999999997],[114.2379999999998,22.248399999999997],[114.2363999999998,22.248399999999997],[114.2363999999998,22.246799999999997]]]}},{"type":"Feature","properties":{"id":"lu-southern-23-55","class":"built_up","vegetationFraction":0.064,"pavedFraction":0.95,"waterFraction":0.032,"simulated":true},"geometry":{"type":"Polygon","coordinates":[[[114.2379999999998,22.246799999999997],[114.2395999999998,22.246799999999997],[114.2395999999998,22.248399999999997],[114.2379999999998,22.248399999999997],[114.2379999999998,22.246799999999997]]]}},{"type":"Feature","properties":{"id":"lu-southern-23-56","class":"built_up","vegetationFraction":0.062,"pavedFraction":0.87,"waterFraction":0.042,"simulated":true},"geometry":{"type":"Polygon","coordinates":[[[114.2395999999998,22.246799999999997],[114.2411999999998,22.246799999999997],[114.2411999999998,22.248399999999997],[114.2395999999998,22.248399999999997],[114.2395999999998,22.246799999999997]]]}},{"type":"Feature","properties":{"id":"lu-southern-23-57","class":"built_up","vegetationFraction":0.053,"pavedFraction":0.765,"waterFraction":0.009,"simulated":true},"geometry":{"type":"Polygon","coordinates":[[[114.2411999999998,22.246799999999997],[114.24279999999979,22.246799999999997],[114.24279999999979,22.248399999999997],[114.2411999999998,22.248399999999997],[114.2411999999998,22.246799999999997]]]}},{"type":"Feature","properties":{"id":"lu-southern-23-58","class":"built_up","vegetationFraction":0.063,"pavedFraction":0.731,"waterFraction":0.047,"simulated":true},"geometry":{"type":"Polygon","coordinates":[[[114.24279999999979,22.246799999999997],[114.24439999999979,22.246799999999997],[114.24439999999979,22.248399999999997],[114.24279999999979,22.248399999999997],[114.24279999999979,22.246799999999997]]]}},{"type":"Feature","properties":{"id":"lu-southern-23-59","class":"built_up","vegetationFraction":0.04,"pavedFraction":0.906,"waterFraction":0.03,"simulated":true},"geometry":{"type":"Polygon","coordinates":[[[114.24439999999979,22.246799999999997],[114.24599999999978,22.246799999999997],[114.24599999999978,22.248399999999997],[114.24439999999979,22.248399999999997],[114.24439999999979,22.246799999999997]]]}},{"type":"Feature","properties":{"id":"lu-southern-23-60","class":"built_up","vegetationFraction":0.076,"pavedFraction":0.95,"waterFraction":0.036,"simulated":true},"geometry":{"type":"Polygon","coordinates":[[[114.24599999999978,22.246799999999997],[114.24759999999978,22.246799999999997],[114.24759999999978,22.248399999999997],[114.24599999999978,22.248399999999997],[114.24599999999978,22.246799999999997]]]}},{"type":"Feature","properties":{"id":"lu-southern-23-61","class":"built_up","vegetationFraction":0.045,"pavedFraction":0.95,"waterFraction":0.013,"simulated":true},"geometry":{"type":"Polygon","coordinates":[[[114.24759999999978,22.246799999999997],[114.24919999999977,22.246799999999997],[114.24919999999977,22.248399999999997],[114.24759999999978,22.248399999999997],[114.24759999999978,22.246799999999997]]]}},{"type":"Feature","properties":{"id":"lu-southern-23-62","class":"built_up","vegetationFraction":0.031,"pavedFraction":0.796,"waterFraction":0.036,"simulated":true},"geometry":{"type":"Polygon","coordinates":[[[114.24919999999977,22.246799999999997],[114.25079999999977,22.246799999999997],[114.25079999999977,22.248399999999997],[114.24919999999977,22.248399999999997],[114.24919999999977,22.246799999999997]]]}},{"type":"Feature","properties":{"id":"lu-southern-23-63","class":"built_up","vegetationFraction":0.058,"pavedFraction":0.93,"waterFraction":0.017,"simulated":true},"geometry":{"type":"Polygon","coordinates":[[[114.25079999999977,22.246799999999997],[114.25239999999977,22.246799999999997],[114.25239999999977,22.248399999999997],[114.25079999999977,22.248399999999997],[114.25079999999977,22.246799999999997]]]}},{"type":"Feature","properties":{"id":"lu-southern-23-64","class":"built_up","vegetationFraction":0.033,"pavedFraction":0.775,"waterFraction":0.036,"simulated":true},"geometry":{"type":"Polygon","coordinates":[[[114.25239999999977,22.246799999999997],[114.25399999999976,22.246799999999997],[114.25399999999976,22.248399999999997],[114.25239999999977,22.248399999999997],[114.25239999999977,22.246799999999997]]]}},{"type":"Feature","properties":{"id":"lu-southern-23-65","class":"built_up","vegetationFraction":0.083,"pavedFraction":0.758,"waterFraction":0.056,"simulated":true},"geometry":{"type":"Polygon","coordinates":[[[114.25399999999976,22.246799999999997],[114.25559999999976,22.246799999999997],[114.25559999999976,22.248399999999997],[114.25399999999976,22.248399999999997],[114.25399999999976,22.246799999999997]]]}},{"type":"Feature","properties":{"id":"lu-southern-23-66","class":"built_up","vegetationFraction":0.079,"pavedFraction":0.734,"waterFraction":0.005,"simulated":true},"geometry":{"type":"Polygon","coordinates":[[[114.25559999999976,22.246799999999997],[114.25719999999976,22.246799999999997],[114.25719999999976,22.248399999999997],[114.25559999999976,22.248399999999997],[114.25559999999976,22.246799999999997]]]}},{"type":"Feature","properties":{"id":"lu-southern-23-67","class":"built_up","vegetationFraction":0.067,"pavedFraction":0.895,"waterFraction":0.007,"simulated":true},"geometry":{"type":"Polygon","coordinates":[[[114.25719999999976,22.246799999999997],[114.25879999999975,22.246799999999997],[114.25879999999975,22.248399999999997],[114.25719999999976,22.248399999999997],[114.25719999999976,22.246799999999997]]]}},{"type":"Feature","properties":{"id":"lu-southern-23-68","class":"built_up","vegetationFraction":0.034,"pavedFraction":0.776,"waterFraction":0.044,"simulated":true},"geometry":{"type":"Polygon","coordinates":[[[114.25879999999975,22.246799999999997],[114.26039999999975,22.246799999999997],[114.26039999999975,22.248399999999997],[114.25879999999975,22.248399999999997],[114.25879999999975,22.246799999999997]]]}},{"type":"Feature","properties":{"id":"lu-southern-23-69","class":"built_up","vegetationFraction":0.037,"pavedFraction":0.737,"waterFraction":0.017,"simulated":true},"geometry":{"type":"Polygon","coordinates":[[[114.26039999999975,22.246799999999997],[114.26199999999974,22.246799999999997],[114.26199999999974,22.248399999999997],[114.26039999999975,22.248399999999997],[114.26039999999975,22.246799999999997]]]}},{"type":"Feature","properties":{"id":"lu-southern-23-70","class":"built_up","vegetationFraction":0.065,"pavedFraction":0.783,"waterFraction":0.02,"simulated":true},"geometry":{"type":"Polygon","coordinates":[[[114.26199999999974,22.246799999999997],[114.26359999999974,22.246799999999997],[114.26359999999974,22.248399999999997],[114.26199999999974,22.248399999999997],[114.26199999999974,22.246799999999997]]]}},{"type":"Feature","properties":{"id":"lu-southern-23-71","class":"built_up","vegetationFraction":0.043,"pavedFraction":0.95,"waterFraction":0.03,"simulated":true},"geometry":{"type":"Polygon","coordinates":[[[114.26359999999974,22.246799999999997],[114.26519999999974,22.246799999999997],[114.26519999999974,22.248399999999997],[114.26359999999974,22.248399999999997],[114.26359999999974,22.246799999999997]]]}},{"type":"Feature","properties":{"id":"lu-southern-24-00","class":"built_up","vegetationFraction":0.047,"pavedFraction":0.917,"waterFraction":0.036,"simulated":true},"geometry":{"type":"Polygon","coordinates":[[[114.15,22.248399999999997],[114.1516,22.248399999999997],[114.1516,22.249999999999996],[114.15,22.249999999999996],[114.15,22.248399999999997]]]}},{"type":"Feature","properties":{"id":"lu-southern-24-01","class":"built_up","vegetationFraction":0.048,"pavedFraction":0.946,"waterFraction":0.05,"simulated":true},"geometry":{"type":"Polygon","coordinates":[[[114.1516,22.248399999999997],[114.1532,22.248399999999997],[114.1532,22.249999999999996],[114.1516,22.249999999999996],[114.1516,22.248399999999997]]]}},{"type":"Feature","properties":{"id":"lu-southern-24-02","class":"built_up","vegetationFraction":0.036,"pavedFraction":0.95,"waterFraction":0.032,"simulated":true},"geometry":{"type":"Polygon","coordinates":[[[114.1532,22.248399999999997],[114.1548,22.248399999999997],[114.1548,22.249999999999996],[114.1532,22.249999999999996],[114.1532,22.248399999999997]]]}},{"type":"Feature","properties":{"id":"lu-southern-24-03","class":"built_up","vegetationFraction":0.037,"pavedFraction":0.95,"waterFraction":0.057,"simulated":true},"geometry":{"type":"Polygon","coordinates":[[[114.1548,22.248399999999997],[114.15639999999999,22.248399999999997],[114.15639999999999,22.249999999999996],[114.1548,22.249999999999996],[114.1548,22.248399999999997]]]}},{"type":"Feature","properties":{"id":"lu-southern-24-04","class":"built_up","vegetationFraction":0.066,"pavedFraction":0.765,"waterFraction":0.035,"simulated":true},"geometry":{"type":"Polygon","coordinates":[[[114.15639999999999,22.248399999999997],[114.15799999999999,22.248399999999997],[114.15799999999999,22.249999999999996],[114.15639999999999,22.249999999999996],[114.15639999999999,22.248399999999997]]]}},{"type":"Feature","properties":{"id":"lu-southern-24-05","class":"built_up","vegetationFraction":0.04,"pavedFraction":0.73,"waterFraction":0.0,"simulated":true},"geometry":{"type":"Polygon","coordinates":[[[114.15799999999999,22.248399999999997],[114.15959999999998,22.248399999999997],[114.15959999999998,22.249999999999996],[114.15799999999999,22.249999999999996],[114.15799999999999,22.248399999999997]]]}},{"type":"Feature","properties":{"id":"lu-southern-24-06","class":"built_up","vegetationFraction":0.056,"pavedFraction":0.869,"waterFraction":0.002,"simulated":true},"geometry":{"type":"Polygon","coordinates":[[[114.15959999999998,22.248399999999997],[114.16119999999998,22.248399999999997],[114.16119999999998,22.249999999999996],[114.15959999999998,22.249999999999996],[114.15959999999998,22.248399999999997]]]}},{"type":"Feature","properties":{"id":"lu-southern-24-07","class":"built_up","vegetationFraction":0.048,"pavedFraction":0.77,"waterFraction":0.033,"simulated":true},"geometry":{"type":"Polygon","coordinates":[[[114.16119999999998,22.248399999999997],[114.16279999999998,22.248399999999997],[114.16279999999998,22.249999999999996],[114.16119999999998,22.249999999999996],[114.16119999999998,22.248399999999997]]]}},{"type":"Feature","properties":{"id":"lu-southern-24-08","class":"built_up","vegetationFraction":0.037,"pavedFraction":0.95,"waterFraction":0.046,"simulated":true},"geometry":{"type":"Polygon","coordinates":[[[114.16279999999998,22.248399999999997],[114.16439999999997,22.248399999999997],[114.16439999999997,22.249999999999996],[114.16279999999998,22.249999999999996],[114.16279999999998,22.248399999999997]]]}},{"type":"Feature","properties":{"id":"lu-southern-24-09","class":"built_up","vegetationFraction":0.042,"pavedFraction":0.737,"waterFraction":0.009,"simulated":true},"geometry":{"type":"Polygon","coordinates":[[[114.16439999999997,22.248399999999997],[114.16599999999997,22.248399999999997],[114.16599999999997,22.249999999999996],[114.16439999999997,22.249999999999996],[114.16439999999997,22.248399999999997]]]}},{"type":"Feature","properties":{"id":"lu-southern-24-10","class":"built_up","vegetationFraction":0.069,"pavedFraction":0.95,"waterFraction":0.057,"simulated":true},"geometry":{"type":"Polygon","coordinates":[[[114.16599999999997,22.248399999999997],[114.16759999999996,22.248399999999997],[114.16759999999996,22.249999999999996],[114.16599999999997,22.249999999999996],[114.16599999999997,22.248399999999997]]]}},{"type":"Feature","properties":{"id":"lu-southern-24-11","class":"built_up","vegetationFraction":0.036,"pavedFraction":0.841,"waterFraction":0.057,"simulated":true},"geometry":{"type":"Polygon","coordinates":[[[114.16759999999996,22.248399999999997],[114.16919999999996,22.248399999999997],[114.16919999999996,22.249999999999996],[114.16759999999996,22.249999999999996],[114.16759999999996,22.248399999999997]]]}},{"type":"Feature","properties":{"id":"lu-southern-24-12","class":"built_up","vegetationFraction":0.033,"pavedFraction":0.79,"waterFraction":0.043,"simulated":true},"geometry":{"type":"Polygon","coordinates":[[[114.16919999999996,22.248399999999997],[114.17079999999996,22.248399999999997],[114.17079999999996,22.249999999999996],[114.16919999999996,22.249999999999996],[114.16919999999996,22.248399999999997]]]}},{"type":"Feature","properties":{"id":"lu-southern-24-13","class":"built_up","vegetationFraction":0.039,"pavedFraction":0.901,"waterFraction":0.044,"simulated":true},"geometry":{"type":"Polygon","coordinates":[[[114.17079999999996,22.248399999999997],[114.17239999999995,22.248399999999997],[114.17239999999995,22.249999999999996],[114.17079999999996,22.249999999999996],[114.17079999999996,22.248399999999997]]]}},{"type":"Feature","properties":{"id":"lu-southern-24-14","class":"built_up","vegetationFraction":0.03,"pavedFraction":0.888,"waterFraction":0.006,"simulated":true},"geometry":{"type":"Polygon","coordinates":[[[114.17239999999995,22.248399999999997],[114.17399999999995,22.248399999999997],[114.17399999999995,22.249999999999996],[114.17239999999995,22.249999999999996],[114.17239999999995,22.248399999999997]]]}},{"type":"Feature","properties":{"id":"lu-southern-24-15","class":"built_up","vegetationFraction":0.035,"pavedFraction":0.95,"waterFraction":0.054,"simulated":true},"geometry":{"type":"Polygon","coordinates":[[[114.17399999999995,22.248399999999997],[114.17559999999995,22.248399999999997],[114.17559999999995,22.249999999999996],[114.17399999999995,22.249999999999996],[114.17399999999995,22.248399999999997]]]}},{"type":"Feature","properties":{"id":"lu-southern-24-16","class":"built_up","vegetationFraction":0.04,"pavedFraction":0.788,"waterFraction":0.015,"simulated":true},"geometry":{"type":"Polygon","coordinates":[[[114.17559999999995,22.248399999999997],[114.17719999999994,22.248399999999997],[114.17719999999994,22.249999999999996],[114.17559999999995,22.249999999999996],[114.17559999999995,22.248399999999997]]]}},{"type":"Feature","properties":{"id":"lu-southern-24-17","class":"built_up","vegetationFraction":0.049,"pavedFraction":0.737,"waterFraction":0.012,"simulated":true},"geometry":{"type":"Polygon","coordinates":[[[114.17719999999994,22.248399999999997],[114.17879999999994,22.248399999999997],[114.17879999999994,22.249999999999996],[114.17719999999994,22.249999999999996],[114.17719999999994,22.248399999999997]]]}},{"type":"Feature","properties":{"id":"lu-southern-24-18","class":"built_up","vegetationFraction":0.07,"pavedFraction":0.911,"waterFraction":0.036,"simulated":true},"geometry":{"type":"Polygon","coordinates":[[[114.17879999999994,22.248399999999997],[114.18039999999993,22.248399999999997],[114.18039999999993,22.249999999999996],[114.17879999999994,22.249999999999996],[114.17879999999994,22.248399999999997]]]}},{"type":"Feature","properties":{"id":"lu-southern-24-19","class":"built_up","vegetationFraction":0.074,"pavedFraction":0.95,"waterFraction":0.023,"simulated":true},"geometry":{"type":"Polygon","coordinates":[[[114.18039999999993,22.248399999999997],[114.18199999999993,22.248399999999997],[114.18199999999993,22.249999999999996],[114.18039999999993,22.249999999999996],[114.18039999999993,22.248399999999997]]]}},{"type":"Feature","properties":{"id":"lu-southern-24-20","class":"built_up","vegetationFraction":0.052,"pavedFraction":0.95,"waterFraction":0.009,"simulated":true},"geometry":{"type":"Polygon","coordinates":[[[114.18199999999993,22.248399999999997],[114.18359999999993,22.248399999999997],[114.18359999999993,22.249999999999996],[114.18199999999993,22.249999999999996],[114.18199999999993,22.248399999999997]]]}},{"type":"Feature","properties":{"id":"lu-southern-24-21","class":"built_up","vegetationFraction":0.081,"pavedFraction":0.843,"waterFraction":0.023,"simulated":true},"geometry":{"type":"Polygon","coordinates":[[[114.18359999999993,22.248399999999997],[114.18519999999992,22.248399999999997],[114.18519999999992,22.249999999999996],[114.18359999999993,22.249999999999996],[114.18359999999993,22.248399999999997]]]}},{"type":"Feature","properties":{"id":"lu-southern-24-22","class":"built_up","vegetationFraction":0.063,"pavedFraction":0.95,"waterFraction":0.033,"simulated":true},"geometry":{"type":"Polygon","coordinates":[[[114.18519999999992,22.248399999999997],[114.18679999999992,22.248399999999997],[114.18679999999992,22.249999999999996],[114.18519999999992,22.249999999999996],[114.18519999999992,22.248399999999997]]]}},{"type":"Feature","properties":{"id":"lu-southern-24-23","class":"built_up","vegetationFraction":0.054,"pavedFraction":0.802,"waterFraction":0.016,"simulated":true},"geometry":{"type":"Polygon","coordinates":[[[114.18679999999992,22.248399999999997],[114.18839999999992,22.248399999999997],[114.18839999999992,22.249999999999996],[114.18679999999992,22.249999999999996],[114.18679999999992,22.248399999999997]]]}},{"type":"Feature","properties":{"id":"lu-southern-24-24","class":"built_up","vegetationFraction":0.067,"pavedFraction":0.95,"waterFraction":0.022,"simulated":true},"geometry":{"type":"Polygon","coordinates":[[[114.18839999999992,22.248399999999997],[114.18999999999991,22.248399999999997],[114.18999999999991,22.249999999999996],[114.18839999999992,22.249999999999996],[114.18839999999992,22.248399999999997]]]}},{"type":"Feature","properties":{"id":"lu-southern-24-25","class":"built_up","vegetationFraction":0.037,"pavedFraction":0.735,"waterFraction":0.013,"simulated":true},"geometry":{"type":"Polygon","coordinates":[[[114.18999999999991,22.248399999999997],[114.19159999999991,22.248399999999997],[114.19159999999991,22.249999999999996],[114.18999999999991,22.249999999999996],[114.18999999999991,22.248399999999997]]]}},{"type":"Feature","properties":{"id":"lu-southern-24-26","class":"built_up","vegetationFraction":0.081,"pavedFraction":0.864,"waterFraction":0.001,"simulated":true},"geometry":{"type":"Polygon","coordinates":[[[114.19159999999991,22.248399999999997],[114.1931999999999,22.248399999999997],[114.1931999999999,22.249999999999996],[114.19159999999991,22.249999999999996],[114.19159999999991,22.248399999999997]]]}},{"type":"Feature","properties":{"id":"lu-southern-24-27","class":"built_up","vegetationFraction":0.07,"pavedFraction":0.95,"waterFraction":0.023,"simulated":true},"geometry":{"type":"Polygon","coordinates":[[[114.1931999999999,22.248399999999997],[114.1947999999999,22.248399999999997],[114.1947999999999,22.249999999999996],[114.1931999999999,22.249999999999996],[114.1931999999999,22.248399999999997]]]}},{"type":"Feature","properties":{"id":"lu-southern-24-28","class":"built_up","vegetationFraction":0.042,"pavedFraction":0.95,"waterFraction":0.043,"simulated":true},"geometry":{"type":"Polygon","coordinates":[[[114.1947999999999,22.248399999999997],[114.1963999999999,22.248399999999997],[114.1963999999999,22.249999999999996],[114.1947999999999,22.249999999999996],[114.1947999999999,22.248399999999997]]]}},{"type":"Feature","properties":{"id":"lu-southern-24-29","class":"built_up","vegetationFraction":0.049,"pavedFraction":0.782,"waterFraction":0.055,"simulated":true},"geometry":{"type":"Polygon","coordinates":[[[114.1963999999999,22.248399999999997],[114.1979999999999,22.248399999999997],[114.1979999999999,22.249999999999996],[114.1963999999999,22.249999999999996],[114.1963999999999,22.248399999999997]]]}},{"type":"Feature","properties":{"id":"lu-southern-24-30","class":"built_up","vegetationFraction":0.034,"pavedFraction":0.95,"waterFraction":0.015,"simulated":true},"geometry":{"type":"Polygon","coordinates":[[[114.1979999999999,22.248399999999997],[114.19959999999989,22.248399999999997],[114.19959999999989,22.249999999999996],[114.1979999999999,22.249999999999996],[114.1979999999999,22.248399999999997]]]}},{"type":"Feature","properties":{"id":"lu-southern-24-31","class":"built_up","vegetationFraction":0.043,"pavedFraction":0.929,"waterFraction":0.044,"simulated":true},"geometry":{"type":"Polygon","coordinates":[[[114.19959999999989,22.248399999999997],[114.20119999999989,22.248399999999997],[114.20119999999989,22.249999999999996],[114.19959999999989,22.249999999999996],[114.19959999999989,22.248399999999997]]]}},{"type":"Feature","properties":{"id":"lu-southern-24-32","class":"built_up","vegetationFraction":0.073,"pavedFraction":0.95,"waterFraction":0.047,"simulated":true},"geometry":{"type":"Polygon","coordinates":[[[114.20119999999989,22.248399999999997],[114.20279999999988,22.248399999999997],[114.20279999999988,22.249999999999996],[114.20119999999989,22.249999999999996],[114.20119999999989,22.248399999999997]]]}},{"type":"Feature","properties":{"id":"lu-southern-24-33","class":"built_up","vegetationFraction":0.07,"pavedFraction":0.848,"waterFraction":0.02,"simulated":true},"geometry":{"type":"Polygon","coordinates":[[[114.20279999999988,22.248399999999997],[114.20439999999988,22.248399999999997],[114.20439999999988,22.249999999999996],[114.20279999999988,22.249999999999996],[114.20279999999988,22.248399999999997]]]}},{"type":"Feature","properties":{"id":"lu-southern-24-34","class":"built_up","vegetationFraction":0.04,"pavedFraction":0.906,"waterFraction":0.019,"simulated":true},"geometry":{"type":"Polygon","coordinates":[[[114.20439999999988,22.248399999999997],[114.20599999999988,22.248399999999997],[114.20599999999988,22.249999999999996],[114.20439999999988,22.249999999999996],[114.20439999999988,22.248399999999997]]]}},{"type":"Feature","properties":{"id":"lu-southern-24-35","class":"built_up","vegetationFraction":0.033,"pavedFraction":0.821,"waterFraction":0.007,"simulated":true},"geometry":{"type":"Polygon","coordinates":[[[114.20599999999988,22.248399999999997],[114.20759999999987,22.248399999999997],[114.20759999999987,22.249999999999996],[114.20599999999988,22.249999999999996],[114.20599999999988,22.248399999999997]]]}},{"type":"Feature","properties":{"id":"lu-southern-24-36","class":"built_up","vegetationFraction":0.067,"pavedFraction":0.95,"waterFraction":0.023,"simulated":true},"geometry":{"type":"Polygon","coordinates":[[[114.20759999999987,22.248399999999997],[114.20919999999987,22.248399999999997],[114.20919999999987,22.249999999999996],[114.20759999999987,22.249999999999996],[114.20759999999987,22.248399999999997]]]}},{"type":"Feature","properties":{"id":"lu-southern-24-37","class":"built_up","vegetationFraction":0.079,"pavedFraction":0.95,"waterFraction":0.004,"simulated":true},"geometry":{"type":"Polygon","coordinates":[[[114.20919999999987,22.248399999999997],[114.21079999999986,22.248399999999997],[114.21079999999986,22.249999999999996],[114.20919999999987,22.249999999999996],[114.20919999999987,22.248399999999997]]]}},{"type":"Feature","properties":{"id":"lu-southern-24-38","class":"built_up","vegetationFraction":0.068,"pavedFraction":0.95,"waterFraction":0.014,"simulated":true},"geometry":{"type":"Polygon","coordinates":[[[114.21079999999986,22.248399999999997],[114.21239999999986,22.248399999999997],[114.21239999999986,22.249999999999996],[114.21079999999986,22.249999999999996],[114.21079999999986,22.248399999999997]]]}},{"type":"Feature","properties":{"id":"lu-southern-24-39","class":"built_up","vegetationFraction":0.044,"pavedFraction":0.95,"waterFraction":0.051,"simulated":true},"geometry":{"type":"Polygon","coordinates":[[[114.21239999999986,22.248399999999997],[114.21399999999986,22.248399999999997],[114.21399999999986,22.249999999999996],[114.21239999999986,22.249999999999996],[114.21239999999986,22.248399999999997]]]}},{"type":"Feature","properties":{"id":"lu-southern-24-40","class":"built_up","vegetationFraction":0.038,"pavedFraction":0.843,"waterFraction":0.059,"simulated":true},"geometry":{"type":"Polygon","coordinates":[[[114.21399999999986,22.248399999999997],[114.21559999999985,22.248399999999997],[114.21559999999985,22.249999999999996],[114.21399999999986,22.249999999999996],[114.21399999999986,22.248399999999997]]]}},{"type":"Feature","properties":{"id":"lu-southern-24-41","class":"built_up","vegetationFraction":0.075,"pavedFraction":0.95,"waterFraction":0.052,"simulated":true},"geometry":{"type":"Polygon","coordinates":[[[114.21559999999985,22.248399999999997],[114.21719999999985,22.248399999999997],[114.21719999999985,22.249999999999996],[114.21559999999985,22.249999999999996],[114.21559999999985,22.248399999999997]]]}},{"type":"Feature","properties":{"id":"lu-southern-24-42","class":"built_up","vegetationFraction":0.04,"pavedFraction":0.897,"waterFraction":0.042,"simulated":true},"geometry":{"type":"Polygon","coordinates":[[[114.21719999999985,22.248399999999997],[114.21879999999985,22.248399999999997],[114.21879999999985,22.249999999999996],[114.21719999999985,22.249999999999996],[114.21719999999985,22.248399999999997]]]}},{"type":"Feature","properties":{"id":"lu-southern-24-43","class":"built_up","vegetationFraction":0.056,"pavedFraction":0.95,"waterFraction":0.003,"simulated":true},"geometry":{"type":"Polygon","coordinates":[[[114.21879999999985,22.248399999999997],[114.22039999999984,22.248399999999997],[114.22039999999984,22.249999999999996],[114.21879999999985,22.249999999999996],[114.21879999999985,22.248399999999997]]]}},{"type":"Feature","properties":{"id":"lu-southern-24-44","class":"built_up","vegetationFraction":0.044,"pavedFraction":0.95,"waterFraction":0.036,"simulated":true},"geometry":{"type":"Polygon","coordinates":[[[114.22039999999984,22.248399999999997],[114.22199999999984,22.248399999999997],[114.22199999999984,22.249999999999996],[114.22039999999984,22.249999999999996],[114.22039999999984,22.248399999999997]]]}},{"type":"Feature","properties":{"id":"lu-southern-24-45","class":"built_up","vegetationFraction":0.068,"pavedFraction":0.881,"waterFraction":0.037,"simulated":true},"geometry":{"type":"Polygon","coordinates":[[[114.22199999999984,22.248399999999997],[114.22359999999983,22.248399999999997],[114.22359999999983,22.249999999999996],[114.22199999999984,22.249999999999996],[114.22199999999984,22.248399999999997]]]}},{"type":"Feature","properties":{"id":"lu-southern-24-46","class":"built_up","vegetationFraction":0.049,"pavedFraction":0.95,"waterFraction":0.05,"simulated":true},"geometry":{"type":"Polygon","coordinates":[[[114.22359999999983,22.248399999999997],[114.22519999999983,22.248399999999997],[114.22519999999983,22.249999999999996],[114.22359999999983,22.249999999999996],[114.22359999999983,22.248399999999997]]]}},{"type":"Feature","properties":{"id":"lu-southern-24-47","class":"built_up","vegetationFraction":0.045,"pavedFraction":0.811,"waterFraction":0.013,"simulated":true},"geometry":{"type":"Polygon","coordinates":[[[114.22519999999983,22.248399999999997],[114.22679999999983,22.248399999999997],[114.22679999999983,22.249999999999996],[114.22519999999983,22.249999999999996],[114.22519999999983,22.248399999999997]]]}},{"type":"Feature","properties":{"id":"lu-southern-24-48","class":"built_up","vegetationFraction":0.045,"pavedFraction":0.945,"waterFraction":0.052,"simulated":true},"geometry":{"type":"Polygon","coordinates":[[[114.22679999999983,22.248399999999997],[114.22839999999982,22.248399999999997],[114.22839999999982,22.249999999999996],[114.22679999999983,22.249999999999996],[114.22679999999983,22.248399999999997]]]}},{"type":"Feature","properties":{"id":"lu-southern-24-49","class":"built_up","vegetationFraction":0.05,"pavedFraction":0.824,"waterFraction":0.028,"simulated":true},"geometry":{"type":"Polygon","coordinates":[[[114.22839999999982,22.248399999999997],[114.22999999999982,22.248399999999997],[114.22999999999982,22.249999999999996],[114.22839999999982,22.249999999999996],[114.22839999999982,22.248399999999997]]]}},{"type":"Feature","properties":{"id":"lu-southern-24-50","class":"built_up","vegetationFraction":0.057,"pavedFraction":0.95,"waterFraction":0.014,"simulated":true},"geometry":{"type":"Polygon","coordinates":[[[114.22999999999982,22.248399999999997],[114.23159999999982,22.248399999999997],[114.23159999999982,22.249999999999996],[114.22999999999982,22.249999999999996],[114.22999999999982,22.248399999999997]]]}},{"type":"Feature","properties":{"id":"lu-southern-24-51","class":"built_up","vegetationFraction":0.037,"pavedFraction":0.854,"waterFraction":0.048,"simulated":true},"geometry":{"type":"Polygon","coordinates":[[[114.23159999999982,22.248399999999997],[114.23319999999981,22.248399999999997],[114.23319999999981,22.249999999999996],[114.23159999999982,22.249999999999996],[114.23159999999982,22.248399999999997]]]}},{"type":"Feature","properties":{"id":"lu-southern-24-52","class":"built_up","vegetationFraction":0.048,"pavedFraction":0.95,"waterFraction":0.04,"simulated":true},"geometry":{"type":"Polygon","coordinates":[[[114.23319999999981,22.248399999999997],[114.23479999999981,22.248399999999997],[114.23479999999981,22.249999999999996],[114.23319999999981,22.249999999999996],[114.23319999999981,22.248399999999997]]]}},{"type":"Feature","properties":{"id":"lu-southern-24-53","class":"built_up","vegetationFraction":0.082,"pavedFraction":0.746,"waterFraction":0.039,"simulated":true},"geometry":{"type":"Polygon","coordinates":[[[114.23479999999981,22.248399999999997],[114.2363999999998,22.248399999999997],[114.2363999999998,22.249999999999996],[114.23479999999981,22.249999999999996],[114.23479999999981,22.248399999999997]]]}},{"type":"Feature","properties":{"id":"lu-southern-24-54","class":"built_up","vegetationFraction":0.035,"pavedFraction":0.95,"waterFraction":0.009,"simulated":true},"geometry":{"type":"Polygon","coordinates":[[[114.2363999999998,22.248399999999997],[114.2379999999998,22.248399999999997],[114.2379999999998,22.249999999999996],[114.2363999999998,22.249999999999996],[114.2363999999998,22.248399999999997]]]}},{"type":"Feature","properties":{"id":"lu-southern-24-55","class":"built_up","vegetationFraction":0.074,"pavedFraction":0.95,"waterFraction":0.042,"simulated":true},"geometry":{"type":"Polygon","coordinates":[[[114.2379999999998,22.248399999999997],[114.2395999999998,22.248399999999997],[114.2395999999998,22.249999999999996],[114.2379999999998,22.249999999999996],[114.2379999999998,22.248399999999997]]]}},{"type":"Feature","properties":{"id":"lu-southern-24-56","class":"built_up","vegetationFraction":0.04,"pavedFraction":0.816,"waterFraction":0.06,"simulated":true},"geometry":{"type":"Polygon","coordinates":[[[114.2395999999998,22.248399999999997],[114.2411999999998,22.248399999999997],[114.2411999999998,22.249999999999996],[114.2395999999998,22.249999999999996],[114.2395999999998,22.248399999999997]]]}},{"type":"Feature","properties":{"id":"lu-southern-24-57","class":"built_up","vegetationFraction":0.031,"pavedFraction":0.791,"waterFraction":0.002,"simulated":true},"geometry":{"type":"Polygon","coordinates":[[[114.2411999999998,22.248399999999997],[114.24279999999979,22.248399999999997],[114.24279999999979,22.249999999999996],[114.2411999999998,22.249999999999996],[114.2411999999998,22.248399999999997]]]}},{"type":"Feature","properties":{"id":"lu-southern-24-58","class":"built_up","vegetationFraction":0.036,"pavedFraction":0.872,"waterFraction":0.016,"simulated":true},"geometry":{"type":"Polygon","coordinates":[[[114.24279999999979,22.248399999999997],[114.24439999999979,22.248399999999997],[114.24439999999979,22.249999999999996],[114.24279999999979,22.249999999999996],[114.24279999999979,22.248399999999997]]]}},{"type":"Feature","properties":{"id":"lu-southern-24-59","class":"built_up","vegetationFraction":0.03,"pavedFraction":0.779,"waterFraction":0.041,"simulated":true},"geometry":{"type":"Polygon","coordinates":[[[114.24439999999979,22.248399999999997],[114.24599999999978,22.248399999999997],[114.24599999999978,22.249999999999996],[114.24439999999979,22.249999999999996],[114.24439999999979,22.248399999999997]]]}},{"type":"Feature","properties":{"id":"lu-southern-24-60","class":"built_up","vegetationFraction":0.048,"pavedFraction":0.843,"waterFraction":0.026,"simulated":true},"geometry":{"type":"Polygon","coordinates":[[[114.24599999999978,22.248399999999997],[114.24759999999978,22.248399999999997],[114.24759999999978,22.249999999999996],[114.24599999999978,22.249999999999996],[114.24599999999978,22.248399999999997]]]}},{"type":"Feature","properties":{"id":"lu-southern-24-61","class":"built_up","vegetationFraction":0.066,"pavedFraction":0.95,"waterFraction":0.02,"simulated":true},"geometry":{"type":"Polygon","coordinates":[[[114.24759999999978,22.248399999999997],[114.24919999999977,22.248399999999997],[114.24919999999977,22.249999999999996],[114.24759999999978,22.249999999999996],[114.24759999999978,22.248399999999997]]]}},{"type":"Feature","properties":{"id":"lu-southern-24-62","class":"built_up","vegetationFraction":0.075,"pavedFraction":0.848,"waterFraction":0.012,"simulated":true},"geometry":{"type":"Polygon","coordinates":[[[114.24919999999977,22.248399999999997],[114.25079999999977,22.248399999999997],[114.25079999999977,22.249999999999996],[114.24919999999977,22.249999999999996],[114.24919999999977,22.248399999999997]]]}},{"type":"Feature","properties":{"id":"lu-southern-24-63","class":"built_up","vegetationFraction":0.068,"pavedFraction":0.841,"waterFraction":0.043,"simulated":true},"geometry":{"type":"Polygon","coordinates":[[[114.25079999999977,22.248399999999997],[114.25239999999977,22.248399999999997],[114.25239999999977,22.249999999999996],[114.25079999999977,22.249999999999996],[114.25079999999977,22.248399999999997]]]}},{"type":"Feature","properties":{"id":"lu-southern-24-64","class":"built_up","vegetationFraction":0.054,"pavedFraction":0.775,"waterFraction":0.02,"simulated":true},"geometry":{"type":"Polygon","coordinates":[[[114.25239999999977,22.248399999999997],[114.25399999999976,22.248399999999997],[114.25399999999976,22.249999999999996],[114.25239999999977,22.249999999999996],[114.25239999999977,22.248399999999997]]]}},{"type":"Feature","properties":{"id":"lu-southern-24-65","class":"built_up","vegetationFraction":0.042,"pavedFraction":0.95,"waterFraction":0.019,"simulated":true},"geometry":{"type":"Polygon","coordinates":[[[114.25399999999976,22.248399999999997],[114.25559999999976,22.248399999999997],[114.25559999999976,22.249999999999996],[114.25399999999976,22.249999999999996],[114.25399999999976,22.248399999999997]]]}},{"type":"Feature","properties":{"id":"lu-southern-24-66","class":"built_up","vegetationFraction":0.062,"pavedFraction":0.812,"waterFraction":0.057,"simulated":true},"geometry":{"type":"Polygon","coordinates":[[[114.25559999999976,22.248399999999997],[114.25719999999976,22.248399999999997],[114.25719999999976,22.249999999999996],[114.25559999999976,22.249999999999996],[114.25559999999976,22.248399999999997]]]}},{"type":"Feature","properties":{"id":"lu-southern-24-67","class":"built_up","vegetationFraction":0.062,"pavedFraction":0.877,"waterFraction":0.022,"simulated":true},"geometry":{"type":"Polygon","coordinates":[[[114.25719999999976,22.248399999999997],[114.25879999999975,22.248399999999997],[114.25879999999975,22.249999999999996],[114.25719999999976,22.249999999999996],[114.25719999999976,22.248399999999997]]]}},{"type":"Feature","properties":{"id":"lu-southern-24-68","class":"built_up","vegetationFraction":0.075,"pavedFraction":0.871,"waterFraction":0.052,"simulated":true},"geometry":{"type":"Polygon","coordinates":[[[114.25879999999975,22.248399999999997],[114.26039999999975,22.248399999999997],[114.26039999999975,22.249999999999996],[114.25879999999975,22.249999999999996],[114.25879999999975,22.248399999999997]]]}},{"type":"Feature","properties":{"id":"lu-southern-24-69","class":"built_up","vegetationFraction":0.063,"pavedFraction":0.95,"waterFraction":0.018,"simulated":true},"geometry":{"type":"Polygon","coordinates":[[[114.26039999999975,22.248399999999997],[114.26199999999974,22.248399999999997],[114.26199999999974,22.249999999999996],[114.26039999999975,22.249999999999996],[114.26039999999975,22.248399999999997]]]}},{"type":"Feature","properties":{"id":"lu-southern-24-70","class":"built_up","vegetationFraction":0.077,"pavedFraction":0.95,"waterFraction":0.015,"simulated":true},"geometry":{"type":"Polygon","coordinates":[[[114.26199999999974,22.248399999999997],[114.26359999999974,22.248399999999997],[114.26359999999974,22.249999999999996],[114.26199999999974,22.249999999999996],[114.26199999999974,22.248399999999997]]]}},{"type":"Feature","properties":{"id":"lu-southern-24-71","class":"built_up","vegetationFraction":0.07,"pavedFraction":0.868,"waterFraction":0.013,"simulated":true},"geometry":{"type":"Polygon","coordinates":[[[114.26359999999974,22.248399999999997],[114.26519999999974,22.248399999999997],[114.26519999999974,22.249999999999996],[114.26359999999974,22.249999999999996],[114.26359999999974,22.248399999999997]]]}},{"type":"Feature","properties":{"id":"lu-southern-25-00","class":"built_up","vegetationFraction":0.069,"pavedFraction":0.926,"waterFraction":0.033,"simulated":true},"geometry":{"type":"Polygon","coordinates":[[[114.15,22.249999999999996],[114.1516,22.249999999999996],[114.1516,22.251599999999996],[114.15,22.251599999999996],[114.15,22.249999999999996]]]}},{"type":"Feature","properties":{"id":"lu-southern-25-01","class":"built_up","vegetationFraction":0.073,"pavedFraction":0.849,"waterFraction":0.06,"simulated":true},"geometry":{"type":"Polygon","coordinates":[[[114.1516,22.249999999999996],[114.1532,22.249999999999996],[114.1532,22.251599999999996],[114.1516,22.251599999999996],[114.1516,22.249999999999996]]]}},{"type":"Feature","properties":{"id":"lu-southern-25-02","class":"built_up","vegetationFraction":0.04,"pavedFraction":0.895,"waterFraction":0.023,"simulated":true},"geometry":{"type":"Polygon","coordinates":[[[114.1532,22.249999999999996],[114.1548,22.249999999999996],[114.1548,22.251599999999996],[114.1532,22.251599999999996],[114.1532,22.249999999999996]]]}},{"type":"Feature","properties":{"id":"lu-southern-25-03","class":"built_up","vegetationFraction":0.06,"pavedFraction":0.95,"waterFraction":0.003,"simulated":true},"geometry":{"type":"Polygon","coordinates":[[[114.1548,22.249999999999996],[114.15639999999999,22.249999999999996],[114.15639999999999,22.251599999999996],[114.1548,22.251599999999996],[114.1548,22.249999999999996]]]}},{"type":"Feature","properties":{"id":"lu-southern-25-04","class":"built_up","vegetationFraction":0.077,"pavedFraction":0.754,"waterFraction":0.037,"simulated":true},"geometry":{"type":"Polygon","coordinates":[[[114.15639999999999,22.249999999999996],[114.15799999999999,22.249999999999996],[114.15799999999999,22.251599999999996],[114.15639999999999,22.251599999999996],[114.15639999999999,22.249999999999996]]]}},{"type":"Feature","properties":{"id":"lu-southern-25-05","class":"built_up","vegetationFraction":0.04,"pavedFraction":0.755,"waterFraction":0.052,"simulated":true},"geometry":{"type":"Polygon","coordinates":[[[114.15799999999999,22.249999999999996],[114.15959999999998,22.249999999999996],[114.15959999999998,22.251599999999996],[114.15799999999999,22.251599999999996],[114.15799999999999,22.249999999999996]]]}},{"type":"Feature","properties":{"id":"lu-southern-25-06","class":"built_up","vegetationFraction":0.07,"pavedFraction":0.802,"waterFraction":0.015,"simulated":true},"geometry":{"type":"Polygon","coordinates":[[[114.15959999999998,22.249999999999996],[114.16119999999998,22.249999999999996],[114.16119999999998,22.251599999999996],[114.15959999999998,22.251599999999996],[114.15959999999998,22.249999999999996]]]}},{"type":"Feature","properties":{"id":"lu-southern-25-07","class":"built_up","vegetationFraction":0.057,"pavedFraction":0.949,"waterFraction":0.053,"simulated":true},"geometry":{"type":"Polygon","coordinates":[[[114.16119999999998,22.249999999999996],[114.16279999999998,22.249999999999996],[114.16279999999998,22.251599999999996],[114.16119999999998,22.251599999999996],[114.16119999999998,22.249999999999996]]]}},{"type":"Feature","properties":{"id":"lu-southern-25-08","class":"built_up","vegetationFraction":0.073,"pavedFraction":0.896,"waterFraction":0.01,"simulated":true},"geometry":{"type":"Polygon","coordinates":[[[114.16279999999998,22.249999999999996],[114.16439999999997,22.249999999999996],[114.16439999999997,22.251599999999996],[114.16279999999998,22.251599999999996],[114.16279999999998,22.249999999999996]]]}},{"type":"Feature","properties":{"id":"lu-southern-25-09","class":"built_up","vegetationFraction":0.037,"pavedFraction":0.764,"waterFraction":0.018,"simulated":true},"geometry":{"type":"Polygon","coordinates":[[[114.16439999999997,22.249999999999996],[114.16599999999997,22.249999999999996],[114.16599999999997,22.251599999999996],[114.16439999999997,22.251599999999996],[114.16439999999997,22.249999999999996]]]}},{"type":"Feature","properties":{"id":"lu-southern-25-10","class":"built_up","vegetationFraction":0.08,"pavedFraction":0.95,"waterFraction":0.008,"simulated":true},"geometry":{"type":"Polygon","coordinates":[[[114.16599999999997,22.249999999999996],[114.16759999999996,22.249999999999996],[114.16759999999996,22.251599999999996],[114.16599999999997,22.251599999999996],[114.16599999999997,22.249999999999996]]]}},{"type":"Feature","properties":{"id":"lu-southern-25-11","class":"built_up","vegetationFraction":0.031,"pavedFraction":0.905,"waterFraction":0.006,"simulated":true},"geometry":{"type":"Polygon","coordinates":[[[114.16759999999996,22.249999999999996],[114.16919999999996,22.249999999999996],[114.16919999999996,22.251599999999996],[114.16759999999996,22.251599999999996],[114.16759999999996,22.249999999999996]]]}},{"type":"Feature","properties":{"id":"lu-southern-25-12","class":"built_up","vegetationFraction":0.041,"pavedFraction":0.95,"waterFraction":0.012,"simulated":true},"geometry":{"type":"Polygon","coordinates":[[[114.16919999999996,22.249999999999996],[114.17079999999996,22.249999999999996],[114.17079999999996,22.251599999999996],[114.16919999999996,22.251599999999996],[114.16919999999996,22.249999999999996]]]}},{"type":"Feature","properties":{"id":"lu-southern-25-13","class":"built_up","vegetationFraction":0.07,"pavedFraction":0.752,"waterFraction":0.055,"simulated":true},"geometry":{"type":"Polygon","coordinates":[[[114.17079999999996,22.249999999999996],[114.17239999999995,22.249999999999996],[114.17239999999995,22.251599999999996],[114.17079999999996,22.251599999999996],[114.17079999999996,22.249999999999996]]]}},{"type":"Feature","properties":{"id":"lu-southern-25-14","class":"built_up","vegetationFraction":0.045,"pavedFraction":0.763,"waterFraction":0.027,"simulated":true},"geometry":{"type":"Polygon","coordinates":[[[114.17239999999995,22.249999999999996],[114.17399999999995,22.249999999999996],[114.17399999999995,22.251599999999996],[114.17239999999995,22.251599999999996],[114.17239999999995,22.249999999999996]]]}},{"type":"Feature","properties":{"id":"lu-southern-25-15","class":"built_up","vegetationFraction":0.045,"pavedFraction":0.95,"waterFraction":0.033,"simulated":true},"geometry":{"type":"Polygon","coordinates":[[[114.17399999999995,22.249999999999996],[114.17559999999995,22.249999999999996],[114.17559999999995,22.251599999999996],[114.17399999999995,22.251599999999996],[114.17399999999995,22.249999999999996]]]}},{"type":"Feature","properties":{"id":"lu-southern-25-16","class":"built_up","vegetationFraction":0.054,"pavedFraction":0.885,"waterFraction":0.045,"simulated":true},"geometry":{"type":"Polygon","coordinates":[[[114.17559999999995,22.249999999999996],[114.17719999999994,22.249999999999996],[114.17719999999994,22.251599999999996],[114.17559999999995,22.251599999999996],[114.17559999999995,22.249999999999996]]]}},{"type":"Feature","properties":{"id":"lu-southern-25-17","class":"built_up","vegetationFraction":0.042,"pavedFraction":0.858,"waterFraction":0.043,"simulated":true},"geometry":{"type":"Polygon","coordinates":[[[114.17719999999994,22.249999999999996],[114.17879999999994,22.249999999999996],[114.17879999999994,22.251599999999996],[114.17719999999994,22.251599999999996],[114.17719999999994,22.249999999999996]]]}},{"type":"Feature","properties":{"id":"lu-southern-25-18","class":"built_up","vegetationFraction":0.067,"pavedFraction":0.95,"waterFraction":0.043,"simulated":true},"geometry":{"type":"Polygon","coordinates":[[[114.17879999999994,22.249999999999996],[114.18039999999993,22.249999999999996],[114.18039999999993,22.251599999999996],[114.17879999999994,22.251599999999996],[114.17879999999994,22.249999999999996]]]}},{"type":"Feature","properties":{"id":"lu-southern-25-19","class":"built_up","vegetationFraction":0.071,"pavedFraction":0.782,"waterFraction":0.055,"simulated":true},"geometry":{"type":"Polygon","coordinates":[[[114.18039999999993,22.249999999999996],[114.18199999999993,22.249999999999996],[114.18199999999993,22.251599999999996],[114.18039999999993,22.251599999999996],[114.18039999999993,22.249999999999996]]]}},{"type":"Feature","properties":{"id":"lu-southern-25-20","class":"built_up","vegetationFraction":0.081,"pavedFraction":0.802,"waterFraction":0.045,"simulated":true},"geometry":{"type":"Polygon","coordinates":[[[114.18199999999993,22.249999999999996],[114.18359999999993,22.249999999999996],[114.18359999999993,22.251599999999996],[114.18199999999993,22.251599999999996],[114.18199999999993,22.249999999999996]]]}},{"type":"Feature","properties":{"id":"lu-southern-25-21","class":"built_up","vegetationFraction":0.054,"pavedFraction":0.851,"waterFraction":0.057,"simulated":true},"geometry":{"type":"Polygon","coordinates":[[[114.18359999999993,22.249999999999996],[114.18519999999992,22.249999999999996],[114.18519999999992,22.251599999999996],[114.18359999999993,22.251599999999996],[114.18359999999993,22.249999999999996]]]}},{"type":"Feature","properties":{"id":"lu-southern-25-22","class":"built_up","vegetationFraction":0.033,"pavedFraction":0.946,"waterFraction":0.022,"simulated":true},"geometry":{"type":"Polygon","coordinates":[[[114.18519999999992,22.249999999999996],[114.18679999999992,22.249999999999996],[114.18679999999992,22.251599999999996],[114.18519999999992,22.251599999999996],[114.18519999999992,22.249999999999996]]]}},{"type":"Feature","properties":{"id":"lu-southern-25-23","class":"built_up","vegetationFraction":0.071,"pavedFraction":0.875,"waterFraction":0.013,"simulated":true},"geometry":{"type":"Polygon","coordinates":[[[114.18679999999992,22.249999999999996],[114.18839999999992,22.249999999999996],[114.18839999999992,22.251599999999996],[114.18679999999992,22.251599999999996],[114.18679999999992,22.249999999999996]]]}},{"type":"Feature","properties":{"id":"lu-southern-25-24","class":"built_up","vegetationFraction":0.08,"pavedFraction":0.869,"waterFraction":0.048,"simulated":true},"geometry":{"type":"Polygon","coordinates":[[[114.18839999999992,22.249999999999996],[114.18999999999991,22.249999999999996],[114.18999999999991,22.251599999999996],[114.18839999999992,22.251599999999996],[114.18839999999992,22.249999999999996]]]}},{"type":"Feature","properties":{"id":"lu-southern-25-25","class":"built_up","vegetationFraction":0.073,"pavedFraction":0.884,"waterFraction":0.052,"simulated":true},"geometry":{"type":"Polygon","coordinates":[[[114.18999999999991,22.249999999999996],[114.19159999999991,22.249999999999996],[114.19159999999991,22.251599999999996],[114.18999999999991,22.251599999999996],[114.18999999999991,22.249999999999996]]]}},{"type":"Feature","properties":{"id":"lu-southern-25-26","class":"built_up","vegetationFraction":0.062,"pavedFraction":0.734,"waterFraction":0.036,"simulated":true},"geometry":{"type":"Polygon","coordinates":[[[114.19159999999991,22.249999999999996],[114.1931999999999,22.249999999999996],[114.1931999999999,22.251599999999996],[114.19159999999991,22.251599999999996],[114.19159999999991,22.249999999999996]]]}},{"type":"Feature","properties":{"id":"lu-southern-25-27","class":"built_up","vegetationFraction":0.039,"pavedFraction":0.95,"waterFraction":0.012,"simulated":true},"geometry":{"type":"Polygon","coordinates":[[[114.1931999999999,22.249999999999996],[114.1947999999999,22.249999999999996],[114.1947999999999,22.251599999999996],[114.1931999999999,22.251599999999996],[114.1931999999999,22.249999999999996]]]}},{"type":"Feature","properties":{"id":"lu-southern-25-28","class":"built_up","vegetationFraction":0.049,"pavedFraction":0.95,"waterFraction":0.013,"simulated":true},"geometry":{"type":"Polygon","coordinates":[[[114.1947999999999,22.249999999999996],[114.1963999999999,22.249999999999996],[114.1963999999999,22.251599999999996],[114.1947999999999,22.251599999999996],[114.1947999999999,22.249999999999996]]]}},{"type":"Feature","properties":{"id":"lu-southern-25-29","class":"built_up","vegetationFraction":0.054,"pavedFraction":0.919,"waterFraction":0.041,"simulated":true},"geometry":{"type":"Polygon","coordinates":[[[114.1963999999999,22.249999999999996],[114.1979999999999,22.249999999999996],[114.1979999999999,22.251599999999996],[114.1963999999999,22.251599999999996],[114.1963999999999,22.249999999999996]]]}},{"type":"Feature","properties":{"id":"lu-southern-25-30","class":"built_up","vegetationFraction":0.04,"pavedFraction":0.917,"waterFraction":0.021,"simulated":true},"geometry":{"type":"Polygon","coordinates":[[[114.1979999999999,22.249999999999996],[114.19959999999989,22.249999999999996],[114.19959999999989,22.251599999999996],[114.1979999999999,22.251599999999996],[114.1979999999999,22.249999999999996]]]}},{"type":"Feature","properties":{"id":"lu-southern-25-31","class":"built_up","vegetationFraction":0.05,"pavedFraction":0.95,"waterFraction":0.052,"simulated":true},"geometry":{"type":"Polygon","coordinates":[[[114.19959999999989,22.249999999999996],[114.20119999999989,22.249999999999996],[114.20119999999989,22.251599999999996],[114.19959999999989,22.251599999999996],[114.19959999999989,22.249999999999996]]]}},{"type":"Feature","properties":{"id":"lu-southern-25-32","class":"built_up","vegetationFraction":0.059,"pavedFraction":0.748,"waterFraction":0.052,"simulated":true},"geometry":{"type":"Polygon","coordinates":[[[114.20119999999989,22.249999999999996],[114.20279999999988,22.249999999999996],[114.20279999999988,22.251599999999996],[114.20119999999989,22.251599999999996],[114.20119999999989,22.249999999999996]]]}},{"type":"Feature","properties":{"id":"lu-southern-25-33","class":"built_up","vegetationFraction":0.083,"pavedFraction":0.95,"waterFraction":0.045,"simulated":true},"geometry":{"type":"Polygon","coordinates":[[[114.20279999999988,22.249999999999996],[114.20439999999988,22.249999999999996],[114.20439999999988,22.251599999999996],[114.20279999999988,22.251599999999996],[114.20279999999988,22.249999999999996]]]}},{"type":"Feature","properties":{"id":"lu-southern-25-34","class":"built_up","vegetationFraction":0.031,"pavedFraction":0.95,"waterFraction":0.026,"simulated":true},"geometry":{"type":"Polygon","coordinates":[[[114.20439999999988,22.249999999999996],[114.20599999999988,22.249999999999996],[114.20599999999988,22.251599999999996],[114.20439999999988,22.251599999999996],[114.20439999999988,22.249999999999996]]]}},{"type":"Feature","properties":{"id":"lu-southern-25-35","class":"built_up","vegetationFraction":0.059,"pavedFraction":0.95,"waterFraction":0.04,"simulated":true},"geometry":{"type":"Polygon","coordinates":[[[114.20599999999988,22.249999999999996],[114.20759999999987,22.249999999999996],[114.20759999999987,22.251599999999996],[114.20599999999988,22.251599999999996],[114.20599999999988,22.249999999999996]]]}},{"type":"Feature","properties":{"id":"lu-southern-25-36","class":"built_up","vegetationFraction":0.076,"pavedFraction":0.809,"waterFraction":0.036,"simulated":true},"geometry":{"type":"Polygon","coordinates":[[[114.20759999999987,22.249999999999996],[114.20919999999987,22.249999999999996],[114.20919999999987,22.251599999999996],[114.20759999999987,22.251599999999996],[114.20759999999987,22.249999999999996]]]}},{"type":"Feature","properties":{"id":"lu-southern-25-37","class":"built_up","vegetationFraction":0.055,"pavedFraction":0.804,"waterFraction":0.003,"simulated":true},"geometry":{"type":"Polygon","coordinates":[[[114.20919999999987,22.249999999999996],[114.21079999999986,22.249999999999996],[114.21079999999986,22.251599999999996],[114.20919999999987,22.251599999999996],[114.20919999999987,22.249999999999996]]]}},{"type":"Feature","properties":{"id":"lu-southern-25-38","class":"built_up","vegetationFraction":0.083,"pavedFraction":0.734,"waterFraction":0.024,"simulated":true},"geometry":{"type":"Polygon","coordinates":[[[114.21079999999986,22.249999999999996],[114.21239999999986,22.249999999999996],[114.21239999999986,22.251599999999996],[114.21079999999986,22.251599999999996],[114.21079999999986,22.249999999999996]]]}},{"type":"Feature","properties":{"id":"lu-southern-25-39","class":"built_up","vegetationFraction":0.048,"pavedFraction":0.95,"waterFraction":0.021,"simulated":true},"geometry":{"type":"Polygon","coordinates":[[[114.21239999999986,22.249999999999996],[114.21399999999986,22.249999999999996],[114.21399999999986,22.251599999999996],[114.21239999999986,22.251599999999996],[114.21239999999986,22.249999999999996]]]}},{"type":"Feature","properties":{"id":"lu-southern-25-40","class":"built_up","vegetationFraction":0.062,"pavedFraction":0.863,"waterFraction":0.049,"simulated":true},"geometry":{"type":"Polygon","coordinates":[[[114.21399999999986,22.249999999999996],[114.21559999999985,22.249999999999996],[114.21559999999985,22.251599999999996],[114.21399999999986,22.251599999999996],[114.21399999999986,22.249999999999996]]]}},{"type":"Feature","properties":{"id":"lu-southern-25-41","class":"built_up","vegetationFraction":0.073,"pavedFraction":0.882,"waterFraction":0.025,"simulated":true},"geometry":{"type":"Polygon","coordinates":[[[114.21559999999985,22.249999999999996],[114.21719999999985,22.249999999999996],[114.21719999999985,22.251599999999996],[114.21559999999985,22.251599999999996],[114.21559999999985,22.249999999999996]]]}},{"type":"Feature","properties":{"id":"lu-southern-25-42","class":"built_up","vegetationFraction":0.06,"pavedFraction":0.851,"waterFraction":0.034,"simulated":true},"geometry":{"type":"Polygon","coordinates":[[[114.21719999999985,22.249999999999996],[114.21879999999985,22.249999999999996],[114.21879999999985,22.251599999999996],[114.21719999999985,22.251599999999996],[114.21719999999985,22.249999999999996]]]}},{"type":"Feature","properties":{"id":"lu-southern-25-43","class":"built_up","vegetationFraction":0.037,"pavedFraction":0.883,"waterFraction":0.06,"simulated":true},"geometry":{"type":"Polygon","coordinates":[[[114.21879999999985,22.249999999999996],[114.22039999999984,22.249999999999996],[114.22039999999984,22.251599999999996],[114.21879999999985,22.251599999999996],[114.21879999999985,22.249999999999996]]]}},{"type":"Feature","properties":{"id":"lu-southern-25-44","class":"built_up","vegetationFraction":0.045,"pavedFraction":0.79,"waterFraction":0.012,"simulated":true},"geometry":{"type":"Polygon","coordinates":[[[114.22039999999984,22.249999999999996],[114.22199999999984,22.249999999999996],[114.22199999999984,22.251599999999996],[114.22039999999984,22.251599999999996],[114.22039999999984,22.249999999999996]]]}},{"type":"Feature","properties":{"id":"lu-southern-25-45","class":"built_up","vegetationFraction":0.047,"pavedFraction":0.95,"waterFraction":0.053,"simulated":true},"geometry":{"type":"Polygon","coordinates":[[[114.22199999999984,22.249999999999996],[114.22359999999983,22.249999999999996],[114.22359999999983,22.251599999999996],[114.22199999999984,22.251599999999996],[114.22199999999984,22.249999999999996]]]}},{"type":"Feature","properties":{"id":"lu-southern-25-46","class":"built_up","vegetationFraction":0.037,"pavedFraction":0.775,"waterFraction":0.019,"simulated":true},"geometry":{"type":"Polygon","coordinates":[[[114.22359999999983,22.249999999999996],[114.22519999999983,22.249999999999996],[114.22519999999983,22.251599999999996],[114.22359999999983,22.251599999999996],[114.22359999999983,22.249999999999996]]]}},{"type":"Feature","properties":{"id":"lu-southern-25-47","class":"built_up","vegetationFraction":0.03,"pavedFraction":0.751,"waterFraction":0.01,"simulated":true},"geometry":{"type":"Polygon","coordinates":[[[114.22519999999983,22.249999999999996],[114.22679999999983,22.249999999999996],[114.22679999999983,22.251599999999996],[114.22519999999983,22.251599999999996],[114.22519999999983,22.249999999999996]]]}},{"type":"Feature","properties":{"id":"lu-southern-25-48","class":"built_up","vegetationFraction":0.077,"pavedFraction":0.95,"waterFraction":0.035,"simulated":true},"geometry":{"type":"Polygon","coordinates":[[[114.22679999999983,22.249999999999996],[114.22839999999982,22.249999999999996],[114.22839999999982,22.251599999999996],[114.22679999999983,22.251599999999996],[114.22679999999983,22.249999999999996]]]}},{"type":"Feature","properties":{"id":"lu-southern-25-49","class":"built_up","vegetationFraction":0.035,"pavedFraction":0.812,"waterFraction":0.051,"simulated":true},"geometry":{"type":"Polygon","coordinates":[[[114.22839999999982,22.249999999999996],[114.22999999999982,22.249999999999996],[114.22999999999982,22.251599999999996],[114.22839999999982,22.251599999999996],[114.22839999999982,22.249999999999996]]]}},{"type":"Feature","properties":{"id":"lu-southern-25-50","class":"built_up","vegetationFraction":0.062,"pavedFraction":0.918,"waterFraction":0.024,"simulated":true},"geometry":{"type":"Polygon","coordinates":[[[114.22999999999982,22.249999999999996],[114.23159999999982,22.249999999999996],[114.23159999999982,22.251599999999996],[114.22999999999982,22.251599999999996],[114.22999999999982,22.249999999999996]]]}},{"type":"Feature","properties":{"id":"lu-southern-25-51","class":"built_up","vegetationFraction":0.059,"pavedFraction":0.861,"waterFraction":0.056,"simulated":true},"geometry":{"type":"Polygon","coordinates":[[[114.23159999999982,22.249999999999996],[114.23319999999981,22.249999999999996],[114.23319999999981,22.251599999999996],[114.23159999999982,22.251599999999996],[114.23159999999982,22.249999999999996]]]}},{"type":"Feature","properties":{"id":"lu-southern-25-52","class":"built_up","vegetationFraction":0.039,"pavedFraction":0.792,"waterFraction":0.042,"simulated":true},"geometry":{"type":"Polygon","coordinates":[[[114.23319999999981,22.249999999999996],[114.23479999999981,22.249999999999996],[114.23479999999981,22.251599999999996],[114.23319999999981,22.251599999999996],[114.23319999999981,22.249999999999996]]]}},{"type":"Feature","properties":{"id":"lu-southern-25-53","class":"built_up","vegetationFraction":0.037,"pavedFraction":0.871,"waterFraction":0.053,"simulated":true},"geometry":{"type":"Polygon","coordinates":[[[114.23479999999981,22.249999999999996],[114.2363999999998,22.249999999999996],[114.2363999999998,22.251599999999996],[114.23479999999981,22.251599999999996],[114.23479999999981,22.249999999999996]]]}},{"type":"Feature","properties":{"id":"lu-southern-25-54","class":"built_up","vegetationFraction":0.073,"pavedFraction":0.95,"waterFraction":0.058,"simulated":true},"geometry":{"type":"Polygon","coordinates":[[[114.2363999999998,22.249999999999996],[114.2379999999998,22.249999999999996],[114.2379999999998,22.251599999999996],[114.2363999999998,22.251599999999996],[114.2363999999998,22.249999999999996]]]}},{"type":"Feature","properties":{"id":"lu-southern-25-55","class":"built_up","vegetationFraction":0.059,"pavedFraction":0.779,"waterFraction":0.058,"simulated":true},"geometry":{"type":"Polygon","coordinates":[[[114.2379999999998,22.249999999999996],[114.2395999999998,22.249999999999996],[114.2395999999998,22.251599999999996],[114.2379999999998,22.251599999999996],[114.2379999999998,22.249999999999996]]]}},{"type":"Feature","properties":{"id":"lu-southern-25-56","class":"built_up","vegetationFraction":0.08,"pavedFraction":0.95,"waterFraction":0.005,"simulated":true},"geometry":{"type":"Polygon","coordinates":[[[114.2395999999998,22.249999999999996],[114.2411999999998,22.249999999999996],[114.2411999999998,22.251599999999996],[114.2395999999998,22.251599999999996],[114.2395999999998,22.249999999999996]]]}},{"type":"Feature","properties":{"id":"lu-southern-25-57","class":"built_up","vegetationFraction":0.034,"pavedFraction":0.95,"waterFraction":0.025,"simulated":true},"geometry":{"type":"Polygon","coordinates":[[[114.2411999999998,22.249999999999996],[114.24279999999979,22.249999999999996],[114.24279999999979,22.251599999999996],[114.2411999999998,22.251599999999996],[114.2411999999998,22.249999999999996]]]}},{"type":"Feature","properties":{"id":"lu-southern-25-58","class":"built_up","vegetationFraction":0.047,"pavedFraction":0.95,"waterFraction":0.024,"simulated":true},"geometry":{"type":"Polygon","coordinates":[[[114.24279999999979,22.249999999999996],[114.24439999999979,22.249999999999996],[114.24439999999979,22.251599999999996],[114.24279999999979,22.251599999999996],[114.24279999999979,22.249999999999996]]]}},{"type":"Feature","properties":{"id":"lu-southern-25-59","class":"built_up","vegetationFraction":0.071,"pavedFraction":0.95,"waterFraction":0.044,"simulated":true},"geometry":{"type":"Polygon","coordinates":[[[114.24439999999979,22.249999999999996],[114.24599999999978,22.249999999999996],[114.24599999999978,22.251599999999996],[114.24439999999979,22.251599999999996],[114.24439999999979,22.249999999999996]]]}},{"type":"Feature","properties":{"id":"lu-southern-25-60","class":"built_up","vegetationFraction":0.031,"pavedFraction":0.883,"waterFraction":0.003,"simulated":true},"geometry":{"type":"Polygon","coordinates":[[[114.24599999999978,22.249999999999996],[114.24759999999978,22.249999999999996],[114.24759999999978,22.251599999999996],[114.24599999999978,22.251599999999996],[114.24599999999978,22.249999999999996]]]}},{"type":"Feature","properties":{"id":"lu-southern-25-61","class":"built_up","vegetationFraction":0.058,"pavedFraction":0.778,"waterFraction":0.003,"simulated":true},"geometry":{"type":"Polygon","coordinates":[[[114.24759999999978,22.249999999999996],[114.24919999999977,22.249999999999996],[114.24919999999977,22.251599999999996],[114.24759999999978,22.251599999999996],[114.24759999999978,22.249999999999996]]]}},{"type":"Feature","properties":{"id":"lu-southern-25-62","class":"built_up","vegetationFraction":0.064,"pavedFraction":0.815,"waterFraction":0.016,"simulated":true},"geometry":{"type":"Polygon","coordinates":[[[114.24919999999977,22.249999999999996],[114.25079999999977,22.249999999999996],[114.25079999999977,22.251599999999996],[114.24919999999977,22.251599999999996],[114.24919999999977,22.249999999999996]]]}},{"type":"Feature","properties":{"id":"lu-southern-25-63","class":"built_up","vegetationFraction":0.077,"pavedFraction":0.95,"waterFraction":0.02,"simulated":true},"geometry":{"type":"Polygon","coordinates":[[[114.25079999999977,22.249999999999996],[114.25239999999977,22.249999999999996],[114.25239999999977,22.251599999999996],[114.25079999999977,22.251599999999996],[114.25079999999977,22.249999999999996]]]}},{"type":"Feature","properties":{"id":"lu-southern-25-64","class":"built_up","vegetationFraction":0.036,"pavedFraction":0.879,"waterFraction":0.001,"simulated":true},"geometry":{"type":"Polygon","coordinates":[[[114.25239999999977,22.249999999999996],[114.25399999999976,22.249999999999996],[114.25399999999976,22.251599999999996],[114.25239999999977,22.251599999999996],[114.25239999999977,22.249999999999996]]]}},{"type":"Feature","properties":{"id":"lu-southern-25-65","class":"built_up","vegetationFraction":0.037,"pavedFraction":0.95,"waterFraction":0.028,"simulated":true},"geometry":{"type":"Polygon","coordinates":[[[114.25399999999976,22.249999999999996],[114.25559999999976,22.249999999999996],[114.25559999999976,22.251599999999996],[114.25399999999976,22.251599999999996],[114.25399999999976,22.249999999999996]]]}},{"type":"Feature","properties":{"id":"lu-southern-25-66","class":"built_up","vegetationFraction":0.076,"pavedFraction":0.771,"waterFraction":0.001,"simulated":true},"geometry":{"type":"Polygon","coordinates":[[[114.25559999999976,22.249999999999996],[114.25719999999976,22.249999999999996],[114.25719999999976,22.251599999999996],[114.25559999999976,22.251599999999996],[114.25559999999976,22.249999999999996]]]}},{"type":"Feature","properties":{"id":"lu-southern-25-67","class":"built_up","vegetationFraction":0.08,"pavedFraction":0.792,"waterFraction":0.026,"simulated":true},"geometry":{"type":"Polygon","coordinates":[[[114.25719999999976,22.249999999999996],[114.25879999999975,22.249999999999996],[114.25879999999975,22.251599999999996],[114.25719999999976,22.251599999999996],[114.25719999999976,22.249999999999996]]]}},{"type":"Feature","properties":{"id":"lu-southern-25-68","class":"built_up","vegetationFraction":0.077,"pavedFraction":0.799,"waterFraction":0.044,"simulated":true},"geometry":{"type":"Polygon","coordinates":[[[114.25879999999975,22.249999999999996],[114.26039999999975,22.249999999999996],[114.26039999999975,22.251599999999996],[114.25879999999975,22.251599999999996],[114.25879999999975,22.249999999999996]]]}},{"type":"Feature","properties":{"id":"lu-southern-25-69","class":"built_up","vegetationFraction":0.074,"pavedFraction":0.95,"waterFraction":0.058,"simulated":true},"geometry":{"type":"Polygon","coordinates":[[[114.26039999999975,22.249999999999996],[114.26199999999974,22.249999999999996],[114.26199999999974,22.251599999999996],[114.26039999999975,22.251599999999996],[114.26039999999975,22.249999999999996]]]}},{"type":"Feature","properties":{"id":"lu-southern-25-70","class":"built_up","vegetationFraction":0.073,"pavedFraction":0.95,"waterFraction":0.032,"simulated":true},"geometry":{"type":"Polygon","coordinates":[[[114.26199999999974,22.249999999999996],[114.26359999999974,22.249999999999996],[114.26359999999974,22.251599999999996],[114.26199999999974,22.251599999999996],[114.26199999999974,22.249999999999996]]]}},{"type":"Feature","properties":{"id":"lu-southern-25-71","class":"built_up","vegetationFraction":0.048,"pavedFraction":0.782,"waterFraction":0.028,"simulated":true},"geometry":{"type":"Polygon","coordinates":[[[114.26359999999974,22.249999999999996],[114.26519999999974,22.249999999999996],[114.26519999999974,22.251599999999996],[114.26359999999974,22.251599999999996],[114.26359999999974,22.249999999999996]]]}},{"type":"Feature","properties":{"id":"lu-southern-26-00","class":"built_up","vegetationFraction":0.048,"pavedFraction":0.771,"waterFraction":0.008,"simulated":true},"geometry":{"type":"Polygon","coordinates":[[[114.15,22.251599999999996],[114.1516,22.251599999999996],[114.1516,22.253199999999996],[114.15,22.253199999999996],[114.15,22.251599999999996]]]}},{"type":"Feature","properties":{"id":"lu-southern-26-01","class":"built_up","vegetationFraction":0.058,"pavedFraction":0.95,"waterFraction":0.0,"simulated":true},"geometry":{"type":"Polygon","coordinates":[[[114.1516,22.251599999999996],[114.1532,22.251599999999996],[114.1532,22.253199999999996],[114.1516,22.253199999999996],[114.1516,22.251599999999996]]]}},{"type":"Feature","properties":{"id":"lu-southern-26-02","class":"built_up","vegetationFraction":0.038,"pavedFraction":0.939,"waterFraction":0.003,"simulated":true},"geometry":{"type":"Polygon","coordinates":[[[114.1532,22.251599999999996],[114.1548,22.251599999999996],[114.1548,22.253199999999996],[114.1532,22.253199999999996],[114.1532,22.251599999999996]]]}},{"type":"Feature","properties":{"id":"lu-southern-26-03","class":"built_up","vegetationFraction":0.072,"pavedFraction":0.857,"waterFraction":0.028,"simulated":true},"geometry":{"type":"Polygon","coordinates":[[[114.1548,22.251599999999996],[114.15639999999999,22.251599999999996],[114.15639999999999,22.253199999999996],[114.1548,22.253199999999996],[114.1548,22.251599999999996]]]}},{"type":"Feature","properties":{"id":"lu-southern-26-04","class":"built_up","vegetationFraction":0.04,"pavedFraction":0.95,"waterFraction":0.008,"simulated":true},"geometry":{"type":"Polygon","coordinates":[[[114.15639999999999,22.251599999999996],[114.15799999999999,22.251599999999996],[114.15799999999999,22.253199999999996],[114.15639999999999,22.253199999999996],[114.15639999999999,22.251599999999996]]]}},{"type":"Feature","properties":{"id":"lu-southern-26-05","class":"built_up","vegetationFraction":0.071,"pavedFraction":0.798,"waterFraction":0.007,"simulated":true},"geometry":{"type":"Polygon","coordinates":[[[114.15799999999999,22.251599999999996],[114.15959999999998,22.251599999999996],[114.15959999999998,22.253199999999996],[114.15799999999999,22.253199999999996],[114.15799999999999,22.251599999999996]]]}},{"type":"Feature","properties":{"id":"lu-southern-26-06","class":"built_up","vegetationFraction":0.052,"pavedFraction":0.83,"waterFraction":0.031,"simulated":true},"geometry":{"type":"Polygon","coordinates":[[[114.15959999999998,22.251599999999996],[114.16119999999998,22.251599999999996],[114.16119999999998,22.253199999999996],[114.15959999999998,22.253199999999996],[114.15959999999998,22.251599999999996]]]}},{"type":"Feature","properties":{"id":"lu-southern-26-07","class":"built_up","vegetationFraction":0.063,"pavedFraction":0.95,"waterFraction":0.043,"simulated":true},"geometry":{"type":"Polygon","coordinates":[[[114.16119999999998,22.251599999999996],[114.16279999999998,22.251599999999996],[114.16279999999998,22.253199999999996],[114.16119999999998,22.253199999999996],[114.16119999999998,22.251599999999996]]]}},{"type":"Feature","properties":{"id":"lu-southern-26-08","class":"built_up","vegetationFraction":0.083,"pavedFraction":0.95,"waterFraction":0.036,"simulated":true},"geometry":{"type":"Polygon","coordinates":[[[114.16279999999998,22.251599999999996],[114.16439999999997,22.251599999999996],[114.16439999999997,22.253199999999996],[114.16279999999998,22.253199999999996],[114.16279999999998,22.251599999999996]]]}},{"type":"Feature","properties":{"id":"lu-southern-26-09","class":"built_up","vegetationFraction":0.056,"pavedFraction":0.758,"waterFraction":0.055,"simulated":true},"geometry":{"type":"Polygon","coordinates":[[[114.16439999999997,22.251599999999996],[114.16599999999997,22.251599999999996],[114.16599999999997,22.253199999999996],[114.16439999999997,22.253199999999996],[114.16439999999997,22.251599999999996]]]}},{"type":"Feature","properties":{"id":"lu-southern-26-10","class":"built_up","vegetationFraction":0.067,"pavedFraction":0.938,"waterFraction":0.016,"simulated":true},"geometry":{"type":"Polygon","coordinates":[[[114.16599999999997,22.251599999999996],[114.16759999999996,22.251599999999996],[114.16759999999996,22.253199999999996],[114.16599999999997,22.253199999999996],[114.16599999999997,22.251599999999996]]]}},{"type":"Feature","properties":{"id":"lu-southern-26-11","class":"built_up","vegetationFraction":0.073,"pavedFraction":0.837,"waterFraction":0.033,"simulated":true},"geometry":{"type":"Polygon","coordinates":[[[114.16759999999996,22.251599999999996],[114.16919999999996,22.251599999999996],[114.16919999999996,22.253199999999996],[114.16759999999996,22.253199999999996],[114.16759999999996,22.251599999999996]]]}},{"type":"Feature","properties":{"id":"lu-southern-26-12","class":"built_up","vegetationFraction":0.04,"pavedFraction":0.918,"waterFraction":0.031,"simulated":true},"geometry":{"type":"Polygon","coordinates":[[[114.16919999999996,22.251599999999996],[114.17079999999996,22.251599999999996],[114.17079999999996,22.253199999999996],[114.16919999999996,22.253199999999996],[114.16919999999996,22.251599999999996]]]}},{"type":"Feature","properties":{"id":"lu-southern-26-13","class":"built_up","vegetationFraction":0.065,"pavedFraction":0.876,"waterFraction":0.033,"simulated":true},"geometry":{"type":"Polygon","coordinates":[[[114.17079999999996,22.251599999999996],[114.17239999999995,22.251599999999996],[114.17239999999995,22.253199999999996],[114.17079999999996,22.253199999999996],[114.17079999999996,22.251599999999996]]]}},{"type":"Feature","properties":{"id":"lu-southern-26-14","class":"built_up","vegetationFraction":0.039,"pavedFraction":0.852,"waterFraction":0.032,"simulated":true},"geometry":{"type":"Polygon","coordinates":[[[114.17239999999995,22.251599999999996],[114.17399999999995,22.251599999999996],[114.17399999999995,22.253199999999996],[114.17239999999995,22.253199999999996],[114.17239999999995,22.251599999999996]]]}},{"type":"Feature","properties":{"id":"lu-southern-26-15","class":"built_up","vegetationFraction":0.057,"pavedFraction":0.95,"waterFraction":0.048,"simulated":true},"geometry":{"type":"Polygon","coordinates":[[[114.17399999999995,22.251599999999996],[114.17559999999995,22.251599999999996],[114.17559999999995,22.253199999999996],[114.17399999999995,22.253199999999996],[114.17399999999995,22.251599999999996]]]}},{"type":"Feature","properties":{"id":"lu-southern-26-16","class":"built_up","vegetationFraction":0.083,"pavedFraction":0.897,"waterFraction":0.052,"simulated":true},"geometry":{"type":"Polygon","coordinates":[[[114.17559999999995,22.251599999999996],[114.17719999999994,22.251599999999996],[114.17719999999994,22.253199999999996],[114.17559999999995,22.253199999999996],[114.17559999999995,22.251599999999996]]]}},{"type":"Feature","properties":{"id":"lu-southern-26-17","class":"built_up","vegetationFraction":0.069,"pavedFraction":0.764,"waterFraction":0.056,"simulated":true},"geometry":{"type":"Polygon","coordinates":[[[114.17719999999994,22.251599999999996],[114.17879999999994,22.251599999999996],[114.17879999999994,22.253199999999996],[114.17719999999994,22.253199999999996],[114.17719999999994,22.251599999999996]]]}},{"type":"Feature","properties":{"id":"lu-southern-26-18","class":"built_up","vegetationFraction":0.032,"pavedFraction":0.95,"waterFraction":0.015,"simulated":true},"geometry":{"type":"Polygon","coordinates":[[[114.17879999999994,22.251599999999996],[114.18039999999993,22.251599999999996],[114.18039999999993,22.253199999999996],[114.17879999999994,22.253199999999996],[114.17879999999994,22.251599999999996]]]}},{"type":"Feature","properties":{"id":"lu-southern-26-19","class":"built_up","vegetationFraction":0.051,"pavedFraction":0.868,"waterFraction":0.033,"simulated":true},"geometry":{"type":"Polygon","coordinates":[[[114.18039999999993,22.251599999999996],[114.18199999999993,22.251599999999996],[114.18199999999993,22.253199999999996],[114.18039999999993,22.253199999999996],[114.18039999999993,22.251599999999996]]]}},{"type":"Feature","properties":{"id":"lu-southern-26-20","class":"built_up","vegetationFraction":0.033,"pavedFraction":0.842,"waterFraction":0.029,"simulated":true},"geometry":{"type":"Polygon","coordinates":[[[114.18199999999993,22.251599999999996],[114.18359999999993,22.251599999999996],[114.18359999999993,22.253199999999996],[114.18199999999993,22.253199999999996],[114.18199999999993,22.251599999999996]]]}},{"type":"Feature","properties":{"id":"lu-southern-26-21","class":"built_up","vegetationFraction":0.037,"pavedFraction":0.945,"waterFraction":0.033,"simulated":true},"geometry":{"type":"Polygon","coordinates":[[[114.18359999999993,22.251599999999996],[114.18519999999992,22.251599999999996],[114.18519999999992,22.253199999999996],[114.18359999999993,22.253199999999996],[114.18359999999993,22.251599999999996]]]}},{"type":"Feature","properties":{"id":"lu-southern-26-22","class":"built_up","vegetationFraction":0.05,"pavedFraction":0.876,"waterFraction":0.025,"simulated":true},"geometry":{"type":"Polygon","coordinates":[[[114.18519999999992,22.251599999999996],[114.18679999999992,22.251599999999996],[114.18679999999992,22.253199999999996],[114.18519999999992,22.253199999999996],[114.18519999999992,22.251599999999996]]]}},{"type":"Feature","properties":{"id":"lu-southern-26-23","class":"built_up","vegetationFraction":0.072,"pavedFraction":0.922,"waterFraction":0.01,"simulated":true},"geometry":{"type":"Polygon","coordinates":[[[114.18679999999992,22.251599999999996],[114.18839999999992,22.251599999999996],[114.18839999999992,22.253199999999996],[114.18679999999992,22.253199999999996],[114.18679999999992,22.251599999999996]]]}},{"type":"Feature","properties":{"id":"lu-southern-26-24","class":"built_up","vegetationFraction":0.08,"pavedFraction":0.879,"waterFraction":0.04,"simulated":true},"geometry":{"type":"Polygon","coordinates":[[[114.18839999999992,22.251599999999996],[114.18999999999991,22.251599999999996],[114.18999999999991,22.253199999999996],[114.18839999999992,22.253199999999996],[114.18839999999992,22.251599999999996]]]}},{"type":"Feature","properties":{"id":"lu-southern-26-25","class":"built_up","vegetationFraction":0.082,"pavedFraction":0.741,"waterFraction":0.027,"simulated":true},"geometry":{"type":"Polygon","coordinates":[[[114.18999999999991,22.251599999999996],[114.19159999999991,22.251599999999996],[114.19159999999991,22.253199999999996],[114.18999999999991,22.253199999999996],[114.18999999999991,22.251599999999996]]]}},{"type":"Feature","properties":{"id":"lu-southern-26-26","class":"built_up","vegetationFraction":0.083,"pavedFraction":0.843,"waterFraction":0.031,"simulated":true},"geometry":{"type":"Polygon","coordinates":[[[114.19159999999991,22.251599999999996],[114.1931999999999,22.251599999999996],[114.1931999999999,22.253199999999996],[114.19159999999991,22.253199999999996],[114.19159999999991,22.251599999999996]]]}},{"type":"Feature","properties":{"id":"lu-southern-26-27","class":"built_up","vegetationFraction":0.056,"pavedFraction":0.95,"waterFraction":0.04,"simulated":true},"geometry":{"type":"Polygon","coordinates":[[[114.1931999999999,22.251599999999996],[114.1947999999999,22.251599999999996],[114.1947999999999,22.253199999999996],[114.1931999999999,22.253199999999996],[114.1931999999999,22.251599999999996]]]}},{"type":"Feature","properties":{"id":"lu-southern-26-28","class":"built_up","vegetationFraction":0.031,"pavedFraction":0.914,"waterFraction":0.024,"simulated":true},"geometry":{"type":"Polygon","coordinates":[[[114.1947999999999,22.251599999999996],[114.1963999999999,22.251599999999996],[114.1963999999999,22.253199999999996],[114.1947999999999,22.253199999999996],[114.1947999999999,22.251599999999996]]]}},{"type":"Feature","properties":{"id":"lu-southern-26-29","class":"built_up","vegetationFraction":0.072,"pavedFraction":0.806,"waterFraction":0.043,"simulated":true},"geometry":{"type":"Polygon","coordinates":[[[114.1963999999999,22.251599999999996],[114.1979999999999,22.251599999999996],[114.1979999999999,22.253199999999996],[114.1963999999999,22.253199999999996],[114.1963999999999,22.251599999999996]]]}},{"type":"Feature","properties":{"id":"lu-southern-26-30","class":"built_up","vegetationFraction":0.066,"pavedFraction":0.743,"waterFraction":0.032,"simulated":true},"geometry":{"type":"Polygon","coordinates":[[[114.1979999999999,22.251599999999996],[114.19959999999989,22.251599999999996],[114.19959999999989,22.253199999999996],[114.1979999999999,22.253199999999996],[114.1979999999999,22.251599999999996]]]}},{"type":"Feature","properties":{"id":"lu-southern-26-31","class":"built_up","vegetationFraction":0.046,"pavedFraction":0.817,"waterFraction":0.034,"simulated":true},"geometry":{"type":"Polygon","coordinates":[[[114.19959999999989,22.251599999999996],[114.20119999999989,22.251599999999996],[114.20119999999989,22.253199999999996],[114.19959999999989,22.253199999999996],[114.19959999999989,22.251599999999996]]]}},{"type":"Feature","properties":{"id":"lu-southern-26-32","class":"built_up","vegetationFraction":0.073,"pavedFraction":0.911,"waterFraction":0.057,"simulated":true},"geometry":{"type":"Polygon","coordinates":[[[114.20119999999989,22.251599999999996],[114.20279999999988,22.251599999999996],[114.20279999999988,22.253199999999996],[114.20119999999989,22.253199999999996],[114.20119999999989,22.251599999999996]]]}},{"type":"Feature","properties":{"id":"lu-southern-26-33","class":"built_up","vegetationFraction":0.075,"pavedFraction":0.95,"waterFraction":0.012,"simulated":true},"geometry":{"type":"Polygon","coordinates":[[[114.20279999999988,22.251599999999996],[114.20439999999988,22.251599999999996],[114.20439999999988,22.253199999999996],[114.20279999999988,22.253199999999996],[114.20279999999988,22.251599999999996]]]}},{"type":"Feature","properties":{"id":"lu-southern-26-34","class":"built_up","vegetationFraction":0.053,"pavedFraction":0.809,"waterFraction":0.039,"simulated":true},"geometry":{"type":"Polygon","coordinates":[[[114.20439999999988,22.251599999999996],[114.20599999999988,22.251599999999996],[114.20599999999988,22.253199999999996],[114.20439999999988,22.253199999999996],[114.20439999999988,22.251599999999996]]]}},{"type":"Feature","properties":{"id":"lu-southern-26-35","class":"built_up","vegetationFraction":0.053,"pavedFraction":0.95,"waterFraction":0.053,"simulated":true},"geometry":{"type":"Polygon","coordinates":[[[114.20599999999988,22.251599999999996],[114.20759999999987,22.251599999999996],[114.20759999999987,22.253199999999996],[114.20599999999988,22.253199999999996],[114.20599999999988,22.251599999999996]]]}},{"type":"Feature","properties":{"id":"lu-southern-26-36","class":"built_up","vegetationFraction":0.079,"pavedFraction":0.95,"waterFraction":0.032,"simulated":true},"geometry":{"type":"Polygon","coordinates":[[[114.20759999999987,22.251599999999996],[114.20919999999987,22.251599999999996],[114.20919999999987,22.253199999999996],[114.20759999999987,22.253199999999996],[114.20759999999987,22.251599999999996]]]}},{"type":"Feature","properties":{"id":"lu-southern-26-37","class":"built_up","vegetationFraction":0.06,"pavedFraction":0.754,"waterFraction":0.053,"simulated":true},"geometry":{"type":"Polygon","coordinates":[[[114.20919999999987,22.251599999999996],[114.21079999999986,22.251599999999996],[114.21079999999986,22.253199999999996],[114.20919999999987,22.253199999999996],[114.20919999999987,22.251599999999996]]]}},{"type":"Feature","properties":{"id":"lu-southern-26-38","class":"built_up","vegetationFraction":0.066,"pavedFraction":0.877,"waterFraction":0.036,"simulated":true},"geometry":{"type":"Polygon","coordinates":[[[114.21079999999986,22.251599999999996],[114.21239999999986,22.251599999999996],[114.21239999999986,22.253199999999996],[114.21079999999986,22.253199999999996],[114.21079999999986,22.251599999999996]]]}},{"type":"Feature","properties":{"id":"lu-southern-26-39","class":"built_up","vegetationFraction":0.044,"pavedFraction":0.798,"waterFraction":0.002,"simulated":true},"geometry":{"type":"Polygon","coordinates":[[[114.21239999999986,22.251599999999996],[114.21399999999986,22.251599999999996],[114.21399999999986,22.253199999999996],[114.21239999999986,22.253199999999996],[114.21239999999986,22.251599999999996]]]}},{"type":"Feature","properties":{"id":"lu-southern-26-40","class":"built_up","vegetationFraction":0.066,"pavedFraction":0.945,"waterFraction":0.015,"simulated":true},"geometry":{"type":"Polygon","coordinates":[[[114.21399999999986,22.251599999999996],[114.21559999999985,22.251599999999996],[114.21559999999985,22.253199999999996],[114.21399999999986,22.253199999999996],[114.21399999999986,22.251599999999996]]]}},{"type":"Feature","properties":{"id":"lu-southern-26-41","class":"built_up","vegetationFraction":0.042,"pavedFraction":0.95,"waterFraction":0.037,"simulated":true},"geometry":{"type":"Polygon","coordinates":[[[114.21559999999985,22.251599999999996],[114.21719999999985,22.251599999999996],[114.21719999999985,22.253199999999996],[114.21559999999985,22.253199999999996],[114.21559999999985,22.251599999999996]]]}},{"type":"Feature","properties":{"id":"lu-southern-26-42","class":"built_up","vegetationFraction":0.083,"pavedFraction":0.899,"waterFraction":0.025,"simulated":true},"geometry":{"type":"Polygon","coordinates":[[[114.21719999999985,22.251599999999996],[114.21879999999985,22.251599999999996],[114.21879999999985,22.253199999999996],[114.21719999999985,22.253199999999996],[114.21719999999985,22.251599999999996]]]}},{"type":"Feature","properties":{"id":"lu-southern-26-43","class":"built_up","vegetationFraction":0.075,"pavedFraction":0.95,"waterFraction":0.059,"simulated":true},"geometry":{"type":"Polygon","coordinates":[[[114.21879999999985,22.251599999999996],[114.22039999999984,22.251599999999996],[114.22039999999984,22.253199999999996],[114.21879999999985,22.253199999999996],[114.21879999999985,22.251599999999996]]]}},{"type":"Feature","properties":{"id":"lu-southern-26-44","class":"built_up","vegetationFraction":0.052,"pavedFraction":0.944,"waterFraction":0.02,"simulated":true},"geometry":{"type":"Polygon","coordinates":[[[114.22039999999984,22.251599999999996],[114.22199999999984,22.251599999999996],[114.22199999999984,22.253199999999996],[114.22039999999984,22.253199999999996],[114.22039999999984,22.251599999999996]]]}},{"type":"Feature","properties":{"id":"lu-southern-26-45","class":"built_up","vegetationFraction":0.038,"pavedFraction":0.923,"waterFraction":0.041,"simulated":true},"geometry":{"type":"Polygon","coordinates":[[[114.22199999999984,22.251599999999996],[114.22359999999983,22.251599999999996],[114.22359999999983,22.253199999999996],[114.22199999999984,22.253199999999996],[114.22199999999984,22.251599999999996]]]}},{"type":"Feature","properties":{"id":"lu-southern-26-46","class":"built_up","vegetationFraction":0.046,"pavedFraction":0.95,"waterFraction":0.037,"simulated":true},"geometry":{"type":"Polygon","coordinates":[[[114.22359999999983,22.251599999999996],[114.22519999999983,22.251599999999996],[114.22519999999983,22.253199999999996],[114.22359999999983,22.253199999999996],[114.22359999999983,22.251599999999996]]]}},{"type":"Feature","properties":{"id":"lu-southern-26-47","class":"built_up","vegetationFraction":0.083,"pavedFraction":0.838,"waterFraction":0.033,"simulated":true},"geometry":{"type":"Polygon","coordinates":[[[114.22519999999983,22.251599999999996],[114.22679999999983,22.251599999999996],[114.22679999999983,22.253199999999996],[114.22519999999983,22.253199999999996],[114.22519999999983,22.251599999999996]]]}},{"type":"Feature","properties":{"id":"lu-southern-26-48","class":"built_up","vegetationFraction":0.084,"pavedFraction":0.797,"waterFraction":0.038,"simulated":true},"geometry":{"type":"Polygon","coordinates":[[[114.22679999999983,22.251599999999996],[114.22839999999982,22.251599999999996],[114.22839999999982,22.253199999999996],[114.22679999999983,22.253199999999996],[114.22679999999983,22.251599999999996]]]}},{"type":"Feature","properties":{"id":"lu-southern-26-49","class":"built_up","vegetationFraction":0.04,"pavedFraction":0.95,"waterFraction":0.008,"simulated":true},"geometry":{"type":"Polygon","coordinates":[[[114.22839999999982,22.251599999999996],[114.22999999999982,22.251599999999996],[114.22999999999982,22.253199999999996],[114.22839999999982,22.253199999999996],[114.22839999999982,22.251599999999996]]]}},{"type":"Feature","properties":{"id":"lu-southern-26-50","class":"built_up","vegetationFraction":0.048,"pavedFraction":0.929,"waterFraction":0.052,"simulated":true},"geometry":{"type":"Polygon","coordinates":[[[114.22999999999982,22.251599999999996],[114.23159999999982,22.251599999999996],[114.23159999999982,22.253199999999996],[114.22999999999982,22.253199999999996],[114.22999999999982,22.251599999999996]]]}},{"type":"Feature","properties":{"id":"lu-southern-26-51","class":"built_up","vegetationFraction":0.041,"pavedFraction":0.762,"waterFraction":0.007,"simulated":true},"geometry":{"type":"Polygon","coordinates":[[[114.23159999999982,22.251599999999996],[114.23319999999981,22.251599999999996],[114.23319999999981,22.253199999999996],[114.23159999999982,22.253199999999996],[114.23159999999982,22.251599999999996]]]}},{"type":"Feature","properties":{"id":"lu-southern-26-52","class":"built_up","vegetationFraction":0.064,"pavedFraction":0.903,"waterFraction":0.045,"simulated":true},"geometry":{"type":"Polygon","coordinates":[[[114.23319999999981,22.251599999999996],[114.23479999999981,22.251599999999996],[114.23479999999981,22.253199999999996],[114.23319999999981,22.253199999999996],[114.23319999999981,22.251599999999996]]]}},{"type":"Feature","properties":{"id":"lu-southern-26-53","class":"built_up","vegetationFraction":0.073,"pavedFraction":0.95,"waterFraction":0.006,"simulated":true},"geometry":{"type":"Polygon","coordinates":[[[114.23479999999981,22.251599999999996],[114.2363999999998,22.251599999999996],[114.2363999999998,22.253199999999996],[114.23479999999981,22.253199999999996],[114.23479999999981,22.251599999999996]]]}},{"type":"Feature","properties":{"id":"lu-southern-26-54","class":"built_up","vegetationFraction":0.062,"pavedFraction":0.879,"waterFraction":0.038,"simulated":true},"geometry":{"type":"Polygon","coordinates":[[[114.2363999999998,22.251599999999996],[114.2379999999998,22.251599999999996],[114.2379999999998,22.253199999999996],[114.2363999999998,22.253199999999996],[114.2363999999998,22.251599999999996]]]}},{"type":"Feature","properties":{"id":"lu-southern-26-55","class":"built_up","vegetationFraction":0.051,"pavedFraction":0.95,"waterFraction":0.03,"simulated":true},"geometry":{"type":"Polygon","coordinates":[[[114.2379999999998,22.251599999999996],[114.2395999999998,22.251599999999996],[114.2395999999998,22.253199999999996],[114.2379999999998,22.253199999999996],[114.2379999999998,22.251599999999996]]]}},{"type":"Feature","properties":{"id":"lu-southern-26-56","class":"built_up","vegetationFraction":0.035,"pavedFraction":0.898,"waterFraction":0.019,"simulated":true},"geometry":{"type":"Polygon","coordinates":[[[114.2395999999998,22.251599999999996],[114.2411999999998,22.251599999999996],[114.2411999999998,22.253199999999996],[114.2395999999998,22.253199999999996],[114.2395999999998,22.251599999999996]]]}},{"type":"Feature","properties":{"id":"lu-southern-26-57","class":"built_up","vegetationFraction":0.058,"pavedFraction":0.95,"waterFraction":0.002,"simulated":true},"geometry":{"type":"Polygon","coordinates":[[[114.2411999999998,22.251599999999996],[114.24279999999979,22.251599999999996],[114.24279999999979,22.253199999999996],[114.2411999999998,22.253199999999996],[114.2411999999998,22.251599999999996]]]}},{"type":"Feature","properties":{"id":"lu-southern-26-58","class":"built_up","vegetationFraction":0.046,"pavedFraction":0.95,"waterFraction":0.037,"simulated":true},"geometry":{"type":"Polygon","coordinates":[[[114.24279999999979,22.251599999999996],[114.24439999999979,22.251599999999996],[114.24439999999979,22.253199999999996],[114.24279999999979,22.253199999999996],[114.24279999999979,22.251599999999996]]]}},{"type":"Feature","properties":{"id":"lu-southern-26-59","class":"built_up","vegetationFraction":0.072,"pavedFraction":0.745,"waterFraction":0.001,"simulated":true},"geometry":{"type":"Polygon","coordinates":[[[114.24439999999979,22.251599999999996],[114.24599999999978,22.251599999999996],[114.24599999999978,22.253199999999996],[114.24439999999979,22.253199999999996],[114.24439999999979,22.251599999999996]]]}},{"type":"Feature","properties":{"id":"lu-southern-26-60","class":"built_up","vegetationFraction":0.068,"pavedFraction":0.902,"waterFraction":0.011,"simulated":true},"geometry":{"type":"Polygon","coordinates":[[[114.24599999999978,22.251599999999996],[114.24759999999978,22.251599999999996],[114.24759999999978,22.253199999999996],[114.24599999999978,22.253199999999996],[114.24599999999978,22.251599999999996]]]}},{"type":"Feature","properties":{"id":"lu-southern-26-61","class":"built_up","vegetationFraction":0.065,"pavedFraction":0.869,"waterFraction":0.049,"simulated":true},"geometry":{"type":"Polygon","coordinates":[[[114.24759999999978,22.251599999999996],[114.24919999999977,22.251599999999996],[114.24919999999977,22.253199999999996],[114.24759999999978,22.253199999999996],[114.24759999999978,22.251599999999996]]]}},{"type":"Feature","properties":{"id":"lu-southern-26-62","class":"built_up","vegetationFraction":0.056,"pavedFraction":0.885,"waterFraction":0.023,"simulated":true},"geometry":{"type":"Polygon","coordinates":[[[114.24919999999977,22.251599999999996],[114.25079999999977,22.251599999999996],[114.25079999999977,22.253199999999996],[114.24919999999977,22.253199999999996],[114.24919999999977,22.251599999999996]]]}},{"type":"Feature","properties":{"id":"lu-southern-26-63","class":"built_up","vegetationFraction":0.051,"pavedFraction":0.95,"waterFraction":0.009,"simulated":true},"geometry":{"type":"Polygon","coordinates":[[[114.25079999999977,22.251599999999996],[114.25239999999977,22.251599999999996],[114.25239999999977,22.253199999999996],[114.25079999999977,22.253199999999996],[114.25079999999977,22.251599999999996]]]}},{"type":"Feature","properties":{"id":"lu-southern-26-64","class":"built_up","vegetationFraction":0.073,"pavedFraction":0.861,"waterFraction":0.035,"simulated":true},"geometry":{"type":"Polygon","coordinates":[[[114.25239999999977,22.251599999999996],[114.25399999999976,22.251599999999996],[114.25399999999976,22.253199999999996],[114.25239999999977,22.253199999999996],[114.25239999999977,22.251599999999996]]]}},{"type":"Feature","properties":{"id":"lu-southern-26-65","class":"built_up","vegetationFraction":0.044,"pavedFraction":0.95,"waterFraction":0.017,"simulated":true},"geometry":{"type":"Polygon","coordinates":[[[114.25399999999976,22.251599999999996],[114.25559999999976,22.251599999999996],[114.25559999999976,22.253199999999996],[114.25399999999976,22.253199999999996],[114.25399999999976,22.251599999999996]]]}},{"type":"Feature","properties":{"id":"lu-southern-26-66","class":"built_up","vegetationFraction":0.037,"pavedFraction":0.95,"waterFraction":0.004,"simulated":true},"geometry":{"type":"Polygon","coordinates":[[[114.25559999999976,22.251599999999996],[114.25719999999976,22.251599999999996],[114.25719999999976,22.253199999999996],[114.25559999999976,22.253199999999996],[114.25559999999976,22.251599999999996]]]}},{"type":"Feature","properties":{"id":"lu-southern-26-67","class":"built_up","vegetationFraction":0.047,"pavedFraction":0.738,"waterFraction":0.04,"simulated":true},"geometry":{"type":"Polygon","coordinates":[[[114.25719999999976,22.251599999999996],[114.25879999999975,22.251599999999996],[114.25879999999975,22.253199999999996],[114.25719999999976,22.253199999999996],[114.25719999999976,22.251599999999996]]]}},{"type":"Feature","properties":{"id":"lu-southern-26-68","class":"built_up","vegetationFraction":0.074,"pavedFraction":0.894,"waterFraction":0.032,"simulated":true},"geometry":{"type":"Polygon","coordinates":[[[114.25879999999975,22.251599999999996],[114.26039999999975,22.251599999999996],[114.26039999999975,22.253199999999996],[114.25879999999975,22.253199999999996],[114.25879999999975,22.251599999999996]]]}},{"type":"Feature","properties":{"id":"lu-southern-26-69","class":"built_up","vegetationFraction":0.076,"pavedFraction":0.95,"waterFraction":0.02,"simulated":true},"geometry":{"type":"Polygon","coordinates":[[[114.26039999999975,22.251599999999996],[114.26199999999974,22.251599999999996],[114.26199999999974,22.253199999999996],[114.26039999999975,22.253199999999996],[114.26039999999975,22.251599999999996]]]}},{"type":"Feature","properties":{"id":"lu-southern-26-70","class":"built_up","vegetationFraction":0.078,"pavedFraction":0.95,"waterFraction":0.006,"simulated":true},"geometry":{"type":"Polygon","coordinates":[[[114.26199999999974,22.251599999999996],[114.26359999999974,22.251599999999996],[114.26359999999974,22.253199999999996],[114.26199999999974,22.253199999999996],[114.26199999999974,22.251599999999996]]]}},{"type":"Feature","properties":{"id":"lu-southern-26-71","class":"built_up","vegetationFraction":0.068,"pavedFraction":0.814,"waterFraction":0.024,"simulated":true},"geometry":{"type":"Polygon","coordinates":[[[114.26359999999974,22.251599999999996],[114.26519999999974,22.251599999999996],[114.26519999999974,22.253199999999996],[114.26359999999974,22.253199999999996],[114.26359999999974,22.251599999999996]]]}},{"type":"Feature","properties":{"id":"lu-southern-27-00","class":"built_up","vegetationFraction":0.084,"pavedFraction":0.914,"waterFraction":0.059,"simulated":true},"geometry":{"type":"Polygon","coordinates":[[[114.15,22.253199999999996],[114.1516,22.253199999999996],[114.1516,22.254799999999996],[114.15,22.254799999999996],[114.15,22.253199999999996]]]}},{"type":"Feature","properties":{"id":"lu-southern-27-01","class":"built_up","vegetationFraction":0.049,"pavedFraction":0.95,"waterFraction":0.047,"simulated":true},"geometry":{"type":"Polygon","coordinates":[[[114.1516,22.253199999999996],[114.1532,22.253199999999996],[114.1532,22.254799999999996],[114.1516,22.254799999999996],[114.1516,22.253199999999996]]]}},{"type":"Feature","properties":{"id":"lu-southern-27-02","class":"built_up","vegetationFraction":0.038,"pavedFraction":0.95,"waterFraction":0.01,"simulated":true},"geometry":{"type":"Polygon","coordinates":[[[114.1532,22.253199999999996],[114.1548,22.253199999999996],[114.1548,22.254799999999996],[114.1532,22.254799999999996],[114.1532,22.253199999999996]]]}},{"type":"Feature","properties":{"id":"lu-southern-27-03","class":"built_up","vegetationFraction":0.038,"pavedFraction":0.934,"waterFraction":0.055,"simulated":true},"geometry":{"type":"Polygon","coordinates":[[[114.1548,22.253199999999996],[114.15639999999999,22.253199999999996],[114.15639999999999,22.254799999999996],[114.1548,22.254799999999996],[114.1548,22.253199999999996]]]}},{"type":"Feature","properties":{"id":"lu-southern-27-04","class":"built_up","vegetationFraction":0.071,"pavedFraction":0.734,"waterFraction":0.057,"simulated":true},"geometry":{"type":"Polygon","coordinates":[[[114.15639999999999,22.253199999999996],[114.15799999999999,22.253199999999996],[114.15799999999999,22.254799999999996],[114.15639999999999,22.254799999999996],[114.15639999999999,22.253199999999996]]]}},{"type":"Feature","properties":{"id":"lu-southern-27-05","class":"built_up","vegetationFraction":0.041,"pavedFraction":0.902,"waterFraction":0.03,"simulated":true},"geometry":{"type":"Polygon","coordinates":[[[114.15799999999999,22.253199999999996],[114.15959999999998,22.253199999999996],[114.15959999999998,22.254799999999996],[114.15799999999999,22.254799999999996],[114.15799999999999,22.253199999999996]]]}},{"type":"Feature","properties":{"id":"lu-southern-27-06","class":"built_up","vegetationFraction":0.054,"pavedFraction":0.75,"waterFraction":0.006,"simulated":true},"geometry":{"type":"Polygon","coordinates":[[[114.15959999999998,22.253199999999996],[114.16119999999998,22.253199999999996],[114.16119999999998,22.254799999999996],[114.15959999999998,22.254799999999996],[114.15959999999998,22.253199999999996]]]}},{"type":"Feature","properties":{"id":"lu-southern-27-07","class":"built_up","vegetationFraction":0.082,"pavedFraction":0.732,"waterFraction":0.025,"simulated":true},"geometry":{"type":"Polygon","coordinates":[[[114.16119999999998,22.253199999999996],[114.16279999999998,22.253199999999996],[114.16279999999998,22.254799999999996],[114.16119999999998,22.254799999999996],[114.16119999999998,22.253199999999996]]]}},{"type":"Feature","properties":{"id":"lu-southern-27-08","class":"built_up","vegetationFraction":0.045,"pavedFraction":0.923,"waterFraction":0.007,"simulated":true},"geometry":{"type":"Polygon","coordinates":[[[114.16279999999998,22.253199999999996],[114.16439999999997,22.253199999999996],[114.16439999999997,22.254799999999996],[114.16279999999998,22.254799999999996],[114.16279999999998,22.253199999999996]]]}},{"type":"Feature","properties":{"id":"lu-southern-27-09","class":"built_up","vegetationFraction":0.038,"pavedFraction":0.924,"waterFraction":0.025,"simulated":true},"geometry":{"type":"Polygon","coordinates":[[[114.16439999999997,22.253199999999996],[114.16599999999997,22.253199999999996],[114.16599999999997,22.254799999999996],[114.16439999999997,22.254799999999996],[114.16439999999997,22.253199999999996]]]}},{"type":"Feature","properties":{"id":"lu-southern-27-10","class":"built_up","vegetationFraction":0.053,"pavedFraction":0.95,"waterFraction":0.006,"simulated":true},"geometry":{"type":"Polygon","coordinates":[[[114.16599999999997,22.253199999999996],[114.16759999999996,22.253199999999996],[114.16759999999996,22.254799999999996],[114.16599999999997,22.254799999999996],[114.16599999999997,22.253199999999996]]]}},{"type":"Feature","properties":{"id":"lu-southern-27-11","class":"built_up","vegetationFraction":0.047,"pavedFraction":0.781,"waterFraction":0.031,"simulated":true},"geometry":{"type":"Polygon","coordinates":[[[114.16759999999996,22.253199999999996],[114.16919999999996,22.253199999999996],[114.16919999999996,22.254799999999996],[114.16759999999996,22.254799999999996],[114.16759999999996,22.253199999999996]]]}},{"type":"Feature","properties":{"id":"lu-southern-27-12","class":"built_up","vegetationFraction":0.083,"pavedFraction":0.778,"waterFraction":0.005,"simulated":true},"geometry":{"type":"Polygon","coordinates":[[[114.16919999999996,22.253199999999996],[114.17079999999996,22.253199999999996],[114.17079999999996,22.254799999999996],[114.16919999999996,22.254799999999996],[114.16919999999996,22.253199999999996]]]}},{"type":"Feature","properties":{"id":"lu-southern-27-13","class":"built_up","vegetationFraction":0.083,"pavedFraction":0.735,"waterFraction":0.029,"simulated":true},"geometry":{"type":"Polygon","coordinates":[[[114.17079999999996,22.253199999999996],[114.17239999999995,22.253199999999996],[114.17239999999995,22.254799999999996],[114.17079999999996,22.254799999999996],[114.17079999999996,22.253199999999996]]]}},{"type":"Feature","properties":{"id":"lu-southern-27-14","class":"built_up","vegetationFraction":0.073,"pavedFraction":0.889,"waterFraction":0.054,"simulated":true},"geometry":{"type":"Polygon","coordinates":[[[114.17239999999995,22.253199999999996],[114.17399999999995,22.253199999999996],[114.17399999999995,22.254799999999996],[114.17239999999995,22.254799999999996],[114.17239999999995,22.253199999999996]]]}},{"type":"Feature","properties":{"id":"lu-southern-27-15","class":"built_up","vegetationFraction":0.063,"pavedFraction":0.856,"waterFraction":0.014,"simulated":true},"geometry":{"type":"Polygon","coordinates":[[[114.17399999999995,22.253199999999996],[114.17559999999995,22.253199999999996],[114.17559999999995,22.254799999999996],[114.17399999999995,22.254799999999996],[114.17399999999995,22.253199999999996]]]}},{"type":"Feature","properties":{"id":"lu-southern-27-16","class":"built_up","vegetationFraction":0.042,"pavedFraction":0.95,"waterFraction":0.042,"simulated":true},"geometry":{"type":"Polygon","coordinates":[[[114.17559999999995,22.253199999999996],[114.17719999999994,22.253199999999996],[114.17719999999994,22.254799999999996],[114.17559999999995,22.254799999999996],[114.17559999999995,22.253199999999996]]]}},{"type":"Feature","properties":{"id":"lu-southern-27-17","class":"built_up","vegetationFraction":0.063,"pavedFraction":0.851,"waterFraction":0.001,"simulated":true},"geometry":{"type":"Polygon","coordinates":[[[114.17719999999994,22.253199999999996],[114.17879999999994,22.253199999999996],[114.17879999999994,22.254799999999996],[114.17719999999994,22.254799999999996],[114.17719999999994,22.253199999999996]]]}},{"type":"Feature","properties":{"id":"lu-southern-27-18","class":"built_up","vegetationFraction":0.081,"pavedFraction":0.95,"waterFraction":0.02,"simulated":true},"geometry":{"type":"Polygon","coordinates":[[[114.17879999999994,22.253199999999996],[114.18039999999993,22.253199999999996],[114.18039999999993,22.254799999999996],[114.17879999999994,22.254799999999996],[114.17879999999994,22.253199999999996]]]}},{"type":"Feature","properties":{"id":"lu-southern-27-19","class":"built_up","vegetationFraction":0.037,"pavedFraction":0.95,"waterFraction":0.012,"simulated":true},"geometry":{"type":"Polygon","coordinates":[[[114.18039999999993,22.253199999999996],[114.18199999999993,22.253199999999996],[114.18199999999993,22.254799999999996],[114.18039999999993,22.254799999999996],[114.18039999999993,22.253199999999996]]]}},{"type":"Feature","properties":{"id":"lu-southern-27-20","class":"built_up","vegetationFraction":0.031,"pavedFraction":0.903,"waterFraction":0.009,"simulated":true},"geometry":{"type":"Polygon","coordinates":[[[114.18199999999993,22.253199999999996],[114.18359999999993,22.253199999999996],[114.18359999999993,22.254799999999996],[114.18199999999993,22.254799999999996],[114.18199999999993,22.253199999999996]]]}},{"type":"Feature","properties":{"id":"lu-southern-27-21","class":"built_up","vegetationFraction":0.051,"pavedFraction":0.946,"waterFraction":0.039,"simulated":true},"geometry":{"type":"Polygon","coordinates":[[[114.18359999999993,22.253199999999996],[114.18519999999992,22.253199999999996],[114.18519999999992,22.254799999999996],[114.18359999999993,22.254799999999996],[114.18359999999993,22.253199999999996]]]}},{"type":"Feature","properties":{"id":"lu-southern-27-22","class":"built_up","vegetationFraction":0.083,"pavedFraction":0.752,"waterFraction":0.023,"simulated":true},"geometry":{"type":"Polygon","coordinates":[[[114.18519999999992,22.253199999999996],[114.18679999999992,22.253199999999996],[114.18679999999992,22.254799999999996],[114.18519999999992,22.254799999999996],[114.18519999999992,22.253199999999996]]]}},{"type":"Feature","properties":{"id":"lu-southern-27-23","class":"built_up","vegetationFraction":0.076,"pavedFraction":0.95,"waterFraction":0.041,"simulated":true},"geometry":{"type":"Polygon","coordinates":[[[114.18679999999992,22.253199999999996],[114.18839999999992,22.253199999999996],[114.18839999999992,22.254799999999996],[114.18679999999992,22.254799999999996],[114.18679999999992,22.253199999999996]]]}},{"type":"Feature","properties":{"id":"lu-southern-27-24","class":"built_up","vegetationFraction":0.041,"pavedFraction":0.934,"waterFraction":0.015,"simulated":true},"geometry":{"type":"Polygon","coordinates":[[[114.18839999999992,22.253199999999996],[114.18999999999991,22.253199999999996],[114.18999999999991,22.254799999999996],[114.18839999999992,22.254799999999996],[114.18839999999992,22.253199999999996]]]}},{"type":"Feature","properties":{"id":"lu-southern-27-25","class":"built_up","vegetationFraction":0.03,"pavedFraction":0.819,"waterFraction":0.013,"simulated":true},"geometry":{"type":"Polygon","coordinates":[[[114.18999999999991,22.253199999999996],[114.19159999999991,22.253199999999996],[114.19159999999991,22.254799999999996],[114.18999999999991,22.254799999999996],[114.18999999999991,22.253199999999996]]]}},{"type":"Feature","properties":{"id":"lu-southern-27-26","class":"built_up","vegetationFraction":0.059,"pavedFraction":0.882,"waterFraction":0.017,"simulated":true},"geometry":{"type":"Polygon","coordinates":[[[114.19159999999991,22.253199999999996],[114.1931999999999,22.253199999999996],[114.1931999999999,22.254799999999996],[114.19159999999991,22.254799999999996],[114.19159999999991,22.253199999999996]]]}},{"type":"Feature","properties":{"id":"lu-southern-27-27","class":"built_up","vegetationFraction":0.052,"pavedFraction":0.95,"waterFraction":0.035,"simulated":true},"geometry":{"type":"Polygon","coordinates":[[[114.1931999999999,22.253199999999996],[114.1947999999999,22.253199999999996],[114.1947999999999,22.254799999999996],[114.1931999999999,22.254799999999996],[114.1931999999999,22.253199999999996]]]}},{"type":"Feature","properties":{"id":"lu-southern-27-28","class":"built_up","vegetationFraction":0.05,"pavedFraction":0.95,"waterFraction":0.026,"simulated":true},"geometry":{"type":"Polygon","coordinates":[[[114.1947999999999,22.253199999999996],[114.1963999999999,22.253199999999996],[114.1963999999999,22.254799999999996],[114.1947999999999,22.254799999999996],[114.1947999999999,22.253199999999996]]]}},{"type":"Feature","properties":{"id":"lu-southern-27-29","class":"built_up","vegetationFraction":0.042,"pavedFraction":0.805,"waterFraction":0.004,"simulated":true},"geometry":{"type":"Polygon","coordinates":[[[114.1963999999999,22.253199999999996],[114.1979999999999,22.253199999999996],[114.1979999999999,22.254799999999996],[114.1963999999999,22.254799999999996],[114.1963999999999,22.253199999999996]]]}},{"type":"Feature","properties":{"id":"lu-southern-27-30","class":"built_up","vegetationFraction":0.04,"pavedFraction":0.946,"waterFraction":0.009,"simulated":true},"geometry":{"type":"Polygon","coordinates":[[[114.1979999999999,22.253199999999996],[114.19959999999989,22.253199999999996],[114.19959999999989,22.254799999999996],[114.1979999999999,22.254799999999996],[114.1979999999999,22.253199999999996]]]}},{"type":"Feature","properties":{"id":"lu-southern-27-31","class":"built_up","vegetationFraction":0.039,"pavedFraction":0.914,"waterFraction":0.035,"simulated":true},"geometry":{"type":"Polygon","coordinates":[[[114.19959999999989,22.253199999999996],[114.20119999999989,22.253199999999996],[114.20119999999989,22.254799999999996],[114.19959999999989,22.254799999999996],[114.19959999999989,22.253199999999996]]]}},{"type":"Feature","properties":{"id":"lu-southern-27-32","class":"built_up","vegetationFraction":0.067,"pavedFraction":0.786,"waterFraction":0.048,"simulated":true},"geometry":{"type":"Polygon","coordinates":[[[114.20119999999989,22.253199999999996],[114.20279999999988,22.253199999999996],[114.20279999999988,22.254799999999996],[114.20119999999989,22.254799999999996],[114.20119999999989,22.253199999999996]]]}},{"type":"Feature","properties":{"id":"lu-southern-27-33","class":"built_up","vegetationFraction":0.078,"pavedFraction":0.806,"waterFraction":0.055,"simulated":true},"geometry":{"type":"Polygon","coordinates":[[[114.20279999999988,22.253199999999996],[114.20439999999988,22.253199999999996],[114.20439999999988,22.254799999999996],[114.20279999999988,22.254799999999996],[114.20279999999988,22.253199999999996]]]}},{"type":"Feature","properties":{"id":"lu-southern-27-34","class":"built_up","vegetationFraction":0.078,"pavedFraction":0.938,"waterFraction":0.053,"simulated":true},"geometry":{"type":"Polygon","coordinates":[[[114.20439999999988,22.253199999999996],[114.20599999999988,22.253199999999996],[114.20599999999988,22.254799999999996],[114.20439999999988,22.254799999999996],[114.20439999999988,22.253199999999996]]]}},{"type":"Feature","properties":{"id":"lu-southern-27-35","class":"built_up","vegetationFraction":0.043,"pavedFraction":0.85,"waterFraction":0.016,"simulated":true},"geometry":{"type":"Polygon","coordinates":[[[114.20599999999988,22.253199999999996],[114.20759999999987,22.253199999999996],[114.20759999999987,22.254799999999996],[114.20599999999988,22.254799999999996],[114.20599999999988,22.253199999999996]]]}},{"type":"Feature","properties":{"id":"lu-southern-27-36","class":"built_up","vegetationFraction":0.065,"pavedFraction":0.752,"waterFraction":0.043,"simulated":true},"geometry":{"type":"Polygon","coordinates":[[[114.20759999999987,22.253199999999996],[114.20919999999987,22.253199999999996],[114.20919999999987,22.254799999999996],[114.20759999999987,22.254799999999996],[114.20759999999987,22.253199999999996]]]}},{"type":"Feature","properties":{"id":"lu-southern-27-37","class":"built_up","vegetationFraction":0.038,"pavedFraction":0.95,"waterFraction":0.012,"simulated":true},"geometry":{"type":"Polygon","coordinates":[[[114.20919999999987,22.253199999999996],[114.21079999999986,22.253199999999996],[114.21079999999986,22.254799999999996],[114.20919999999987,22.254799999999996],[114.20919999999987,22.253199999999996]]]}},{"type":"Feature","properties":{"id":"lu-southern-27-38","class":"built_up","vegetationFraction":0.055,"pavedFraction":0.854,"waterFraction":0.057,"simulated":true},"geometry":{"type":"Polygon","coordinates":[[[114.21079999999986,22.253199999999996],[114.21239999999986,22.253199999999996],[114.21239999999986,22.254799999999996],[114.21079999999986,22.254799999999996],[114.21079999999986,22.253199999999996]]]}},{"type":"Feature","properties":{"id":"lu-southern-27-39","class":"built_up","vegetationFraction":0.077,"pavedFraction":0.95,"waterFraction":0.038,"simulated":true},"geometry":{"type":"Polygon","coordinates":[[[114.21239999999986,22.253199999999996],[114.21399999999986,22.253199999999996],[114.21399999999986,22.254799999999996],[114.21239999999986,22.254799999999996],[114.21239999999986,22.253199999999996]]]}},{"type":"Feature","properties":{"id":"lu-southern-27-40","class":"built_up","vegetationFraction":0.049,"pavedFraction":0.789,"waterFraction":0.011,"simulated":true},"geometry":{"type":"Polygon","coordinates":[[[114.21399999999986,22.253199999999996],[114.21559999999985,22.253199999999996],[114.21559999999985,22.254799999999996],[114.21399999999986,22.254799999999996],[114.21399999999986,22.253199999999996]]]}},{"type":"Feature","properties":{"id":"lu-southern-27-41","class":"built_up","vegetationFraction":0.074,"pavedFraction":0.924,"waterFraction":0.033,"simulated":true},"geometry":{"type":"Polygon","coordinates":[[[114.21559999999985,22.253199999999996],[114.21719999999985,22.253199999999996],[114.21719999999985,22.254799999999996],[114.21559999999985,22.254799999999996],[114.21559999999985,22.253199999999996]]]}},{"type":"Feature","properties":{"id":"lu-southern-27-42","class":"built_up","vegetationFraction":0.076,"pavedFraction":0.784,"waterFraction":0.048,"simulated":true},"geometry":{"type":"Polygon","coordinates":[[[114.21719999999985,22.253199999999996],[114.21879999999985,22.253199999999996],[114.21879999999985,22.254799999999996],[114.21719999999985,22.254799999999996],[114.21719999999985,22.253199999999996]]]}},{"type":"Feature","properties":{"id":"lu-southern-27-43","class":"built_up","vegetationFraction":0.051,"pavedFraction":0.865,"waterFraction":0.032,"simulated":true},"geometry":{"type":"Polygon","coordinates":[[[114.21879999999985,22.253199999999996],[114.22039999999984,22.253199999999996],[114.22039999999984,22.254799999999996],[114.21879999999985,22.254799999999996],[114.21879999999985,22.253199999999996]]]}},{"type":"Feature","properties":{"id":"lu-southern-27-44","class":"built_up","vegetationFraction":0.063,"pavedFraction":0.85,"waterFraction":0.004,"simulated":true},"geometry":{"type":"Polygon","coordinates":[[[114.22039999999984,22.253199999999996],[114.22199999999984,22.253199999999996],[114.22199999999984,22.254799999999996],[114.22039999999984,22.254799999999996],[114.22039999999984,22.253199999999996]]]}},{"type":"Feature","properties":{"id":"lu-southern-27-45","class":"built_up","vegetationFraction":0.072,"pavedFraction":0.817,"waterFraction":0.011,"simulated":true},"geometry":{"type":"Polygon","coordinates":[[[114.22199999999984,22.253199999999996],[114.22359999999983,22.253199999999996],[114.22359999999983,22.254799999999996],[114.22199999999984,22.254799999999996],[114.22199999999984,22.253199999999996]]]}},{"type":"Feature","properties":{"id":"lu-southern-27-46","class":"built_up","vegetationFraction":0.058,"pavedFraction":0.794,"waterFraction":0.044,"simulated":true},"geometry":{"type":"Polygon","coordinates":[[[114.22359999999983,22.253199999999996],[114.22519999999983,22.253199999999996],[114.22519999999983,22.254799999999996],[114.22359999999983,22.254799999999996],[114.22359999999983,22.253199999999996]]]}},{"type":"Feature","properties":{"id":"lu-southern-27-47","class":"built_up","vegetationFraction":0.059,"pavedFraction":0.839,"waterFraction":0.051,"simulated":true},"geometry":{"type":"Polygon","coordinates":[[[114.22519999999983,22.253199999999996],[114.22679999999983,22.253199999999996],[114.22679999999983,22.254799999999996],[114.22519999999983,22.254799999999996],[114.22519999999983,22.253199999999996]]]}},{"type":"Feature","properties":{"id":"lu-southern-27-48","class":"built_up","vegetationFraction":0.048,"pavedFraction":0.95,"waterFraction":0.025,"simulated":true},"geometry":{"type":"Polygon","coordinates":[[[114.22679999999983,22.253199999999996],[114.22839999999982,22.253199999999996],[114.22839999999982,22.254799999999996],[114.22679999999983,22.254799999999996],[114.22679999999983,22.253199999999996]]]}},{"type":"Feature","properties":{"id":"lu-southern-27-49","class":"built_up","vegetationFraction":0.081,"pavedFraction":0.95,"waterFraction":0.041,"simulated":true},"geometry":{"type":"Polygon","coordinates":[[[114.22839999999982,22.253199999999996],[114.22999999999982,22.253199999999996],[114.22999999999982,22.254799999999996],[114.22839999999982,22.254799999999996],[114.22839999999982,22.253199999999996]]]}},{"type":"Feature","properties":{"id":"lu-southern-27-50","class":"built_up","vegetationFraction":0.065,"pavedFraction":0.95,"waterFraction":0.045,"simulated":true},"geometry":{"type":"Polygon","coordinates":[[[114.22999999999982,22.253199999999996],[114.23159999999982,22.253199999999996],[114.23159999999982,22.254799999999996],[114.22999999999982,22.254799999999996],[114.22999999999982,22.253199999999996]]]}},{"type":"Feature","properties":{"id":"lu-southern-27-51","class":"built_up","vegetationFraction":0.054,"pavedFraction":0.799,"waterFraction":0.051,"simulated":true},"geometry":{"type":"Polygon","coordinates":[[[114.23159999999982,22.253199999999996],[114.23319999999981,22.253199999999996],[114.23319999999981,22.254799999999996],[114.23159999999982,22.254799999999996],[114.23159999999982,22.253199999999996]]]}},{"type":"Feature","properties":{"id":"lu-southern-27-52","class":"built_up","vegetationFraction":0.073,"pavedFraction":0.882,"waterFraction":0.027,"simulated":true},"geometry":{"type":"Polygon","coordinates":[[[114.23319999999981,22.253199999999996],[114.23479999999981,22.253199999999996],[114.23479999999981,22.254799999999996],[114.23319999999981,22.254799999999996],[114.23319999999981,22.253199999999996]]]}},{"type":"Feature","properties":{"id":"lu-southern-27-53","class":"built_up","vegetationFraction":0.057,"pavedFraction":0.802,"waterFraction":0.044,"simulated":true},"geometry":{"type":"Polygon","coordinates":[[[114.23479999999981,22.253199999999996],[114.2363999999998,22.253199999999996],[114.2363999999998,22.254799999999996],[114.23479999999981,22.254799999999996],[114.23479999999981,22.253199999999996]]]}},{"type":"Feature","properties":{"id":"lu-southern-27-54","class":"built_up","vegetationFraction":0.08,"pavedFraction":0.768,"waterFraction":0.048,"simulated":true},"geometry":{"type":"Polygon","coordinates":[[[114.2363999999998,22.253199999999996],[114.2379999999998,22.253199999999996],[114.2379999999998,22.254799999999996],[114.2363999999998,22.254799999999996],[114.2363999999998,22.253199999999996]]]}},{"type":"Feature","properties":{"id":"lu-southern-27-55","class":"built_up","vegetationFraction":0.037,"pavedFraction":0.826,"waterFraction":0.039,"simulated":true},"geometry":{"type":"Polygon","coordinates":[[[114.2379999999998,22.253199999999996],[114.2395999999998,22.253199999999996],[114.2395999999998,22.254799999999996],[114.2379999999998,22.254799999999996],[114.2379999999998,22.253199999999996]]]}},{"type":"Feature","properties":{"id":"lu-southern-27-56","class":"built_up","vegetationFraction":0.056,"pavedFraction":0.932,"waterFraction":0.031,"simulated":true},"geometry":{"type":"Polygon","coordinates":[[[114.2395999999998,22.253199999999996],[114.2411999999998,22.253199999999996],[114.2411999999998,22.254799999999996],[114.2395999999998,22.254799999999996],[114.2395999999998,22.253199999999996]]]}},{"type":"Feature","properties":{"id":"lu-southern-27-57","class":"built_up","vegetationFraction":0.062,"pavedFraction":0.93,"waterFraction":0.041,"simulated":true},"geometry":{"type":"Polygon","coordinates":[[[114.2411999999998,22.253199999999996],[114.24279999999979,22.253199999999996],[114.24279999999979,22.254799999999996],[114.2411999999998,22.254799999999996],[114.2411999999998,22.253199999999996]]]}},{"type":"Feature","properties":{"id":"lu-southern-27-58","class":"built_up","vegetationFraction":0.059,"pavedFraction":0.77,"waterFraction":0.058,"simulated":true},"geometry":{"type":"Polygon","coordinates":[[[114.24279999999979,22.253199999999996],[114.24439999999979,22.253199999999996],[114.24439999999979,22.254799999999996],[114.24279999999979,22.254799999999996],[114.24279999999979,22.253199999999996]]]}},{"type":"Feature","properties":{"id":"lu-southern-27-59","class":"built_up","vegetationFraction":0.03,"pavedFraction":0.792,"waterFraction":0.052,"simulated":true},"geometry":{"type":"Polygon","coordinates":[[[114.24439999999979,22.253199999999996],[114.24599999999978,22.253199999999996],[114.24599999999978,22.254799999999996],[114.24439999999979,22.254799999999996],[114.24439999999979,22.253199999999996]]]}},{"type":"Feature","properties":{"id":"lu-southern-27-60","class":"built_up","vegetationFraction":0.046,"pavedFraction":0.886,"waterFraction":0.045,"simulated":true},"geometry":{"type":"Polygon","coordinates":[[[114.24599999999978,22.253199999999996],[114.24759999999978,22.253199999999996],[114.24759999999978,22.254799999999996],[114.24599999999978,22.254799999999996],[114.24599999999978,22.253199999999996]]]}},{"type":"Feature","properties":{"id":"lu-southern-27-61","class":"built_up","vegetationFraction":0.064,"pavedFraction":0.811,"waterFraction":0.009,"simulated":true},"geometry":{"type":"Polygon","coordinates":[[[114.24759999999978,22.253199999999996],[114.24919999999977,22.253199999999996],[114.24919999999977,22.254799999999996],[114.24759999999978,22.254799999999996],[114.24759999999978,22.253199999999996]]]}},{"type":"Feature","properties":{"id":"lu-southern-27-62","class":"built_up","vegetationFraction":0.049,"pavedFraction":0.95,"waterFraction":0.025,"simulated":true},"geometry":{"type":"Polygon","coordinates":[[[114.24919999999977,22.253199999999996],[114.25079999999977,22.253199999999996],[114.25079999999977,22.254799999999996],[114.24919999999977,22.254799999999996],[114.24919999999977,22.253199999999996]]]}},{"type":"Feature","properties":{"id":"lu-southern-27-63","class":"built_up","vegetationFraction":0.058,"pavedFraction":0.797,"waterFraction":0.051,"simulated":true},"geometry":{"type":"Polygon","coordinates":[[[114.25079999999977,22.253199999999996],[114.25239999999977,22.253199999999996],[114.25239999999977,22.254799999999996],[114.25079999999977,22.254799999999996],[114.25079999999977,22.253199999999996]]]}},{"type":"Feature","properties":{"id":"lu-southern-27-64","class":"built_up","vegetationFraction":0.047,"pavedFraction":0.761,"waterFraction":0.048,"simulated":true},"geometry":{"type":"Polygon","coordinates":[[[114.25239999999977,22.253199999999996],[114.25399999999976,22.253199999999996],[114.25399999999976,22.254799999999996],[114.25239999999977,22.254799999999996],[114.25239999999977,22.253199999999996]]]}},{"type":"Feature","properties":{"id":"lu-southern-27-65","class":"built_up","vegetationFraction":0.052,"pavedFraction":0.95,"waterFraction":0.057,"simulated":true},"geometry":{"type":"Polygon","coordinates":[[[114.25399999999976,22.253199999999996],[114.25559999999976,22.253199999999996],[114.25559999999976,22.254799999999996],[114.25399999999976,22.254799999999996],[114.25399999999976,22.253199999999996]]]}},{"type":"Feature","properties":{"id":"lu-southern-27-66","class":"built_up","vegetationFraction":0.054,"pavedFraction":0.95,"waterFraction":0.033,"simulated":true},"geometry":{"type":"Polygon","coordinates":[[[114.25559999999976,22.253199999999996],[114.25719999999976,22.253199999999996],[114.25719999999976,22.254799999999996],[114.25559999999976,22.254799999999996],[114.25559999999976,22.253199999999996]]]}},{"type":"Feature","properties":{"id":"lu-southern-27-67","class":"built_up","vegetationFraction":0.068,"pavedFraction":0.95,"waterFraction":0.033,"simulated":true},"geometry":{"type":"Polygon","coordinates":[[[114.25719999999976,22.253199999999996],[114.25879999999975,22.253199999999996],[114.25879999999975,22.254799999999996],[114.25719999999976,22.254799999999996],[114.25719999999976,22.253199999999996]]]}},{"type":"Feature","properties":{"id":"lu-southern-27-68","class":"built_up","vegetationFraction":0.074,"pavedFraction":0.851,"waterFraction":0.032,"simulated":true},"geometry":{"type":"Polygon","coordinates":[[[114.25879999999975,22.253199999999996],[114.26039999999975,22.253199999999996],[114.26039999999975,22.254799999999996],[114.25879999999975,22.254799999999996],[114.25879999999975,22.253199999999996]]]}},{"type":"Feature","properties":{"id":"lu-southern-27-69","class":"built_up","vegetationFraction":0.049,"pavedFraction":0.762,"waterFraction":0.024,"simulated":true},"geometry":{"type":"Polygon","coordinates":[[[114.26039999999975,22.253199999999996],[114.26199999999974,22.253199999999996],[114.26199999999974,22.254799999999996],[114.26039999999975,22.254799999999996],[114.26039999999975,22.253199999999996]]]}},{"type":"Feature","properties":{"id":"lu-southern-27-70","class":"built_up","vegetationFraction":0.037,"pavedFraction":0.911,"waterFraction":0.037,"simulated":true},"geometry":{"type":"Polygon","coordinates":[[[114.26199999999974,22.253199999999996],[114.26359999999974,22.253199999999996],[114.26359999999974,22.254799999999996],[114.26199999999974,22.254799999999996],[114.26199999999974,22.253199999999996]]]}},{"type":"Feature","properties":{"id":"lu-southern-27-71","class":"built_up","vegetationFraction":0.069,"pavedFraction":0.756,"waterFraction":0.032,"simulated":true},"geometry":{"type":"Polygon","coordinates":[[[114.26359999999974,22.253199999999996],[114.26519999999974,22.253199999999996],[114.26519999999974,22.254799999999996],[114.26359999999974,22.254799999999996],[114.26359999999974,22.253199999999996]]]}},{"type":"Feature","properties":{"id":"lu-southern-28-00","class":"built_up","vegetationFraction":0.074,"pavedFraction":0.95,"waterFraction":0.041,"simulated":true},"geometry":{"type":"Polygon","coordinates":[[[114.15,22.254799999999996],[114.1516,22.254799999999996],[114.1516,22.256399999999996],[114.15,22.256399999999996],[114.15,22.254799999999996]]]}},{"type":"Feature","properties":{"id":"lu-southern-28-01","class":"built_up","vegetationFraction":0.04,"pavedFraction":0.822,"waterFraction":0.012,"simulated":true},"geometry":{"type":"Polygon","coordinates":[[[114.1516,22.254799999999996],[114.1532,22.254799999999996],[114.1532,22.256399999999996],[114.1516,22.256399999999996],[114.1516,22.254799999999996]]]}},{"type":"Feature","properties":{"id":"lu-southern-28-02","class":"built_up","vegetationFraction":0.079,"pavedFraction":0.938,"waterFraction":0.017,"simulated":true},"geometry":{"type":"Polygon","coordinates":[[[114.1532,22.254799999999996],[114.1548,22.254799999999996],[114.1548,22.256399999999996],[114.1532,22.256399999999996],[114.1532,22.254799999999996]]]}},{"type":"Feature","properties":{"id":"lu-southern-28-03","class":"built_up","vegetationFraction":0.039,"pavedFraction":0.889,"waterFraction":0.038,"simulated":true},"geometry":{"type":"Polygon","coordinates":[[[114.1548,22.254799999999996],[114.15639999999999,22.254799999999996],[114.15639999999999,22.256399999999996],[114.1548,22.256399999999996],[114.1548,22.254799999999996]]]}},{"type":"Feature","properties":{"id":"lu-southern-28-04","class":"built_up","vegetationFraction":0.036,"pavedFraction":0.805,"waterFraction":0.037,"simulated":true},"geometry":{"type":"Polygon","coordinates":[[[114.15639999999999,22.254799999999996],[114.15799999999999,22.254799999999996],[114.15799999999999,22.256399999999996],[114.15639999999999,22.256399999999996],[114.15639999999999,22.254799999999996]]]}},{"type":"Feature","properties":{"id":"lu-southern-28-05","class":"built_up","vegetationFraction":0.045,"pavedFraction":0.95,"waterFraction":0.048,"simulated":true},"geometry":{"type":"Polygon","coordinates":[[[114.15799999999999,22.254799999999996],[114.15959999999998,22.254799999999996],[114.15959999999998,22.256399999999996],[114.15799999999999,22.256399999999996],[114.15799999999999,22.254799999999996]]]}},{"type":"Feature","properties":{"id":"lu-southern-28-06","class":"built_up","vegetationFraction":0.084,"pavedFraction":0.896,"waterFraction":0.035,"simulated":true},"geometry":{"type":"Polygon","coordinates":[[[114.15959999999998,22.254799999999996],[114.16119999999998,22.254799999999996],[114.16119999999998,22.256399999999996],[114.15959999999998,22.256399999999996],[114.15959999999998,22.254799999999996]]]}},{"type":"Feature","properties":{"id":"lu-southern-28-07","class":"built_up","vegetationFraction":0.037,"pavedFraction":0.849,"waterFraction":0.028,"simulated":true},"geometry":{"type":"Polygon","coordinates":[[[114.16119999999998,22.254799999999996],[114.16279999999998,22.254799999999996],[114.16279999999998,22.256399999999996],[114.16119999999998,22.256399999999996],[114.16119999999998,22.254799999999996]]]}},{"type":"Feature","properties":{"id":"lu-southern-28-08","class":"built_up","vegetationFraction":0.056,"pavedFraction":0.95,"waterFraction":0.034,"simulated":true},"geometry":{"type":"Polygon","coordinates":[[[114.16279999999998,22.254799999999996],[114.16439999999997,22.254799999999996],[114.16439999999997,22.256399999999996],[114.16279999999998,22.256399999999996],[114.16279999999998,22.254799999999996]]]}},{"type":"Feature","properties":{"id":"lu-southern-28-09","class":"built_up","vegetationFraction":0.081,"pavedFraction":0.95,"waterFraction":0.02,"simulated":true},"geometry":{"type":"Polygon","coordinates":[[[114.16439999999997,22.254799999999996],[114.16599999999997,22.254799999999996],[114.16599999999997,22.256399999999996],[114.16439999999997,22.256399999999996],[114.16439999999997,22.254799999999996]]]}},{"type":"Feature","properties":{"id":"lu-southern-28-10","class":"built_up","vegetationFraction":0.075,"pavedFraction":0.795,"waterFraction":0.004,"simulated":true},"geometry":{"type":"Polygon","coordinates":[[[114.16599999999997,22.254799999999996],[114.16759999999996,22.254799999999996],[114.16759999999996,22.256399999999996],[114.16599999999997,22.256399999999996],[114.16599999999997,22.254799999999996]]]}},{"type":"Feature","properties":{"id":"lu-southern-28-11","class":"built_up","vegetationFraction":0.055,"pavedFraction":0.746,"waterFraction":0.04,"simulated":true},"geometry":{"type":"Polygon","coordinates":[[[114.16759999999996,22.254799999999996],[114.16919999999996,22.254799999999996],[114.16919999999996,22.256399999999996],[114.16759999999996,22.256399999999996],[114.16759999999996,22.254799999999996]]]}},{"type":"Feature","properties":{"id":"lu-southern-28-12","class":"built_up","vegetationFraction":0.075,"pavedFraction":0.851,"waterFraction":0.034,"simulated":true},"geometry":{"type":"Polygon","coordinates":[[[114.16919999999996,22.254799999999996],[114.17079999999996,22.254799999999996],[114.17079999999996,22.256399999999996],[114.16919999999996,22.256399999999996],[114.16919999999996,22.254799999999996]]]}},{"type":"Feature","properties":{"id":"lu-southern-28-13","class":"built_up","vegetationFraction":0.039,"pavedFraction":0.776,"waterFraction":0.027,"simulated":true},"geometry":{"type":"Polygon","coordinates":[[[114.17079999999996,22.254799999999996],[114.17239999999995,22.254799999999996],[114.17239999999995,22.256399999999996],[114.17079999999996,22.256399999999996],[114.17079999999996,22.254799999999996]]]}},{"type":"Feature","properties":{"id":"lu-southern-28-14","class":"built_up","vegetationFraction":0.049,"pavedFraction":0.95,"waterFraction":0.049,"simulated":true},"geometry":{"type":"Polygon","coordinates":[[[114.17239999999995,22.254799999999996],[114.17399999999995,22.254799999999996],[114.17399999999995,22.256399999999996],[114.17239999999995,22.256399999999996],[114.17239999999995,22.254799999999996]]]}},{"type":"Feature","properties":{"id":"lu-southern-28-15","class":"built_up","vegetationFraction":0.056,"pavedFraction":0.93,"waterFraction":0.0,"simulated":true},"geometry":{"type":"Polygon","coordinates":[[[114.17399999999995,22.254799999999996],[114.17559999999995,22.254799999999996],[114.17559999999995,22.256399999999996],[114.17399999999995,22.256399999999996],[114.17399999999995,22.254799999999996]]]}},{"type":"Feature","properties":{"id":"lu-southern-28-16","class":"built_up","vegetationFraction":0.054,"pavedFraction":0.832,"waterFraction":0.009,"simulated":true},"geometry":{"type":"Polygon","coordinates":[[[114.17559999999995,22.254799999999996],[114.17719999999994,22.254799999999996],[114.17719999999994,22.256399999999996],[114.17559999999995,22.256399999999996],[114.17559999999995,22.254799999999996]]]}},{"type":"Feature","properties":{"id":"lu-southern-28-17","class":"built_up","vegetationFraction":0.051,"pavedFraction":0.877,"waterFraction":0.014,"simulated":true},"geometry":{"type":"Polygon","coordinates":[[[114.17719999999994,22.254799999999996],[114.17879999999994,22.254799999999996],[114.17879999999994,22.256399999999996],[114.17719999999994,22.256399999999996],[114.17719999999994,22.254799999999996]]]}},{"type":"Feature","properties":{"id":"lu-southern-28-18","class":"built_up","vegetationFraction":0.039,"pavedFraction":0.842,"waterFraction":0.003,"simulated":true},"geometry":{"type":"Polygon","coordinates":[[[114.17879999999994,22.254799999999996],[114.18039999999993,22.254799999999996],[114.18039999999993,22.256399999999996],[114.17879999999994,22.256399999999996],[114.17879999999994,22.254799999999996]]]}},{"type":"Feature","properties":{"id":"lu-southern-28-19","class":"built_up","vegetationFraction":0.061,"pavedFraction":0.809,"waterFraction":0.052,"simulated":true},"geometry":{"type":"Polygon","coordinates":[[[114.18039999999993,22.254799999999996],[114.18199999999993,22.254799999999996],[114.18199999999993,22.256399999999996],[114.18039999999993,22.256399999999996],[114.18039999999993,22.254799999999996]]]}},{"type":"Feature","properties":{"id":"lu-southern-28-20","class":"built_up","vegetationFraction":0.04,"pavedFraction":0.754,"waterFraction":0.02,"simulated":true},"geometry":{"type":"Polygon","coordinates":[[[114.18199999999993,22.254799999999996],[114.18359999999993,22.254799999999996],[114.18359999999993,22.256399999999996],[114.18199999999993,22.256399999999996],[114.18199999999993,22.254799999999996]]]}},{"type":"Feature","properties":{"id":"lu-southern-28-21","class":"built_up","vegetationFraction":0.037,"pavedFraction":0.95,"waterFraction":0.038,"simulated":true},"geometry":{"type":"Polygon","coordinates":[[[114.18359999999993,22.254799999999996],[114.18519999999992,22.254799999999996],[114.18519999999992,22.256399999999996],[114.18359999999993,22.256399999999996],[114.18359999999993,22.254799999999996]]]}},{"type":"Feature","properties":{"id":"lu-southern-28-22","class":"built_up","vegetationFraction":0.062,"pavedFraction":0.95,"waterFraction":0.015,"simulated":true},"geometry":{"type":"Polygon","coordinates":[[[114.18519999999992,22.254799999999996],[114.18679999999992,22.254799999999996],[114.18679999999992,22.256399999999996],[114.18519999999992,22.256399999999996],[114.18519999999992,22.254799999999996]]]}},{"type":"Feature","properties":{"id":"lu-southern-28-23","class":"built_up","vegetationFraction":0.077,"pavedFraction":0.95,"waterFraction":0.029,"simulated":true},"geometry":{"type":"Polygon","coordinates":[[[114.18679999999992,22.254799999999996],[114.18839999999992,22.254799999999996],[114.18839999999992,22.256399999999996],[114.18679999999992,22.256399999999996],[114.18679999999992,22.254799999999996]]]}},{"type":"Feature","properties":{"id":"lu-southern-28-24","class":"built_up","vegetationFraction":0.047,"pavedFraction":0.941,"waterFraction":0.032,"simulated":true},"geometry":{"type":"Polygon","coordinates":[[[114.18839999999992,22.254799999999996],[114.18999999999991,22.254799999999996],[114.18999999999991,22.256399999999996],[114.18839999999992,22.256399999999996],[114.18839999999992,22.254799999999996]]]}},{"type":"Feature","properties":{"id":"lu-southern-28-25","class":"built_up","vegetationFraction":0.068,"pavedFraction":0.739,"waterFraction":0.0,"simulated":true},"geometry":{"type":"Polygon","coordinates":[[[114.18999999999991,22.254799999999996],[114.19159999999991,22.254799999999996],[114.19159999999991,22.256399999999996],[114.18999999999991,22.256399999999996],[114.18999999999991,22.254799999999996]]]}},{"type":"Feature","properties":{"id":"lu-southern-28-26","class":"built_up","vegetationFraction":0.053,"pavedFraction":0.95,"waterFraction":0.028,"simulated":true},"geometry":{"type":"Polygon","coordinates":[[[114.19159999999991,22.254799999999996],[114.1931999999999,22.254799999999996],[114.1931999999999,22.256399999999996],[114.19159999999991,22.256399999999996],[114.19159999999991,22.254799999999996]]]}},{"type":"Feature","properties":{"id":"lu-southern-28-27","class":"built_up","vegetationFraction":0.04,"pavedFraction":0.95,"waterFraction":0.024,"simulated":true},"geometry":{"type":"Polygon","coordinates":[[[114.1931999999999,22.254799999999996],[114.1947999999999,22.254799999999996],[114.1947999999999,22.256399999999996],[114.1931999999999,22.256399999999996],[114.1931999999999,22.254799999999996]]]}},{"type":"Feature","properties":{"id":"lu-southern-28-28","class":"built_up","vegetationFraction":0.04,"pavedFraction":0.855,"waterFraction":0.038,"simulated":true},"geometry":{"type":"Polygon","coordinates":[[[114.1947999999999,22.254799999999996],[114.1963999999999,22.254799999999996],[114.1963999999999,22.256399999999996],[114.1947999999999,22.256399999999996],[114.1947999999999,22.254799999999996]]]}},{"type":"Feature","properties":{"id":"lu-southern-28-29","class":"built_up","vegetationFraction":0.054,"pavedFraction":0.888,"waterFraction":0.028,"simulated":true},"geometry":{"type":"Polygon","coordinates":[[[114.1963999999999,22.254799999999996],[114.1979999999999,22.254799999999996],[114.1979999999999,22.256399999999996],[114.1963999999999,22.256399999999996],[114.1963999999999,22.254799999999996]]]}},{"type":"Feature","properties":{"id":"lu-southern-28-30","class":"built_up","vegetationFraction":0.067,"pavedFraction":0.815,"waterFraction":0.0,"simulated":true},"geometry":{"type":"Polygon","coordinates":[[[114.1979999999999,22.254799999999996],[114.19959999999989,22.254799999999996],[114.19959999999989,22.256399999999996],[114.1979999999999,22.256399999999996],[114.1979999999999,22.254799999999996]]]}},{"type":"Feature","properties":{"id":"lu-southern-28-31","class":"built_up","vegetationFraction":0.06,"pavedFraction":0.901,"waterFraction":0.027,"simulated":true},"geometry":{"type":"Polygon","coordinates":[[[114.19959999999989,22.254799999999996],[114.20119999999989,22.254799999999996],[114.20119999999989,22.256399999999996],[114.19959999999989,22.256399999999996],[114.19959999999989,22.254799999999996]]]}},{"type":"Feature","properties":{"id":"lu-southern-28-32","class":"built_up","vegetationFraction":0.076,"pavedFraction":0.95,"waterFraction":0.028,"simulated":true},"geometry":{"type":"Polygon","coordinates":[[[114.20119999999989,22.254799999999996],[114.20279999999988,22.254799999999996],[114.20279999999988,22.256399999999996],[114.20119999999989,22.256399999999996],[114.20119999999989,22.254799999999996]]]}},{"type":"Feature","properties":{"id":"lu-southern-28-33","class":"built_up","vegetationFraction":0.072,"pavedFraction":0.758,"waterFraction":0.049,"simulated":true},"geometry":{"type":"Polygon","coordinates":[[[114.20279999999988,22.254799999999996],[114.20439999999988,22.254799999999996],[114.20439999999988,22.256399999999996],[114.20279999999988,22.256399999999996],[114.20279999999988,22.254799999999996]]]}},{"type":"Feature","properties":{"id":"lu-southern-28-34","class":"built_up","vegetationFraction":0.036,"pavedFraction":0.932,"waterFraction":0.006,"simulated":true},"geometry":{"type":"Polygon","coordinates":[[[114.20439999999988,22.254799999999996],[114.20599999999988,22.254799999999996],[114.20599999999988,22.256399999999996],[114.20439999999988,22.256399999999996],[114.20439999999988,22.254799999999996]]]}},{"type":"Feature","properties":{"id":"lu-southern-28-35","class":"built_up","vegetationFraction":0.058,"pavedFraction":0.83,"waterFraction":0.035,"simulated":true},"geometry":{"type":"Polygon","coordinates":[[[114.20599999999988,22.254799999999996],[114.20759999999987,22.254799999999996],[114.20759999999987,22.256399999999996],[114.20599999999988,22.256399999999996],[114.20599999999988,22.254799999999996]]]}},{"type":"Feature","properties":{"id":"lu-southern-28-36","class":"built_up","vegetationFraction":0.062,"pavedFraction":0.95,"waterFraction":0.027,"simulated":true},"geometry":{"type":"Polygon","coordinates":[[[114.20759999999987,22.254799999999996],[114.20919999999987,22.254799999999996],[114.20919999999987,22.256399999999996],[114.20759999999987,22.256399999999996],[114.20759999999987,22.254799999999996]]]}},{"type":"Feature","properties":{"id":"lu-southern-28-37","class":"built_up","vegetationFraction":0.072,"pavedFraction":0.825,"waterFraction":0.052,"simulated":true},"geometry":{"type":"Polygon","coordinates":[[[114.20919999999987,22.254799999999996],[114.21079999999986,22.254799999999996],[114.21079999999986,22.256399999999996],[114.20919999999987,22.256399999999996],[114.20919999999987,22.254799999999996]]]}},{"type":"Feature","properties":{"id":"lu-southern-28-38","class":"built_up","vegetationFraction":0.055,"pavedFraction":0.854,"waterFraction":0.008,"simulated":true},"geometry":{"type":"Polygon","coordinates":[[[114.21079999999986,22.254799999999996],[114.21239999999986,22.254799999999996],[114.21239999999986,22.256399999999996],[114.21079999999986,22.256399999999996],[114.21079999999986,22.254799999999996]]]}},{"type":"Feature","properties":{"id":"lu-southern-28-39","class":"built_up","vegetationFraction":0.037,"pavedFraction":0.875,"waterFraction":0.045,"simulated":true},"geometry":{"type":"Polygon","coordinates":[[[114.21239999999986,22.254799999999996],[114.21399999999986,22.254799999999996],[114.21399999999986,22.256399999999996],[114.21239999999986,22.256399999999996],[114.21239999999986,22.254799999999996]]]}},{"type":"Feature","properties":{"id":"lu-southern-28-40","class":"built_up","vegetationFraction":0.068,"pavedFraction":0.95,"waterFraction":0.058,"simulated":true},"geometry":{"type":"Polygon","coordinates":[[[114.21399999999986,22.254799999999996],[114.21559999999985,22.254799999999996],[114.21559999999985,22.256399999999996],[114.21399999999986,22.256399999999996],[114.21399999999986,22.254799999999996]]]}},{"type":"Feature","properties":{"id":"lu-southern-28-41","class":"built_up","vegetationFraction":0.073,"pavedFraction":0.95,"waterFraction":0.059,"simulated":true},"geometry":{"type":"Polygon","coordinates":[[[114.21559999999985,22.254799999999996],[114.21719999999985,22.254799999999996],[114.21719999999985,22.256399999999996],[114.21559999999985,22.256399999999996],[114.21559999999985,22.254799999999996]]]}},{"type":"Feature","properties":{"id":"lu-southern-28-42","class":"built_up","vegetationFraction":0.064,"pavedFraction":0.899,"waterFraction":0.033,"simulated":true},"geometry":{"type":"Polygon","coordinates":[[[114.21719999999985,22.254799999999996],[114.21879999999985,22.254799999999996],[114.21879999999985,22.256399999999996],[114.21719999999985,22.256399999999996],[114.21719999999985,22.254799999999996]]]}},{"type":"Feature","properties":{"id":"lu-southern-28-43","class":"built_up","vegetationFraction":0.059,"pavedFraction":0.95,"waterFraction":0.007,"simulated":true},"geometry":{"type":"Polygon","coordinates":[[[114.21879999999985,22.254799999999996],[114.22039999999984,22.254799999999996],[114.22039999999984,22.256399999999996],[114.21879999999985,22.256399999999996],[114.21879999999985,22.254799999999996]]]}},{"type":"Feature","properties":{"id":"lu-southern-28-44","class":"built_up","vegetationFraction":0.043,"pavedFraction":0.771,"waterFraction":0.054,"simulated":true},"geometry":{"type":"Polygon","coordinates":[[[114.22039999999984,22.254799999999996],[114.22199999999984,22.254799999999996],[114.22199999999984,22.256399999999996],[114.22039999999984,22.256399999999996],[114.22039999999984,22.254799999999996]]]}},{"type":"Feature","properties":{"id":"lu-southern-28-45","class":"built_up","vegetationFraction":0.039,"pavedFraction":0.835,"waterFraction":0.024,"simulated":true},"geometry":{"type":"Polygon","coordinates":[[[114.22199999999984,22.254799999999996],[114.22359999999983,22.254799999999996],[114.22359999999983,22.256399999999996],[114.22199999999984,22.256399999999996],[114.22199999999984,22.254799999999996]]]}},{"type":"Feature","properties":{"id":"lu-southern-28-46","class":"built_up","vegetationFraction":0.062,"pavedFraction":0.929,"waterFraction":0.026,"simulated":true},"geometry":{"type":"Polygon","coordinates":[[[114.22359999999983,22.254799999999996],[114.22519999999983,22.254799999999996],[114.22519999999983,22.256399999999996],[114.22359999999983,22.256399999999996],[114.22359999999983,22.254799999999996]]]}},{"type":"Feature","properties":{"id":"lu-southern-28-47","class":"built_up","vegetationFraction":0.042,"pavedFraction":0.95,"waterFraction":0.007,"simulated":true},"geometry":{"type":"Polygon","coordinates":[[[114.22519999999983,22.254799999999996],[114.22679999999983,22.254799999999996],[114.22679999999983,22.256399999999996],[114.22519999999983,22.256399999999996],[114.22519999999983,22.254799999999996]]]}},{"type":"Feature","properties":{"id":"lu-southern-28-48","class":"built_up","vegetationFraction":0.068,"pavedFraction":0.95,"waterFraction":0.011,"simulated":true},"geometry":{"type":"Polygon","coordinates":[[[114.22679999999983,22.254799999999996],[114.22839999999982,22.254799999999996],[114.22839999999982,22.256399999999996],[114.22679999999983,22.256399999999996],[114.22679999999983,22.254799999999996]]]}},{"type":"Feature","properties":{"id":"lu-southern-28-49","class":"built_up","vegetationFraction":0.072,"pavedFraction":0.775,"waterFraction":0.028,"simulated":true},"geometry":{"type":"Polygon","coordinates":[[[114.22839999999982,22.254799999999996],[114.22999999999982,22.254799999999996],[114.22999999999982,22.256399999999996],[114.22839999999982,22.256399999999996],[114.22839999999982,22.254799999999996]]]}},{"type":"Feature","properties":{"id":"lu-southern-28-50","class":"built_up","vegetationFraction":0.034,"pavedFraction":0.918,"waterFraction":0.059,"simulated":true},"geometry":{"type":"Polygon","coordinates":[[[114.22999999999982,22.254799999999996],[114.23159999999982,22.254799999999996],[114.23159999999982,22.256399999999996],[114.22999999999982,22.256399999999996],[114.22999999999982,22.254799999999996]]]}},{"type":"Feature","properties":{"id":"lu-southern-28-51","class":"built_up","vegetationFraction":0.074,"pavedFraction":0.781,"waterFraction":0.043,"simulated":true},"geometry":{"type":"Polygon","coordinates":[[[114.23159999999982,22.254799999999996],[114.23319999999981,22.254799999999996],[114.23319999999981,22.256399999999996],[114.23159999999982,22.256399999999996],[114.23159999999982,22.254799999999996]]]}},{"type":"Feature","properties":{"id":"lu-southern-28-52","class":"built_up","vegetationFraction":0.083,"pavedFraction":0.801,"waterFraction":0.025,"simulated":true},"geometry":{"type":"Polygon","coordinates":[[[114.23319999999981,22.254799999999996],[114.23479999999981,22.254799999999996],[114.23479999999981,22.256399999999996],[114.23319999999981,22.256399999999996],[114.23319999999981,22.254799999999996]]]}},{"type":"Feature","properties":{"id":"lu-southern-28-53","class":"built_up","vegetationFraction":0.059,"pavedFraction":0.731,"waterFraction":0.057,"simulated":true},"geometry":{"type":"Polygon","coordinates":[[[114.23479999999981,22.254799999999996],[114.2363999999998,22.254799999999996],[114.2363999999998,22.256399999999996],[114.23479999999981,22.256399999999996],[114.23479999999981,22.254799999999996]]]}},{"type":"Feature","properties":{"id":"lu-southern-28-54","class":"built_up","vegetationFraction":0.062,"pavedFraction":0.942,"waterFraction":0.046,"simulated":true},"geometry":{"type":"Polygon","coordinates":[[[114.2363999999998,22.254799999999996],[114.2379999999998,22.254799999999996],[114.2379999999998,22.256399999999996],[114.2363999999998,22.256399999999996],[114.2363999999998,22.254799999999996]]]}},{"type":"Feature","properties":{"id":"lu-southern-28-55","class":"built_up","vegetationFraction":0.033,"pavedFraction":0.87,"waterFraction":0.032,"simulated":true},"geometry":{"type":"Polygon","coordinates":[[[114.2379999999998,22.254799999999996],[114.2395999999998,22.254799999999996],[114.2395999999998,22.256399999999996],[114.2379999999998,22.256399999999996],[114.2379999999998,22.254799999999996]]]}},{"type":"Feature","properties":{"id":"lu-southern-28-56","class":"built_up","vegetationFraction":0.06,"pavedFraction":0.769,"waterFraction":0.016,"simulated":true},"geometry":{"type":"Polygon","coordinates":[[[114.2395999999998,22.254799999999996],[114.2411999999998,22.254799999999996],[114.2411999999998,22.256399999999996],[114.2395999999998,22.256399999999996],[114.2395999999998,22.254799999999996]]]}},{"type":"Feature","properties":{"id":"lu-southern-28-57","class":"built_up","vegetationFraction":0.032,"pavedFraction":0.95,"waterFraction":0.048,"simulated":true},"geometry":{"type":"Polygon","coordinates":[[[114.2411999999998,22.254799999999996],[114.24279999999979,22.254799999999996],[114.24279999999979,22.256399999999996],[114.2411999999998,22.256399999999996],[114.2411999999998,22.254799999999996]]]}},{"type":"Feature","properties":{"id":"lu-southern-28-58","class":"built_up","vegetationFraction":0.069,"pavedFraction":0.778,"waterFraction":0.016,"simulated":true},"geometry":{"type":"Polygon","coordinates":[[[114.24279999999979,22.254799999999996],[114.24439999999979,22.254799999999996],[114.24439999999979,22.256399999999996],[114.24279999999979,22.256399999999996],[114.24279999999979,22.254799999999996]]]}},{"type":"Feature","properties":{"id":"lu-southern-28-59","class":"built_up","vegetationFraction":0.052,"pavedFraction":0.772,"waterFraction":0.037,"simulated":true},"geometry":{"type":"Polygon","coordinates":[[[114.24439999999979,22.254799999999996],[114.24599999999978,22.254799999999996],[114.24599999999978,22.256399999999996],[114.24439999999979,22.256399999999996],[114.24439999999979,22.254799999999996]]]}},{"type":"Feature","properties":{"id":"lu-southern-28-60","class":"built_up","vegetationFraction":0.065,"pavedFraction":0.81,"waterFraction":0.037,"simulated":true},"geometry":{"type":"Polygon","coordinates":[[[114.24599999999978,22.254799999999996],[114.24759999999978,22.254799999999996],[114.24759999999978,22.256399999999996],[114.24599999999978,22.256399999999996],[114.24599999999978,22.254799999999996]]]}},{"type":"Feature","properties":{"id":"lu-southern-28-61","class":"built_up","vegetationFraction":0.067,"pavedFraction":0.91,"waterFraction":0.035,"simulated":true},"geometry":{"type":"Polygon","coordinates":[[[114.24759999999978,22.254799999999996],[114.24919999999977,22.254799999999996],[114.24919999999977,22.256399999999996],[114.24759999999978,22.256399999999996],[114.24759999999978,22.254799999999996]]]}},{"type":"Feature","properties":{"id":"lu-southern-28-62","class":"built_up","vegetationFraction":0.032,"pavedFraction":0.896,"waterFraction":0.042,"simulated":true},"geometry":{"type":"Polygon","coordinates":[[[114.24919999999977,22.254799999999996],[114.25079999999977,22.254799999999996],[114.25079999999977,22.256399999999996],[114.24919999999977,22.256399999999996],[114.24919999999977,22.254799999999996]]]}},{"type":"Feature","properties":{"id":"lu-southern-28-63","class":"built_up","vegetationFraction":0.046,"pavedFraction":0.941,"waterFraction":0.052,"simulated":true},"geometry":{"type":"Polygon","coordinates":[[[114.25079999999977,22.254799999999996],[114.25239999999977,22.254799999999996],[114.25239999999977,22.256399999999996],[114.25079999999977,22.256399999999996],[114.25079999999977,22.254799999999996]]]}},{"type":"Feature","properties":{"id":"lu-southern-28-64","class":"built_up","vegetationFraction":0.032,"pavedFraction":0.87,"waterFraction":0.028,"simulated":true},"geometry":{"type":"Polygon","coordinates":[[[114.25239999999977,22.254799999999996],[114.25399999999976,22.254799999999996],[114.25399999999976,22.256399999999996],[114.25239999999977,22.256399999999996],[114.25239999999977,22.254799999999996]]]}},{"type":"Feature","properties":{"id":"lu-southern-28-65","class":"built_up","vegetationFraction":0.054,"pavedFraction":0.822,"waterFraction":0.04,"simulated":true},"geometry":{"type":"Polygon","coordinates":[[[114.25399999999976,22.254799999999996],[114.25559999999976,22.254799999999996],[114.25559999999976,22.256399999999996],[114.25399999999976,22.256399999999996],[114.25399999999976,22.254799999999996]]]}},{"type":"Feature","properties":{"id":"lu-southern-28-66","class":"built_up","vegetationFraction":0.048,"pavedFraction":0.777,"waterFraction":0.034,"simulated":true},"geometry":{"type":"Polygon","coordinates":[[[114.25559999999976,22.254799999999996],[114.25719999999976,22.254799999999996],[114.25719999999976,22.256399999999996],[114.25559999999976,22.256399999999996],[114.25559999999976,22.254799999999996]]]}},{"type":"Feature","properties":{"id":"lu-southern-28-67","class":"built_up","vegetationFraction":0.079,"pavedFraction":0.923,"waterFraction":0.033,"simulated":true},"geometry":{"type":"Polygon","coordinates":[[[114.25719999999976,22.254799999999996],[114.25879999999975,22.254799999999996],[114.25879999999975,22.256399999999996],[114.25719999999976,22.256399999999996],[114.25719999999976,22.254799999999996]]]}},{"type":"Feature","properties":{"id":"lu-southern-28-68","class":"built_up","vegetationFraction":0.084,"pavedFraction":0.95,"waterFraction":0.044,"simulated":true},"geometry":{"type":"Polygon","coordinates":[[[114.25879999999975,22.254799999999996],[114.26039999999975,22.254799999999996],[114.26039999999975,22.256399999999996],[114.25879999999975,22.256399999999996],[114.25879999999975,22.254799999999996]]]}},{"type":"Feature","properties":{"id":"lu-southern-28-69","class":"built_up","vegetationFraction":0.052,"pavedFraction":0.821,"waterFraction":0.016,"simulated":true},"geometry":{"type":"Polygon","coordinates":[[[114.26039999999975,22.254799999999996],[114.26199999999974,22.254799999999996],[114.26199999999974,22.256399999999996],[114.26039999999975,22.256399999999996],[114.26039999999975,22.254799999999996]]]}},{"type":"Feature","properties":{"id":"lu-southern-28-70","class":"built_up","vegetationFraction":0.078,"pavedFraction":0.879,"waterFraction":0.004,"simulated":true},"geometry":{"type":"Polygon","coordinates":[[[114.26199999999974,22.254799999999996],[114.26359999999974,22.254799999999996],[114.26359999999974,22.256399999999996],[114.26199999999974,22.256399999999996],[114.26199999999974,22.254799999999996]]]}},{"type":"Feature","properties":{"id":"lu-southern-28-71","class":"built_up","vegetationFraction":0.033,"pavedFraction":0.902,"waterFraction":0.032,"simulated":true},"geometry":{"type":"Polygon","coordinates":[[[114.26359999999974,22.254799999999996],[114.26519999999974,22.254799999999996],[114.26519999999974,22.256399999999996],[114.26359999999974,22.256399999999996],[114.26359999999974,22.254799999999996]]]}},{"type":"Feature","properties":{"id":"lu-southern-29-00","class":"built_up","vegetationFraction":0.138,"pavedFraction":0.502,"waterFraction":0.038,"simulated":true},"geometry":{"type":"Polygon","coordinates":[[[114.15,22.256399999999996],[114.1516,22.256399999999996],[114.1516,22.257999999999996],[114.15,22.257999999999996],[114.15,22.256399999999996]]]}},{"type":"Feature","properties":{"id":"lu-southern-29-01","class":"built_up","vegetationFraction":0.215,"pavedFraction":0.653,"waterFraction":0.004,"simulated":true},"geometry":{"type":"Polygon","coordinates":[[[114.1516,22.256399999999996],[114.1532,22.256399999999996],[114.1532,22.257999999999996],[114.1516,22.257999999999996],[114.1516,22.256399999999996]]]}},{"type":"Feature","properties":{"id":"lu-southern-29-02","class":"built_up","vegetationFraction":0.223,"pavedFraction":0.502,"waterFraction":0.053,"simulated":true},"geometry":{"type":"Polygon","coordinates":[[[114.1532,22.256399999999996],[114.1548,22.256399999999996],[114.1548,22.257999999999996],[114.1532,22.257999999999996],[114.1532,22.256399999999996]]]}},{"type":"Feature","properties":{"id":"lu-southern-29-03","class":"urban_open_space","vegetationFraction":0.264,"pavedFraction":0.527,"waterFraction":0.052,"simulated":true},"geometry":{"type":"Polygon","coordinates":[[[114.1548,22.256399999999996],[114.15639999999999,22.256399999999996],[114.15639999999999,22.257999999999996],[114.1548,22.257999999999996],[114.1548,22.256399999999996]]]}},{"type":"Feature","properties":{"id":"lu-southern-29-04","class":"built_up","vegetationFraction":0.206,"pavedFraction":0.761,"waterFraction":0.011,"simulated":true},"geometry":{"type":"Polygon","coordinates":[[[114.15639999999999,22.256399999999996],[114.15799999999999,22.256399999999996],[114.15799999999999,22.257999999999996],[114.15639999999999,22.257999999999996],[114.15639999999999,22.256399999999996]]]}},{"type":"Feature","properties":{"id":"lu-southern-29-05","class":"built_up","vegetationFraction":0.193,"pavedFraction":0.492,"waterFraction":0.052,"simulated":true},"geometry":{"type":"Polygon","coordinates":[[[114.15799999999999,22.256399999999996],[114.15959999999998,22.256399999999996],[114.15959999999998,22.257999999999996],[114.15799999999999,22.257999999999996],[114.15799999999999,22.256399999999996]]]}},{"type":"Feature","properties":{"id":"lu-southern-29-06","class":"built_up","vegetationFraction":0.137,"pavedFraction":0.559,"waterFraction":0.057,"simulated":true},"geometry":{"type":"Polygon","coordinates":[[[114.15959999999998,22.256399999999996],[114.16119999999998,22.256399999999996],[114.16119999999998,22.257999999999996],[114.15959999999998,22.257999999999996],[114.15959999999998,22.256399999999996]]]}},{"type":"Feature","properties":{"id":"lu-southern-29-07","class":"built_up","vegetationFraction":0.154,"pavedFraction":0.726,"waterFraction":0.028,"simulated":true},"geometry":{"type":"Polygon","coordinates":[[[114.16119999999998,22.256399999999996],[114.16279999999998,22.256399999999996],[114.16279999999998,22.257999999999996],[114.16119999999998,22.257999999999996],[114.16119999999998,22.256399999999996]]]}},{"type":"Feature","properties":{"id":"lu-southern-29-08","class":"urban_open_space","vegetationFraction":0.261,"pavedFraction":0.642,"waterFraction":0.029,"simulated":true},"geometry":{"type":"Polygon","coordinates":[[[114.16279999999998,22.256399999999996],[114.16439999999997,22.256399999999996],[114.16439999999997,22.257999999999996],[114.16279999999998,22.257999999999996],[114.16279999999998,22.256399999999996]]]}},{"type":"Feature","properties":{"id":"lu-southern-29-09","class":"built_up","vegetationFraction":0.154,"pavedFraction":0.631,"waterFraction":0.006,"simulated":true},"geometry":{"type":"Polygon","coordinates":[[[114.16439999999997,22.256399999999996],[114.16599999999997,22.256399999999996],[114.16599999999997,22.257999999999996],[114.16439999999997,22.257999999999996],[114.16439999999997,22.256399999999996]]]}},{"type":"Feature","properties":{"id":"lu-southern-29-10","class":"built_up","vegetationFraction":0.152,"pavedFraction":0.499,"waterFraction":0.046,"simulated":true},"geometry":{"type":"Polygon","coordinates":[[[114.16599999999997,22.256399999999996],[114.16759999999996,22.256399999999996],[114.16759999999996,22.257999999999996],[114.16599999999997,22.257999999999996],[114.16599999999997,22.256399999999996]]]}},{"type":"Feature","properties":{"id":"lu-southern-29-11","class":"built_up","vegetationFraction":0.116,"pavedFraction":0.646,"waterFraction":0.06,"simulated":true},"geometry":{"type":"Polygon","coordinates":[[[114.16759999999996,22.256399999999996],[114.16919999999996,22.256399999999996],[114.16919999999996,22.257999999999996],[114.16759999999996,22.257999999999996],[114.16759999999996,22.256399999999996]]]}},{"type":"Feature","properties":{"id":"lu-southern-29-12","class":"built_up","vegetationFraction":0.113,"pavedFraction":0.619,"waterFraction":0.014,"simulated":true},"geometry":{"type":"Polygon","coordinates":[[[114.16919999999996,22.256399999999996],[114.17079999999996,22.256399999999996],[114.17079999999996,22.257999999999996],[114.16919999999996,22.257999999999996],[114.16919999999996,22.256399999999996]]]}},{"type":"Feature","properties":{"id":"lu-southern-29-13","class":"built_up","vegetationFraction":0.214,"pavedFraction":0.755,"waterFraction":0.053,"simulated":true},"geometry":{"type":"Polygon","coordinates":[[[114.17079999999996,22.256399999999996],[114.17239999999995,22.256399999999996],[114.17239999999995,22.257999999999996],[114.17079999999996,22.257999999999996],[114.17079999999996,22.256399999999996]]]}},{"type":"Feature","properties":{"id":"lu-southern-29-14","class":"built_up","vegetationFraction":0.146,"pavedFraction":0.559,"waterFraction":0.059,"simulated":true},"geometry":{"type":"Polygon","coordinates":[[[114.17239999999995,22.256399999999996],[114.17399999999995,22.256399999999996],[114.17399999999995,22.257999999999996],[114.17239999999995,22.257999999999996],[114.17239999999995,22.256399999999996]]]}},{"type":"Feature","properties":{"id":"lu-southern-29-15","class":"built_up","vegetationFraction":0.114,"pavedFraction":0.508,"waterFraction":0.017,"simulated":true},"geometry":{"type":"Polygon","coordinates":[[[114.17399999999995,22.256399999999996],[114.17559999999995,22.256399999999996],[114.17559999999995,22.257999999999996],[114.17399999999995,22.257999999999996],[114.17399999999995,22.256399999999996]]]}},{"type":"Feature","properties":{"id":"lu-southern-29-16","class":"built_up","vegetationFraction":0.248,"pavedFraction":0.711,"waterFraction":0.041,"simulated":true},"geometry":{"type":"Polygon","coordinates":[[[114.17559999999995,22.256399999999996],[114.17719999999994,22.256399999999996],[114.17719999999994,22.257999999999996],[114.17559999999995,22.257999999999996],[114.17559999999995,22.256399999999996]]]}},{"type":"Feature","properties":{"id":"lu-southern-29-17","class":"built_up","vegetationFraction":0.228,"pavedFraction":0.734,"waterFraction":0.025,"simulated":true},"geometry":{"type":"Polygon","coordinates":[[[114.17719999999994,22.256399999999996],[114.17879999999994,22.256399999999996],[114.17879999999994,22.257999999999996],[114.17719999999994,22.257999999999996],[114.17719999999994,22.256399999999996]]]}},{"type":"Feature","properties":{"id":"lu-southern-29-18","class":"built_up","vegetationFraction":0.141,"pavedFraction":0.673,"waterFraction":0.06,"simulated":true},"geometry":{"type":"Polygon","coordinates":[[[114.17879999999994,22.256399999999996],[114.18039999999993,22.256399999999996],[114.18039999999993,22.257999999999996],[114.17879999999994,22.257999999999996],[114.17879999999994,22.256399999999996]]]}},{"type":"Feature","properties":{"id":"lu-southern-29-19","class":"built_up","vegetationFraction":0.112,"pavedFraction":0.562,"waterFraction":0.01,"simulated":true},"geometry":{"type":"Polygon","coordinates":[[[114.18039999999993,22.256399999999996],[114.18199999999993,22.256399999999996],[114.18199999999993,22.257999999999996],[114.18039999999993,22.257999999999996],[114.18039999999993,22.256399999999996]]]}},{"type":"Feature","properties":{"id":"lu-southern-29-20","class":"built_up","vegetationFraction":0.104,"pavedFraction":0.687,"waterFraction":0.005,"simulated":true},"geometry":{"type":"Polygon","coordinates":[[[114.18199999999993,22.256399999999996],[114.18359999999993,22.256399999999996],[114.18359999999993,22.257999999999996],[114.18199999999993,22.257999999999996],[114.18199999999993,22.256399999999996]]]}},{"type":"Feature","properties":{"id":"lu-southern-29-21","class":"built_up","vegetationFraction":0.106,"pavedFraction":0.508,"waterFraction":0.026,"simulated":true},"geometry":{"type":"Polygon","coordinates":[[[114.18359999999993,22.256399999999996],[114.18519999999992,22.256399999999996],[114.18519999999992,22.257999999999996],[114.18359999999993,22.257999999999996],[114.18359999999993,22.256399999999996]]]}},{"type":"Feature","properties":{"id":"lu-southern-29-22","class":"built_up","vegetationFraction":0.176,"pavedFraction":0.626,"waterFraction":0.007,"simulated":true},"geometry":{"type":"Polygon","coordinates":[[[114.18519999999992,22.256399999999996],[114.18679999999992,22.256399999999996],[114.18679999999992,22.257999999999996],[114.18519999999992,22.257999999999996],[114.18519999999992,22.256399999999996]]]}},{"type":"Feature","properties":{"id":"lu-southern-29-23","class":"built_up","vegetationFraction":0.14,"pavedFraction":0.739,"waterFraction":0.052,"simulated":true},"geometry":{"type":"Polygon","coordinates":[[[114.18679999999992,22.256399999999996],[114.18839999999992,22.256399999999996],[114.18839999999992,22.257999999999996],[114.18679999999992,22.257999999999996],[114.18679999999992,22.256399999999996]]]}},{"type":"Feature","properties":{"id":"lu-southern-29-24","class":"urban_open_space","vegetationFraction":0.277,"pavedFraction":0.489,"waterFraction":0.006,"simulated":true},"geometry":{"type":"Polygon","coordinates":[[[114.18839999999992,22.256399999999996],[114.18999999999991,22.256399999999996],[114.18999999999991,22.257999999999996],[114.18839999999992,22.257999999999996],[114.18839999999992,22.256399999999996]]]}},{"type":"Feature","properties":{"id":"lu-southern-29-25","class":"built_up","vegetationFraction":0.139,"pavedFraction":0.549,"waterFraction":0.013,"simulated":true},"geometry":{"type":"Polygon","coordinates":[[[114.18999999999991,22.256399999999996],[114.19159999999991,22.256399999999996],[114.19159999999991,22.257999999999996],[114.18999999999991,22.257999999999996],[114.18999999999991,22.256399999999996]]]}},{"type":"Feature","properties":{"id":"lu-southern-29-26","class":"built_up","vegetationFraction":0.13,"pavedFraction":0.629,"waterFraction":0.041,"simulated":true},"geometry":{"type":"Polygon","coordinates":[[[114.19159999999991,22.256399999999996],[114.1931999999999,22.256399999999996],[114.1931999999999,22.257999999999996],[114.19159999999991,22.257999999999996],[114.19159999999991,22.256399999999996]]]}},{"type":"Feature","properties":{"id":"lu-southern-29-27","class":"urban_open_space","vegetationFraction":0.258,"pavedFraction":0.622,"waterFraction":0.028,"simulated":true},"geometry":{"type":"Polygon","coordinates":[[[114.1931999999999,22.256399999999996],[114.1947999999999,22.256399999999996],[114.1947999999999,22.257999999999996],[114.1931999999999,22.257999999999996],[114.1931999999999,22.256399999999996]]]}},{"type":"Feature","properties":{"id":"lu-southern-29-28","class":"built_up","vegetationFraction":0.164,"pavedFraction":0.539,"waterFraction":0.036,"simulated":true},"geometry":{"type":"Polygon","coordinates":[[[114.1947999999999,22.256399999999996],[114.1963999999999,22.256399999999996],[114.1963999999999,22.257999999999996],[114.1947999999999,22.257999999999996],[114.1947999999999,22.256399999999996]]]}},{"type":"Feature","properties":{"id":"lu-southern-29-29","class":"built_up","vegetationFraction":0.149,"pavedFraction":0.593,"waterFraction":0.014,"simulated":true},"geometry":{"type":"Polygon","coordinates":[[[114.1963999999999,22.256399999999996],[114.1979999999999,22.256399999999996],[114.1979999999999,22.257999999999996],[114.1963999999999,22.257999999999996],[114.1963999999999,22.256399999999996]]]}},{"type":"Feature","properties":{"id":"lu-southern-29-30","class":"urban_open_space","vegetationFraction":0.257,"pavedFraction":0.635,"waterFraction":0.0,"simulated":true},"geometry":{"type":"Polygon","coordinates":[[[114.1979999999999,22.256399999999996],[114.19959999999989,22.256399999999996],[114.19959999999989,22.257999999999996],[114.1979999999999,22.257999999999996],[114.1979999999999,22.256399999999996]]]}},{"type":"Feature","properties":{"id":"lu-southern-29-31","class":"built_up","vegetationFraction":0.106,"pavedFraction":0.491,"waterFraction":0.057,"simulated":true},"geometry":{"type":"Polygon","coordinates":[[[114.19959999999989,22.256399999999996],[114.20119999999989,22.256399999999996],[114.20119999999989,22.257999999999996],[114.19959999999989,22.257999999999996],[114.19959999999989,22.256399999999996]]]}},{"type":"Feature","properties":{"id":"lu-southern-29-32","class":"built_up","vegetationFraction":0.133,"pavedFraction":0.593,"waterFraction":0.02,"simulated":true},"geometry":{"type":"Polygon","coordinates":[[[114.20119999999989,22.256399999999996],[114.20279999999988,22.256399999999996],[114.20279999999988,22.257999999999996],[114.20119999999989,22.257999999999996],[114.20119999999989,22.256399999999996]]]}},{"type":"Feature","properties":{"id":"lu-southern-29-33","class":"urban_open_space","vegetationFraction":0.266,"pavedFraction":0.492,"waterFraction":0.015,"simulated":true},"geometry":{"type":"Polygon","coordinates":[[[114.20279999999988,22.256399999999996],[114.20439999999988,22.256399999999996],[114.20439999999988,22.257999999999996],[114.20279999999988,22.257999999999996],[114.20279999999988,22.256399999999996]]]}},{"type":"Feature","properties":{"id":"lu-southern-29-34","class":"urban_open_space","vegetationFraction":0.252,"pavedFraction":0.765,"waterFraction":0.001,"simulated":true},"geometry":{"type":"Polygon","coordinates":[[[114.20439999999988,22.256399999999996],[114.20599999999988,22.256399999999996],[114.20599999999988,22.257999999999996],[114.20439999999988,22.257999999999996],[114.20439999999988,22.256399999999996]]]}},{"type":"Feature","properties":{"id":"lu-southern-29-35","class":"built_up","vegetationFraction":0.18,"pavedFraction":0.604,"waterFraction":0.047,"simulated":true},"geometry":{"type":"Polygon","coordinates":[[[114.20599999999988,22.256399999999996],[114.20759999999987,22.256399999999996],[114.20759999999987,22.257999999999996],[114.20599999999988,22.257999999999996],[114.20599999999988,22.256399999999996]]]}},{"type":"Feature","properties":{"id":"lu-southern-29-36","class":"urban_open_space","vegetationFraction":0.252,"pavedFraction":0.638,"waterFraction":0.039,"simulated":true},"geometry":{"type":"Polygon","coordinates":[[[114.20759999999987,22.256399999999996],[114.20919999999987,22.256399999999996],[114.20919999999987,22.257999999999996],[114.20759999999987,22.257999999999996],[114.20759999999987,22.256399999999996]]]}},{"type":"Feature","properties":{"id":"lu-southern-29-37","class":"built_up","vegetationFraction":0.166,"pavedFraction":0.556,"waterFraction":0.01,"simulated":true},"geometry":{"type":"Polygon","coordinates":[[[114.20919999999987,22.256399999999996],[114.21079999999986,22.256399999999996],[114.21079999999986,22.257999999999996],[114.20919999999987,22.257999999999996],[114.20919999999987,22.256399999999996]]]}},{"type":"Feature","properties":{"id":"lu-southern-29-38","class":"urban_open_space","vegetationFraction":0.255,"pavedFraction":0.495,"waterFraction":0.055,"simulated":true},"geometry":{"type":"Polygon","coordinates":[[[114.21079999999986,22.256399999999996],[114.21239999999986,22.256399999999996],[114.21239999999986,22.257999999999996],[114.21079999999986,22.257999999999996],[114.21079999999986,22.256399999999996]]]}},{"type":"Feature","properties":{"id":"lu-southern-29-39","class":"built_up","vegetationFraction":0.167,"pavedFraction":0.571,"waterFraction":0.04,"simulated":true},"geometry":{"type":"Polygon","coordinates":[[[114.21239999999986,22.256399999999996],[114.21399999999986,22.256399999999996],[114.21399999999986,22.257999999999996],[114.21239999999986,22.257999999999996],[114.21239999999986,22.256399999999996]]]}},{"type":"Feature","properties":{"id":"lu-southern-29-40","class":"built_up","vegetationFraction":0.224,"pavedFraction":0.498,"waterFraction":0.042,"simulated":true},"geometry":{"type":"Polygon","coordinates":[[[114.21399999999986,22.256399999999996],[114.21559999999985,22.256399999999996],[114.21559999999985,22.257999999999996],[114.21399999999986,22.257999999999996],[114.21399999999986,22.256399999999996]]]}},{"type":"Feature","properties":{"id":"lu-southern-29-41","class":"built_up","vegetationFraction":0.175,"pavedFraction":0.522,"waterFraction":0.003,"simulated":true},"geometry":{"type":"Polygon","coordinates":[[[114.21559999999985,22.256399999999996],[114.21719999999985,22.256399999999996],[114.21719999999985,22.257999999999996],[114.21559999999985,22.257999999999996],[114.21559999999985,22.256399999999996]]]}},{"type":"Feature","properties":{"id":"lu-southern-29-42","class":"built_up","vegetationFraction":0.209,"pavedFraction":0.588,"waterFraction":0.032,"simulated":true},"geometry":{"type":"Polygon","coordinates":[[[114.21719999999985,22.256399999999996],[114.21879999999985,22.256399999999996],[114.21879999999985,22.257999999999996],[114.21719999999985,22.257999999999996],[114.21719999999985,22.256399999999996]]]}},{"type":"Feature","properties":{"id":"lu-southern-29-43","class":"built_up","vegetationFraction":0.125,"pavedFraction":0.602,"waterFraction":0.029,"simulated":true},"geometry":{"type":"Polygon","coordinates":[[[114.21879999999985,22.256399999999996],[114.22039999999984,22.256399999999996],[114.22039999999984,22.257999999999996],[114.21879999999985,22.257999999999996],[114.21879999999985,22.256399999999996]]]}},{"type":"Feature","properties":{"id":"lu-southern-29-44","class":"built_up","vegetationFraction":0.171,"pavedFraction":0.774,"waterFraction":0.006,"simulated":true},"geometry":{"type":"Polygon","coordinates":[[[114.22039999999984,22.256399999999996],[114.22199999999984,22.256399999999996],[114.22199999999984,22.257999999999996],[114.22039999999984,22.257999999999996],[114.22039999999984,22.256399999999996]]]}},{"type":"Feature","properties":{"id":"lu-southern-29-45","class":"built_up","vegetationFraction":0.153,"pavedFraction":0.672,"waterFraction":0.007,"simulated":true},"geometry":{"type":"Polygon","coordinates":[[[114.22199999999984,22.256399999999996],[114.22359999999983,22.256399999999996],[114.22359999999983,22.257999999999996],[114.22199999999984,22.257999999999996],[114.22199999999984,22.256399999999996]]]}},{"type":"Feature","properties":{"id":"lu-southern-29-46","class":"built_up","vegetationFraction":0.204,"pavedFraction":0.589,"waterFraction":0.049,"simulated":true},"geometry":{"type":"Polygon","coordinates":[[[114.22359999999983,22.256399999999996],[114.22519999999983,22.256399999999996],[114.22519999999983,22.257999999999996],[114.22359999999983,22.257999999999996],[114.22359999999983,22.256399999999996]]]}},{"type":"Feature","properties":{"id":"lu-southern-29-47","class":"built_up","vegetationFraction":0.174,"pavedFraction":0.673,"waterFraction":0.043,"simulated":true},"geometry":{"type":"Polygon","coordinates":[[[114.22519999999983,22.256399999999996],[114.22679999999983,22.256399999999996],[114.22679999999983,22.257999999999996],[114.22519999999983,22.257999999999996],[114.22519999999983,22.256399999999996]]]}},{"type":"Feature","properties":{"id":"lu-southern-29-48","class":"built_up","vegetationFraction":0.186,"pavedFraction":0.761,"waterFraction":0.056,"simulated":true},"geometry":{"type":"Polygon","coordinates":[[[114.22679999999983,22.256399999999996],[114.22839999999982,22.256399999999996],[114.22839999999982,22.257999999999996],[114.22679999999983,22.257999999999996],[114.22679999999983,22.256399999999996]]]}},{"type":"Feature","properties":{"id":"lu-southern-29-49","class":"urban_open_space","vegetationFraction":0.27,"pavedFraction":0.586,"waterFraction":0.002,"simulated":true},"geometry":{"type":"Polygon","coordinates":[[[114.22839999999982,22.256399999999996],[114.22999999999982,22.256399999999996],[114.22999999999982,22.257999999999996],[114.22839999999982,22.257999999999996],[114.22839999999982,22.256399999999996]]]}},{"type":"Feature","properties":{"id":"lu-southern-29-50","class":"built_up","vegetationFraction":0.14,"pavedFraction":0.578,"waterFraction":0.038,"simulated":true},"geometry":{"type":"Polygon","coordinates":[[[114.22999999999982,22.256399999999996],[114.23159999999982,22.256399999999996],[114.23159999999982,22.257999999999996],[114.22999999999982,22.257999999999996],[114.22999999999982,22.256399999999996]]]}},{"type":"Feature","properties":{"id":"lu-southern-29-51","class":"built_up","vegetationFraction":0.232,"pavedFraction":0.514,"waterFraction":0.055,"simulated":true},"geometry":{"type":"Polygon","coordinates":[[[114.23159999999982,22.256399999999996],[114.23319999999981,22.256399999999996],[114.23319999999981,22.257999999999996],[114.23159999999982,22.257999999999996],[114.23159999999982,22.256399999999996]]]}},{"type":"Feature","properties":{"id":"lu-southern-29-52","class":"built_up","vegetationFraction":0.204,"pavedFraction":0.624,"waterFraction":0.043,"simulated":true},"geometry":{"type":"Polygon","coordinates":[[[114.23319999999981,22.256399999999996],[114.23479999999981,22.256399999999996],[114.23479999999981,22.257999999999996],[114.23319999999981,22.257999999999996],[114.23319999999981,22.256399999999996]]]}},{"type":"Feature","properties":{"id":"lu-southern-29-53","class":"built_up","vegetationFraction":0.166,"pavedFraction":0.593,"waterFraction":0.056,"simulated":true},"geometry":{"type":"Polygon","coordinates":[[[114.23479999999981,22.256399999999996],[114.2363999999998,22.256399999999996],[114.2363999999998,22.257999999999996],[114.23479999999981,22.257999999999996],[114.23479999999981,22.256399999999996]]]}},{"type":"Feature","properties":{"id":"lu-southern-29-54","class":"built_up","vegetationFraction":0.197,"pavedFraction":0.756,"waterFraction":0.012,"simulated":true},"geometry":{"type":"Polygon","coordinates":[[[114.2363999999998,22.256399999999996],[114.2379999999998,22.256399999999996],[114.2379999999998,22.257999999999996],[114.2363999999998,22.257999999999996],[114.2363999999998,22.256399999999996]]]}},{"type":"Feature","properties":{"id":"lu-southern-29-55","class":"built_up","vegetationFraction":0.122,"pavedFraction":0.727,"waterFraction":0.017,"simulated":true},"geometry":{"type":"Polygon","coordinates":[[[114.2379999999998,22.256399999999996],[114.2395999999998,22.256399999999996],[114.2395999999998,22.257999999999996],[114.2379999999998,22.257999999999996],[114.2379999999998,22.256399999999996]]]}},{"type":"Feature","properties":{"id":"lu-southern-29-56","class":"urban_open_space","vegetationFraction":0.26,"pavedFraction":0.501,"waterFraction":0.022,"simulated":true},"geometry":{"type":"Polygon","coordinates":[[[114.2395999999998,22.256399999999996],[114.2411999999998,22.256399999999996],[114.2411999999998,22.257999999999996],[114.2395999999998,22.257999999999996],[114.2395999999998,22.256399999999996]]]}},{"type":"Feature","properties":{"id":"lu-southern-29-57","class":"built_up","vegetationFraction":0.224,"pavedFraction":0.651,"waterFraction":0.056,"simulated":true},"geometry":{"type":"Polygon","coordinates":[[[114.2411999999998,22.256399999999996],[114.24279999999979,22.256399999999996],[114.24279999999979,22.257999999999996],[114.2411999999998,22.257999999999996],[114.2411999999998,22.256399999999996]]]}},{"type":"Feature","properties":{"id":"lu-southern-29-58","class":"built_up","vegetationFraction":0.146,"pavedFraction":0.765,"waterFraction":0.021,"simulated":true},"geometry":{"type":"Polygon","coordinates":[[[114.24279999999979,22.256399999999996],[114.24439999999979,22.256399999999996],[114.24439999999979,22.257999999999996],[114.24279999999979,22.257999999999996],[114.24279999999979,22.256399999999996]]]}},{"type":"Feature","properties":{"id":"lu-southern-29-59","class":"built_up","vegetationFraction":0.142,"pavedFraction":0.742,"waterFraction":0.014,"simulated":true},"geometry":{"type":"Polygon","coordinates":[[[114.24439999999979,22.256399999999996],[114.24599999999978,22.256399999999996],[114.24599999999978,22.257999999999996],[114.24439999999979,22.257999999999996],[114.24439999999979,22.256399999999996]]]}},{"type":"Feature","properties":{"id":"lu-southern-29-60","class":"built_up","vegetationFraction":0.239,"pavedFraction":0.689,"waterFraction":0.023,"simulated":true},"geometry":{"type":"Polygon","coordinates":[[[114.24599999999978,22.256399999999996],[114.24759999999978,22.256399999999996],[114.24759999999978,22.257999999999996],[114.24599999999978,22.257999999999996],[114.24599999999978,22.256399999999996]]]}},{"type":"Feature","properties":{"id":"lu-southern-29-61","class":"built_up","vegetationFraction":0.153,"pavedFraction":0.72,"waterFraction":0.022,"simulated":true},"geometry":{"type":"Polygon","coordinates":[[[114.24759999999978,22.256399999999996],[114.24919999999977,22.256399999999996],[114.24919999999977,22.257999999999996],[114.24759999999978,22.257999999999996],[114.24759999999978,22.256399999999996]]]}},{"type":"Feature","properties":{"id":"lu-southern-29-62","class":"urban_open_space","vegetationFraction":0.268,"pavedFraction":0.711,"waterFraction":0.021,"simulated":true},"geometry":{"type":"Polygon","coordinates":[[[114.24919999999977,22.256399999999996],[114.25079999999977,22.256399999999996],[114.25079999999977,22.257999999999996],[114.24919999999977,22.257999999999996],[114.24919999999977,22.256399999999996]]]}},{"type":"Feature","properties":{"id":"lu-southern-29-63","class":"built_up","vegetationFraction":0.12,"pavedFraction":0.729,"waterFraction":0.032,"simulated":true},"geometry":{"type":"Polygon","coordinates":[[[114.25079999999977,22.256399999999996],[114.25239999999977,22.256399999999996],[114.25239999999977,22.257999999999996],[114.25079999999977,22.257999999999996],[114.25079999999977,22.256399999999996]]]}},{"type":"Feature","properties":{"id":"lu-southern-29-64","class":"urban_open_space","vegetationFraction":0.279,"pavedFraction":0.487,"waterFraction":0.002,"simulated":true},"geometry":{"type":"Polygon","coordinates":[[[114.25239999999977,22.256399999999996],[114.25399999999976,22.256399999999996],[114.25399999999976,22.257999999999996],[114.25239999999977,22.257999999999996],[114.25239999999977,22.256399999999996]]]}},{"type":"Feature","properties":{"id":"lu-southern-29-65","class":"built_up","vegetationFraction":0.111,"pavedFraction":0.519,"waterFraction":0.037,"simulated":true},"geometry":{"type":"Polygon","coordinates":[[[114.25399999999976,22.256399999999996],[114.25559999999976,22.256399999999996],[114.25559999999976,22.257999999999996],[114.25399999999976,22.257999999999996],[114.25399999999976,22.256399999999996]]]}},{"type":"Feature","properties":{"id":"lu-southern-29-66","class":"built_up","vegetationFraction":0.133,"pavedFraction":0.536,"waterFraction":0.055,"simulated":true},"geometry":{"type":"Polygon","coordinates":[[[114.25559999999976,22.256399999999996],[114.25719999999976,22.256399999999996],[114.25719999999976,22.257999999999996],[114.25559999999976,22.257999999999996],[114.25559999999976,22.256399999999996]]]}},{"type":"Feature","properties":{"id":"lu-southern-29-67","class":"urban_open_space","vegetationFraction":0.259,"pavedFraction":0.539,"waterFraction":0.008,"simulated":true},"geometry":{"type":"Polygon","coordinates":[[[114.25719999999976,22.256399999999996],[114.25879999999975,22.256399999999996],[114.25879999999975,22.257999999999996],[114.25719999999976,22.257999999999996],[114.25719999999976,22.256399999999996]]]}},{"type":"Feature","properties":{"id":"lu-southern-29-68","class":"built_up","vegetationFraction":0.132,"pavedFraction":0.613,"waterFraction":0.049,"simulated":true},"geometry":{"type":"Polygon","coordinates":[[[114.25879999999975,22.256399999999996],[114.26039999999975,22.256399999999996],[114.26039999999975,22.257999999999996],[114.25879999999975,22.257999999999996],[114.25879999999975,22.256399999999996]]]}},{"type":"Feature","properties":{"id":"lu-southern-29-69","class":"built_up","vegetationFraction":0.237,"pavedFraction":0.693,"waterFraction":0.006,"simulated":true},"geometry":{"type":"Polygon","coordinates":[[[114.26039999999975,22.256399999999996],[114.26199999999974,22.256399999999996],[114.26199999999974,22.257999999999996],[114.26039999999975,22.257999999999996],[114.26039999999975,22.256399999999996]]]}},{"type":"Feature","properties":{"id":"lu-southern-29-70","class":"built_up","vegetationFraction":0.198,"pavedFraction":0.48,"waterFraction":0.053,"simulated":true},"geometry":{"type":"Polygon","coordinates":[[[114.26199999999974,22.256399999999996],[114.26359999999974,22.256399999999996],[114.26359999999974,22.257999999999996],[114.26199999999974,22.257999999999996],[114.26199999999974,22.256399999999996]]]}},{"type":"Feature","properties":{"id":"lu-southern-29-71","class":"urban_open_space","vegetationFraction":0.251,"pavedFraction":0.491,"waterFraction":0.041,"simulated":true},"geometry":{"type":"Polygon","coordinates":[[[114.26359999999974,22.256399999999996],[114.26519999999974,22.256399999999996],[114.26519999999974,22.257999999999996],[114.26359999999974,22.257999999999996],[114.26359999999974,22.256399999999996]]]}},{"type":"Feature","properties":{"id":"lu-southern-30-00","class":"built_up","vegetationFraction":0.212,"pavedFraction":0.567,"waterFraction":0.024,"simulated":true},"geometry":{"type":"Polygon","coordinates":[[[114.15,22.257999999999996],[114.1516,22.257999999999996],[114.1516,22.259599999999995],[114.15,22.259599999999995],[114.15,22.257999999999996]]]}},{"type":"Feature","properties":{"id":"lu-southern-30-01","class":"built_up","vegetationFraction":0.219,"pavedFraction":0.495,"waterFraction":0.028,"simulated":true},"geometry":{"type":"Polygon","coordinates":[[[114.1516,22.257999999999996],[114.1532,22.257999999999996],[114.1532,22.259599999999995],[114.1516,22.259599999999995],[114.1516,22.257999999999996]]]}},{"type":"Feature","properties":{"id":"lu-southern-30-02","class":"built_up","vegetationFraction":0.161,"pavedFraction":0.552,"waterFraction":0.017,"simulated":true},"geometry":{"type":"Polygon","coordinates":[[[114.1532,22.257999999999996],[114.1548,22.257999999999996],[114.1548,22.259599999999995],[114.1532,22.259599999999995],[114.1532,22.257999999999996]]]}},{"type":"Feature","properties":{"id":"lu-southern-30-03","class":"built_up","vegetationFraction":0.197,"pavedFraction":0.498,"waterFraction":0.008,"simulated":true},"geometry":{"type":"Polygon","coordinates":[[[114.1548,22.257999999999996],[114.15639999999999,22.257999999999996],[114.15639999999999,22.259599999999995],[114.1548,22.259599999999995],[114.1548,22.257999999999996]]]}},{"type":"Feature","properties":{"id":"lu-southern-30-04","class":"built_up","vegetationFraction":0.225,"pavedFraction":0.748,"waterFraction":0.002,"simulated":true},"geometry":{"type":"Polygon","coordinates":[[[114.15639999999999,22.257999999999996],[114.15799999999999,22.257999999999996],[114.15799999999999,22.259599999999995],[114.15639999999999,22.259599999999995],[114.15639999999999,22.257999999999996]]]}},{"type":"Feature","properties":{"id":"lu-southern-30-05","class":"built_up","vegetationFraction":0.181,"pavedFraction":0.592,"waterFraction":0.007,"simulated":true},"geometry":{"type":"Polygon","coordinates":[[[114.15799999999999,22.257999999999996],[114.15959999999998,22.257999999999996],[114.15959999999998,22.259599999999995],[114.15799999999999,22.259599999999995],[114.15799999999999,22.257999999999996]]]}},{"type":"Feature","properties":{"id":"lu-southern-30-06","class":"built_up","vegetationFraction":0.231,"pavedFraction":0.524,"waterFraction":0.053,"simulated":true},"geometry":{"type":"Polygon","coordinates":[[[114.15959999999998,22.257999999999996],[114.16119999999998,22.257999999999996],[114.16119999999998,22.259599999999995],[114.15959999999998,22.259599999999995],[114.15959999999998,22.257999999999996]]]}},{"type":"Feature","properties":{"id":"lu-southern-30-07","class":"built_up","vegetationFraction":0.138,"pavedFraction":0.596,"waterFraction":0.034,"simulated":true},"geometry":{"type":"Polygon","coordinates":[[[114.16119999999998,22.257999999999996],[114.16279999999998,22.257999999999996],[114.16279999999998,22.259599999999995],[114.16119999999998,22.259599999999995],[114.16119999999998,22.257999999999996]]]}},{"type":"Feature","properties":{"id":"lu-southern-30-08","class":"built_up","vegetationFraction":0.103,"pavedFraction":0.645,"waterFraction":0.049,"simulated":true},"geometry":{"type":"Polygon","coordinates":[[[114.16279999999998,22.257999999999996],[114.16439999999997,22.257999999999996],[114.16439999999997,22.259599999999995],[114.16279999999998,22.259599999999995],[114.16279999999998,22.257999999999996]]]}},{"type":"Feature","properties":{"id":"lu-southern-30-09","class":"built_up","vegetationFraction":0.201,"pavedFraction":0.706,"waterFraction":0.024,"simulated":true},"geometry":{"type":"Polygon","coordinates":[[[114.16439999999997,22.257999999999996],[114.16599999999997,22.257999999999996],[114.16599999999997,22.259599999999995],[114.16439999999997,22.259599999999995],[114.16439999999997,22.257999999999996]]]}},{"type":"Feature","properties":{"id":"lu-southern-30-10","class":"built_up","vegetationFraction":0.138,"pavedFraction":0.633,"waterFraction":0.05,"simulated":true},"geometry":{"type":"Polygon","coordinates":[[[114.16599999999997,22.257999999999996],[114.16759999999996,22.257999999999996],[114.16759999999996,22.259599999999995],[114.16599999999997,22.259599999999995],[114.16599999999997,22.257999999999996]]]}},{"type":"Feature","properties":{"id":"lu-southern-30-11","class":"built_up","vegetationFraction":0.236,"pavedFraction":0.741,"waterFraction":0.046,"simulated":true},"geometry":{"type":"Polygon","coordinates":[[[114.16759999999996,22.257999999999996],[114.16919999999996,22.257999999999996],[114.16919999999996,22.259599999999995],[114.16759999999996,22.259599999999995],[114.16759999999996,22.257999999999996]]]}},{"type":"Feature","properties":{"id":"lu-southern-30-12","class":"built_up","vegetationFraction":0.244,"pavedFraction":0.633,"waterFraction":0.046,"simulated":true},"geometry":{"type":"Polygon","coordinates":[[[114.16919999999996,22.257999999999996],[114.17079999999996,22.257999999999996],[114.17079999999996,22.259599999999995],[114.16919999999996,22.259599999999995],[114.16919999999996,22.257999999999996]]]}},{"type":"Feature","properties":{"id":"lu-southern-30-13","class":"built_up","vegetationFraction":0.103,"pavedFraction":0.562,"waterFraction":0.013,"simulated":true},"geometry":{"type":"Polygon","coordinates":[[[114.17079999999996,22.257999999999996],[114.17239999999995,22.257999999999996],[114.17239999999995,22.259599999999995],[114.17079999999996,22.259599999999995],[114.17079999999996,22.257999999999996]]]}},{"type":"Feature","properties":{"id":"lu-southern-30-14","class":"urban_open_space","vegetationFraction":0.266,"pavedFraction":0.713,"waterFraction":0.044,"simulated":true},"geometry":{"type":"Polygon","coordinates":[[[114.17239999999995,22.257999999999996],[114.17399999999995,22.257999999999996],[114.17399999999995,22.259599999999995],[114.17239999999995,22.259599999999995],[114.17239999999995,22.257999999999996]]]}},{"type":"Feature","properties":{"id":"lu-southern-30-15","class":"built_up","vegetationFraction":0.185,"pavedFraction":0.682,"waterFraction":0.051,"simulated":true},"geometry":{"type":"Polygon","coordinates":[[[114.17399999999995,22.257999999999996],[114.17559999999995,22.257999999999996],[114.17559999999995,22.259599999999995],[114.17399999999995,22.259599999999995],[114.17399999999995,22.257999999999996]]]}},{"type":"Feature","properties":{"id":"lu-southern-30-16","class":"urban_open_space","vegetationFraction":0.257,"pavedFraction":0.775,"waterFraction":0.008,"simulated":true},"geometry":{"type":"Polygon","coordinates":[[[114.17559999999995,22.257999999999996],[114.17719999999994,22.257999999999996],[114.17719999999994,22.259599999999995],[114.17559999999995,22.259599999999995],[114.17559999999995,22.257999999999996]]]}},{"type":"Feature","properties":{"id":"lu-southern-30-17","class":"built_up","vegetationFraction":0.226,"pavedFraction":0.585,"waterFraction":0.018,"simulated":true},"geometry":{"type":"Polygon","coordinates":[[[114.17719999999994,22.257999999999996],[114.17879999999994,22.257999999999996],[114.17879999999994,22.259599999999995],[114.17719999999994,22.259599999999995],[114.17719999999994,22.257999999999996]]]}},{"type":"Feature","properties":{"id":"lu-southern-30-18","class":"built_up","vegetationFraction":0.11,"pavedFraction":0.568,"waterFraction":0.058,"simulated":true},"geometry":{"type":"Polygon","coordinates":[[[114.17879999999994,22.257999999999996],[114.18039999999993,22.257999999999996],[114.18039999999993,22.259599999999995],[114.17879999999994,22.259599999999995],[114.17879999999994,22.257999999999996]]]}},{"type":"Feature","properties":{"id":"lu-southern-30-19","class":"built_up","vegetationFraction":0.173,"pavedFraction":0.632,"waterFraction":0.017,"simulated":true},"geometry":{"type":"Polygon","coordinates":[[[114.18039999999993,22.257999999999996],[114.18199999999993,22.257999999999996],[114.18199999999993,22.259599999999995],[114.18039999999993,22.259599999999995],[114.18039999999993,22.257999999999996]]]}},{"type":"Feature","properties":{"id":"lu-southern-30-20","class":"urban_open_space","vegetationFraction":0.262,"pavedFraction":0.512,"waterFraction":0.038,"simulated":true},"geometry":{"type":"Polygon","coordinates":[[[114.18199999999993,22.257999999999996],[114.18359999999993,22.257999999999996],[114.18359999999993,22.259599999999995],[114.18199999999993,22.259599999999995],[114.18199999999993,22.257999999999996]]]}},{"type":"Feature","properties":{"id":"lu-southern-30-21","class":"urban_open_space","vegetationFraction":0.272,"pavedFraction":0.638,"waterFraction":0.007,"simulated":true},"geometry":{"type":"Polygon","coordinates":[[[114.18359999999993,22.257999999999996],[114.18519999999992,22.257999999999996],[114.18519999999992,22.259599999999995],[114.18359999999993,22.259599999999995],[114.18359999999993,22.257999999999996]]]}},{"type":"Feature","properties":{"id":"lu-southern-30-22","class":"urban_open_space","vegetationFraction":0.26,"pavedFraction":0.742,"waterFraction":0.04,"simulated":true},"geometry":{"type":"Polygon","coordinates":[[[114.18519999999992,22.257999999999996],[114.18679999999992,22.257999999999996],[114.18679999999992,22.259599999999995],[114.18519999999992,22.259599999999995],[114.18519999999992,22.257999999999996]]]}},{"type":"Feature","properties":{"id":"lu-southern-30-23","class":"built_up","vegetationFraction":0.176,"pavedFraction":0.515,"waterFraction":0.052,"simulated":true},"geometry":{"type":"Polygon","coordinates":[[[114.18679999999992,22.257999999999996],[114.18839999999992,22.257999999999996],[114.18839999999992,22.259599999999995],[114.18679999999992,22.259599999999995],[114.18679999999992,22.257999999999996]]]}},{"type":"Feature","properties":{"id":"lu-southern-30-24","class":"built_up","vegetationFraction":0.214,"pavedFraction":0.575,"waterFraction":0.021,"simulated":true},"geometry":{"type":"Polygon","coordinates":[[[114.18839999999992,22.257999999999996],[114.18999999999991,22.257999999999996],[114.18999999999991,22.259599999999995],[114.18839999999992,22.259599999999995],[114.18839999999992,22.257999999999996]]]}},{"type":"Feature","properties":{"id":"lu-southern-30-25","class":"built_up","vegetationFraction":0.116,"pavedFraction":0.566,"waterFraction":0.041,"simulated":true},"geometry":{"type":"Polygon","coordinates":[[[114.18999999999991,22.257999999999996],[114.19159999999991,22.257999999999996],[114.19159999999991,22.259599999999995],[114.18999999999991,22.259599999999995],[114.18999999999991,22.257999999999996]]]}},{"type":"Feature","properties":{"id":"lu-southern-30-26","class":"built_up","vegetationFraction":0.116,"pavedFraction":0.658,"waterFraction":0.041,"simulated":true},"geometry":{"type":"Polygon","coordinates":[[[114.19159999999991,22.257999999999996],[114.1931999999999,22.257999999999996],[114.1931999999999,22.259599999999995],[114.19159999999991,22.259599999999995],[114.19159999999991,22.257999999999996]]]}},{"type":"Feature","properties":{"id":"lu-southern-30-27","class":"urban_open_space","vegetationFraction":0.279,"pavedFraction":0.604,"waterFraction":0.031,"simulated":true},"geometry":{"type":"Polygon","coordinates":[[[114.1931999999999,22.257999999999996],[114.1947999999999,22.257999999999996],[114.1947999999999,22.259599999999995],[114.1931999999999,22.259599999999995],[114.1931999999999,22.257999999999996]]]}},{"type":"Feature","properties":{"id":"lu-southern-30-28","class":"built_up","vegetationFraction":0.116,"pavedFraction":0.678,"waterFraction":0.058,"simulated":true},"geometry":{"type":"Polygon","coordinates":[[[114.1947999999999,22.257999999999996],[114.1963999999999,22.257999999999996],[114.1963999999999,22.259599999999995],[114.1947999999999,22.259599999999995],[114.1947999999999,22.257999999999996]]]}},{"type":"Feature","properties":{"id":"lu-southern-30-29","class":"urban_open_space","vegetationFraction":0.278,"pavedFraction":0.487,"waterFraction":0.06,"simulated":true},"geometry":{"type":"Polygon","coordinates":[[[114.1963999999999,22.257999999999996],[114.1979999999999,22.257999999999996],[114.1979999999999,22.259599999999995],[114.1963999999999,22.259599999999995],[114.1963999999999,22.257999999999996]]]}},{"type":"Feature","properties":{"id":"lu-southern-30-30","class":"built_up","vegetationFraction":0.221,"pavedFraction":0.604,"waterFraction":0.007,"simulated":true},"geometry":{"type":"Polygon","coordinates":[[[114.1979999999999,22.257999999999996],[114.19959999999989,22.257999999999996],[114.19959999999989,22.259599999999995],[114.1979999999999,22.259599999999995],[114.1979999999999,22.257999999999996]]]}},{"type":"Feature","properties":{"id":"lu-southern-30-31","class":"built_up","vegetationFraction":0.102,"pavedFraction":0.609,"waterFraction":0.047,"simulated":true},"geometry":{"type":"Polygon","coordinates":[[[114.19959999999989,22.257999999999996],[114.20119999999989,22.257999999999996],[114.20119999999989,22.259599999999995],[114.19959999999989,22.259599999999995],[114.19959999999989,22.257999999999996]]]}},{"type":"Feature","properties":{"id":"lu-southern-30-32","class":"built_up","vegetationFraction":0.216,"pavedFraction":0.635,"waterFraction":0.048,"simulated":true},"geometry":{"type":"Polygon","coordinates":[[[114.20119999999989,22.257999999999996],[114.20279999999988,22.257999999999996],[114.20279999999988,22.259599999999995],[114.20119999999989,22.259599999999995],[114.20119999999989,22.257999999999996]]]}},{"type":"Feature","properties":{"id":"lu-southern-30-33","class":"built_up","vegetationFraction":0.21,"pavedFraction":0.52,"waterFraction":0.043,"simulated":true},"geometry":{"type":"Polygon","coordinates":[[[114.20279999999988,22.257999999999996],[114.20439999999988,22.257999999999996],[114.20439999999988,22.259599999999995],[114.20279999999988,22.259599999999995],[114.20279999999988,22.257999999999996]]]}},{"type":"Feature","properties":{"id":"lu-southern-30-34","class":"built_up","vegetationFraction":0.233,"pavedFraction":0.732,"waterFraction":0.037,"simulated":true},"geometry":{"type":"Polygon","coordinates":[[[114.20439999999988,22.257999999999996],[114.20599999999988,22.257999999999996],[114.20599999999988,22.259599999999995],[114.20439999999988,22.259599999999995],[114.20439999999988,22.257999999999996]]]}},{"type":"Feature","properties":{"id":"lu-southern-30-35","class":"built_up","vegetationFraction":0.183,"pavedFraction":0.78,"waterFraction":0.042,"simulated":true},"geometry":{"type":"Polygon","coordinates":[[[114.20599999999988,22.257999999999996],[114.20759999999987,22.257999999999996],[114.20759999999987,22.259599999999995],[114.20599999999988,22.259599999999995],[114.20599999999988,22.257999999999996]]]}},{"type":"Feature","properties":{"id":"lu-southern-30-36","class":"built_up","vegetationFraction":0.186,"pavedFraction":0.508,"waterFraction":0.058,"simulated":true},"geometry":{"type":"Polygon","coordinates":[[[114.20759999999987,22.257999999999996],[114.20919999999987,22.257999999999996],[114.20919999999987,22.259599999999995],[114.20759999999987,22.259599999999995],[114.20759999999987,22.257999999999996]]]}},{"type":"Feature","properties":{"id":"lu-southern-30-37","class":"built_up","vegetationFraction":0.203,"pavedFraction":0.729,"waterFraction":0.003,"simulated":true},"geometry":{"type":"Polygon","coordinates":[[[114.20919999999987,22.257999999999996],[114.21079999999986,22.257999999999996],[114.21079999999986,22.259599999999995],[114.20919999999987,22.259599999999995],[114.20919999999987,22.257999999999996]]]}},{"type":"Feature","properties":{"id":"lu-southern-30-38","class":"built_up","vegetationFraction":0.22,"pavedFraction":0.64,"waterFraction":0.058,"simulated":true},"geometry":{"type":"Polygon","coordinates":[[[114.21079999999986,22.257999999999996],[114.21239999999986,22.257999999999996],[114.21239999999986,22.259599999999995],[114.21079999999986,22.259599999999995],[114.21079999999986,22.257999999999996]]]}},{"type":"Feature","properties":{"id":"lu-southern-30-39","class":"built_up","vegetationFraction":0.233,"pavedFraction":0.532,"waterFraction":0.012,"simulated":true},"geometry":{"type":"Polygon","coordinates":[[[114.21239999999986,22.257999999999996],[114.21399999999986,22.257999999999996],[114.21399999999986,22.259599999999995],[114.21239999999986,22.259599999999995],[114.21239999999986,22.257999999999996]]]}},{"type":"Feature","properties":{"id":"lu-southern-30-40","class":"built_up","vegetationFraction":0.156,"pavedFraction":0.527,"waterFraction":0.054,"simulated":true},"geometry":{"type":"Polygon","coordinates":[[[114.21399999999986,22.257999999999996],[114.21559999999985,22.257999999999996],[114.21559999999985,22.259599999999995],[114.21399999999986,22.259599999999995],[114.21399999999986,22.257999999999996]]]}},{"type":"Feature","properties":{"id":"lu-southern-30-41","class":"built_up","vegetationFraction":0.141,"pavedFraction":0.698,"waterFraction":0.057,"simulated":true},"geometry":{"type":"Polygon","coordinates":[[[114.21559999999985,22.257999999999996],[114.21719999999985,22.257999999999996],[114.21719999999985,22.259599999999995],[114.21559999999985,22.259599999999995],[114.21559999999985,22.257999999999996]]]}},{"type":"Feature","properties":{"id":"lu-southern-30-42","class":"built_up","vegetationFraction":0.176,"pavedFraction":0.675,"waterFraction":0.023,"simulated":true},"geometry":{"type":"Polygon","coordinates":[[[114.21719999999985,22.257999999999996],[114.21879999999985,22.257999999999996],[114.21879999999985,22.259599999999995],[114.21719999999985,22.259599999999995],[114.21719999999985,22.257999999999996]]]}},{"type":"Feature","properties":{"id":"lu-southern-30-43","class":"built_up","vegetationFraction":0.155,"pavedFraction":0.702,"waterFraction":0.003,"simulated":true},"geometry":{"type":"Polygon","coordinates":[[[114.21879999999985,22.257999999999996],[114.22039999999984,22.257999999999996],[114.22039999999984,22.259599999999995],[114.21879999999985,22.259599999999995],[114.21879999999985,22.257999999999996]]]}},{"type":"Feature","properties":{"id":"lu-southern-30-44","class":"urban_open_space","vegetationFraction":0.25,"pavedFraction":0.755,"waterFraction":0.048,"simulated":true},"geometry":{"type":"Polygon","coordinates":[[[114.22039999999984,22.257999999999996],[114.22199999999984,22.257999999999996],[114.22199999999984,22.259599999999995],[114.22039999999984,22.259599999999995],[114.22039999999984,22.257999999999996]]]}},{"type":"Feature","properties":{"id":"lu-southern-30-45","class":"built_up","vegetationFraction":0.221,"pavedFraction":0.625,"waterFraction":0.045,"simulated":true},"geometry":{"type":"Polygon","coordinates":[[[114.22199999999984,22.257999999999996],[114.22359999999983,22.257999999999996],[114.22359999999983,22.259599999999995],[114.22199999999984,22.259599999999995],[114.22199999999984,22.257999999999996]]]}},{"type":"Feature","properties":{"id":"lu-southern-30-46","class":"built_up","vegetationFraction":0.141,"pavedFraction":0.562,"waterFraction":0.037,"simulated":true},"geometry":{"type":"Polygon","coordinates":[[[114.22359999999983,22.257999999999996],[114.22519999999983,22.257999999999996],[114.22519999999983,22.259599999999995],[114.22359999999983,22.259599999999995],[114.22359999999983,22.257999999999996]]]}},{"type":"Feature","properties":{"id":"lu-southern-30-47","class":"urban_open_space","vegetationFraction":0.279,"pavedFraction":0.535,"waterFraction":0.019,"simulated":true},"geometry":{"type":"Polygon","coordinates":[[[114.22519999999983,22.257999999999996],[114.22679999999983,22.257999999999996],[114.22679999999983,22.259599999999995],[114.22519999999983,22.259599999999995],[114.22519999999983,22.257999999999996]]]}},{"type":"Feature","properties":{"id":"lu-southern-30-48","class":"urban_open_space","vegetationFraction":0.269,"pavedFraction":0.748,"waterFraction":0.053,"simulated":true},"geometry":{"type":"Polygon","coordinates":[[[114.22679999999983,22.257999999999996],[114.22839999999982,22.257999999999996],[114.22839999999982,22.259599999999995],[114.22679999999983,22.259599999999995],[114.22679999999983,22.257999999999996]]]}},{"type":"Feature","properties":{"id":"lu-southern-30-49","class":"built_up","vegetationFraction":0.207,"pavedFraction":0.681,"waterFraction":0.053,"simulated":true},"geometry":{"type":"Polygon","coordinates":[[[114.22839999999982,22.257999999999996],[114.22999999999982,22.257999999999996],[114.22999999999982,22.259599999999995],[114.22839999999982,22.259599999999995],[114.22839999999982,22.257999999999996]]]}},{"type":"Feature","properties":{"id":"lu-southern-30-50","class":"built_up","vegetationFraction":0.161,"pavedFraction":0.552,"waterFraction":0.056,"simulated":true},"geometry":{"type":"Polygon","coordinates":[[[114.22999999999982,22.257999999999996],[114.23159999999982,22.257999999999996],[114.23159999999982,22.259599999999995],[114.22999999999982,22.259599999999995],[114.22999999999982,22.257999999999996]]]}},{"type":"Feature","properties":{"id":"lu-southern-30-51","class":"built_up","vegetationFraction":0.124,"pavedFraction":0.509,"waterFraction":0.02,"simulated":true},"geometry":{"type":"Polygon","coordinates":[[[114.23159999999982,22.257999999999996],[114.23319999999981,22.257999999999996],[114.23319999999981,22.259599999999995],[114.23159999999982,22.259599999999995],[114.23159999999982,22.257999999999996]]]}},{"type":"Feature","properties":{"id":"lu-southern-30-52","class":"built_up","vegetationFraction":0.19,"pavedFraction":0.485,"waterFraction":0.052,"simulated":true},"geometry":{"type":"Polygon","coordinates":[[[114.23319999999981,22.257999999999996],[114.23479999999981,22.257999999999996],[114.23479999999981,22.259599999999995],[114.23319999999981,22.259599999999995],[114.23319999999981,22.257999999999996]]]}},{"type":"Feature","properties":{"id":"lu-southern-30-53","class":"built_up","vegetationFraction":0.247,"pavedFraction":0.548,"waterFraction":0.039,"simulated":true},"geometry":{"type":"Polygon","coordinates":[[[114.23479999999981,22.257999999999996],[114.2363999999998,22.257999999999996],[114.2363999999998,22.259599999999995],[114.23479999999981,22.259599999999995],[114.23479999999981,22.257999999999996]]]}},{"type":"Feature","properties":{"id":"lu-southern-30-54","class":"built_up","vegetationFraction":0.212,"pavedFraction":0.76,"waterFraction":0.021,"simulated":true},"geometry":{"type":"Polygon","coordinates":[[[114.2363999999998,22.257999999999996],[114.2379999999998,22.257999999999996],[114.2379999999998,22.259599999999995],[114.2363999999998,22.259599999999995],[114.2363999999998,22.257999999999996]]]}},{"type":"Feature","properties":{"id":"lu-southern-30-55","class":"built_up","vegetationFraction":0.245,"pavedFraction":0.513,"waterFraction":0.046,"simulated":true},"geometry":{"type":"Polygon","coordinates":[[[114.2379999999998,22.257999999999996],[114.2395999999998,22.257999999999996],[114.2395999999998,22.259599999999995],[114.2379999999998,22.259599999999995],[114.2379999999998,22.257999999999996]]]}},{"type":"Feature","properties":{"id":"lu-southern-30-56","class":"built_up","vegetationFraction":0.112,"pavedFraction":0.489,"waterFraction":0.057,"simulated":true},"geometry":{"type":"Polygon","coordinates":[[[114.2395999999998,22.257999999999996],[114.2411999999998,22.257999999999996],[114.2411999999998,22.259599999999995],[114.2395999999998,22.259599999999995],[114.2395999999998,22.257999999999996]]]}},{"type":"Feature","properties":{"id":"lu-southern-30-57","class":"built_up","vegetationFraction":0.1,"pavedFraction":0.567,"waterFraction":0.024,"simulated":true},"geometry":{"type":"Polygon","coordinates":[[[114.2411999999998,22.257999999999996],[114.24279999999979,22.257999999999996],[114.24279999999979,22.259599999999995],[114.2411999999998,22.259599999999995],[114.2411999999998,22.257999999999996]]]}},{"type":"Feature","properties":{"id":"lu-southern-30-58","class":"built_up","vegetationFraction":0.188,"pavedFraction":0.727,"waterFraction":0.036,"simulated":true},"geometry":{"type":"Polygon","coordinates":[[[114.24279999999979,22.257999999999996],[114.24439999999979,22.257999999999996],[114.24439999999979,22.259599999999995],[114.24279999999979,22.259599999999995],[114.24279999999979,22.257999999999996]]]}},{"type":"Feature","properties":{"id":"lu-southern-30-59","class":"built_up","vegetationFraction":0.17,"pavedFraction":0.507,"waterFraction":0.048,"simulated":true},"geometry":{"type":"Polygon","coordinates":[[[114.24439999999979,22.257999999999996],[114.24599999999978,22.257999999999996],[114.24599999999978,22.259599999999995],[114.24439999999979,22.259599999999995],[114.24439999999979,22.257999999999996]]]}},{"type":"Feature","properties":{"id":"lu-southern-30-60","class":"built_up","vegetationFraction":0.157,"pavedFraction":0.652,"waterFraction":0.029,"simulated":true},"geometry":{"type":"Polygon","coordinates":[[[114.24599999999978,22.257999999999996],[114.24759999999978,22.257999999999996],[114.24759999999978,22.259599999999995],[114.24599999999978,22.259599999999995],[114.24599999999978,22.257999999999996]]]}},{"type":"Feature","properties":{"id":"lu-southern-30-61","class":"urban_open_space","vegetationFraction":0.269,"pavedFraction":0.713,"waterFraction":0.05,"simulated":true},"geometry":{"type":"Polygon","coordinates":[[[114.24759999999978,22.257999999999996],[114.24919999999977,22.257999999999996],[114.24919999999977,22.259599999999995],[114.24759999999978,22.259599999999995],[114.24759999999978,22.257999999999996]]]}},{"type":"Feature","properties":{"id":"lu-southern-30-62","class":"built_up","vegetationFraction":0.169,"pavedFraction":0.756,"waterFraction":0.036,"simulated":true},"geometry":{"type":"Polygon","coordinates":[[[114.24919999999977,22.257999999999996],[114.25079999999977,22.257999999999996],[114.25079999999977,22.259599999999995],[114.24919999999977,22.259599999999995],[114.24919999999977,22.257999999999996]]]}},{"type":"Feature","properties":{"id":"lu-southern-30-63","class":"urban_open_space","vegetationFraction":0.274,"pavedFraction":0.542,"waterFraction":0.025,"simulated":true},"geometry":{"type":"Polygon","coordinates":[[[114.25079999999977,22.257999999999996],[114.25239999999977,22.257999999999996],[114.25239999999977,22.259599999999995],[114.25079999999977,22.259599999999995],[114.25079999999977,22.257999999999996]]]}},{"type":"Feature","properties":{"id":"lu-southern-30-64","class":"built_up","vegetationFraction":0.242,"pavedFraction":0.505,"waterFraction":0.028,"simulated":true},"geometry":{"type":"Polygon","coordinates":[[[114.25239999999977,22.257999999999996],[114.25399999999976,22.257999999999996],[114.25399999999976,22.259599999999995],[114.25239999999977,22.259599999999995],[114.25239999999977,22.257999999999996]]]}},{"type":"Feature","properties":{"id":"lu-southern-30-65","class":"urban_open_space","vegetationFraction":0.258,"pavedFraction":0.626,"waterFraction":0.028,"simulated":true},"geometry":{"type":"Polygon","coordinates":[[[114.25399999999976,22.257999999999996],[114.25559999999976,22.257999999999996],[114.25559999999976,22.259599999999995],[114.25399999999976,22.259599999999995],[114.25399999999976,22.257999999999996]]]}},{"type":"Feature","properties":{"id":"lu-southern-30-66","class":"built_up","vegetationFraction":0.19,"pavedFraction":0.668,"waterFraction":0.055,"simulated":true},"geometry":{"type":"Polygon","coordinates":[[[114.25559999999976,22.257999999999996],[114.25719999999976,22.257999999999996],[114.25719999999976,22.259599999999995],[114.25559999999976,22.259599999999995],[114.25559999999976,22.257999999999996]]]}},{"type":"Feature","properties":{"id":"lu-southern-30-67","class":"built_up","vegetationFraction":0.167,"pavedFraction":0.514,"waterFraction":0.046,"simulated":true},"geometry":{"type":"Polygon","coordinates":[[[114.25719999999976,22.257999999999996],[114.25879999999975,22.257999999999996],[114.25879999999975,22.259599999999995],[114.25719999999976,22.259599999999995],[114.25719999999976,22.257999999999996]]]}},{"type":"Feature","properties":{"id":"lu-southern-30-68","class":"built_up","vegetationFraction":0.167,"pavedFraction":0.742,"waterFraction":0.056,"simulated":true},"geometry":{"type":"Polygon","coordinates":[[[114.25879999999975,22.257999999999996],[114.26039999999975,22.257999999999996],[114.26039999999975,22.259599999999995],[114.25879999999975,22.259599999999995],[114.25879999999975,22.257999999999996]]]}},{"type":"Feature","properties":{"id":"lu-southern-30-69","class":"built_up","vegetationFraction":0.226,"pavedFraction":0.709,"waterFraction":0.046,"simulated":true},"geometry":{"type":"Polygon","coordinates":[[[114.26039999999975,22.257999999999996],[114.26199999999974,22.257999999999996],[114.26199999999974,22.259599999999995],[114.26039999999975,22.259599999999995],[114.26039999999975,22.257999999999996]]]}},{"type":"Feature","properties":{"id":"lu-southern-30-70","class":"built_up","vegetationFraction":0.225,"pavedFraction":0.736,"waterFraction":0.054,"simulated":true},"geometry":{"type":"Polygon","coordinates":[[[114.26199999999974,22.257999999999996],[114.26359999999974,22.257999999999996],[114.26359999999974,22.259599999999995],[114.26199999999974,22.259599999999995],[114.26199999999974,22.257999999999996]]]}},{"type":"Feature","properties":{"id":"lu-southern-30-71","class":"built_up","vegetationFraction":0.114,"pavedFraction":0.48,"waterFraction":0.046,"simulated":true},"geometry":{"type":"Polygon","coordinates":[[[114.26359999999974,22.257999999999996],[114.26519999999974,22.257999999999996],[114.26519999999974,22.259599999999995],[114.26359999999974,22.259599999999995],[114.26359999999974,22.257999999999996]]]}},{"type":"Feature","properties":{"id":"lu-southern-31-00","class":"urban_open_space","vegetationFraction":0.271,"pavedFraction":0.608,"waterFraction":0.029,"simulated":true},"geometry":{"type":"Polygon","coordinates":[[[114.15,22.259599999999995],[114.1516,22.259599999999995],[114.1516,22.261199999999995],[114.15,22.261199999999995],[114.15,22.259599999999995]]]}},{"type":"Feature","properties":{"id":"lu-southern-31-01","class":"built_up","vegetationFraction":0.236,"pavedFraction":0.687,"waterFraction":0.041,"simulated":true},"geometry":{"type":"Polygon","coordinates":[[[114.1516,22.259599999999995],[114.1532,22.259599999999995],[114.1532,22.261199999999995],[114.1516,22.261199999999995],[114.1516,22.259599999999995]]]}},{"type":"Feature","properties":{"id":"lu-southern-31-02","class":"built_up","vegetationFraction":0.202,"pavedFraction":0.551,"waterFraction":0.021,"simulated":true},"geometry":{"type":"Polygon","coordinates":[[[114.1532,22.259599999999995],[114.1548,22.259599999999995],[114.1548,22.261199999999995],[114.1532,22.261199999999995],[114.1532,22.259599999999995]]]}},{"type":"Feature","properties":{"id":"lu-southern-31-03","class":"built_up","vegetationFraction":0.233,"pavedFraction":0.64,"waterFraction":0.011,"simulated":true},"geometry":{"type":"Polygon","coordinates":[[[114.1548,22.259599999999995],[114.15639999999999,22.259599999999995],[114.15639999999999,22.261199999999995],[114.1548,22.261199999999995],[114.1548,22.259599999999995]]]}},{"type":"Feature","properties":{"id":"lu-southern-31-04","class":"built_up","vegetationFraction":0.178,"pavedFraction":0.758,"waterFraction":0.046,"simulated":true},"geometry":{"type":"Polygon","coordinates":[[[114.15639999999999,22.259599999999995],[114.15799999999999,22.259599999999995],[114.15799999999999,22.261199999999995],[114.15639999999999,22.261199999999995],[114.15639999999999,22.259599999999995]]]}},{"type":"Feature","properties":{"id":"lu-southern-31-05","class":"built_up","vegetationFraction":0.135,"pavedFraction":0.535,"waterFraction":0.051,"simulated":true},"geometry":{"type":"Polygon","coordinates":[[[114.15799999999999,22.259599999999995],[114.15959999999998,22.259599999999995],[114.15959999999998,22.261199999999995],[114.15799999999999,22.261199999999995],[114.15799999999999,22.259599999999995]]]}},{"type":"Feature","properties":{"id":"lu-southern-31-06","class":"built_up","vegetationFraction":0.218,"pavedFraction":0.494,"waterFraction":0.049,"simulated":true},"geometry":{"type":"Polygon","coordinates":[[[114.15959999999998,22.259599999999995],[114.16119999999998,22.259599999999995],[114.16119999999998,22.261199999999995],[114.15959999999998,22.261199999999995],[114.15959999999998,22.259599999999995]]]}},{"type":"Feature","properties":{"id":"lu-southern-31-07","class":"built_up","vegetationFraction":0.132,"pavedFraction":0.565,"waterFraction":0.008,"simulated":true},"geometry":{"type":"Polygon","coordinates":[[[114.16119999999998,22.259599999999995],[114.16279999999998,22.259599999999995],[114.16279999999998,22.261199999999995],[114.16119999999998,22.261199999999995],[114.16119999999998,22.259599999999995]]]}},{"type":"Feature","properties":{"id":"lu-southern-31-08","class":"built_up","vegetationFraction":0.178,"pavedFraction":0.551,"waterFraction":0.059,"simulated":true},"geometry":{"type":"Polygon","coordinates":[[[114.16279999999998,22.259599999999995],[114.16439999999997,22.259599999999995],[114.16439999999997,22.261199999999995],[114.16279999999998,22.261199999999995],[114.16279999999998,22.259599999999995]]]}},{"type":"Feature","properties":{"id":"lu-southern-31-09","class":"built_up","vegetationFraction":0.165,"pavedFraction":0.78,"waterFraction":0.004,"simulated":true},"geometry":{"type":"Polygon","coordinates":[[[114.16439999999997,22.259599999999995],[114.16599999999997,22.259599999999995],[114.16599999999997,22.261199999999995],[114.16439999999997,22.261199999999995],[114.16439999999997,22.259599999999995]]]}},{"type":"Feature","properties":{"id":"lu-southern-31-10","class":"built_up","vegetationFraction":0.201,"pavedFraction":0.767,"waterFraction":0.045,"simulated":true},"geometry":{"type":"Polygon","coordinates":[[[114.16599999999997,22.259599999999995],[114.16759999999996,22.259599999999995],[114.16759999999996,22.261199999999995],[114.16599999999997,22.261199999999995],[114.16599999999997,22.259599999999995]]]}},{"type":"Feature","properties":{"id":"lu-southern-31-11","class":"built_up","vegetationFraction":0.1,"pavedFraction":0.78,"waterFraction":0.032,"simulated":true},"geometry":{"type":"Polygon","coordinates":[[[114.16759999999996,22.259599999999995],[114.16919999999996,22.259599999999995],[114.16919999999996,22.261199999999995],[114.16759999999996,22.261199999999995],[114.16759999999996,22.259599999999995]]]}},{"type":"Feature","properties":{"id":"lu-southern-31-12","class":"built_up","vegetationFraction":0.219,"pavedFraction":0.772,"waterFraction":0.042,"simulated":true},"geometry":{"type":"Polygon","coordinates":[[[114.16919999999996,22.259599999999995],[114.17079999999996,22.259599999999995],[114.17079999999996,22.261199999999995],[114.16919999999996,22.261199999999995],[114.16919999999996,22.259599999999995]]]}},{"type":"Feature","properties":{"id":"lu-southern-31-13","class":"built_up","vegetationFraction":0.209,"pavedFraction":0.522,"waterFraction":0.003,"simulated":true},"geometry":{"type":"Polygon","coordinates":[[[114.17079999999996,22.259599999999995],[114.17239999999995,22.259599999999995],[114.17239999999995,22.261199999999995],[114.17079999999996,22.261199999999995],[114.17079999999996,22.259599999999995]]]}},{"type":"Feature","properties":{"id":"lu-southern-31-14","class":"built_up","vegetationFraction":0.13,"pavedFraction":0.538,"waterFraction":0.055,"simulated":true},"geometry":{"type":"Polygon","coordinates":[[[114.17239999999995,22.259599999999995],[114.17399999999995,22.259599999999995],[114.17399999999995,22.261199999999995],[114.17239999999995,22.261199999999995],[114.17239999999995,22.259599999999995]]]}},{"type":"Feature","properties":{"id":"lu-southern-31-15","class":"urban_open_space","vegetationFraction":0.253,"pavedFraction":0.695,"waterFraction":0.056,"simulated":true},"geometry":{"type":"Polygon","coordinates":[[[114.17399999999995,22.259599999999995],[114.17559999999995,22.259599999999995],[114.17559999999995,22.261199999999995],[114.17399999999995,22.261199999999995],[114.17399999999995,22.259599999999995]]]}},{"type":"Feature","properties":{"id":"lu-southern-31-16","class":"built_up","vegetationFraction":0.211,"pavedFraction":0.587,"waterFraction":0.015,"simulated":true},"geometry":{"type":"Polygon","coordinates":[[[114.17559999999995,22.259599999999995],[114.17719999999994,22.259599999999995],[114.17719999999994,22.261199999999995],[114.17559999999995,22.261199999999995],[114.17559999999995,22.259599999999995]]]}},{"type":"Feature","properties":{"id":"lu-southern-31-17","class":"built_up","vegetationFraction":0.201,"pavedFraction":0.584,"waterFraction":0.013,"simulated":true},"geometry":{"type":"Polygon","coordinates":[[[114.17719999999994,22.259599999999995],[114.17879999999994,22.259599999999995],[114.17879999999994,22.261199999999995],[114.17719999999994,22.261199999999995],[114.17719999999994,22.259599999999995]]]}},{"type":"Feature","properties":{"id":"lu-southern-31-18","class":"built_up","vegetationFraction":0.112,"pavedFraction":0.654,"waterFraction":0.005,"simulated":true},"geometry":{"type":"Polygon","coordinates":[[[114.17879999999994,22.259599999999995],[114.18039999999993,22.259599999999995],[114.18039999999993,22.261199999999995],[114.17879999999994,22.261199999999995],[114.17879999999994,22.259599999999995]]]}},{"type":"Feature","properties":{"id":"lu-southern-31-19","class":"built_up","vegetationFraction":0.108,"pavedFraction":0.528,"waterFraction":0.015,"simulated":true},"geometry":{"type":"Polygon","coordinates":[[[114.18039999999993,22.259599999999995],[114.18199999999993,22.259599999999995],[114.18199999999993,22.261199999999995],[114.18039999999993,22.261199999999995],[114.18039999999993,22.259599999999995]]]}},{"type":"Feature","properties":{"id":"lu-southern-31-20","class":"urban_open_space","vegetationFraction":0.268,"pavedFraction":0.661,"waterFraction":0.023,"simulated":true},"geometry":{"type":"Polygon","coordinates":[[[114.18199999999993,22.259599999999995],[114.18359999999993,22.259599999999995],[114.18359999999993,22.261199999999995],[114.18199999999993,22.261199999999995],[114.18199999999993,22.259599999999995]]]}},{"type":"Feature","properties":{"id":"lu-southern-31-21","class":"built_up","vegetationFraction":0.148,"pavedFraction":0.705,"waterFraction":0.032,"simulated":true},"geometry":{"type":"Polygon","coordinates":[[[114.18359999999993,22.259599999999995],[114.18519999999992,22.259599999999995],[114.18519999999992,22.261199999999995],[114.18359999999993,22.261199999999995],[114.18359999999993,22.259599999999995]]]}},{"type":"Feature","properties":{"id":"lu-southern-31-22","class":"urban_open_space","vegetationFraction":0.266,"pavedFraction":0.747,"waterFraction":0.043,"simulated":true},"geometry":{"type":"Polygon","coordinates":[[[114.18519999999992,22.259599999999995],[114.18679999999992,22.259599999999995],[114.18679999999992,22.261199999999995],[114.18519999999992,22.261199999999995],[114.18519999999992,22.259599999999995]]]}},{"type":"Feature","properties":{"id":"lu-southern-31-23","class":"built_up","vegetationFraction":0.164,"pavedFraction":0.734,"waterFraction":0.058,"simulated":true},"geometry":{"type":"Polygon","coordinates":[[[114.18679999999992,22.259599999999995],[114.18839999999992,22.259599999999995],[114.18839999999992,22.261199999999995],[114.18679999999992,22.261199999999995],[114.18679999999992,22.259599999999995]]]}},{"type":"Feature","properties":{"id":"lu-southern-31-24","class":"built_up","vegetationFraction":0.206,"pavedFraction":0.766,"waterFraction":0.021,"simulated":true},"geometry":{"type":"Polygon","coordinates":[[[114.18839999999992,22.259599999999995],[114.18999999999991,22.259599999999995],[114.18999999999991,22.261199999999995],[114.18839999999992,22.261199999999995],[114.18839999999992,22.259599999999995]]]}},{"type":"Feature","properties":{"id":"lu-southern-31-25","class":"built_up","vegetationFraction":0.152,"pavedFraction":0.611,"waterFraction":0.033,"simulated":true},"geometry":{"type":"Polygon","coordinates":[[[114.18999999999991,22.259599999999995],[114.19159999999991,22.259599999999995],[114.19159999999991,22.261199999999995],[114.18999999999991,22.261199999999995],[114.18999999999991,22.259599999999995]]]}},{"type":"Feature","properties":{"id":"lu-southern-31-26","class":"urban_open_space","vegetationFraction":0.26,"pavedFraction":0.706,"waterFraction":0.005,"simulated":true},"geometry":{"type":"Polygon","coordinates":[[[114.19159999999991,22.259599999999995],[114.1931999999999,22.259599999999995],[114.1931999999999,22.261199999999995],[114.19159999999991,22.261199999999995],[114.19159999999991,22.259599999999995]]]}},{"type":"Feature","properties":{"id":"lu-southern-31-27","class":"built_up","vegetationFraction":0.119,"pavedFraction":0.732,"waterFraction":0.036,"simulated":true},"geometry":{"type":"Polygon","coordinates":[[[114.1931999999999,22.259599999999995],[114.1947999999999,22.259599999999995],[114.1947999999999,22.261199999999995],[114.1931999999999,22.261199999999995],[114.1931999999999,22.259599999999995]]]}},{"type":"Feature","properties":{"id":"lu-southern-31-28","class":"built_up","vegetationFraction":0.163,"pavedFraction":0.656,"waterFraction":0.041,"simulated":true},"geometry":{"type":"Polygon","coordinates":[[[114.1947999999999,22.259599999999995],[114.1963999999999,22.259599999999995],[114.1963999999999,22.261199999999995],[114.1947999999999,22.261199999999995],[114.1947999999999,22.259599999999995]]]}},{"type":"Feature","properties":{"id":"lu-southern-31-29","class":"urban_open_space","vegetationFraction":0.27,"pavedFraction":0.527,"waterFraction":0.013,"simulated":true},"geometry":{"type":"Polygon","coordinates":[[[114.1963999999999,22.259599999999995],[114.1979999999999,22.259599999999995],[114.1979999999999,22.261199999999995],[114.1963999999999,22.261199999999995],[114.1963999999999,22.259599999999995]]]}},{"type":"Feature","properties":{"id":"lu-southern-31-30","class":"urban_open_space","vegetationFraction":0.265,"pavedFraction":0.582,"waterFraction":0.032,"simulated":true},"geometry":{"type":"Polygon","coordinates":[[[114.1979999999999,22.259599999999995],[114.19959999999989,22.259599999999995],[114.19959999999989,22.261199999999995],[114.1979999999999,22.261199999999995],[114.1979999999999,22.259599999999995]]]}},{"type":"Feature","properties":{"id":"lu-southern-31-31","class":"built_up","vegetationFraction":0.216,"pavedFraction":0.542,"waterFraction":0.015,"simulated":true},"geometry":{"type":"Polygon","coordinates":[[[114.19959999999989,22.259599999999995],[114.20119999999989,22.259599999999995],[114.20119999999989,22.261199999999995],[114.19959999999989,22.261199999999995],[114.19959999999989,22.259599999999995]]]}},{"type":"Feature","properties":{"id":"lu-southern-31-32","class":"built_up","vegetationFraction":0.16,"pavedFraction":0.56,"waterFraction":0.055,"simulated":true},"geometry":{"type":"Polygon","coordinates":[[[114.20119999999989,22.259599999999995],[114.20279999999988,22.259599999999995],[114.20279999999988,22.261199999999995],[114.20119999999989,22.261199999999995],[114.20119999999989,22.259599999999995]]]}},{"type":"Feature","properties":{"id":"lu-southern-31-33","class":"built_up","vegetationFraction":0.227,"pavedFraction":0.534,"waterFraction":0.043,"simulated":true},"geometry":{"type":"Polygon","coordinates":[[[114.20279999999988,22.259599999999995],[114.20439999999988,22.259599999999995],[114.20439999999988,22.261199999999995],[114.20279999999988,22.261199999999995],[114.20279999999988,22.259599999999995]]]}},{"type":"Feature","properties":{"id":"lu-southern-31-34","class":"urban_open_space","vegetationFraction":0.262,"pavedFraction":0.755,"waterFraction":0.023,"simulated":true},"geometry":{"type":"Polygon","coordinates":[[[114.20439999999988,22.259599999999995],[114.20599999999988,22.259599999999995],[114.20599999999988,22.261199999999995],[114.20439999999988,22.261199999999995],[114.20439999999988,22.259599999999995]]]}},{"type":"Feature","properties":{"id":"lu-southern-31-35","class":"built_up","vegetationFraction":0.146,"pavedFraction":0.744,"waterFraction":0.042,"simulated":true},"geometry":{"type":"Polygon","coordinates":[[[114.20599999999988,22.259599999999995],[114.20759999999987,22.259599999999995],[114.20759999999987,22.261199999999995],[114.20599999999988,22.261199999999995],[114.20599999999988,22.259599999999995]]]}},{"type":"Feature","properties":{"id":"lu-southern-31-36","class":"built_up","vegetationFraction":0.189,"pavedFraction":0.494,"waterFraction":0.001,"simulated":true},"geometry":{"type":"Polygon","coordinates":[[[114.20759999999987,22.259599999999995],[114.20919999999987,22.259599999999995],[114.20919999999987,22.261199999999995],[114.20759999999987,22.261199999999995],[114.20759999999987,22.259599999999995]]]}},{"type":"Feature","properties":{"id":"lu-southern-31-37","class":"built_up","vegetationFraction":0.138,"pavedFraction":0.675,"waterFraction":0.009,"simulated":true},"geometry":{"type":"Polygon","coordinates":[[[114.20919999999987,22.259599999999995],[114.21079999999986,22.259599999999995],[114.21079999999986,22.261199999999995],[114.20919999999987,22.261199999999995],[114.20919999999987,22.259599999999995]]]}},{"type":"Feature","properties":{"id":"lu-southern-31-38","class":"built_up","vegetationFraction":0.128,"pavedFraction":0.581,"waterFraction":0.039,"simulated":true},"geometry":{"type":"Polygon","coordinates":[[[114.21079999999986,22.259599999999995],[114.21239999999986,22.259599999999995],[114.21239999999986,22.261199999999995],[114.21079999999986,22.261199999999995],[114.21079999999986,22.259599999999995]]]}},{"type":"Feature","properties":{"id":"lu-southern-31-39","class":"built_up","vegetationFraction":0.234,"pavedFraction":0.633,"waterFraction":0.015,"simulated":true},"geometry":{"type":"Polygon","coordinates":[[[114.21239999999986,22.259599999999995],[114.21399999999986,22.259599999999995],[114.21399999999986,22.261199999999995],[114.21239999999986,22.261199999999995],[114.21239999999986,22.259599999999995]]]}},{"type":"Feature","properties":{"id":"lu-southern-31-40","class":"built_up","vegetationFraction":0.106,"pavedFraction":0.5,"waterFraction":0.018,"simulated":true},"geometry":{"type":"Polygon","coordinates":[[[114.21399999999986,22.259599999999995],[114.21559999999985,22.259599999999995],[114.21559999999985,22.261199999999995],[114.21399999999986,22.261199999999995],[114.21399999999986,22.259599999999995]]]}},{"type":"Feature","properties":{"id":"lu-southern-31-41","class":"urban_open_space","vegetationFraction":0.272,"pavedFraction":0.78,"waterFraction":0.051,"simulated":true},"geometry":{"type":"Polygon","coordinates":[[[114.21559999999985,22.259599999999995],[114.21719999999985,22.259599999999995],[114.21719999999985,22.261199999999995],[114.21559999999985,22.261199999999995],[114.21559999999985,22.259599999999995]]]}},{"type":"Feature","properties":{"id":"lu-southern-31-42","class":"built_up","vegetationFraction":0.24,"pavedFraction":0.707,"waterFraction":0.037,"simulated":true},"geometry":{"type":"Polygon","coordinates":[[[114.21719999999985,22.259599999999995],[114.21879999999985,22.259599999999995],[114.21879999999985,22.261199999999995],[114.21719999999985,22.261199999999995],[114.21719999999985,22.259599999999995]]]}},{"type":"Feature","properties":{"id":"lu-southern-31-43","class":"built_up","vegetationFraction":0.128,"pavedFraction":0.707,"waterFraction":0.0,"simulated":true},"geometry":{"type":"Polygon","coordinates":[[[114.21879999999985,22.259599999999995],[114.22039999999984,22.259599999999995],[114.22039999999984,22.261199999999995],[114.21879999999985,22.261199999999995],[114.21879999999985,22.259599999999995]]]}},{"type":"Feature","properties":{"id":"lu-southern-31-44","class":"built_up","vegetationFraction":0.137,"pavedFraction":0.579,"waterFraction":0.047,"simulated":true},"geometry":{"type":"Polygon","coordinates":[[[114.22039999999984,22.259599999999995],[114.22199999999984,22.259599999999995],[114.22199999999984,22.261199999999995],[114.22039999999984,22.261199999999995],[114.22039999999984,22.259599999999995]]]}},{"type":"Feature","properties":{"id":"lu-southern-31-45","class":"built_up","vegetationFraction":0.247,"pavedFraction":0.696,"waterFraction":0.058,"simulated":true},"geometry":{"type":"Polygon","coordinates":[[[114.22199999999984,22.259599999999995],[114.22359999999983,22.259599999999995],[114.22359999999983,22.261199999999995],[114.22199999999984,22.261199999999995],[114.22199999999984,22.259599999999995]]]}},{"type":"Feature","properties":{"id":"lu-southern-31-46","class":"built_up","vegetationFraction":0.102,"pavedFraction":0.545,"waterFraction":0.022,"simulated":true},"geometry":{"type":"Polygon","coordinates":[[[114.22359999999983,22.259599999999995],[114.22519999999983,22.259599999999995],[114.22519999999983,22.261199999999995],[114.22359999999983,22.261199999999995],[114.22359999999983,22.259599999999995]]]}},{"type":"Feature","properties":{"id":"lu-southern-31-47","class":"urban_open_space","vegetationFraction":0.279,"pavedFraction":0.754,"waterFraction":0.048,"simulated":true},"geometry":{"type":"Polygon","coordinates":[[[114.22519999999983,22.259599999999995],[114.22679999999983,22.259599999999995],[114.22679999999983,22.261199999999995],[114.22519999999983,22.261199999999995],[114.22519999999983,22.259599999999995]]]}},{"type":"Feature","properties":{"id":"lu-southern-31-48","class":"built_up","vegetationFraction":0.186,"pavedFraction":0.702,"waterFraction":0.052,"simulated":true},"geometry":{"type":"Polygon","coordinates":[[[114.22679999999983,22.259599999999995],[114.22839999999982,22.259599999999995],[114.22839999999982,22.261199999999995],[114.22679999999983,22.261199999999995],[114.22679999999983,22.259599999999995]]]}},{"type":"Feature","properties":{"id":"lu-southern-31-49","class":"built_up","vegetationFraction":0.2,"pavedFraction":0.731,"waterFraction":0.005,"simulated":true},"geometry":{"type":"Polygon","coordinates":[[[114.22839999999982,22.259599999999995],[114.22999999999982,22.259599999999995],[114.22999999999982,22.261199999999995],[114.22839999999982,22.261199999999995],[114.22839999999982,22.259599999999995]]]}},{"type":"Feature","properties":{"id":"lu-southern-31-50","class":"built_up","vegetationFraction":0.188,"pavedFraction":0.749,"waterFraction":0.059,"simulated":true},"geometry":{"type":"Polygon","coordinates":[[[114.22999999999982,22.259599999999995],[114.23159999999982,22.259599999999995],[114.23159999999982,22.261199999999995],[114.22999999999982,22.261199999999995],[114.22999999999982,22.259599999999995]]]}},{"type":"Feature","properties":{"id":"lu-southern-31-51","class":"built_up","vegetationFraction":0.152,"pavedFraction":0.548,"waterFraction":0.012,"simulated":true},"geometry":{"type":"Polygon","coordinates":[[[114.23159999999982,22.259599999999995],[114.23319999999981,22.259599999999995],[114.23319999999981,22.261199999999995],[114.23159999999982,22.261199999999995],[114.23159999999982,22.259599999999995]]]}},{"type":"Feature","properties":{"id":"lu-southern-31-52","class":"built_up","vegetationFraction":0.16,"pavedFraction":0.574,"waterFraction":0.044,"simulated":true},"geometry":{"type":"Polygon","coordinates":[[[114.23319999999981,22.259599999999995],[114.23479999999981,22.259599999999995],[114.23479999999981,22.261199999999995],[114.23319999999981,22.261199999999995],[114.23319999999981,22.259599999999995]]]}},{"type":"Feature","properties":{"id":"lu-southern-31-53","class":"built_up","vegetationFraction":0.111,"pavedFraction":0.627,"waterFraction":0.027,"simulated":true},"geometry":{"type":"Polygon","coordinates":[[[114.23479999999981,22.259599999999995],[114.2363999999998,22.259599999999995],[114.2363999999998,22.261199999999995],[114.23479999999981,22.261199999999995],[114.23479999999981,22.259599999999995]]]}},{"type":"Feature","properties":{"id":"lu-southern-31-54","class":"built_up","vegetationFraction":0.101,"pavedFraction":0.733,"waterFraction":0.003,"simulated":true},"geometry":{"type":"Polygon","coordinates":[[[114.2363999999998,22.259599999999995],[114.2379999999998,22.259599999999995],[114.2379999999998,22.261199999999995],[114.2363999999998,22.261199999999995],[114.2363999999998,22.259599999999995]]]}},{"type":"Feature","properties":{"id":"lu-southern-31-55","class":"built_up","vegetationFraction":0.103,"pavedFraction":0.664,"waterFraction":0.033,"simulated":true},"geometry":{"type":"Polygon","coordinates":[[[114.2379999999998,22.259599999999995],[114.2395999999998,22.259599999999995],[114.2395999999998,22.261199999999995],[114.2379999999998,22.261199999999995],[114.2379999999998,22.259599999999995]]]}},{"type":"Feature","properties":{"id":"lu-southern-31-56","class":"built_up","vegetationFraction":0.224,"pavedFraction":0.587,"waterFraction":0.001,"simulated":true},"geometry":{"type":"Polygon","coordinates":[[[114.2395999999998,22.259599999999995],[114.2411999999998,22.259599999999995],[114.2411999999998,22.261199999999995],[114.2395999999998,22.261199999999995],[114.2395999999998,22.259599999999995]]]}},{"type":"Feature","properties":{"id":"lu-southern-31-57","class":"urban_open_space","vegetationFraction":0.277,"pavedFraction":0.622,"waterFraction":0.056,"simulated":true},"geometry":{"type":"Polygon","coordinates":[[[114.2411999999998,22.259599999999995],[114.24279999999979,22.259599999999995],[114.24279999999979,22.261199999999995],[114.2411999999998,22.261199999999995],[114.2411999999998,22.259599999999995]]]}},{"type":"Feature","properties":{"id":"lu-southern-31-58","class":"urban_open_space","vegetationFraction":0.273,"pavedFraction":0.513,"waterFraction":0.04,"simulated":true},"geometry":{"type":"Polygon","coordinates":[[[114.24279999999979,22.259599999999995],[114.24439999999979,22.259599999999995],[114.24439999999979,22.261199999999995],[114.24279999999979,22.261199999999995],[114.24279999999979,22.259599999999995]]]}},{"type":"Feature","properties":{"id":"lu-southern-31-59","class":"built_up","vegetationFraction":0.209,"pavedFraction":0.776,"waterFraction":0.036,"simulated":true},"geometry":{"type":"Polygon","coordinates":[[[114.24439999999979,22.259599999999995],[114.24599999999978,22.259599999999995],[114.24599999999978,22.261199999999995],[114.24439999999979,22.261199999999995],[114.24439999999979,22.259599999999995]]]}},{"type":"Feature","properties":{"id":"lu-southern-31-60","class":"built_up","vegetationFraction":0.184,"pavedFraction":0.706,"waterFraction":0.014,"simulated":true},"geometry":{"type":"Polygon","coordinates":[[[114.24599999999978,22.259599999999995],[114.24759999999978,22.259599999999995],[114.24759999999978,22.261199999999995],[114.24599999999978,22.261199999999995],[114.24599999999978,22.259599999999995]]]}},{"type":"Feature","properties":{"id":"lu-southern-31-61","class":"built_up","vegetationFraction":0.231,"pavedFraction":0.741,"waterFraction":0.059,"simulated":true},"geometry":{"type":"Polygon","coordinates":[[[114.24759999999978,22.259599999999995],[114.24919999999977,22.259599999999995],[114.24919999999977,22.261199999999995],[114.24759999999978,22.261199999999995],[114.24759999999978,22.259599999999995]]]}},{"type":"Feature","properties":{"id":"lu-southern-31-62","class":"built_up","vegetationFraction":0.206,"pavedFraction":0.519,"waterFraction":0.005,"simulated":true},"geometry":{"type":"Polygon","coordinates":[[[114.24919999999977,22.259599999999995],[114.25079999999977,22.259599999999995],[114.25079999999977,22.261199999999995],[114.24919999999977,22.261199999999995],[114.24919999999977,22.259599999999995]]]}},{"type":"Feature","properties":{"id":"lu-southern-31-63","class":"built_up","vegetationFraction":0.102,"pavedFraction":0.599,"waterFraction":0.014,"simulated":true},"geometry":{"type":"Polygon","coordinates":[[[114.25079999999977,22.259599999999995],[114.25239999999977,22.259599999999995],[114.25239999999977,22.261199999999995],[114.25079999999977,22.261199999999995],[114.25079999999977,22.259599999999995]]]}},{"type":"Feature","properties":{"id":"lu-southern-31-64","class":"built_up","vegetationFraction":0.18,"pavedFraction":0.572,"waterFraction":0.032,"simulated":true},"geometry":{"type":"Polygon","coordinates":[[[114.25239999999977,22.259599999999995],[114.25399999999976,22.259599999999995],[114.25399999999976,22.261199999999995],[114.25239999999977,22.261199999999995],[114.25239999999977,22.259599999999995]]]}},{"type":"Feature","properties":{"id":"lu-southern-31-65","class":"built_up","vegetationFraction":0.14,"pavedFraction":0.632,"waterFraction":0.0,"simulated":true},"geometry":{"type":"Polygon","coordinates":[[[114.25399999999976,22.259599999999995],[114.25559999999976,22.259599999999995],[114.25559999999976,22.261199999999995],[114.25399999999976,22.261199999999995],[114.25399999999976,22.259599999999995]]]}},{"type":"Feature","properties":{"id":"lu-southern-31-66","class":"built_up","vegetationFraction":0.24,"pavedFraction":0.532,"waterFraction":0.028,"simulated":true},"geometry":{"type":"Polygon","coordinates":[[[114.25559999999976,22.259599999999995],[114.25719999999976,22.259599999999995],[114.25719999999976,22.261199999999995],[114.25559999999976,22.261199999999995],[114.25559999999976,22.259599999999995]]]}},{"type":"Feature","properties":{"id":"lu-southern-31-67","class":"built_up","vegetationFraction":0.124,"pavedFraction":0.684,"waterFraction":0.057,"simulated":true},"geometry":{"type":"Polygon","coordinates":[[[114.25719999999976,22.259599999999995],[114.25879999999975,22.259599999999995],[114.25879999999975,22.261199999999995],[114.25719999999976,22.261199999999995],[114.25719999999976,22.259599999999995]]]}},{"type":"Feature","properties":{"id":"lu-southern-31-68","class":"built_up","vegetationFraction":0.24,"pavedFraction":0.684,"waterFraction":0.015,"simulated":true},"geometry":{"type":"Polygon","coordinates":[[[114.25879999999975,22.259599999999995],[114.26039999999975,22.259599999999995],[114.26039999999975,22.261199999999995],[114.25879999999975,22.261199999999995],[114.25879999999975,22.259599999999995]]]}},{"type":"Feature","properties":{"id":"lu-southern-31-69","class":"built_up","vegetationFraction":0.101,"pavedFraction":0.752,"waterFraction":0.004,"simulated":true},"geometry":{"type":"Polygon","coordinates":[[[114.26039999999975,22.259599999999995],[114.26199999999974,22.259599999999995],[114.26199999999974,22.261199999999995],[114.26039999999975,22.261199999999995],[114.26039999999975,22.259599999999995]]]}},{"type":"Feature","properties":{"id":"lu-southern-31-70","class":"built_up","vegetationFraction":0.152,"pavedFraction":0.518,"waterFraction":0.015,"simulated":true},"geometry":{"type":"Polygon","coordinates":[[[114.26199999999974,22.259599999999995],[114.26359999999974,22.259599999999995],[114.26359999999974,22.261199999999995],[114.26199999999974,22.261199999999995],[114.26199999999974,22.259599999999995]]]}},{"type":"Feature","properties":{"id":"lu-southern-31-71","class":"built_up","vegetationFraction":0.241,"pavedFraction":0.486,"waterFraction":0.025,"simulated":true},"geometry":{"type":"Polygon","coordinates":[[[114.26359999999974,22.259599999999995],[114.26519999999974,22.259599999999995],[114.26519999999974,22.261199999999995],[114.26359999999974,22.261199999999995],[114.26359999999974,22.259599999999995]]]}},{"type":"Feature","properties":{"id":"lu-southern-32-00","class":"built_up","vegetationFraction":0.215,"pavedFraction":0.598,"waterFraction":0.015,"simulated":true},"geometry":{"type":"Polygon","coordinates":[[[114.15,22.261199999999995],[114.1516,22.261199999999995],[114.1516,22.262799999999995],[114.15,22.262799999999995],[114.15,22.261199999999995]]]}},{"type":"Feature","properties":{"id":"lu-southern-32-01","class":"built_up","vegetationFraction":0.203,"pavedFraction":0.542,"waterFraction":0.009,"simulated":true},"geometry":{"type":"Polygon","coordinates":[[[114.1516,22.261199999999995],[114.1532,22.261199999999995],[114.1532,22.262799999999995],[114.1516,22.262799999999995],[114.1516,22.261199999999995]]]}},{"type":"Feature","properties":{"id":"lu-southern-32-02","class":"built_up","vegetationFraction":0.14,"pavedFraction":0.495,"waterFraction":0.014,"simulated":true},"geometry":{"type":"Polygon","coordinates":[[[114.1532,22.261199999999995],[114.1548,22.261199999999995],[114.1548,22.262799999999995],[114.1532,22.262799999999995],[114.1532,22.261199999999995]]]}},{"type":"Feature","properties":{"id":"lu-southern-32-03","class":"built_up","vegetationFraction":0.239,"pavedFraction":0.592,"waterFraction":0.042,"simulated":true},"geometry":{"type":"Polygon","coordinates":[[[114.1548,22.261199999999995],[114.15639999999999,22.261199999999995],[114.15639999999999,22.262799999999995],[114.1548,22.262799999999995],[114.1548,22.261199999999995]]]}},{"type":"Feature","properties":{"id":"lu-southern-32-04","class":"built_up","vegetationFraction":0.212,"pavedFraction":0.775,"waterFraction":0.015,"simulated":true},"geometry":{"type":"Polygon","coordinates":[[[114.15639999999999,22.261199999999995],[114.15799999999999,22.261199999999995],[114.15799999999999,22.262799999999995],[114.15639999999999,22.262799999999995],[114.15639999999999,22.261199999999995]]]}},{"type":"Feature","properties":{"id":"lu-southern-32-05","class":"built_up","vegetationFraction":0.215,"pavedFraction":0.546,"waterFraction":0.045,"simulated":true},"geometry":{"type":"Polygon","coordinates":[[[114.15799999999999,22.261199999999995],[114.15959999999998,22.261199999999995],[114.15959999999998,22.262799999999995],[114.15799999999999,22.262799999999995],[114.15799999999999,22.261199999999995]]]}},{"type":"Feature","properties":{"id":"lu-southern-32-06","class":"built_up","vegetationFraction":0.134,"pavedFraction":0.538,"waterFraction":0.028,"simulated":true},"geometry":{"type":"Polygon","coordinates":[[[114.15959999999998,22.261199999999995],[114.16119999999998,22.261199999999995],[114.16119999999998,22.262799999999995],[114.15959999999998,22.262799999999995],[114.15959999999998,22.261199999999995]]]}},{"type":"Feature","properties":{"id":"lu-southern-32-07","class":"built_up","vegetationFraction":0.133,"pavedFraction":0.658,"waterFraction":0.058,"simulated":true},"geometry":{"type":"Polygon","coordinates":[[[114.16119999999998,22.261199999999995],[114.16279999999998,22.261199999999995],[114.16279999999998,22.262799999999995],[114.16119999999998,22.262799999999995],[114.16119999999998,22.261199999999995]]]}},{"type":"Feature","properties":{"id":"lu-southern-32-08","class":"built_up","vegetationFraction":0.159,"pavedFraction":0.682,"waterFraction":0.028,"simulated":true},"geometry":{"type":"Polygon","coordinates":[[[114.16279999999998,22.261199999999995],[114.16439999999997,22.261199999999995],[114.16439999999997,22.262799999999995],[114.16279999999998,22.262799999999995],[114.16279999999998,22.261199999999995]]]}},{"type":"Feature","properties":{"id":"lu-southern-32-09","class":"built_up","vegetationFraction":0.178,"pavedFraction":0.706,"waterFraction":0.044,"simulated":true},"geometry":{"type":"Polygon","coordinates":[[[114.16439999999997,22.261199999999995],[114.16599999999997,22.261199999999995],[114.16599999999997,22.262799999999995],[114.16439999999997,22.262799999999995],[114.16439999999997,22.261199999999995]]]}},{"type":"Feature","properties":{"id":"lu-southern-32-10","class":"built_up","vegetationFraction":0.188,"pavedFraction":0.635,"waterFraction":0.008,"simulated":true},"geometry":{"type":"Polygon","coordinates":[[[114.16599999999997,22.261199999999995],[114.16759999999996,22.261199999999995],[114.16759999999996,22.262799999999995],[114.16599999999997,22.262799999999995],[114.16599999999997,22.261199999999995]]]}},{"type":"Feature","properties":{"id":"lu-southern-32-11","class":"built_up","vegetationFraction":0.11,"pavedFraction":0.496,"waterFraction":0.046,"simulated":true},"geometry":{"type":"Polygon","coordinates":[[[114.16759999999996,22.261199999999995],[114.16919999999996,22.261199999999995],[114.16919999999996,22.262799999999995],[114.16759999999996,22.262799999999995],[114.16759999999996,22.261199999999995]]]}},{"type":"Feature","properties":{"id":"lu-southern-32-12","class":"built_up","vegetationFraction":0.109,"pavedFraction":0.629,"waterFraction":0.006,"simulated":true},"geometry":{"type":"Polygon","coordinates":[[[114.16919999999996,22.261199999999995],[114.17079999999996,22.261199999999995],[114.17079999999996,22.262799999999995],[114.16919999999996,22.262799999999995],[114.16919999999996,22.261199999999995]]]}},{"type":"Feature","properties":{"id":"lu-southern-32-13","class":"built_up","vegetationFraction":0.231,"pavedFraction":0.733,"waterFraction":0.035,"simulated":true},"geometry":{"type":"Polygon","coordinates":[[[114.17079999999996,22.261199999999995],[114.17239999999995,22.261199999999995],[114.17239999999995,22.262799999999995],[114.17079999999996,22.262799999999995],[114.17079999999996,22.261199999999995]]]}},{"type":"Feature","properties":{"id":"lu-southern-32-14","class":"built_up","vegetationFraction":0.128,"pavedFraction":0.622,"waterFraction":0.049,"simulated":true},"geometry":{"type":"Polygon","coordinates":[[[114.17239999999995,22.261199999999995],[114.17399999999995,22.261199999999995],[114.17399999999995,22.262799999999995],[114.17239999999995,22.262799999999995],[114.17239999999995,22.261199999999995]]]}},{"type":"Feature","properties":{"id":"lu-southern-32-15","class":"built_up","vegetationFraction":0.135,"pavedFraction":0.551,"waterFraction":0.027,"simulated":true},"geometry":{"type":"Polygon","coordinates":[[[114.17399999999995,22.261199999999995],[114.17559999999995,22.261199999999995],[114.17559999999995,22.262799999999995],[114.17399999999995,22.262799999999995],[114.17399999999995,22.261199999999995]]]}},{"type":"Feature","properties":{"id":"lu-southern-32-16","class":"built_up","vegetationFraction":0.206,"pavedFraction":0.738,"waterFraction":0.009,"simulated":true},"geometry":{"type":"Polygon","coordinates":[[[114.17559999999995,22.261199999999995],[114.17719999999994,22.261199999999995],[114.17719999999994,22.262799999999995],[114.17559999999995,22.262799999999995],[114.17559999999995,22.261199999999995]]]}},{"type":"Feature","properties":{"id":"lu-southern-32-17","class":"built_up","vegetationFraction":0.219,"pavedFraction":0.542,"waterFraction":0.026,"simulated":true},"geometry":{"type":"Polygon","coordinates":[[[114.17719999999994,22.261199999999995],[114.17879999999994,22.261199999999995],[114.17879999999994,22.262799999999995],[114.17719999999994,22.262799999999995],[114.17719999999994,22.261199999999995]]]}},{"type":"Feature","properties":{"id":"lu-southern-32-18","class":"built_up","vegetationFraction":0.206,"pavedFraction":0.656,"waterFraction":0.032,"simulated":true},"geometry":{"type":"Polygon","coordinates":[[[114.17879999999994,22.261199999999995],[114.18039999999993,22.261199999999995],[114.18039999999993,22.262799999999995],[114.17879999999994,22.262799999999995],[114.17879999999994,22.261199999999995]]]}},{"type":"Feature","properties":{"id":"lu-southern-32-19","class":"built_up","vegetationFraction":0.129,"pavedFraction":0.576,"waterFraction":0.045,"simulated":true},"geometry":{"type":"Polygon","coordinates":[[[114.18039999999993,22.261199999999995],[114.18199999999993,22.261199999999995],[114.18199999999993,22.262799999999995],[114.18039999999993,22.262799999999995],[114.18039999999993,22.261199999999995]]]}},{"type":"Feature","properties":{"id":"lu-southern-32-20","class":"built_up","vegetationFraction":0.202,"pavedFraction":0.767,"waterFraction":0.013,"simulated":true},"geometry":{"type":"Polygon","coordinates":[[[114.18199999999993,22.261199999999995],[114.18359999999993,22.261199999999995],[114.18359999999993,22.262799999999995],[114.18199999999993,22.262799999999995],[114.18199999999993,22.261199999999995]]]}},{"type":"Feature","properties":{"id":"lu-southern-32-21","class":"built_up","vegetationFraction":0.226,"pavedFraction":0.578,"waterFraction":0.029,"simulated":true},"geometry":{"type":"Polygon","coordinates":[[[114.18359999999993,22.261199999999995],[114.18519999999992,22.261199999999995],[114.18519999999992,22.262799999999995],[114.18359999999993,22.262799999999995],[114.18359999999993,22.261199999999995]]]}},{"type":"Feature","properties":{"id":"lu-southern-32-22","class":"built_up","vegetationFraction":0.144,"pavedFraction":0.579,"waterFraction":0.022,"simulated":true},"geometry":{"type":"Polygon","coordinates":[[[114.18519999999992,22.261199999999995],[114.18679999999992,22.261199999999995],[114.18679999999992,22.262799999999995],[114.18519999999992,22.262799999999995],[114.18519999999992,22.261199999999995]]]}},{"type":"Feature","properties":{"id":"lu-southern-32-23","class":"built_up","vegetationFraction":0.153,"pavedFraction":0.506,"waterFraction":0.031,"simulated":true},"geometry":{"type":"Polygon","coordinates":[[[114.18679999999992,22.261199999999995],[114.18839999999992,22.261199999999995],[114.18839999999992,22.262799999999995],[114.18679999999992,22.262799999999995],[114.18679999999992,22.261199999999995]]]}},{"type":"Feature","properties":{"id":"lu-southern-32-24","class":"built_up","vegetationFraction":0.142,"pavedFraction":0.649,"waterFraction":0.057,"simulated":true},"geometry":{"type":"Polygon","coordinates":[[[114.18839999999992,22.261199999999995],[114.18999999999991,22.261199999999995],[114.18999999999991,22.262799999999995],[114.18839999999992,22.262799999999995],[114.18839999999992,22.261199999999995]]]}},{"type":"Feature","properties":{"id":"lu-southern-32-25","class":"urban_open_space","vegetationFraction":0.251,"pavedFraction":0.54,"waterFraction":0.011,"simulated":true},"geometry":{"type":"Polygon","coordinates":[[[114.18999999999991,22.261199999999995],[114.19159999999991,22.261199999999995],[114.19159999999991,22.262799999999995],[114.18999999999991,22.262799999999995],[114.18999999999991,22.261199999999995]]]}},{"type":"Feature","properties":{"id":"lu-southern-32-26","class":"urban_open_space","vegetationFraction":0.256,"pavedFraction":0.759,"waterFraction":0.004,"simulated":true},"geometry":{"type":"Polygon","coordinates":[[[114.19159999999991,22.261199999999995],[114.1931999999999,22.261199999999995],[114.1931999999999,22.262799999999995],[114.19159999999991,22.262799999999995],[114.19159999999991,22.261199999999995]]]}},{"type":"Feature","properties":{"id":"lu-southern-32-27","class":"built_up","vegetationFraction":0.125,"pavedFraction":0.544,"waterFraction":0.051,"simulated":true},"geometry":{"type":"Polygon","coordinates":[[[114.1931999999999,22.261199999999995],[114.1947999999999,22.261199999999995],[114.1947999999999,22.262799999999995],[114.1931999999999,22.262799999999995],[114.1931999999999,22.261199999999995]]]}},{"type":"Feature","properties":{"id":"lu-southern-32-28","class":"built_up","vegetationFraction":0.202,"pavedFraction":0.514,"waterFraction":0.053,"simulated":true},"geometry":{"type":"Polygon","coordinates":[[[114.1947999999999,22.261199999999995],[114.1963999999999,22.261199999999995],[114.1963999999999,22.262799999999995],[114.1947999999999,22.262799999999995],[114.1947999999999,22.261199999999995]]]}},{"type":"Feature","properties":{"id":"lu-southern-32-29","class":"built_up","vegetationFraction":0.238,"pavedFraction":0.641,"waterFraction":0.053,"simulated":true},"geometry":{"type":"Polygon","coordinates":[[[114.1963999999999,22.261199999999995],[114.1979999999999,22.261199999999995],[114.1979999999999,22.262799999999995],[114.1963999999999,22.262799999999995],[114.1963999999999,22.261199999999995]]]}},{"type":"Feature","properties":{"id":"lu-southern-32-30","class":"built_up","vegetationFraction":0.2,"pavedFraction":0.516,"waterFraction":0.003,"simulated":true},"geometry":{"type":"Polygon","coordinates":[[[114.1979999999999,22.261199999999995],[114.19959999999989,22.261199999999995],[114.19959999999989,22.262799999999995],[114.1979999999999,22.262799999999995],[114.1979999999999,22.261199999999995]]]}},{"type":"Feature","properties":{"id":"lu-southern-32-31","class":"built_up","vegetationFraction":0.196,"pavedFraction":0.644,"waterFraction":0.011,"simulated":true},"geometry":{"type":"Polygon","coordinates":[[[114.19959999999989,22.261199999999995],[114.20119999999989,22.261199999999995],[114.20119999999989,22.262799999999995],[114.19959999999989,22.262799999999995],[114.19959999999989,22.261199999999995]]]}},{"type":"Feature","properties":{"id":"lu-southern-32-32","class":"built_up","vegetationFraction":0.101,"pavedFraction":0.624,"waterFraction":0.027,"simulated":true},"geometry":{"type":"Polygon","coordinates":[[[114.20119999999989,22.261199999999995],[114.20279999999988,22.261199999999995],[114.20279999999988,22.262799999999995],[114.20119999999989,22.262799999999995],[114.20119999999989,22.261199999999995]]]}},{"type":"Feature","properties":{"id":"lu-southern-32-33","class":"built_up","vegetationFraction":0.158,"pavedFraction":0.694,"waterFraction":0.06,"simulated":true},"geometry":{"type":"Polygon","coordinates":[[[114.20279999999988,22.261199999999995],[114.20439999999988,22.261199999999995],[114.20439999999988,22.262799999999995],[114.20279999999988,22.262799999999995],[114.20279999999988,22.261199999999995]]]}},{"type":"Feature","properties":{"id":"lu-southern-32-34","class":"built_up","vegetationFraction":0.235,"pavedFraction":0.566,"waterFraction":0.042,"simulated":true},"geometry":{"type":"Polygon","coordinates":[[[114.20439999999988,22.261199999999995],[114.20599999999988,22.261199999999995],[114.20599999999988,22.262799999999995],[114.20439999999988,22.262799999999995],[114.20439999999988,22.261199999999995]]]}},{"type":"Feature","properties":{"id":"lu-southern-32-35","class":"built_up","vegetationFraction":0.24,"pavedFraction":0.539,"waterFraction":0.03,"simulated":true},"geometry":{"type":"Polygon","coordinates":[[[114.20599999999988,22.261199999999995],[114.20759999999987,22.261199999999995],[114.20759999999987,22.262799999999995],[114.20599999999988,22.262799999999995],[114.20599999999988,22.261199999999995]]]}},{"type":"Feature","properties":{"id":"lu-southern-32-36","class":"urban_open_space","vegetationFraction":0.278,"pavedFraction":0.751,"waterFraction":0.019,"simulated":true},"geometry":{"type":"Polygon","coordinates":[[[114.20759999999987,22.261199999999995],[114.20919999999987,22.261199999999995],[114.20919999999987,22.262799999999995],[114.20759999999987,22.262799999999995],[114.20759999999987,22.261199999999995]]]}},{"type":"Feature","properties":{"id":"lu-southern-32-37","class":"urban_open_space","vegetationFraction":0.264,"pavedFraction":0.749,"waterFraction":0.053,"simulated":true},"geometry":{"type":"Polygon","coordinates":[[[114.20919999999987,22.261199999999995],[114.21079999999986,22.261199999999995],[114.21079999999986,22.262799999999995],[114.20919999999987,22.262799999999995],[114.20919999999987,22.261199999999995]]]}},{"type":"Feature","properties":{"id":"lu-southern-32-38","class":"built_up","vegetationFraction":0.168,"pavedFraction":0.548,"waterFraction":0.033,"simulated":true},"geometry":{"type":"Polygon","coordinates":[[[114.21079999999986,22.261199999999995],[114.21239999999986,22.261199999999995],[114.21239999999986,22.262799999999995],[114.21079999999986,22.262799999999995],[114.21079999999986,22.261199999999995]]]}},{"type":"Feature","properties":{"id":"lu-southern-32-39","class":"urban_open_space","vegetationFraction":0.256,"pavedFraction":0.773,"waterFraction":0.06,"simulated":true},"geometry":{"type":"Polygon","coordinates":[[[114.21239999999986,22.261199999999995],[114.21399999999986,22.261199999999995],[114.21399999999986,22.262799999999995],[114.21239999999986,22.262799999999995],[114.21239999999986,22.261199999999995]]]}},{"type":"Feature","properties":{"id":"lu-southern-32-40","class":"built_up","vegetationFraction":0.219,"pavedFraction":0.689,"waterFraction":0.047,"simulated":true},"geometry":{"type":"Polygon","coordinates":[[[114.21399999999986,22.261199999999995],[114.21559999999985,22.261199999999995],[114.21559999999985,22.262799999999995],[114.21399999999986,22.262799999999995],[114.21399999999986,22.261199999999995]]]}},{"type":"Feature","properties":{"id":"lu-southern-32-41","class":"built_up","vegetationFraction":0.195,"pavedFraction":0.641,"waterFraction":0.023,"simulated":true},"geometry":{"type":"Polygon","coordinates":[[[114.21559999999985,22.261199999999995],[114.21719999999985,22.261199999999995],[114.21719999999985,22.262799999999995],[114.21559999999985,22.262799999999995],[114.21559999999985,22.261199999999995]]]}},{"type":"Feature","properties":{"id":"lu-southern-32-42","class":"built_up","vegetationFraction":0.199,"pavedFraction":0.554,"waterFraction":0.044,"simulated":true},"geometry":{"type":"Polygon","coordinates":[[[114.21719999999985,22.261199999999995],[114.21879999999985,22.261199999999995],[114.21879999999985,22.262799999999995],[114.21719999999985,22.262799999999995],[114.21719999999985,22.261199999999995]]]}},{"type":"Feature","properties":{"id":"lu-southern-32-43","class":"built_up","vegetationFraction":0.12,"pavedFraction":0.771,"waterFraction":0.036,"simulated":true},"geometry":{"type":"Polygon","coordinates":[[[114.21879999999985,22.261199999999995],[114.22039999999984,22.261199999999995],[114.22039999999984,22.262799999999995],[114.21879999999985,22.262799999999995],[114.21879999999985,22.261199999999995]]]}},{"type":"Feature","properties":{"id":"lu-southern-32-44","class":"urban_open_space","vegetationFraction":0.251,"pavedFraction":0.656,"waterFraction":0.007,"simulated":true},"geometry":{"type":"Polygon","coordinates":[[[114.22039999999984,22.261199999999995],[114.22199999999984,22.261199999999995],[114.22199999999984,22.262799999999995],[114.22039999999984,22.262799999999995],[114.22039999999984,22.261199999999995]]]}},{"type":"Feature","properties":{"id":"lu-southern-32-45","class":"built_up","vegetationFraction":0.186,"pavedFraction":0.759,"waterFraction":0.058,"simulated":true},"geometry":{"type":"Polygon","coordinates":[[[114.22199999999984,22.261199999999995],[114.22359999999983,22.261199999999995],[114.22359999999983,22.262799999999995],[114.22199999999984,22.262799999999995],[114.22199999999984,22.261199999999995]]]}},{"type":"Feature","properties":{"id":"lu-southern-32-46","class":"built_up","vegetationFraction":0.113,"pavedFraction":0.54,"waterFraction":0.028,"simulated":true},"geometry":{"type":"Polygon","coordinates":[[[114.22359999999983,22.261199999999995],[114.22519999999983,22.261199999999995],[114.22519999999983,22.262799999999995],[114.22359999999983,22.262799999999995],[114.22359999999983,22.261199999999995]]]}},{"type":"Feature","properties":{"id":"lu-southern-32-47","class":"built_up","vegetationFraction":0.226,"pavedFraction":0.671,"waterFraction":0.05,"simulated":true},"geometry":{"type":"Polygon","coordinates":[[[114.22519999999983,22.261199999999995],[114.22679999999983,22.261199999999995],[114.22679999999983,22.262799999999995],[114.22519999999983,22.262799999999995],[114.22519999999983,22.261199999999995]]]}},{"type":"Feature","properties":{"id":"lu-southern-32-48","class":"built_up","vegetationFraction":0.189,"pavedFraction":0.676,"waterFraction":0.002,"simulated":true},"geometry":{"type":"Polygon","coordinates":[[[114.22679999999983,22.261199999999995],[114.22839999999982,22.261199999999995],[114.22839999999982,22.262799999999995],[114.22679999999983,22.262799999999995],[114.22679999999983,22.261199999999995]]]}},{"type":"Feature","properties":{"id":"lu-southern-32-49","class":"built_up","vegetationFraction":0.205,"pavedFraction":0.622,"waterFraction":0.059,"simulated":true},"geometry":{"type":"Polygon","coordinates":[[[114.22839999999982,22.261199999999995],[114.22999999999982,22.261199999999995],[114.22999999999982,22.262799999999995],[114.22839999999982,22.262799999999995],[114.22839999999982,22.261199999999995]]]}},{"type":"Feature","properties":{"id":"lu-southern-32-50","class":"built_up","vegetationFraction":0.179,"pavedFraction":0.707,"waterFraction":0.024,"simulated":true},"geometry":{"type":"Polygon","coordinates":[[[114.22999999999982,22.261199999999995],[114.23159999999982,22.261199999999995],[114.23159999999982,22.262799999999995],[114.22999999999982,22.262799999999995],[114.22999999999982,22.261199999999995]]]}},{"type":"Feature","properties":{"id":"lu-southern-32-51","class":"built_up","vegetationFraction":0.202,"pavedFraction":0.652,"waterFraction":0.023,"simulated":true},"geometry":{"type":"Polygon","coordinates":[[[114.23159999999982,22.261199999999995],[114.23319999999981,22.261199999999995],[114.23319999999981,22.262799999999995],[114.23159999999982,22.262799999999995],[114.23159999999982,22.261199999999995]]]}},{"type":"Feature","properties":{"id":"lu-southern-32-52","class":"built_up","vegetationFraction":0.12,"pavedFraction":0.638,"waterFraction":0.05,"simulated":true},"geometry":{"type":"Polygon","coordinates":[[[114.23319999999981,22.261199999999995],[114.23479999999981,22.261199999999995],[114.23479999999981,22.262799999999995],[114.23319999999981,22.262799999999995],[114.23319999999981,22.261199999999995]]]}},{"type":"Feature","properties":{"id":"lu-southern-32-53","class":"built_up","vegetationFraction":0.212,"pavedFraction":0.488,"waterFraction":0.017,"simulated":true},"geometry":{"type":"Polygon","coordinates":[[[114.23479999999981,22.261199999999995],[114.2363999999998,22.261199999999995],[114.2363999999998,22.262799999999995],[114.23479999999981,22.262799999999995],[114.23479999999981,22.261199999999995]]]}},{"type":"Feature","properties":{"id":"lu-southern-32-54","class":"built_up","vegetationFraction":0.177,"pavedFraction":0.58,"waterFraction":0.041,"simulated":true},"geometry":{"type":"Polygon","coordinates":[[[114.2363999999998,22.261199999999995],[114.2379999999998,22.261199999999995],[114.2379999999998,22.262799999999995],[114.2363999999998,22.262799999999995],[114.2363999999998,22.261199999999995]]]}},{"type":"Feature","properties":{"id":"lu-southern-32-55","class":"urban_open_space","vegetationFraction":0.263,"pavedFraction":0.525,"waterFraction":0.038,"simulated":true},"geometry":{"type":"Polygon","coordinates":[[[114.2379999999998,22.261199999999995],[114.2395999999998,22.261199999999995],[114.2395999999998,22.262799999999995],[114.2379999999998,22.262799999999995],[114.2379999999998,22.261199999999995]]]}},{"type":"Feature","properties":{"id":"lu-southern-32-56","class":"built_up","vegetationFraction":0.17,"pavedFraction":0.678,"waterFraction":0.029,"simulated":true},"geometry":{"type":"Polygon","coordinates":[[[114.2395999999998,22.261199999999995],[114.2411999999998,22.261199999999995],[114.2411999999998,22.262799999999995],[114.2395999999998,22.262799999999995],[114.2395999999998,22.261199999999995]]]}},{"type":"Feature","properties":{"id":"lu-southern-32-57","class":"built_up","vegetationFraction":0.207,"pavedFraction":0.552,"waterFraction":0.006,"simulated":true},"geometry":{"type":"Polygon","coordinates":[[[114.2411999999998,22.261199999999995],[114.24279999999979,22.261199999999995],[114.24279999999979,22.262799999999995],[114.2411999999998,22.262799999999995],[114.2411999999998,22.261199999999995]]]}},{"type":"Feature","properties":{"id":"lu-southern-32-58","class":"urban_open_space","vegetationFraction":0.279,"pavedFraction":0.6,"waterFraction":0.023,"simulated":true},"geometry":{"type":"Polygon","coordinates":[[[114.24279999999979,22.261199999999995],[114.24439999999979,22.261199999999995],[114.24439999999979,22.262799999999995],[114.24279999999979,22.262799999999995],[114.24279999999979,22.261199999999995]]]}},{"type":"Feature","properties":{"id":"lu-southern-32-59","class":"built_up","vegetationFraction":0.153,"pavedFraction":0.566,"waterFraction":0.039,"simulated":true},"geometry":{"type":"Polygon","coordinates":[[[114.24439999999979,22.261199999999995],[114.24599999999978,22.261199999999995],[114.24599999999978,22.262799999999995],[114.24439999999979,22.262799999999995],[114.24439999999979,22.261199999999995]]]}},{"type":"Feature","properties":{"id":"lu-southern-32-60","class":"built_up","vegetationFraction":0.187,"pavedFraction":0.706,"waterFraction":0.004,"simulated":true},"geometry":{"type":"Polygon","coordinates":[[[114.24599999999978,22.261199999999995],[114.24759999999978,22.261199999999995],[114.24759999999978,22.262799999999995],[114.24599999999978,22.262799999999995],[114.24599999999978,22.261199999999995]]]}},{"type":"Feature","properties":{"id":"lu-southern-32-61","class":"built_up","vegetationFraction":0.104,"pavedFraction":0.489,"waterFraction":0.038,"simulated":true},"geometry":{"type":"Polygon","coordinates":[[[114.24759999999978,22.261199999999995],[114.24919999999977,22.261199999999995],[114.24919999999977,22.262799999999995],[114.24759999999978,22.262799999999995],[114.24759999999978,22.261199999999995]]]}},{"type":"Feature","properties":{"id":"lu-southern-32-62","class":"built_up","vegetationFraction":0.124,"pavedFraction":0.482,"waterFraction":0.034,"simulated":true},"geometry":{"type":"Polygon","coordinates":[[[114.24919999999977,22.261199999999995],[114.25079999999977,22.261199999999995],[114.25079999999977,22.262799999999995],[114.24919999999977,22.262799999999995],[114.24919999999977,22.261199999999995]]]}},{"type":"Feature","properties":{"id":"lu-southern-32-63","class":"built_up","vegetationFraction":0.158,"pavedFraction":0.499,"waterFraction":0.021,"simulated":true},"geometry":{"type":"Polygon","coordinates":[[[114.25079999999977,22.261199999999995],[114.25239999999977,22.261199999999995],[114.25239999999977,22.262799999999995],[114.25079999999977,22.262799999999995],[114.25079999999977,22.261199999999995]]]}},{"type":"Feature","properties":{"id":"lu-southern-32-64","class":"built_up","vegetationFraction":0.111,"pavedFraction":0.726,"waterFraction":0.0,"simulated":true},"geometry":{"type":"Polygon","coordinates":[[[114.25239999999977,22.261199999999995],[114.25399999999976,22.261199999999995],[114.25399999999976,22.262799999999995],[114.25239999999977,22.262799999999995],[114.25239999999977,22.261199999999995]]]}},{"type":"Feature","properties":{"id":"lu-southern-32-65","class":"built_up","vegetationFraction":0.23,"pavedFraction":0.78,"waterFraction":0.006,"simulated":true},"geometry":{"type":"Polygon","coordinates":[[[114.25399999999976,22.261199999999995],[114.25559999999976,22.261199999999995],[114.25559999999976,22.262799999999995],[114.25399999999976,22.262799999999995],[114.25399999999976,22.261199999999995]]]}},{"type":"Feature","properties":{"id":"lu-southern-32-66","class":"built_up","vegetationFraction":0.165,"pavedFraction":0.668,"waterFraction":0.037,"simulated":true},"geometry":{"type":"Polygon","coordinates":[[[114.25559999999976,22.261199999999995],[114.25719999999976,22.261199999999995],[114.25719999999976,22.262799999999995],[114.25559999999976,22.262799999999995],[114.25559999999976,22.261199999999995]]]}},{"type":"Feature","properties":{"id":"lu-southern-32-67","class":"built_up","vegetationFraction":0.19,"pavedFraction":0.778,"waterFraction":0.043,"simulated":true},"geometry":{"type":"Polygon","coordinates":[[[114.25719999999976,22.261199999999995],[114.25879999999975,22.261199999999995],[114.25879999999975,22.262799999999995],[114.25719999999976,22.262799999999995],[114.25719999999976,22.261199999999995]]]}},{"type":"Feature","properties":{"id":"lu-southern-32-68","class":"built_up","vegetationFraction":0.228,"pavedFraction":0.668,"waterFraction":0.002,"simulated":true},"geometry":{"type":"Polygon","coordinates":[[[114.25879999999975,22.261199999999995],[114.26039999999975,22.261199999999995],[114.26039999999975,22.262799999999995],[114.25879999999975,22.262799999999995],[114.25879999999975,22.261199999999995]]]}},{"type":"Feature","properties":{"id":"lu-southern-32-69","class":"built_up","vegetationFraction":0.156,"pavedFraction":0.567,"waterFraction":0.02,"simulated":true},"geometry":{"type":"Polygon","coordinates":[[[114.26039999999975,22.261199999999995],[114.26199999999974,22.261199999999995],[114.26199999999974,22.262799999999995],[114.26039999999975,22.262799999999995],[114.26039999999975,22.261199999999995]]]}},{"type":"Feature","properties":{"id":"lu-southern-32-70","class":"built_up","vegetationFraction":0.245,"pavedFraction":0.712,"waterFraction":0.013,"simulated":true},"geometry":{"type":"Polygon","coordinates":[[[114.26199999999974,22.261199999999995],[114.26359999999974,22.261199999999995],[114.26359999999974,22.262799999999995],[114.26199999999974,22.262799999999995],[114.26199999999974,22.261199999999995]]]}},{"type":"Feature","properties":{"id":"lu-southern-32-71","class":"urban_open_space","vegetationFraction":0.259,"pavedFraction":0.681,"waterFraction":0.051,"simulated":true},"geometry":{"type":"Polygon","coordinates":[[[114.26359999999974,22.261199999999995],[114.26519999999974,22.261199999999995],[114.26519999999974,22.262799999999995],[114.26359999999974,22.262799999999995],[114.26359999999974,22.261199999999995]]]}},{"type":"Feature","properties":{"id":"lu-southern-33-00","class":"built_up","vegetationFraction":0.116,"pavedFraction":0.749,"waterFraction":0.033,"simulated":true},"geometry":{"type":"Polygon","coordinates":[[[114.15,22.262799999999995],[114.1516,22.262799999999995],[114.1516,22.264399999999995],[114.15,22.264399999999995],[114.15,22.262799999999995]]]}},{"type":"Feature","properties":{"id":"lu-southern-33-01","class":"built_up","vegetationFraction":0.221,"pavedFraction":0.608,"waterFraction":0.05,"simulated":true},"geometry":{"type":"Polygon","coordinates":[[[114.1516,22.262799999999995],[114.1532,22.262799999999995],[114.1532,22.264399999999995],[114.1516,22.264399999999995],[114.1516,22.262799999999995]]]}},{"type":"Feature","properties":{"id":"lu-southern-33-02","class":"built_up","vegetationFraction":0.183,"pavedFraction":0.715,"waterFraction":0.022,"simulated":true},"geometry":{"type":"Polygon","coordinates":[[[114.1532,22.262799999999995],[114.1548,22.262799999999995],[114.1548,22.264399999999995],[114.1532,22.264399999999995],[114.1532,22.262799999999995]]]}},{"type":"Feature","properties":{"id":"lu-southern-33-03","class":"built_up","vegetationFraction":0.181,"pavedFraction":0.594,"waterFraction":0.055,"simulated":true},"geometry":{"type":"Polygon","coordinates":[[[114.1548,22.262799999999995],[114.15639999999999,22.262799999999995],[114.15639999999999,22.264399999999995],[114.1548,22.264399999999995],[114.1548,22.262799999999995]]]}},{"type":"Feature","properties":{"id":"lu-southern-33-04","class":"built_up","vegetationFraction":0.213,"pavedFraction":0.708,"waterFraction":0.049,"simulated":true},"geometry":{"type":"Polygon","coordinates":[[[114.15639999999999,22.262799999999995],[114.15799999999999,22.262799999999995],[114.15799999999999,22.264399999999995],[114.15639999999999,22.264399999999995],[114.15639999999999,22.262799999999995]]]}},{"type":"Feature","properties":{"id":"lu-southern-33-05","class":"urban_open_space","vegetationFraction":0.25,"pavedFraction":0.589,"waterFraction":0.041,"simulated":true},"geometry":{"type":"Polygon","coordinates":[[[114.15799999999999,22.262799999999995],[114.15959999999998,22.262799999999995],[114.15959999999998,22.264399999999995],[114.15799999999999,22.264399999999995],[114.15799999999999,22.262799999999995]]]}},{"type":"Feature","properties":{"id":"lu-southern-33-06","class":"built_up","vegetationFraction":0.207,"pavedFraction":0.674,"waterFraction":0.024,"simulated":true},"geometry":{"type":"Polygon","coordinates":[[[114.15959999999998,22.262799999999995],[114.16119999999998,22.262799999999995],[114.16119999999998,22.264399999999995],[114.15959999999998,22.264399999999995],[114.15959999999998,22.262799999999995]]]}},{"type":"Feature","properties":{"id":"lu-southern-33-07","class":"urban_open_space","vegetationFraction":0.274,"pavedFraction":0.48,"waterFraction":0.04,"simulated":true},"geometry":{"type":"Polygon","coordinates":[[[114.16119999999998,22.262799999999995],[114.16279999999998,22.262799999999995],[114.16279999999998,22.264399999999995],[114.16119999999998,22.264399999999995],[114.16119999999998,22.262799999999995]]]}},{"type":"Feature","properties":{"id":"lu-southern-33-08","class":"built_up","vegetationFraction":0.229,"pavedFraction":0.614,"waterFraction":0.043,"simulated":true},"geometry":{"type":"Polygon","coordinates":[[[114.16279999999998,22.262799999999995],[114.16439999999997,22.262799999999995],[114.16439999999997,22.264399999999995],[114.16279999999998,22.264399999999995],[114.16279999999998,22.262799999999995]]]}},{"type":"Feature","properties":{"id":"lu-southern-33-09","class":"urban_open_space","vegetationFraction":0.25,"pavedFraction":0.711,"waterFraction":0.047,"simulated":true},"geometry":{"type":"Polygon","coordinates":[[[114.16439999999997,22.262799999999995],[114.16599999999997,22.262799999999995],[114.16599999999997,22.264399999999995],[114.16439999999997,22.264399999999995],[114.16439999999997,22.262799999999995]]]}},{"type":"Feature","properties":{"id":"lu-southern-33-10","class":"built_up","vegetationFraction":0.219,"pavedFraction":0.655,"waterFraction":0.038,"simulated":true},"geometry":{"type":"Polygon","coordinates":[[[114.16599999999997,22.262799999999995],[114.16759999999996,22.262799999999995],[114.16759999999996,22.264399999999995],[114.16599999999997,22.264399999999995],[114.16599999999997,22.262799999999995]]]}},{"type":"Feature","properties":{"id":"lu-southern-33-11","class":"urban_open_space","vegetationFraction":0.28,"pavedFraction":0.602,"waterFraction":0.045,"simulated":true},"geometry":{"type":"Polygon","coordinates":[[[114.16759999999996,22.262799999999995],[114.16919999999996,22.262799999999995],[114.16919999999996,22.264399999999995],[114.16759999999996,22.264399999999995],[114.16759999999996,22.262799999999995]]]}},{"type":"Feature","properties":{"id":"lu-southern-33-12","class":"built_up","vegetationFraction":0.142,"pavedFraction":0.746,"waterFraction":0.025,"simulated":true},"geometry":{"type":"Polygon","coordinates":[[[114.16919999999996,22.262799999999995],[114.17079999999996,22.262799999999995],[114.17079999999996,22.264399999999995],[114.16919999999996,22.264399999999995],[114.16919999999996,22.262799999999995]]]}},{"type":"Feature","properties":{"id":"lu-southern-33-13","class":"built_up","vegetationFraction":0.155,"pavedFraction":0.538,"waterFraction":0.004,"simulated":true},"geometry":{"type":"Polygon","coordinates":[[[114.17079999999996,22.262799999999995],[114.17239999999995,22.262799999999995],[114.17239999999995,22.264399999999995],[114.17079999999996,22.264399999999995],[114.17079999999996,22.262799999999995]]]}},{"type":"Feature","properties":{"id":"lu-southern-33-14","class":"built_up","vegetationFraction":0.1,"pavedFraction":0.636,"waterFraction":0.046,"simulated":true},"geometry":{"type":"Polygon","coordinates":[[[114.17239999999995,22.262799999999995],[114.17399999999995,22.262799999999995],[114.17399999999995,22.264399999999995],[114.17239999999995,22.264399999999995],[114.17239999999995,22.262799999999995]]]}},{"type":"Feature","properties":{"id":"lu-southern-33-15","class":"built_up","vegetationFraction":0.169,"pavedFraction":0.748,"waterFraction":0.052,"simulated":true},"geometry":{"type":"Polygon","coordinates":[[[114.17399999999995,22.262799999999995],[114.17559999999995,22.262799999999995],[114.17559999999995,22.264399999999995],[114.17399999999995,22.264399999999995],[114.17399999999995,22.262799999999995]]]}},{"type":"Feature","properties":{"id":"lu-southern-33-16","class":"built_up","vegetationFraction":0.23,"pavedFraction":0.64,"waterFraction":0.016,"simulated":true},"geometry":{"type":"Polygon","coordinates":[[[114.17559999999995,22.262799999999995],[114.17719999999994,22.262799999999995],[114.17719999999994,22.264399999999995],[114.17559999999995,22.264399999999995],[114.17559999999995,22.262799999999995]]]}},{"type":"Feature","properties":{"id":"lu-southern-33-17","class":"built_up","vegetationFraction":0.166,"pavedFraction":0.696,"waterFraction":0.01,"simulated":true},"geometry":{"type":"Polygon","coordinates":[[[114.17719999999994,22.262799999999995],[114.17879999999994,22.262799999999995],[114.17879999999994,22.264399999999995],[114.17719999999994,22.264399999999995],[114.17719999999994,22.262799999999995]]]}},{"type":"Feature","properties":{"id":"lu-southern-33-18","class":"urban_open_space","vegetationFraction":0.277,"pavedFraction":0.678,"waterFraction":0.032,"simulated":true},"geometry":{"type":"Polygon","coordinates":[[[114.17879999999994,22.262799999999995],[114.18039999999993,22.262799999999995],[114.18039999999993,22.264399999999995],[114.17879999999994,22.264399999999995],[114.17879999999994,22.262799999999995]]]}},{"type":"Feature","properties":{"id":"lu-southern-33-19","class":"built_up","vegetationFraction":0.234,"pavedFraction":0.525,"waterFraction":0.035,"simulated":true},"geometry":{"type":"Polygon","coordinates":[[[114.18039999999993,22.262799999999995],[114.18199999999993,22.262799999999995],[114.18199999999993,22.264399999999995],[114.18039999999993,22.264399999999995],[114.18039999999993,22.262799999999995]]]}},{"type":"Feature","properties":{"id":"lu-southern-33-20","class":"built_up","vegetationFraction":0.127,"pavedFraction":0.567,"waterFraction":0.02,"simulated":true},"geometry":{"type":"Polygon","coordinates":[[[114.18199999999993,22.262799999999995],[114.18359999999993,22.262799999999995],[114.18359999999993,22.264399999999995],[114.18199999999993,22.264399999999995],[114.18199999999993,22.262799999999995]]]}},{"type":"Feature","properties":{"id":"lu-southern-33-21","class":"built_up","vegetationFraction":0.217,"pavedFraction":0.499,"waterFraction":0.043,"simulated":true},"geometry":{"type":"Polygon","coordinates":[[[114.18359999999993,22.262799999999995],[114.18519999999992,22.262799999999995],[114.18519999999992,22.264399999999995],[114.18359999999993,22.264399999999995],[114.18359999999993,22.262799999999995]]]}},{"type":"Feature","properties":{"id":"lu-southern-33-22","class":"built_up","vegetationFraction":0.231,"pavedFraction":0.499,"waterFraction":0.036,"simulated":true},"geometry":{"type":"Polygon","coordinates":[[[114.18519999999992,22.262799999999995],[114.18679999999992,22.262799999999995],[114.18679999999992,22.264399999999995],[114.18519999999992,22.264399999999995],[114.18519999999992,22.262799999999995]]]}},{"type":"Feature","properties":{"id":"lu-southern-33-23","class":"built_up","vegetationFraction":0.152,"pavedFraction":0.548,"waterFraction":0.0,"simulated":true},"geometry":{"type":"Polygon","coordinates":[[[114.18679999999992,22.262799999999995],[114.18839999999992,22.262799999999995],[114.18839999999992,22.264399999999995],[114.18679999999992,22.264399999999995],[114.18679999999992,22.262799999999995]]]}},{"type":"Feature","properties":{"id":"lu-southern-33-24","class":"built_up","vegetationFraction":0.127,"pavedFraction":0.649,"waterFraction":0.022,"simulated":true},"geometry":{"type":"Polygon","coordinates":[[[114.18839999999992,22.262799999999995],[114.18999999999991,22.262799999999995],[114.18999999999991,22.264399999999995],[114.18839999999992,22.264399999999995],[114.18839999999992,22.262799999999995]]]}},{"type":"Feature","properties":{"id":"lu-southern-33-25","class":"urban_open_space","vegetationFraction":0.279,"pavedFraction":0.726,"waterFraction":0.059,"simulated":true},"geometry":{"type":"Polygon","coordinates":[[[114.18999999999991,22.262799999999995],[114.19159999999991,22.262799999999995],[114.19159999999991,22.264399999999995],[114.18999999999991,22.264399999999995],[114.18999999999991,22.262799999999995]]]}},{"type":"Feature","properties":{"id":"lu-southern-33-26","class":"built_up","vegetationFraction":0.104,"pavedFraction":0.567,"waterFraction":0.024,"simulated":true},"geometry":{"type":"Polygon","coordinates":[[[114.19159999999991,22.262799999999995],[114.1931999999999,22.262799999999995],[114.1931999999999,22.264399999999995],[114.19159999999991,22.264399999999995],[114.19159999999991,22.262799999999995]]]}},{"type":"Feature","properties":{"id":"lu-southern-33-27","class":"built_up","vegetationFraction":0.118,"pavedFraction":0.779,"waterFraction":0.0,"simulated":true},"geometry":{"type":"Polygon","coordinates":[[[114.1931999999999,22.262799999999995],[114.1947999999999,22.262799999999995],[114.1947999999999,22.264399999999995],[114.1931999999999,22.264399999999995],[114.1931999999999,22.262799999999995]]]}},{"type":"Feature","properties":{"id":"lu-southern-33-28","class":"built_up","vegetationFraction":0.241,"pavedFraction":0.682,"waterFraction":0.059,"simulated":true},"geometry":{"type":"Polygon","coordinates":[[[114.1947999999999,22.262799999999995],[114.1963999999999,22.262799999999995],[114.1963999999999,22.264399999999995],[114.1947999999999,22.264399999999995],[114.1947999999999,22.262799999999995]]]}},{"type":"Feature","properties":{"id":"lu-southern-33-29","class":"built_up","vegetationFraction":0.163,"pavedFraction":0.779,"waterFraction":0.042,"simulated":true},"geometry":{"type":"Polygon","coordinates":[[[114.1963999999999,22.262799999999995],[114.1979999999999,22.262799999999995],[114.1979999999999,22.264399999999995],[114.1963999999999,22.264399999999995],[114.1963999999999,22.262799999999995]]]}},{"type":"Feature","properties":{"id":"lu-southern-33-30","class":"built_up","vegetationFraction":0.19,"pavedFraction":0.645,"waterFraction":0.042,"simulated":true},"geometry":{"type":"Polygon","coordinates":[[[114.1979999999999,22.262799999999995],[114.19959999999989,22.262799999999995],[114.19959999999989,22.264399999999995],[114.1979999999999,22.264399999999995],[114.1979999999999,22.262799999999995]]]}},{"type":"Feature","properties":{"id":"lu-southern-33-31","class":"built_up","vegetationFraction":0.204,"pavedFraction":0.645,"waterFraction":0.0,"simulated":true},"geometry":{"type":"Polygon","coordinates":[[[114.19959999999989,22.262799999999995],[114.20119999999989,22.262799999999995],[114.20119999999989,22.264399999999995],[114.19959999999989,22.264399999999995],[114.19959999999989,22.262799999999995]]]}},{"type":"Feature","properties":{"id":"lu-southern-33-32","class":"built_up","vegetationFraction":0.109,"pavedFraction":0.707,"waterFraction":0.057,"simulated":true},"geometry":{"type":"Polygon","coordinates":[[[114.20119999999989,22.262799999999995],[114.20279999999988,22.262799999999995],[114.20279999999988,22.264399999999995],[114.20119999999989,22.264399999999995],[114.20119999999989,22.262799999999995]]]}},{"type":"Feature","properties":{"id":"lu-southern-33-33","class":"built_up","vegetationFraction":0.227,"pavedFraction":0.484,"waterFraction":0.036,"simulated":true},"geometry":{"type":"Polygon","coordinates":[[[114.20279999999988,22.262799999999995],[114.20439999999988,22.262799999999995],[114.20439999999988,22.264399999999995],[114.20279999999988,22.264399999999995],[114.20279999999988,22.262799999999995]]]}},{"type":"Feature","properties":{"id":"lu-southern-33-34","class":"urban_open_space","vegetationFraction":0.275,"pavedFraction":0.629,"waterFraction":0.01,"simulated":true},"geometry":{"type":"Polygon","coordinates":[[[114.20439999999988,22.262799999999995],[114.20599999999988,22.262799999999995],[114.20599999999988,22.264399999999995],[114.20439999999988,22.264399999999995],[114.20439999999988,22.262799999999995]]]}},{"type":"Feature","properties":{"id":"lu-southern-33-35","class":"built_up","vegetationFraction":0.247,"pavedFraction":0.686,"waterFraction":0.019,"simulated":true},"geometry":{"type":"Polygon","coordinates":[[[114.20599999999988,22.262799999999995],[114.20759999999987,22.262799999999995],[114.20759999999987,22.264399999999995],[114.20599999999988,22.264399999999995],[114.20599999999988,22.262799999999995]]]}},{"type":"Feature","properties":{"id":"lu-southern-33-36","class":"built_up","vegetationFraction":0.197,"pavedFraction":0.576,"waterFraction":0.044,"simulated":true},"geometry":{"type":"Polygon","coordinates":[[[114.20759999999987,22.262799999999995],[114.20919999999987,22.262799999999995],[114.20919999999987,22.264399999999995],[114.20759999999987,22.264399999999995],[114.20759999999987,22.262799999999995]]]}},{"type":"Feature","properties":{"id":"lu-southern-33-37","class":"built_up","vegetationFraction":0.197,"pavedFraction":0.622,"waterFraction":0.016,"simulated":true},"geometry":{"type":"Polygon","coordinates":[[[114.20919999999987,22.262799999999995],[114.21079999999986,22.262799999999995],[114.21079999999986,22.264399999999995],[114.20919999999987,22.264399999999995],[114.20919999999987,22.262799999999995]]]}},{"type":"Feature","properties":{"id":"lu-southern-33-38","class":"built_up","vegetationFraction":0.214,"pavedFraction":0.708,"waterFraction":0.004,"simulated":true},"geometry":{"type":"Polygon","coordinates":[[[114.21079999999986,22.262799999999995],[114.21239999999986,22.262799999999995],[114.21239999999986,22.264399999999995],[114.21079999999986,22.264399999999995],[114.21079999999986,22.262799999999995]]]}},{"type":"Feature","properties":{"id":"lu-southern-33-39","class":"built_up","vegetationFraction":0.209,"pavedFraction":0.488,"waterFraction":0.05,"simulated":true},"geometry":{"type":"Polygon","coordinates":[[[114.21239999999986,22.262799999999995],[114.21399999999986,22.262799999999995],[114.21399999999986,22.264399999999995],[114.21239999999986,22.264399999999995],[114.21239999999986,22.262799999999995]]]}},{"type":"Feature","properties":{"id":"lu-southern-33-40","class":"built_up","vegetationFraction":0.103,"pavedFraction":0.579,"waterFraction":0.016,"simulated":true},"geometry":{"type":"Polygon","coordinates":[[[114.21399999999986,22.262799999999995],[114.21559999999985,22.262799999999995],[114.21559999999985,22.264399999999995],[114.21399999999986,22.264399999999995],[114.21399999999986,22.262799999999995]]]}},{"type":"Feature","properties":{"id":"lu-southern-33-41","class":"built_up","vegetationFraction":0.189,"pavedFraction":0.561,"waterFraction":0.021,"simulated":true},"geometry":{"type":"Polygon","coordinates":[[[114.21559999999985,22.262799999999995],[114.21719999999985,22.262799999999995],[114.21719999999985,22.264399999999995],[114.21559999999985,22.264399999999995],[114.21559999999985,22.262799999999995]]]}},{"type":"Feature","properties":{"id":"lu-southern-33-42","class":"built_up","vegetationFraction":0.204,"pavedFraction":0.507,"waterFraction":0.023,"simulated":true},"geometry":{"type":"Polygon","coordinates":[[[114.21719999999985,22.262799999999995],[114.21879999999985,22.262799999999995],[114.21879999999985,22.264399999999995],[114.21719999999985,22.264399999999995],[114.21719999999985,22.262799999999995]]]}},{"type":"Feature","properties":{"id":"lu-southern-33-43","class":"built_up","vegetationFraction":0.168,"pavedFraction":0.558,"waterFraction":0.06,"simulated":true},"geometry":{"type":"Polygon","coordinates":[[[114.21879999999985,22.262799999999995],[114.22039999999984,22.262799999999995],[114.22039999999984,22.264399999999995],[114.21879999999985,22.264399999999995],[114.21879999999985,22.262799999999995]]]}},{"type":"Feature","properties":{"id":"lu-southern-33-44","class":"built_up","vegetationFraction":0.179,"pavedFraction":0.484,"waterFraction":0.028,"simulated":true},"geometry":{"type":"Polygon","coordinates":[[[114.22039999999984,22.262799999999995],[114.22199999999984,22.262799999999995],[114.22199999999984,22.264399999999995],[114.22039999999984,22.264399999999995],[114.22039999999984,22.262799999999995]]]}},{"type":"Feature","properties":{"id":"lu-southern-33-45","class":"built_up","vegetationFraction":0.12,"pavedFraction":0.622,"waterFraction":0.047,"simulated":true},"geometry":{"type":"Polygon","coordinates":[[[114.22199999999984,22.262799999999995],[114.22359999999983,22.262799999999995],[114.22359999999983,22.264399999999995],[114.22199999999984,22.264399999999995],[114.22199999999984,22.262799999999995]]]}},{"type":"Feature","properties":{"id":"lu-southern-33-46","class":"built_up","vegetationFraction":0.181,"pavedFraction":0.661,"waterFraction":0.033,"simulated":true},"geometry":{"type":"Polygon","coordinates":[[[114.22359999999983,22.262799999999995],[114.22519999999983,22.262799999999995],[114.22519999999983,22.264399999999995],[114.22359999999983,22.264399999999995],[114.22359999999983,22.262799999999995]]]}},{"type":"Feature","properties":{"id":"lu-southern-33-47","class":"urban_open_space","vegetationFraction":0.257,"pavedFraction":0.587,"waterFraction":0.032,"simulated":true},"geometry":{"type":"Polygon","coordinates":[[[114.22519999999983,22.262799999999995],[114.22679999999983,22.262799999999995],[114.22679999999983,22.264399999999995],[114.22519999999983,22.264399999999995],[114.22519999999983,22.262799999999995]]]}},{"type":"Feature","properties":{"id":"lu-southern-33-48","class":"built_up","vegetationFraction":0.147,"pavedFraction":0.586,"waterFraction":0.033,"simulated":true},"geometry":{"type":"Polygon","coordinates":[[[114.22679999999983,22.262799999999995],[114.22839999999982,22.262799999999995],[114.22839999999982,22.264399999999995],[114.22679999999983,22.264399999999995],[114.22679999999983,22.262799999999995]]]}},{"type":"Feature","properties":{"id":"lu-southern-33-49","class":"built_up","vegetationFraction":0.102,"pavedFraction":0.682,"waterFraction":0.033,"simulated":true},"geometry":{"type":"Polygon","coordinates":[[[114.22839999999982,22.262799999999995],[114.22999999999982,22.262799999999995],[114.22999999999982,22.264399999999995],[114.22839999999982,22.264399999999995],[114.22839999999982,22.262799999999995]]]}},{"type":"Feature","properties":{"id":"lu-southern-33-50","class":"built_up","vegetationFraction":0.165,"pavedFraction":0.766,"waterFraction":0.012,"simulated":true},"geometry":{"type":"Polygon","coordinates":[[[114.22999999999982,22.262799999999995],[114.23159999999982,22.262799999999995],[114.23159999999982,22.264399999999995],[114.22999999999982,22.264399999999995],[114.22999999999982,22.262799999999995]]]}},{"type":"Feature","properties":{"id":"lu-southern-33-51","class":"built_up","vegetationFraction":0.226,"pavedFraction":0.538,"waterFraction":0.031,"simulated":true},"geometry":{"type":"Polygon","coordinates":[[[114.23159999999982,22.262799999999995],[114.23319999999981,22.262799999999995],[114.23319999999981,22.264399999999995],[114.23159999999982,22.264399999999995],[114.23159999999982,22.262799999999995]]]}},{"type":"Feature","properties":{"id":"lu-southern-33-52","class":"urban_open_space","vegetationFraction":0.269,"pavedFraction":0.7,"waterFraction":0.006,"simulated":true},"geometry":{"type":"Polygon","coordinates":[[[114.23319999999981,22.262799999999995],[114.23479999999981,22.262799999999995],[114.23479999999981,22.264399999999995],[114.23319999999981,22.264399999999995],[114.23319999999981,22.262799999999995]]]}},{"type":"Feature","properties":{"id":"lu-southern-33-53","class":"built_up","vegetationFraction":0.137,"pavedFraction":0.707,"waterFraction":0.038,"simulated":true},"geometry":{"type":"Polygon","coordinates":[[[114.23479999999981,22.262799999999995],[114.2363999999998,22.262799999999995],[114.2363999999998,22.264399999999995],[114.23479999999981,22.264399999999995],[114.23479999999981,22.262799999999995]]]}},{"type":"Feature","properties":{"id":"lu-southern-33-54","class":"built_up","vegetationFraction":0.108,"pavedFraction":0.599,"waterFraction":0.011,"simulated":true},"geometry":{"type":"Polygon","coordinates":[[[114.2363999999998,22.262799999999995],[114.2379999999998,22.262799999999995],[114.2379999999998,22.264399999999995],[114.2363999999998,22.264399999999995],[114.2363999999998,22.262799999999995]]]}},{"type":"Feature","properties":{"id":"lu-southern-33-55","class":"built_up","vegetationFraction":0.121,"pavedFraction":0.706,"waterFraction":0.024,"simulated":true},"geometry":{"type":"Polygon","coordinates":[[[114.2379999999998,22.262799999999995],[114.2395999999998,22.262799999999995],[114.2395999999998,22.264399999999995],[114.2379999999998,22.264399999999995],[114.2379999999998,22.262799999999995]]]}},{"type":"Feature","properties":{"id":"lu-southern-33-56","class":"built_up","vegetationFraction":0.205,"pavedFraction":0.724,"waterFraction":0.047,"simulated":true},"geometry":{"type":"Polygon","coordinates":[[[114.2395999999998,22.262799999999995],[114.2411999999998,22.262799999999995],[114.2411999999998,22.264399999999995],[114.2395999999998,22.264399999999995],[114.2395999999998,22.262799999999995]]]}},{"type":"Feature","properties":{"id":"lu-southern-33-57","class":"built_up","vegetationFraction":0.143,"pavedFraction":0.776,"waterFraction":0.032,"simulated":true},"geometry":{"type":"Polygon","coordinates":[[[114.2411999999998,22.262799999999995],[114.24279999999979,22.262799999999995],[114.24279999999979,22.264399999999995],[114.2411999999998,22.264399999999995],[114.2411999999998,22.262799999999995]]]}},{"type":"Feature","properties":{"id":"lu-southern-33-58","class":"urban_open_space","vegetationFraction":0.27,"pavedFraction":0.702,"waterFraction":0.033,"simulated":true},"geometry":{"type":"Polygon","coordinates":[[[114.24279999999979,22.262799999999995],[114.24439999999979,22.262799999999995],[114.24439999999979,22.264399999999995],[114.24279999999979,22.264399999999995],[114.24279999999979,22.262799999999995]]]}},{"type":"Feature","properties":{"id":"lu-southern-33-59","class":"built_up","vegetationFraction":0.185,"pavedFraction":0.682,"waterFraction":0.035,"simulated":true},"geometry":{"type":"Polygon","coordinates":[[[114.24439999999979,22.262799999999995],[114.24599999999978,22.262799999999995],[114.24599999999978,22.264399999999995],[114.24439999999979,22.264399999999995],[114.24439999999979,22.262799999999995]]]}},{"type":"Feature","properties":{"id":"lu-southern-33-60","class":"built_up","vegetationFraction":0.102,"pavedFraction":0.595,"waterFraction":0.012,"simulated":true},"geometry":{"type":"Polygon","coordinates":[[[114.24599999999978,22.262799999999995],[114.24759999999978,22.262799999999995],[114.24759999999978,22.264399999999995],[114.24599999999978,22.264399999999995],[114.24599999999978,22.262799999999995]]]}},{"type":"Feature","properties":{"id":"lu-southern-33-61","class":"urban_open_space","vegetationFraction":0.262,"pavedFraction":0.66,"waterFraction":0.056,"simulated":true},"geometry":{"type":"Polygon","coordinates":[[[114.24759999999978,22.262799999999995],[114.24919999999977,22.262799999999995],[114.24919999999977,22.264399999999995],[114.24759999999978,22.264399999999995],[114.24759999999978,22.262799999999995]]]}},{"type":"Feature","properties":{"id":"lu-southern-33-62","class":"built_up","vegetationFraction":0.237,"pavedFraction":0.78,"waterFraction":0.033,"simulated":true},"geometry":{"type":"Polygon","coordinates":[[[114.24919999999977,22.262799999999995],[114.25079999999977,22.262799999999995],[114.25079999999977,22.264399999999995],[114.24919999999977,22.264399999999995],[114.24919999999977,22.262799999999995]]]}},{"type":"Feature","properties":{"id":"lu-southern-33-63","class":"urban_open_space","vegetationFraction":0.264,"pavedFraction":0.669,"waterFraction":0.026,"simulated":true},"geometry":{"type":"Polygon","coordinates":[[[114.25079999999977,22.262799999999995],[114.25239999999977,22.262799999999995],[114.25239999999977,22.264399999999995],[114.25079999999977,22.264399999999995],[114.25079999999977,22.262799999999995]]]}},{"type":"Feature","properties":{"id":"lu-southern-33-64","class":"urban_open_space","vegetationFraction":0.264,"pavedFraction":0.709,"waterFraction":0.05,"simulated":true},"geometry":{"type":"Polygon","coordinates":[[[114.25239999999977,22.262799999999995],[114.25399999999976,22.262799999999995],[114.25399999999976,22.264399999999995],[114.25239999999977,22.264399999999995],[114.25239999999977,22.262799999999995]]]}},{"type":"Feature","properties":{"id":"lu-southern-33-65","class":"built_up","vegetationFraction":0.178,"pavedFraction":0.504,"waterFraction":0.03,"simulated":true},"geometry":{"type":"Polygon","coordinates":[[[114.25399999999976,22.262799999999995],[114.25559999999976,22.262799999999995],[114.25559999999976,22.264399999999995],[114.25399999999976,22.264399999999995],[114.25399999999976,22.262799999999995]]]}},{"type":"Feature","properties":{"id":"lu-southern-33-66","class":"built_up","vegetationFraction":0.117,"pavedFraction":0.7,"waterFraction":0.013,"simulated":true},"geometry":{"type":"Polygon","coordinates":[[[114.25559999999976,22.262799999999995],[114.25719999999976,22.262799999999995],[114.25719999999976,22.264399999999995],[114.25559999999976,22.264399999999995],[114.25559999999976,22.262799999999995]]]}},{"type":"Feature","properties":{"id":"lu-southern-33-67","class":"built_up","vegetationFraction":0.101,"pavedFraction":0.667,"waterFraction":0.037,"simulated":true},"geometry":{"type":"Polygon","coordinates":[[[114.25719999999976,22.262799999999995],[114.25879999999975,22.262799999999995],[114.25879999999975,22.264399999999995],[114.25719999999976,22.264399999999995],[114.25719999999976,22.262799999999995]]]}},{"type":"Feature","properties":{"id":"lu-southern-33-68","class":"built_up","vegetationFraction":0.238,"pavedFraction":0.762,"waterFraction":0.043,"simulated":true},"geometry":{"type":"Polygon","coordinates":[[[114.25879999999975,22.262799999999995],[114.26039999999975,22.262799999999995],[114.26039999999975,22.264399999999995],[114.25879999999975,22.264399999999995],[114.25879999999975,22.262799999999995]]]}},{"type":"Feature","properties":{"id":"lu-southern-33-69","class":"built_up","vegetationFraction":0.155,"pavedFraction":0.674,"waterFraction":0.047,"simulated":true},"geometry":{"type":"Polygon","coordinates":[[[114.26039999999975,22.262799999999995],[114.26199999999974,22.262799999999995],[114.26199999999974,22.264399999999995],[114.26039999999975,22.264399999999995],[114.26039999999975,22.262799999999995]]]}},{"type":"Feature","properties":{"id":"lu-southern-33-70","class":"built_up","vegetationFraction":0.245,"pavedFraction":0.679,"waterFraction":0.031,"simulated":true},"geometry":{"type":"Polygon","coordinates":[[[114.26199999999974,22.262799999999995],[114.26359999999974,22.262799999999995],[114.26359999999974,22.264399999999995],[114.26199999999974,22.264399999999995],[114.26199999999974,22.262799999999995]]]}},{"type":"Feature","properties":{"id":"lu-southern-33-71","class":"built_up","vegetationFraction":0.187,"pavedFraction":0.64,"waterFraction":0.05,"simulated":true},"geometry":{"type":"Polygon","coordinates":[[[114.26359999999974,22.262799999999995],[114.26519999999974,22.262799999999995],[114.26519999999974,22.264399999999995],[114.26359999999974,22.264399999999995],[114.26359999999974,22.262799999999995]]]}},{"type":"Feature","properties":{"id":"lu-southern-34-00","class":"built_up","vegetationFraction":0.249,"pavedFraction":0.684,"waterFraction":0.06,"simulated":true},"geometry":{"type":"Polygon","coordinates":[[[114.15,22.264399999999995],[114.1516,22.264399999999995],[114.1516,22.265999999999995],[114.15,22.265999999999995],[114.15,22.264399999999995]]]}},{"type":"Feature","properties":{"id":"lu-southern-34-01","class":"built_up","vegetationFraction":0.127,"pavedFraction":0.727,"waterFraction":0.005,"simulated":true},"geometry":{"type":"Polygon","coordinates":[[[114.1516,22.264399999999995],[114.1532,22.264399999999995],[114.1532,22.265999999999995],[114.1516,22.265999999999995],[114.1516,22.264399999999995]]]}},{"type":"Feature","properties":{"id":"lu-southern-34-02","class":"built_up","vegetationFraction":0.118,"pavedFraction":0.574,"waterFraction":0.003,"simulated":true},"geometry":{"type":"Polygon","coordinates":[[[114.1532,22.264399999999995],[114.1548,22.264399999999995],[114.1548,22.265999999999995],[114.1532,22.265999999999995],[114.1532,22.264399999999995]]]}},{"type":"Feature","properties":{"id":"lu-southern-34-03","class":"built_up","vegetationFraction":0.139,"pavedFraction":0.662,"waterFraction":0.04,"simulated":true},"geometry":{"type":"Polygon","coordinates":[[[114.1548,22.264399999999995],[114.15639999999999,22.264399999999995],[114.15639999999999,22.265999999999995],[114.1548,22.265999999999995],[114.1548,22.264399999999995]]]}},{"type":"Feature","properties":{"id":"lu-southern-34-04","class":"built_up","vegetationFraction":0.244,"pavedFraction":0.746,"waterFraction":0.024,"simulated":true},"geometry":{"type":"Polygon","coordinates":[[[114.15639999999999,22.264399999999995],[114.15799999999999,22.264399999999995],[114.15799999999999,22.265999999999995],[114.15639999999999,22.265999999999995],[114.15639999999999,22.264399999999995]]]}},{"type":"Feature","properties":{"id":"lu-southern-34-05","class":"built_up","vegetationFraction":0.11,"pavedFraction":0.644,"waterFraction":0.034,"simulated":true},"geometry":{"type":"Polygon","coordinates":[[[114.15799999999999,22.264399999999995],[114.15959999999998,22.264399999999995],[114.15959999999998,22.265999999999995],[114.15799999999999,22.265999999999995],[114.15799999999999,22.264399999999995]]]}},{"type":"Feature","properties":{"id":"lu-southern-34-06","class":"built_up","vegetationFraction":0.208,"pavedFraction":0.578,"waterFraction":0.037,"simulated":true},"geometry":{"type":"Polygon","coordinates":[[[114.15959999999998,22.264399999999995],[114.16119999999998,22.264399999999995],[114.16119999999998,22.265999999999995],[114.15959999999998,22.265999999999995],[114.15959999999998,22.264399999999995]]]}},{"type":"Feature","properties":{"id":"lu-southern-34-07","class":"urban_open_space","vegetationFraction":0.28,"pavedFraction":0.669,"waterFraction":0.032,"simulated":true},"geometry":{"type":"Polygon","coordinates":[[[114.16119999999998,22.264399999999995],[114.16279999999998,22.264399999999995],[114.16279999999998,22.265999999999995],[114.16119999999998,22.265999999999995],[114.16119999999998,22.264399999999995]]]}},{"type":"Feature","properties":{"id":"lu-southern-34-08","class":"built_up","vegetationFraction":0.109,"pavedFraction":0.715,"waterFraction":0.041,"simulated":true},"geometry":{"type":"Polygon","coordinates":[[[114.16279999999998,22.264399999999995],[114.16439999999997,22.264399999999995],[114.16439999999997,22.265999999999995],[114.16279999999998,22.265999999999995],[114.16279999999998,22.264399999999995]]]}},{"type":"Feature","properties":{"id":"lu-southern-34-09","class":"built_up","vegetationFraction":0.205,"pavedFraction":0.734,"waterFraction":0.03,"simulated":true},"geometry":{"type":"Polygon","coordinates":[[[114.16439999999997,22.264399999999995],[114.16599999999997,22.264399999999995],[114.16599999999997,22.265999999999995],[114.16439999999997,22.265999999999995],[114.16439999999997,22.264399999999995]]]}},{"type":"Feature","properties":{"id":"lu-southern-34-10","class":"urban_open_space","vegetationFraction":0.279,"pavedFraction":0.572,"waterFraction":0.045,"simulated":true},"geometry":{"type":"Polygon","coordinates":[[[114.16599999999997,22.264399999999995],[114.16759999999996,22.264399999999995],[114.16759999999996,22.265999999999995],[114.16599999999997,22.265999999999995],[114.16599999999997,22.264399999999995]]]}},{"type":"Feature","properties":{"id":"lu-southern-34-11","class":"urban_open_space","vegetationFraction":0.262,"pavedFraction":0.496,"waterFraction":0.029,"simulated":true},"geometry":{"type":"Polygon","coordinates":[[[114.16759999999996,22.264399999999995],[114.16919999999996,22.264399999999995],[114.16919999999996,22.265999999999995],[114.16759999999996,22.265999999999995],[114.16759999999996,22.264399999999995]]]}},{"type":"Feature","properties":{"id":"lu-southern-34-12","class":"built_up","vegetationFraction":0.113,"pavedFraction":0.538,"waterFraction":0.034,"simulated":true},"geometry":{"type":"Polygon","coordinates":[[[114.16919999999996,22.264399999999995],[114.17079999999996,22.264399999999995],[114.17079999999996,22.265999999999995],[114.16919999999996,22.265999999999995],[114.16919999999996,22.264399999999995]]]}},{"type":"Feature","properties":{"id":"lu-southern-34-13","class":"built_up","vegetationFraction":0.233,"pavedFraction":0.752,"waterFraction":0.057,"simulated":true},"geometry":{"type":"Polygon","coordinates":[[[114.17079999999996,22.264399999999995],[114.17239999999995,22.264399999999995],[114.17239999999995,22.265999999999995],[114.17079999999996,22.265999999999995],[114.17079999999996,22.264399999999995]]]}},{"type":"Feature","properties":{"id":"lu-southern-34-14","class":"built_up","vegetationFraction":0.166,"pavedFraction":0.622,"waterFraction":0.058,"simulated":true},"geometry":{"type":"Polygon","coordinates":[[[114.17239999999995,22.264399999999995],[114.17399999999995,22.264399999999995],[114.17399999999995,22.265999999999995],[114.17239999999995,22.265999999999995],[114.17239999999995,22.264399999999995]]]}},{"type":"Feature","properties":{"id":"lu-southern-34-15","class":"urban_open_space","vegetationFraction":0.257,"pavedFraction":0.607,"waterFraction":0.009,"simulated":true},"geometry":{"type":"Polygon","coordinates":[[[114.17399999999995,22.264399999999995],[114.17559999999995,22.264399999999995],[114.17559999999995,22.265999999999995],[114.17399999999995,22.265999999999995],[114.17399999999995,22.264399999999995]]]}},{"type":"Feature","properties":{"id":"lu-southern-34-16","class":"built_up","vegetationFraction":0.216,"pavedFraction":0.628,"waterFraction":0.028,"simulated":true},"geometry":{"type":"Polygon","coordinates":[[[114.17559999999995,22.264399999999995],[114.17719999999994,22.264399999999995],[114.17719999999994,22.265999999999995],[114.17559999999995,22.265999999999995],[114.17559999999995,22.264399999999995]]]}},{"type":"Feature","properties":{"id":"lu-southern-34-17","class":"built_up","vegetationFraction":0.147,"pavedFraction":0.618,"waterFraction":0.035,"simulated":true},"geometry":{"type":"Polygon","coordinates":[[[114.17719999999994,22.264399999999995],[114.17879999999994,22.264399999999995],[114.17879999999994,22.265999999999995],[114.17719999999994,22.265999999999995],[114.17719999999994,22.264399999999995]]]}},{"type":"Feature","properties":{"id":"lu-southern-34-18","class":"built_up","vegetationFraction":0.233,"pavedFraction":0.676,"waterFraction":0.004,"simulated":true},"geometry":{"type":"Polygon","coordinates":[[[114.17879999999994,22.264399999999995],[114.18039999999993,22.264399999999995],[114.18039999999993,22.265999999999995],[114.17879999999994,22.265999999999995],[114.17879999999994,22.264399999999995]]]}},{"type":"Feature","properties":{"id":"lu-southern-34-19","class":"built_up","vegetationFraction":0.218,"pavedFraction":0.508,"waterFraction":0.05,"simulated":true},"geometry":{"type":"Polygon","coordinates":[[[114.18039999999993,22.264399999999995],[114.18199999999993,22.264399999999995],[114.18199999999993,22.265999999999995],[114.18039999999993,22.265999999999995],[114.18039999999993,22.264399999999995]]]}},{"type":"Feature","properties":{"id":"lu-southern-34-20","class":"built_up","vegetationFraction":0.235,"pavedFraction":0.732,"waterFraction":0.009,"simulated":true},"geometry":{"type":"Polygon","coordinates":[[[114.18199999999993,22.264399999999995],[114.18359999999993,22.264399999999995],[114.18359999999993,22.265999999999995],[114.18199999999993,22.265999999999995],[114.18199999999993,22.264399999999995]]]}},{"type":"Feature","properties":{"id":"lu-southern-34-21","class":"built_up","vegetationFraction":0.138,"pavedFraction":0.558,"waterFraction":0.04,"simulated":true},"geometry":{"type":"Polygon","coordinates":[[[114.18359999999993,22.264399999999995],[114.18519999999992,22.264399999999995],[114.18519999999992,22.265999999999995],[114.18359999999993,22.265999999999995],[114.18359999999993,22.264399999999995]]]}},{"type":"Feature","properties":{"id":"lu-southern-34-22","class":"built_up","vegetationFraction":0.204,"pavedFraction":0.735,"waterFraction":0.019,"simulated":true},"geometry":{"type":"Polygon","coordinates":[[[114.18519999999992,22.264399999999995],[114.18679999999992,22.264399999999995],[114.18679999999992,22.265999999999995],[114.18519999999992,22.265999999999995],[114.18519999999992,22.264399999999995]]]}},{"type":"Feature","properties":{"id":"lu-southern-34-23","class":"built_up","vegetationFraction":0.102,"pavedFraction":0.525,"waterFraction":0.033,"simulated":true},"geometry":{"type":"Polygon","coordinates":[[[114.18679999999992,22.264399999999995],[114.18839999999992,22.264399999999995],[114.18839999999992,22.265999999999995],[114.18679999999992,22.265999999999995],[114.18679999999992,22.264399999999995]]]}},{"type":"Feature","properties":{"id":"lu-southern-34-24","class":"built_up","vegetationFraction":0.181,"pavedFraction":0.734,"waterFraction":0.036,"simulated":true},"geometry":{"type":"Polygon","coordinates":[[[114.18839999999992,22.264399999999995],[114.18999999999991,22.264399999999995],[114.18999999999991,22.265999999999995],[114.18839999999992,22.265999999999995],[114.18839999999992,22.264399999999995]]]}},{"type":"Feature","properties":{"id":"lu-southern-34-25","class":"built_up","vegetationFraction":0.154,"pavedFraction":0.691,"waterFraction":0.004,"simulated":true},"geometry":{"type":"Polygon","coordinates":[[[114.18999999999991,22.264399999999995],[114.19159999999991,22.264399999999995],[114.19159999999991,22.265999999999995],[114.18999999999991,22.265999999999995],[114.18999999999991,22.264399999999995]]]}},{"type":"Feature","properties":{"id":"lu-southern-34-26","class":"urban_open_space","vegetationFraction":0.259,"pavedFraction":0.747,"waterFraction":0.018,"simulated":true},"geometry":{"type":"Polygon","coordinates":[[[114.19159999999991,22.264399999999995],[114.1931999999999,22.264399999999995],[114.1931999999999,22.265999999999995],[114.19159999999991,22.265999999999995],[114.19159999999991,22.264399999999995]]]}},{"type":"Feature","properties":{"id":"lu-southern-34-27","class":"built_up","vegetationFraction":0.226,"pavedFraction":0.718,"waterFraction":0.032,"simulated":true},"geometry":{"type":"Polygon","coordinates":[[[114.1931999999999,22.264399999999995],[114.1947999999999,22.264399999999995],[114.1947999999999,22.265999999999995],[114.1931999999999,22.265999999999995],[114.1931999999999,22.264399999999995]]]}},{"type":"Feature","properties":{"id":"lu-southern-34-28","class":"built_up","vegetationFraction":0.178,"pavedFraction":0.604,"waterFraction":0.048,"simulated":true},"geometry":{"type":"Polygon","coordinates":[[[114.1947999999999,22.264399999999995],[114.1963999999999,22.264399999999995],[114.1963999999999,22.265999999999995],[114.1947999999999,22.265999999999995],[114.1947999999999,22.264399999999995]]]}},{"type":"Feature","properties":{"id":"lu-southern-34-29","class":"built_up","vegetationFraction":0.137,"pavedFraction":0.734,"waterFraction":0.02,"simulated":true},"geometry":{"type":"Polygon","coordinates":[[[114.1963999999999,22.264399999999995],[114.1979999999999,22.264399999999995],[114.1979999999999,22.265999999999995],[114.1963999999999,22.265999999999995],[114.1963999999999,22.264399999999995]]]}},{"type":"Feature","properties":{"id":"lu-southern-34-30","class":"urban_open_space","vegetationFraction":0.267,"pavedFraction":0.486,"waterFraction":0.041,"simulated":true},"geometry":{"type":"Polygon","coordinates":[[[114.1979999999999,22.264399999999995],[114.19959999999989,22.264399999999995],[114.19959999999989,22.265999999999995],[114.1979999999999,22.265999999999995],[114.1979999999999,22.264399999999995]]]}},{"type":"Feature","properties":{"id":"lu-southern-34-31","class":"built_up","vegetationFraction":0.183,"pavedFraction":0.658,"waterFraction":0.007,"simulated":true},"geometry":{"type":"Polygon","coordinates":[[[114.19959999999989,22.264399999999995],[114.20119999999989,22.264399999999995],[114.20119999999989,22.265999999999995],[114.19959999999989,22.265999999999995],[114.19959999999989,22.264399999999995]]]}},{"type":"Feature","properties":{"id":"lu-southern-34-32","class":"built_up","vegetationFraction":0.249,"pavedFraction":0.584,"waterFraction":0.049,"simulated":true},"geometry":{"type":"Polygon","coordinates":[[[114.20119999999989,22.264399999999995],[114.20279999999988,22.264399999999995],[114.20279999999988,22.265999999999995],[114.20119999999989,22.265999999999995],[114.20119999999989,22.264399999999995]]]}},{"type":"Feature","properties":{"id":"lu-southern-34-33","class":"built_up","vegetationFraction":0.168,"pavedFraction":0.532,"waterFraction":0.027,"simulated":true},"geometry":{"type":"Polygon","coordinates":[[[114.20279999999988,22.264399999999995],[114.20439999999988,22.264399999999995],[114.20439999999988,22.265999999999995],[114.20279999999988,22.265999999999995],[114.20279999999988,22.264399999999995]]]}},{"type":"Feature","properties":{"id":"lu-southern-34-34","class":"built_up","vegetationFraction":0.189,"pavedFraction":0.495,"waterFraction":0.009,"simulated":true},"geometry":{"type":"Polygon","coordinates":[[[114.20439999999988,22.264399999999995],[114.20599999999988,22.264399999999995],[114.20599999999988,22.265999999999995],[114.20439999999988,22.265999999999995],[114.20439999999988,22.264399999999995]]]}},{"type":"Feature","properties":{"id":"lu-southern-34-35","class":"built_up","vegetationFraction":0.214,"pavedFraction":0.535,"waterFraction":0.031,"simulated":true},"geometry":{"type":"Polygon","coordinates":[[[114.20599999999988,22.264399999999995],[114.20759999999987,22.264399999999995],[114.20759999999987,22.265999999999995],[114.20599999999988,22.265999999999995],[114.20599999999988,22.264399999999995]]]}},{"type":"Feature","properties":{"id":"lu-southern-34-36","class":"built_up","vegetationFraction":0.219,"pavedFraction":0.654,"waterFraction":0.015,"simulated":true},"geometry":{"type":"Polygon","coordinates":[[[114.20759999999987,22.264399999999995],[114.20919999999987,22.264399999999995],[114.20919999999987,22.265999999999995],[114.20759999999987,22.265999999999995],[114.20759999999987,22.264399999999995]]]}},{"type":"Feature","properties":{"id":"lu-southern-34-37","class":"built_up","vegetationFraction":0.226,"pavedFraction":0.751,"waterFraction":0.043,"simulated":true},"geometry":{"type":"Polygon","coordinates":[[[114.20919999999987,22.264399999999995],[114.21079999999986,22.264399999999995],[114.21079999999986,22.265999999999995],[114.20919999999987,22.265999999999995],[114.20919999999987,22.264399999999995]]]}},{"type":"Feature","properties":{"id":"lu-southern-34-38","class":"built_up","vegetationFraction":0.231,"pavedFraction":0.762,"waterFraction":0.015,"simulated":true},"geometry":{"type":"Polygon","coordinates":[[[114.21079999999986,22.264399999999995],[114.21239999999986,22.264399999999995],[114.21239999999986,22.265999999999995],[114.21079999999986,22.265999999999995],[114.21079999999986,22.264399999999995]]]}},{"type":"Feature","properties":{"id":"lu-southern-34-39","class":"built_up","vegetationFraction":0.123,"pavedFraction":0.529,"waterFraction":0.058,"simulated":true},"geometry":{"type":"Polygon","coordinates":[[[114.21239999999986,22.264399999999995],[114.21399999999986,22.264399999999995],[114.21399999999986,22.265999999999995],[114.21239999999986,22.265999999999995],[114.21239999999986,22.264399999999995]]]}},{"type":"Feature","properties":{"id":"lu-southern-34-40","class":"built_up","vegetationFraction":0.151,"pavedFraction":0.549,"waterFraction":0.057,"simulated":true},"geometry":{"type":"Polygon","coordinates":[[[114.21399999999986,22.264399999999995],[114.21559999999985,22.264399999999995],[114.21559999999985,22.265999999999995],[114.21399999999986,22.265999999999995],[114.21399999999986,22.264399999999995]]]}},{"type":"Feature","properties":{"id":"lu-southern-34-41","class":"built_up","vegetationFraction":0.168,"pavedFraction":0.515,"waterFraction":0.032,"simulated":true},"geometry":{"type":"Polygon","coordinates":[[[114.21559999999985,22.264399999999995],[114.21719999999985,22.264399999999995],[114.21719999999985,22.265999999999995],[114.21559999999985,22.265999999999995],[114.21559999999985,22.264399999999995]]]}},{"type":"Feature","properties":{"id":"lu-southern-34-42","class":"urban_open_space","vegetationFraction":0.264,"pavedFraction":0.592,"waterFraction":0.017,"simulated":true},"geometry":{"type":"Polygon","coordinates":[[[114.21719999999985,22.264399999999995],[114.21879999999985,22.264399999999995],[114.21879999999985,22.265999999999995],[114.21719999999985,22.265999999999995],[114.21719999999985,22.264399999999995]]]}},{"type":"Feature","properties":{"id":"lu-southern-34-43","class":"urban_open_space","vegetationFraction":0.268,"pavedFraction":0.675,"waterFraction":0.031,"simulated":true},"geometry":{"type":"Polygon","coordinates":[[[114.21879999999985,22.264399999999995],[114.22039999999984,22.264399999999995],[114.22039999999984,22.265999999999995],[114.21879999999985,22.265999999999995],[114.21879999999985,22.264399999999995]]]}},{"type":"Feature","properties":{"id":"lu-southern-34-44","class":"built_up","vegetationFraction":0.234,"pavedFraction":0.656,"waterFraction":0.03,"simulated":true},"geometry":{"type":"Polygon","coordinates":[[[114.22039999999984,22.264399999999995],[114.22199999999984,22.264399999999995],[114.22199999999984,22.265999999999995],[114.22039999999984,22.265999999999995],[114.22039999999984,22.264399999999995]]]}},{"type":"Feature","properties":{"id":"lu-southern-34-45","class":"urban_open_space","vegetationFraction":0.269,"pavedFraction":0.515,"waterFraction":0.026,"simulated":true},"geometry":{"type":"Polygon","coordinates":[[[114.22199999999984,22.264399999999995],[114.22359999999983,22.264399999999995],[114.22359999999983,22.265999999999995],[114.22199999999984,22.265999999999995],[114.22199999999984,22.264399999999995]]]}},{"type":"Feature","properties":{"id":"lu-southern-34-46","class":"built_up","vegetationFraction":0.182,"pavedFraction":0.487,"waterFraction":0.017,"simulated":true},"geometry":{"type":"Polygon","coordinates":[[[114.22359999999983,22.264399999999995],[114.22519999999983,22.264399999999995],[114.22519999999983,22.265999999999995],[114.22359999999983,22.265999999999995],[114.22359999999983,22.264399999999995]]]}},{"type":"Feature","properties":{"id":"lu-southern-34-47","class":"built_up","vegetationFraction":0.141,"pavedFraction":0.641,"waterFraction":0.016,"simulated":true},"geometry":{"type":"Polygon","coordinates":[[[114.22519999999983,22.264399999999995],[114.22679999999983,22.264399999999995],[114.22679999999983,22.265999999999995],[114.22519999999983,22.265999999999995],[114.22519999999983,22.264399999999995]]]}},{"type":"Feature","properties":{"id":"lu-southern-34-48","class":"built_up","vegetationFraction":0.168,"pavedFraction":0.766,"waterFraction":0.007,"simulated":true},"geometry":{"type":"Polygon","coordinates":[[[114.22679999999983,22.264399999999995],[114.22839999999982,22.264399999999995],[114.22839999999982,22.265999999999995],[114.22679999999983,22.265999999999995],[114.22679999999983,22.264399999999995]]]}},{"type":"Feature","properties":{"id":"lu-southern-34-49","class":"built_up","vegetationFraction":0.244,"pavedFraction":0.695,"waterFraction":0.049,"simulated":true},"geometry":{"type":"Polygon","coordinates":[[[114.22839999999982,22.264399999999995],[114.22999999999982,22.264399999999995],[114.22999999999982,22.265999999999995],[114.22839999999982,22.265999999999995],[114.22839999999982,22.264399999999995]]]}},{"type":"Feature","properties":{"id":"lu-southern-34-50","class":"built_up","vegetationFraction":0.106,"pavedFraction":0.542,"waterFraction":0.016,"simulated":true},"geometry":{"type":"Polygon","coordinates":[[[114.22999999999982,22.264399999999995],[114.23159999999982,22.264399999999995],[114.23159999999982,22.265999999999995],[114.22999999999982,22.265999999999995],[114.22999999999982,22.264399999999995]]]}},{"type":"Feature","properties":{"id":"lu-southern-34-51","class":"built_up","vegetationFraction":0.108,"pavedFraction":0.54,"waterFraction":0.031,"simulated":true},"geometry":{"type":"Polygon","coordinates":[[[114.23159999999982,22.264399999999995],[114.23319999999981,22.264399999999995],[114.23319999999981,22.265999999999995],[114.23159999999982,22.265999999999995],[114.23159999999982,22.264399999999995]]]}},{"type":"Feature","properties":{"id":"lu-southern-34-52","class":"built_up","vegetationFraction":0.117,"pavedFraction":0.654,"waterFraction":0.057,"simulated":true},"geometry":{"type":"Polygon","coordinates":[[[114.23319999999981,22.264399999999995],[114.23479999999981,22.264399999999995],[114.23479999999981,22.265999999999995],[114.23319999999981,22.265999999999995],[114.23319999999981,22.264399999999995]]]}},{"type":"Feature","properties":{"id":"lu-southern-34-53","class":"urban_open_space","vegetationFraction":0.28,"pavedFraction":0.635,"waterFraction":0.033,"simulated":true},"geometry":{"type":"Polygon","coordinates":[[[114.23479999999981,22.264399999999995],[114.2363999999998,22.264399999999995],[114.2363999999998,22.265999999999995],[114.23479999999981,22.265999999999995],[114.23479999999981,22.264399999999995]]]}},{"type":"Feature","properties":{"id":"lu-southern-34-54","class":"urban_open_space","vegetationFraction":0.267,"pavedFraction":0.515,"waterFraction":0.008,"simulated":true},"geometry":{"type":"Polygon","coordinates":[[[114.2363999999998,22.264399999999995],[114.2379999999998,22.264399999999995],[114.2379999999998,22.265999999999995],[114.2363999999998,22.265999999999995],[114.2363999999998,22.264399999999995]]]}},{"type":"Feature","properties":{"id":"lu-southern-34-55","class":"built_up","vegetationFraction":0.242,"pavedFraction":0.544,"waterFraction":0.034,"simulated":true},"geometry":{"type":"Polygon","coordinates":[[[114.2379999999998,22.264399999999995],[114.2395999999998,22.264399999999995],[114.2395999999998,22.265999999999995],[114.2379999999998,22.265999999999995],[114.2379999999998,22.264399999999995]]]}},{"type":"Feature","properties":{"id":"lu-southern-34-56","class":"built_up","vegetationFraction":0.116,"pavedFraction":0.626,"waterFraction":0.017,"simulated":true},"geometry":{"type":"Polygon","coordinates":[[[114.2395999999998,22.264399999999995],[114.2411999999998,22.264399999999995],[114.2411999999998,22.265999999999995],[114.2395999999998,22.265999999999995],[114.2395999999998,22.264399999999995]]]}},{"type":"Feature","properties":{"id":"lu-southern-34-57","class":"built_up","vegetationFraction":0.162,"pavedFraction":0.546,"waterFraction":0.043,"simulated":true},"geometry":{"type":"Polygon","coordinates":[[[114.2411999999998,22.264399999999995],[114.24279999999979,22.264399999999995],[114.24279999999979,22.265999999999995],[114.2411999999998,22.265999999999995],[114.2411999999998,22.264399999999995]]]}},{"type":"Feature","properties":{"id":"lu-southern-34-58","class":"built_up","vegetationFraction":0.101,"pavedFraction":0.545,"waterFraction":0.012,"simulated":true},"geometry":{"type":"Polygon","coordinates":[[[114.24279999999979,22.264399999999995],[114.24439999999979,22.264399999999995],[114.24439999999979,22.265999999999995],[114.24279999999979,22.265999999999995],[114.24279999999979,22.264399999999995]]]}},{"type":"Feature","properties":{"id":"lu-southern-34-59","class":"built_up","vegetationFraction":0.188,"pavedFraction":0.498,"waterFraction":0.031,"simulated":true},"geometry":{"type":"Polygon","coordinates":[[[114.24439999999979,22.264399999999995],[114.24599999999978,22.264399999999995],[114.24599999999978,22.265999999999995],[114.24439999999979,22.265999999999995],[114.24439999999979,22.264399999999995]]]}},{"type":"Feature","properties":{"id":"lu-southern-34-60","class":"built_up","vegetationFraction":0.245,"pavedFraction":0.733,"waterFraction":0.022,"simulated":true},"geometry":{"type":"Polygon","coordinates":[[[114.24599999999978,22.264399999999995],[114.24759999999978,22.264399999999995],[114.24759999999978,22.265999999999995],[114.24599999999978,22.265999999999995],[114.24599999999978,22.264399999999995]]]}},{"type":"Feature","properties":{"id":"lu-southern-34-61","class":"built_up","vegetationFraction":0.24,"pavedFraction":0.48,"waterFraction":0.047,"simulated":true},"geometry":{"type":"Polygon","coordinates":[[[114.24759999999978,22.264399999999995],[114.24919999999977,22.264399999999995],[114.24919999999977,22.265999999999995],[114.24759999999978,22.265999999999995],[114.24759999999978,22.264399999999995]]]}},{"type":"Feature","properties":{"id":"lu-southern-34-62","class":"built_up","vegetationFraction":0.19,"pavedFraction":0.529,"waterFraction":0.012,"simulated":true},"geometry":{"type":"Polygon","coordinates":[[[114.24919999999977,22.264399999999995],[114.25079999999977,22.264399999999995],[114.25079999999977,22.265999999999995],[114.24919999999977,22.265999999999995],[114.24919999999977,22.264399999999995]]]}},{"type":"Feature","properties":{"id":"lu-southern-34-63","class":"built_up","vegetationFraction":0.161,"pavedFraction":0.702,"waterFraction":0.055,"simulated":true},"geometry":{"type":"Polygon","coordinates":[[[114.25079999999977,22.264399999999995],[114.25239999999977,22.264399999999995],[114.25239999999977,22.265999999999995],[114.25079999999977,22.265999999999995],[114.25079999999977,22.264399999999995]]]}},{"type":"Feature","properties":{"id":"lu-southern-34-64","class":"built_up","vegetationFraction":0.204,"pavedFraction":0.534,"waterFraction":0.051,"simulated":true},"geometry":{"type":"Polygon","coordinates":[[[114.25239999999977,22.264399999999995],[114.25399999999976,22.264399999999995],[114.25399999999976,22.265999999999995],[114.25239999999977,22.265999999999995],[114.25239999999977,22.264399999999995]]]}},{"type":"Feature","properties":{"id":"lu-southern-34-65","class":"built_up","vegetationFraction":0.176,"pavedFraction":0.601,"waterFraction":0.042,"simulated":true},"geometry":{"type":"Polygon","coordinates":[[[114.25399999999976,22.264399999999995],[114.25559999999976,22.264399999999995],[114.25559999999976,22.265999999999995],[114.25399999999976,22.265999999999995],[114.25399999999976,22.264399999999995]]]}},{"type":"Feature","properties":{"id":"lu-southern-34-66","class":"urban_open_space","vegetationFraction":0.269,"pavedFraction":0.684,"waterFraction":0.015,"simulated":true},"geometry":{"type":"Polygon","coordinates":[[[114.25559999999976,22.264399999999995],[114.25719999999976,22.264399999999995],[114.25719999999976,22.265999999999995],[114.25559999999976,22.265999999999995],[114.25559999999976,22.264399999999995]]]}},{"type":"Feature","properties":{"id":"lu-southern-34-67","class":"urban_open_space","vegetationFraction":0.279,"pavedFraction":0.647,"waterFraction":0.058,"simulated":true},"geometry":{"type":"Polygon","coordinates":[[[114.25719999999976,22.264399999999995],[114.25879999999975,22.264399999999995],[114.25879999999975,22.265999999999995],[114.25719999999976,22.265999999999995],[114.25719999999976,22.264399999999995]]]}},{"type":"Feature","properties":{"id":"lu-southern-34-68","class":"built_up","vegetationFraction":0.141,"pavedFraction":0.711,"waterFraction":0.004,"simulated":true},"geometry":{"type":"Polygon","coordinates":[[[114.25879999999975,22.264399999999995],[114.26039999999975,22.264399999999995],[114.26039999999975,22.265999999999995],[114.25879999999975,22.265999999999995],[114.25879999999975,22.264399999999995]]]}},{"type":"Feature","properties":{"id":"lu-southern-34-69","class":"built_up","vegetationFraction":0.236,"pavedFraction":0.495,"waterFraction":0.055,"simulated":true},"geometry":{"type":"Polygon","coordinates":[[[114.26039999999975,22.264399999999995],[114.26199999999974,22.264399999999995],[114.26199999999974,22.265999999999995],[114.26039999999975,22.265999999999995],[114.26039999999975,22.264399999999995]]]}},{"type":"Feature","properties":{"id":"lu-southern-34-70","class":"built_up","vegetationFraction":0.132,"pavedFraction":0.642,"waterFraction":0.005,"simulated":true},"geometry":{"type":"Polygon","coordinates":[[[114.26199999999974,22.264399999999995],[114.26359999999974,22.264399999999995],[114.26359999999974,22.265999999999995],[114.26199999999974,22.265999999999995],[114.26199999999974,22.264399999999995]]]}},{"type":"Feature","properties":{"id":"lu-southern-34-71","class":"built_up","vegetationFraction":0.23,"pavedFraction":0.708,"waterFraction":0.021,"simulated":true},"geometry":{"type":"Polygon","coordinates":[[[114.26359999999974,22.264399999999995],[114.26519999999974,22.264399999999995],[114.26519999999974,22.265999999999995],[114.26359999999974,22.265999999999995],[114.26359999999974,22.264399999999995]]]}}]}